<?xml version="1.0" encoding="utf-8"?>
<COLLADA xmlns="http://www.collada.org/2005/11/COLLADASchema" version="1.4.1" xmlns:xsi="http://www.w3.org/2001/XMLSchema-instance">
  <asset>
    <contributor>
      <author>Blender User</author>
      <authoring_tool>Blender 3.0.1</authoring_tool>
    </contributor>
    <created>2025-02-03T09:31:58</created>
    <modified>2025-02-03T09:31:58</modified>
    <unit name="meter" meter="1"/>
    <up_axis>Z_UP</up_axis>
  </asset>
  <library_cameras>
    <camera id="Camera_001-camera" name="Camera.001">
      <optics>
        <technique_common>
          <perspective>
            <xfov sid="xfov">49.13434</xfov>
            <aspect_ratio>1.777778</aspect_ratio>
            <znear sid="znear">0.1</znear>
            <zfar sid="zfar">100</zfar>
          </perspective>
        </technique_common>
      </optics>
      <extra>
        <technique profile="blender">
          <shiftx sid="shiftx" type="float">0</shiftx>
          <shifty sid="shifty" type="float">0</shifty>
          <dof_distance sid="dof_distance" type="float">10</dof_distance>
        </technique>
      </extra>
    </camera>
    <camera id="Camera-camera" name="Camera">
      <optics>
        <technique_common>
          <perspective>
            <xfov sid="xfov">39.59775</xfov>
            <aspect_ratio>1.777778</aspect_ratio>
            <znear sid="znear">0.1</znear>
            <zfar sid="zfar">100</zfar>
          </perspective>
        </technique_common>
      </optics>
      <extra>
        <technique profile="blender">
          <shiftx sid="shiftx" type="float">0</shiftx>
          <shifty sid="shifty" type="float">0</shifty>
          <dof_distance sid="dof_distance" type="float">10</dof_distance>
        </technique>
      </extra>
    </camera>
  </library_cameras>
  <library_lights>
    <light id="Lamp-light" name="Lamp">
      <technique_common>
        <point>
          <color sid="color">1 1 1</color>
          <constant_attenuation>1</constant_attenuation>
          <linear_attenuation>0</linear_attenuation>
          <quadratic_attenuation>0.00111109</quadratic_attenuation>
        </point>
      </technique_common>
      <extra>
        <technique profile="blender">
          <type sid="type" type="int">0</type>
          <flag sid="flag" type="int">0</flag>
          <mode sid="mode" type="int">8192</mode>
          <gamma sid="blender_gamma" type="float">1</gamma>
          <red sid="red" type="float">1</red>
          <green sid="green" type="float">1</green>
          <blue sid="blue" type="float">1</blue>
          <shadow_r sid="blender_shadow_r" type="float">0</shadow_r>
          <shadow_g sid="blender_shadow_g" type="float">0</shadow_g>
          <shadow_b sid="blender_shadow_b" type="float">0</shadow_b>
          <energy sid="blender_energy" type="float">1</energy>
          <dist sid="blender_dist" type="float">29.99998</dist>
          <spotsize sid="spotsize" type="float">75</spotsize>
          <spotblend sid="spotblend" type="float">0.15</spotblend>
          <att1 sid="att1" type="float">0</att1>
          <att2 sid="att2" type="float">1</att2>
          <falloff_type sid="falloff_type" type="int">2</falloff_type>
          <clipsta sid="clipsta" type="float">1.000799</clipsta>
          <clipend sid="clipend" type="float">30.002</clipend>
          <bias sid="bias" type="float">1</bias>
          <soft sid="soft" type="float">3</soft>
          <bufsize sid="bufsize" type="int">2880</bufsize>
          <samp sid="samp" type="int">3</samp>
          <buffers sid="buffers" type="int">1</buffers>
          <area_shape sid="area_shape" type="int">1</area_shape>
          <area_size sid="area_size" type="float">0.1</area_size>
          <area_sizey sid="area_sizey" type="float">0.1</area_sizey>
          <area_sizez sid="area_sizez" type="float">1</area_sizez>
        </technique>
      </extra>
    </light>
    <light id="Light-light" name="Light">
      <technique_common>
        <point>
          <color sid="color">1000 1000 1000</color>
          <constant_attenuation>1</constant_attenuation>
          <linear_attenuation>0</linear_attenuation>
          <quadratic_attenuation>0.00111109</quadratic_attenuation>
        </point>
      </technique_common>
      <extra>
        <technique profile="blender">
          <type sid="type" type="int">0</type>
          <flag sid="flag" type="int">0</flag>
          <mode sid="mode" type="int">1</mode>
          <gamma sid="blender_gamma" type="float">1</gamma>
          <red sid="red" type="float">1</red>
          <green sid="green" type="float">1</green>
          <blue sid="blue" type="float">1</blue>
          <shadow_r sid="blender_shadow_r" type="float">0</shadow_r>
          <shadow_g sid="blender_shadow_g" type="float">0</shadow_g>
          <shadow_b sid="blender_shadow_b" type="float">0</shadow_b>
          <energy sid="blender_energy" type="float">1000</energy>
          <dist sid="blender_dist" type="float">29.99998</dist>
          <spotsize sid="spotsize" type="float">75</spotsize>
          <spotblend sid="spotblend" type="float">0.15</spotblend>
          <att1 sid="att1" type="float">0</att1>
          <att2 sid="att2" type="float">1</att2>
          <falloff_type sid="falloff_type" type="int">2</falloff_type>
          <clipsta sid="clipsta" type="float">0.04999995</clipsta>
          <clipend sid="clipend" type="float">30.002</clipend>
          <bias sid="bias" type="float">1</bias>
          <soft sid="soft" type="float">3</soft>
          <bufsize sid="bufsize" type="int">2880</bufsize>
          <samp sid="samp" type="int">3</samp>
          <buffers sid="buffers" type="int">1</buffers>
          <area_shape sid="area_shape" type="int">1</area_shape>
          <area_size sid="area_size" type="float">0.1</area_size>
          <area_sizey sid="area_sizey" type="float">0.1</area_sizey>
          <area_sizez sid="area_sizez" type="float">1</area_sizez>
        </technique>
      </extra>
    </light>
  </library_lights>
  <library_effects>
    <effect id="Material_001-effect">
      <profile_COMMON>
        <technique sid="common">
          <phong>
            <emission>
              <color sid="emission">0 0 0 1</color>
            </emission>
            <ambient>
              <color sid="ambient">0 0 0 1</color>
            </ambient>
            <diffuse>
              <color sid="diffuse">0.1788232 0.1788232 0.1788232 1</color>
            </diffuse>
            <specular>
              <color sid="specular">0.460784 0.460784 0.460784 1</color>
            </specular>
            <shininess>
              <float sid="shininess">75</float>
            </shininess>
            <reflective>
              <color>1 1 1 1</color>
            </reflective>
            <reflectivity>
              <float>0.075</float>
            </reflectivity>
            <index_of_refraction>
              <float sid="index_of_refraction">1</float>
            </index_of_refraction>
          </phong>
        </technique>
      </profile_COMMON>
    </effect>
  </library_effects>
  <library_images/>
  <library_materials>
    <material id="Material_001-material" name="Material_001">
      <instance_effect url="#Material_001-effect"/>
    </material>
  </library_materials>
  <library_geometries>
    <geometry id="shape0_003-mesh" name="shape0.003">
      <mesh>
        <source id="shape0_003-mesh-positions">
          <float_array id="shape0_003-mesh-positions-array" count="11625">-0.0176146 0.1036249 -0.02598965 -0.02107757 0.1036249 -0.02328407 -0.009734034 0.1036249 -0.02983325 0 0.1036249 1.25e-4 0.02781277 0.1036249 -0.01466339 0.03081154 0.1036249 -0.006424188 0.02265918 0.1036249 0.02200669 0.01180005 0.1036249 0.02933126 0.01574999 0.1036249 0.02740478 -0.001099288 0.1036249 0.03160578 0.00329262 0.1036249 0.03145235 -0.009734034 0.1036249 0.03008329 -0.01281219 -0.0287767 0 -0.0261147 -0.0176146 0 -0.03102135 -0.005469918 0 -0.02995824 -0.009734034 0 -0.03132736 0.00329262 0 -0.01478838 0.02781289 0 0 0 0 -0.002197325 0.03142327 0 -0.01077359 0.02960026 0 0.03102135 -0.005469918 0 0.02995824 -0.009734034 0 0.02024775 -0.0241304 0 0.004383921 -0.03119337 0 0.008682548 -0.03027975 0 -0.0313127 0.003290891 -0.01704049 -0.03139305 0.002593278 -0.01707655 -0.03146219 0.001226484 -0.0171079 -0.03115987 0.004616558 -0.01697176 -0.03056424 0.007620513 0 -0.03042685 0.008105218 -0.01664459 -0.03054904 0.007616698 -0.01669889 -0.0307849 0.006673693 -0.01680386 -0.02968478 0.01053869 -0.01631826 -0.03030186 0.008604824 -0.01658898 -0.02920627 0.01180005 0 -0.02890706 0.01251518 -0.0159834 -0.02892714 0.01246398 -0.0159921 -0.02700918 0.01620966 -0.01519656 -0.02466219 0.01959657 -0.01428848 -0.02481657 0.01938909 -0.01434695 -0.02482229 0.01939326 0 -0.02727979 0.01574999 0 -0.0258587 0.01798826 -0.01474225 -0.02187949 0.02265697 -0.01331037 -0.01851516 0.02548396 0 -0.01478099 0.02779865 -0.01132446 -0.01546806 0.02744054 -0.0114786 -0.02188169 0.02265918 0 -0.01926016 0.02491146 -0.01249206 -0.01183778 0.02919095 -0.01071339 -0.00986731 0.02991455 -0.01038229 -0.01133334 0.02937626 -0.01062858 -0.006919324 0.0307157 -0.01000458 -0.006549179 0.03081166 0 -0.00401169 0.0312435 -0.009750604 -0.004638254 0.03114247 -0.009799361 -0.006009936 0.03092139 -0.009906232 -0.006546556 0.03079998 -0.009964227 0 0.03149998 -0.009624958 0.002197325 0.03142327 0 0.006226301 0.03086739 -0.009932041 0.01077359 0.02960026 0 0.006549179 0.03081166 0 0.01216018 0.02904754 -0.01077735 0.01077026 0.02959179 -0.01053047 0.01756048 0.02613657 -0.01201367 0.01618576 0.02702349 -0.01165336 0.01478266 0.02780258 -0.01132309 0.01478838 0.02781289 0 0.02104568 0.02343779 -0.01303786 0.02188169 0.02265918 0 0.01851516 0.02548396 0 0.02386796 0.02055644 -0.01399797 0.02482229 0.01939326 0 0.02254796 0.02199625 -0.01353478 0.02226579 0.02226698 -0.0134415 0.02516508 0.01894634 -0.01447677 0.02727979 0.01574999 0 0.02920627 0.01180005 0 0.02632665 0.01729619 -0.014925 0.03056424 0.007620513 0 0.02989476 0.009927093 -0.01640987 0.02920347 0.01179909 -0.01611036 0.03132736 0.00329262 0 0.03087449 0.006219267 -0.01684397 0.03055596 0.007618606 -0.01670175 0.03048217 0.007942795 -0.01666885 0.03148078 -0.001099288 0 0 -0.03149998 0 0.005177736 -0.03102469 -0.01712495 0.002872347 -0.03129905 -0.01712495 0.0118795 -0.02911615 -0.01712495 0.01281219 -0.0287767 -0.01712495 0.01281219 -0.0287767 0 0.0160467 -0.02705687 -0.01712495 0.0139901 -0.02815037 -0.01712495 0.02024775 -0.0241304 -0.01712495 0.01669245 -0.02671349 0 0.02158337 -0.02284055 -0.01712495 0.02340906 -0.02107757 0 0.02340906 -0.02107757 -0.01712495 0.0261147 -0.0176146 0 0.02831196 -0.01380866 0 0.02842909 -0.01351875 -0.01712495 0.02831196 -0.01380866 -0.01712495 0.02730458 -0.01555359 -0.01712495 0.03009718 -0.009176969 -0.01712495 0.03135228 -0.00232172 -0.01712495 0.03148078 -0.001099288 -0.01712495 0.03149998 0 -0.01712495 -0.03123706 -0.003418385 -0.01712495 -0.03149449 5.86746e-4 -0.01712244 -0.031497 0 -0.01712357 -0.03148078 -0.001099288 0 -0.03148078 -0.001099288 -0.01712495 -0.02831196 -0.01380866 0 -0.0240345 -0.02027708 -0.01712495 -0.02340906 -0.02107757 0 -0.02546858 -0.01844149 -0.01712495 -0.02024775 -0.0241304 0 -0.01897585 -0.02505445 -0.01712495 -0.01669245 -0.02671349 0 -0.01301759 -0.02866744 -0.01712495 -0.01084369 -0.02949315 -0.01712495 -0.008682548 -0.03027975 0 -0.004383921 -0.03119337 0 0.02561426 0.04104816 -0.02145749 0.02381187 0.05557435 -0.001603186 0.02591967 0.0583204 -5.51062e-4 0.02914589 0.06230455 -0.006770193 0.03135168 0.08649998 0.0028885 0 0.05573844 0.008937358 0.00293231 0.06763905 0.02822995 0.003079295 0.07511639 0.03125888 0.006200551 0.07976335 0.03107899 0.01215678 0.08346098 0.02923327 0 0.03307574 -0.0127846 0.002847433 0.03267955 -0.01276367 0.02186989 0.0226469 -0.01331049 0.01556605 0.02967399 -0.01702427 0.01764708 0.0288769 -0.01834845 0.02207088 0.02497565 -0.02107518 0.0298233 0.009829401 -0.02104216 0.02774339 0.01934385 -0.02745896 0.02731865 0.02170485 -0.02738904 0.02648437 0.02645725 -0.02674639 0.02684658 0.03223788 -0.02931547 0.0271005 0.03003746 -0.02931886 0.02715617 0.02940165 -0.03023326 0.02742677 0.02739137 -0.03005146 0.02776336 0.0244323 -0.03141117 0.02862769 0.01798129 -0.03203976 0.02792835 0.02326726 -0.02972769 0.02765125 0.02549356 -0.02972096 0.0280379 0.02279168 -0.03014868 0.02938824 0.0131765 -0.03125607 0.02898257 0.01606655 -0.03135997 0.02965509 0.01176178 -0.0302031 0.02944356 0.01195377 -0.03200715 0.03038769 0.005273103 -0.0303629 0.02986389 0.008906364 -0.03156399 0.03055489 0.004169464 -0.02978599 0.03037756 0.007171332 -0.02865535 0.03048378 0.004625737 -0.0300762 0.0302087 0.00819981 -0.02917438 0.0307123 0.003175258 -0.02908909 0.03066778 0.003445327 -0.02932548 0.03082168 0.004738748 -0.0263223 0.0306853 0.00542581 -0.02726256 0.03080767 0.002596735 -0.02858275 0.0311138 0.001016378 -0.02594459 0.03094518 0.00419414 -0.02517795 0.03099215 0.001588404 -0.02719926 0.03129994 3.56985e-4 -0.02320778 0.0313282 0.003126919 -0.01704746 0.03143537 0.002016127 -0.0170958 0.03144448 6.28587e-5 -0.01987785 0.03115087 0.003517091 -0.0223695 0.03064495 0.006733179 -0.02177447 0.03105545 0.003793835 -0.02383577 0.03029048 0.00794512 -0.02537596 0.03014647 0.00859934 -0.02622658 0.02817285 0.02186685 -0.03100419 0.02857434 0.01899069 -0.0312612 0.02844077 0.02001976 -0.03043889 0.02885067 0.01720374 -0.0305742 0.02925848 0.01442116 -0.03051155 0.0290178 0.01569736 -0.02977579 0.0300312 0.009315192 -0.02960067 0.02997839 0.009705722 -0.0285632 0.02979838 0.01078188 -0.02896058 0.02964985 0.01119935 -0.02793246 0.02905374 0.01363927 -0.02761006 0.0305407 0.007020592 -0.0231142 0.03042197 0.007418334 -0.02433669 0.02999097 0.009368836 -0.02691566 0.02911335 0.01234155 -0.02567785 0.03053689 0.006241798 -0.02802854 0.02982509 0.01023989 -0.02747488 0.03080254 0.006396055 -0.01906388 0.03091645 0.006034672 -0.01686269 0.03128939 0.003230929 -0.01942294 0.03124076 0.004032492 -0.01700806 0.03131234 0.003291189 -0.01704025 0.02413487 0.034361 -0.02295768 0.02372127 0.03291696 -0.02297455 0.02209126 0.0340265 -0.02136218 0.02293056 0.03348678 -0.0221554 0.02261137 0.03538507 -0.02129435 0.0234006 0.03488707 -0.02211278 0.0236513 0.03835827 -0.02069056 0.02329337 0.03155726 -0.02284467 0.02445656 0.03231579 -0.0238164 0.02369058 0.02959716 -0.02339166 0.02029299 0.03501719 -0.01986217 0.01969885 0.03381586 -0.01981067 0.01998126 0.03671967 -0.01902335 0.01972419 0.03841477 -0.01799839 0.02050846 0.03049385 -0.02073085 0.02043676 0.03980106 -0.01748687 0.02063435 0.03805279 -0.01871365 0.02120995 0.0345366 -0.02059715 0.02065026 0.03329998 -0.02052837 0.02157008 0.03275185 -0.02127438 0.02008956 0.03215599 -0.02032464 0.02196639 0.0309484 -0.02181136 0.02715778 0.02048057 -0.02666115 0.02758246 0.01831835 -0.02653998 0.02734988 0.01760369 -0.02542644 0.02664238 0.01884007 -0.0246793 0.02630007 0.02502959 -0.0262984 0.02672725 0.02273976 -0.02656745 0.02606385 0.02373987 -0.02574849 0.02577817 0.02263557 -0.02506119 0.02621638 0.02066415 -0.02498877 0.02544176 0.02176588 -0.02420896 0.02587479 0.02002769 -0.02392685 0.0265001 0.02158075 -0.02586185 0.02693176 0.01951479 -0.02576708 0.0260843 0.01922786 -0.02368968 0.02461278 0.02282059 -0.02343237 0.02505147 0.02116668 -0.02317374 0.02684944 0.01665908 -0.02189689 0.02843099 0.01344907 -0.02229136 0.02667135 0.01718986 -0.02250629 0.02648377 0.0178011 -0.02299416 0.02793139 0.01516336 -0.02436316 0.02837759 0.01454967 -0.02549409 0.02799206 0.01631939 -0.02616435 0.02856218 0.01499587 -0.02689296 0.02866059 0.01581728 -0.02806717 0.02867567 0.01696306 -0.02902889 0.02826136 0.01953256 -0.02901816 0.02784669 0.02213299 -0.02881777 0.02700388 0.02559596 -0.02761065 0.02661448 0.02800065 -0.02710759 0.02625316 0.03034669 -0.02645468 0.02669197 0.02963429 -0.02735298 0.02592939 0.03263485 -0.02562808 0.02608817 0.03432905 -0.02555489 0.02565199 0.03487306 -0.02461987 0.02586346 0.03660279 -0.02437925 0.02543026 0.03707039 -0.02342635 0.0287047 0.01279246 -0.02020394 0.02891856 0.01241075 -0.0179578 0.02536314 0.01879096 -0.01995605 0.02701687 0.01621675 -0.02114695 0.02518689 0.01919865 -0.02062296 0.02283179 0.02731025 -0.02253866 0.023283 0.02552765 -0.02269059 0.02235889 0.02640128 -0.02192258 0.02139616 0.0272299 -0.02117055 0.02594447 0.01783269 -0.01647168 0.02382266 0.02061778 -0.01727324 0.02349579 0.02116066 -0.01874727 0.02568048 0.01820325 -0.01829308 0.02331495 0.02153235 -0.01933896 0.02500045 0.01968419 -0.02116554 0.02312475 0.02197217 -0.019822 0.02272039 0.02303069 -0.020518 0.02480518 0.02024024 -0.02159988 0.02741324 0.01551645 -0.01536029 0.02409964 0.02026879 -0.01564478 0.02614074 0.01756018 -0.01485329 0.02727317 0.01574599 -0.01530414 0.02755749 0.01520764 -0.01725119 0.02731549 0.01559019 -0.019279 0.02717256 0.01586478 -0.02025967 0.0300073 0.009463369 -0.01856786 0.03009968 0.009234964 -0.01650017 0.02771979 0.01493078 -0.01548719 0.028373 0.0136829 -0.0157575 0.02905339 0.01215189 -0.0160464 0.02917075 0.01188749 -0.01609629 0.02970689 0.01011818 -0.02225667 0.02857446 0.01307719 -0.02129858 0.02957648 0.01050525 -0.0233615 0.02827537 0.01392316 -0.02313137 0.02810847 0.01449775 -0.02381479 0.02943366 0.01100748 -0.02429819 0.02927899 0.0116232 -0.02506226 0.02893787 0.01315045 -0.02617347 0.02942025 0.01171767 -0.02683776 0.02946668 0.01223665 -0.02830249 0.02908045 0.01450437 -0.02880525 0.02941799 0.01313865 -0.02951139 0.02860707 0.01837295 -0.02979999 0.02819508 0.02108067 -0.02963048 0.02744078 0.02469515 -0.02846848 0.02705287 0.02719658 -0.02798658 0.02779078 0.02374726 -0.02930915 0.01482558 0.03990757 -0.01496815 0.0150544 0.03844946 -0.01591557 0.01771849 0.03475576 -0.01846438 0.01565808 0.0355795 -0.01724398 0.01601707 0.03416609 -0.01768398 0.01850408 0.03170627 -0.01932185 0.01893109 0.03020679 -0.01958876 0.0145992 0.03246855 -0.01704984 0.008457303 0.04240477 -0.01146227 0.01087176 0.03944528 -0.01405936 0.008575856 0.0410909 -0.01251447 0.01136696 0.03690207 -0.01520878 0.01166129 0.03568017 -0.01555866 0.009154617 0.03740626 -0.01440739 0.0123108 0.03337228 -0.0159772 0.002157866 0.0416525 -0.01135897 0 0.04015135 -0.01221096 0.002124607 0.04288625 -0.01037406 0.004310846 0.04153609 -0.01158845 0.00439769 0.04034119 -0.01235705 0 0.04287898 -0.01024979 0 0.04186636 -0.0111407 0 0.04167938 -0.01125735 0.002202153 0.04047626 -0.01211166 0 0.04050195 -0.01199215 0.004245758 0.04278635 -0.01058959 0.006450951 0.04134809 -0.0119763 0.006729543 0.03894287 -0.0133574 0.004503369 0.03919559 -0.01291537 0.006905734 0.03780478 -0.01376068 0.008735299 0.03982388 -0.01334315 0.006576538 0.04012274 -0.01277095 0.008930027 0.03859698 -0.0139662 0.009403407 0.03625857 -0.01471436 0.002459526 0.0363031 -0.0133695 0.01145625 0.03275054 -0.01553964 0.007310271 0.03568565 -0.01421129 0.009671032 0.03516244 -0.01493036 0.00710076 0.0367161 -0.01403039 0.004624783 0.03809589 -0.01328957 0.002317905 0.03827548 -0.01300919 0.002256035 0.0393517 -0.01265275 0.01874369 0.02815198 -0.01901626 0.01981085 0.02738088 -0.01970839 0.01722645 0.03010678 -0.01837366 0.01652306 0.02955579 -0.01770758 0.01382929 0.03181886 -0.01656764 0.01177537 0.03181195 -0.01547139 0.01316934 0.03085756 -0.01589965 0.01054477 0.0421257 -0.01210606 0.01276975 0.04037088 -0.01400917 0.01068395 0.04076504 -0.01319217 0.01298058 0.03898739 -0.01491689 0.0111016 0.03815907 -0.01472419 0.01323878 0.0376299 -0.01562577 0.01353704 0.03629314 -0.01615637 0.01197808 0.03450149 -0.0158149 0.01265287 0.03230595 -0.0160346 0.01053118 0.03225845 -0.01500749 0.0119341 0.03137606 -0.01539278 0.01333916 0.03042256 -0.01579028 0.01438045 0.03028988 -0.0164445 0.01299786 0.03131765 -0.01597595 0.01498436 0.03128987 -0.01713687 0.01680928 0.03141456 -0.01825958 0.01422464 0.03370529 -0.01685017 0.01640349 0.03277498 -0.01802384 0.01386815 0.03498256 -0.01655155 0.01533454 0.0370087 -0.01666808 0.01261389 0.04178798 -0.01288795 0.01382994 0.02928817 -0.01524746 0.01631039 0.0279085 -0.01634269 0.01367026 0.0296359 -0.01546639 0.01613038 0.02830046 -0.016577 0.01350635 0.03001475 -0.01564639 0.02411305 0.02760988 -0.02382177 0.02190768 0.02809655 -0.02177029 0.02238994 0.02913016 -0.02223634 0.02094697 0.02884089 -0.02102094 0.02039867 0.02801406 -0.02043718 0.02084624 0.0265634 -0.02042186 0.01785618 0.02829915 -0.01827788 0.0202468 0.02611738 -0.01951736 0.01826697 0.02723389 -0.01800966 0.02046006 0.02553665 -0.01934969 0.02106839 0.02404868 -0.01850378 0.01884955 0.02591085 -0.01723927 0.0212571 0.0236538 -0.01807326 0.01903074 0.02555865 -0.0168544 0.02143675 0.02331829 -0.01754897 0.01681256 0.02697306 -0.01529866 0.01583439 0.02736306 -0.01384085 0.01398456 0.02897387 -0.01498448 0.01665258 0.02724134 -0.01571089 0.01427519 0.02845627 -0.01430428 0.0155614 0.02774429 -0.01478767 0.01453006 0.02809458 -0.01341497 0.01493638 0.02771729 -0.01135927 0.01181799 0.02936935 -0.0126459 0.01307767 0.02891826 -0.01345449 0.0129559 0.02910757 -0.01385205 0.01282507 0.0293343 -0.01419985 0.01850646 0.02547216 -0.01227545 0.01957654 0.02467805 -0.01258265 0.01978629 0.02452057 -0.01395475 0.02000766 0.0243141 -0.01271629 0.01136136 0.03016048 -0.01404958 0.01254469 0.02989345 -0.01475137 0.01123136 0.03044086 -0.01429384 0.01109719 0.03075104 -0.01450085 0.01239705 0.03022158 -0.01496398 0.01024037 0.03315186 -0.01508516 0.0120911 0.03096455 -0.01528275 0.01456165 0.02982938 -0.01633524 0.01575726 0.02918589 -0.0169149 0.01419734 0.0307765 -0.01651847 0.01537287 0.03018897 -0.01709657 0.01611709 0.03071916 -0.01773965 0.002694129 0.0338847 -0.01327669 0.002733349 0.03355109 -0.01318359 0.005518198 0.03287178 -0.0134238 0 0.03372859 -0.01306796 0 0.03366565 -0.01304304 0.001387119 0.03333008 -0.01297307 0.007529973 0.03471875 -0.01430618 0.007755458 0.03382259 -0.01430904 0.006681382 0.03330296 -0.01389306 0.00939542 0.03226214 -0.0145033 0.008095204 0.03262788 -0.01412796 0.0108186 0.0314545 -0.01481544 0.009648919 0.03154444 -0.01425087 0.01000785 0.03066295 -0.01364195 0.01148635 0.02991175 -0.0137642 0.01011937 0.03042685 -0.01336818 0.01022529 0.03022229 -0.01305407 0.009891867 0.03092896 -0.0138784 0.009772002 0.03122329 -0.0140804 0.008423686 0.03163689 -0.01370686 0.008316338 0.03194296 -0.01387518 0.009523153 0.03189116 -0.01439148 0.00677675 0.03294086 -0.01380485 0.006489217 0.03409039 -0.01399564 0.005208909 0.03431236 -0.01373779 0.005054116 0.03515344 -0.01375496 0.01047664 0.02970665 -0.01047837 0.01200175 0.02916306 -0.01173728 0.01171565 0.02951657 -0.01305919 0.01160526 0.02969676 -0.01343417 0 0.03399479 -0.01312845 0.001347959 0.03396785 -0.01318359 0.001367628 0.03363847 -0.01308977 0.002772092 0.03323864 -0.0130673 0.004150569 0.03308504 -0.01321649 0.00281018 0.03294795 -0.01292747 0.005666732 0.03228348 -0.01311886 0.005738139 0.03202486 -0.01292735 0.004316926 0.0322628 -0.01272279 0.004369139 0.03203588 -0.01250696 0.004419207 0.03183358 -0.01226407 0.002952158 0.03201377 -0.01212286 0.002883613 0.03243398 -0.01257538 0.004262924 0.03251379 -0.01291239 0.003040015 0.03156965 -0.01124554 0.00306487 0.03147315 -0.0108996 0 0.03163379 -0.01079928 0.003088116 0.031403 -0.01052689 0.004622519 0.03121215 -0.01063227 0.004550576 0.03138166 -0.01136678 0.004587769 0.03128379 -0.01101255 0.004585623 0.03116434 -0.00978893 0.004510402 0.03150606 -0.01169389 0.004466652 0.0316568 -0.01199316 0.003013193 0.03169214 -0.01156485 0 0.03184735 -0.01144754 0 0.03171908 -0.01114046 0.006143212 0.03094649 -0.01077836 0.006548702 0.03080898 -0.009960114 0.004092812 0.03340405 -0.01333206 0.005593299 0.03256607 -0.01328408 0.007054567 0.03199076 -0.01338487 0.007142841 0.03172236 -0.01319056 0.005807161 0.03179115 -0.01270818 0.005873441 0.03158295 -0.01246005 0.005936264 0.03140145 -0.01218175 0.00599426 0.03124719 -0.01187288 0.006047606 0.03112006 -0.01153475 0.007526159 0.03078645 -0.01174998 0.006631553 0.03079396 -0.009967386 0.008548915 0.03031766 -0.01019388 0 0.03257244 -0.01243615 0.002918601 0.03221189 -0.012362 0 0.03235578 -0.01222628 0.002983927 0.03184038 -0.01185727 0 0.03199195 -0.01173216 0.01247888 0.02892279 -0.01083397 0.01438105 0.02802556 -0.01122856 0.01475065 0.02786386 -0.0123983 0.01319056 0.02876389 -0.01301556 0.01413345 0.02869576 -0.0146718 0.01268756 0.02959698 -0.01449829 0.01095938 0.03108948 -0.01467406 0.01067566 0.03184455 -0.01492625 0.009266316 0.03265637 -0.01458686 0.007982492 0.03300487 -0.01421397 0.009006381 0.03350949 -0.01467365 0.009951829 0.03412365 -0.01505666 0.004903137 0.03606778 -0.01368439 0.004759073 0.03705018 -0.01353049 0.002386212 0.03725606 -0.01323235 0 0.03832435 -0.01287209 0 0.03881126 -0.01276057 0 0.03544867 -0.01329678 0.002614974 0.03461349 -0.01339489 0.002536296 0.03542095 -0.01342475 0.003916442 0.03448736 -0.0135383 0.00403434 0.03374445 -0.01342397 0.005364596 0.0335499 -0.01362866 0.005441844 0.03319996 -0.01353847 0.008206665 0.03227365 -0.01401519 0.006871044 0.03260087 -0.01369118 0.006963789 0.0322839 -0.01355135 0.008528172 0.03135657 -0.01350909 0.007228195 0.03147977 -0.01296675 0.008629262 0.03110325 -0.01327955 0.008726358 0.03087818 -0.01301586 0.007310211 0.03126394 -0.0127117 0.007387995 0.03107619 -0.01242369 0.008818566 0.03068256 -0.01271587 0.007459878 0.03091716 -0.01210236 0.00890398 0.03051757 -0.01237916 0.008982777 0.03038227 -0.01200938 0.007644951 0.03060698 -0.01096475 0.009124159 0.03019535 -0.0111888 0.00924474 0.03009718 -0.01029658 0.02006918 0.08649998 0.02434277 0.02012419 0.0834248 0.02439939 0.01914167 0.08649998 0.02514189 0.01938229 0.08649998 0.02493458 0.01847225 0.05565518 0.003434181 0.01757836 0.08649998 0.02620005 0.01287066 0.08649998 0.02887558 0.01492148 0.08649998 0.02781069 0.01651728 0.04413574 -0.01186186 0.01654767 0.04251646 -0.01348584 0.01215177 0.07974928 0.02924078 0.009202539 0.08649998 0.0302363 0.009064018 0.07380938 0.02983009 0.01194524 0.07382076 0.02877306 0.01461577 0.0725252 0.02716088 0.01710176 0.07127499 0.02519696 0.01696985 0.07004886 0.02471005 0.0192278 0.06893646 0.02230155 0.02144849 0.06899058 0.02028369 0.007607579 0.08649998 0.03063797 0.005908846 0.08649998 0.03106588 0 0.0741856 0.03127795 0.003061771 0.07379567 0.03105455 0.006093144 0.07380098 0.03059345 0.009004175 0.07248669 0.02954077 0.006052315 0.072474 0.03029847 0.008936107 0.07119208 0.02913677 0.01168304 0.06997746 0.02757537 0.01178026 0.07121437 0.02809798 0.01426857 0.06884557 0.02562958 0.0143947 0.07001018 0.02627426 0.01667398 0.06778711 0.02332776 0.01682686 0.068888 0.02408885 0 0.07379877 0.03118824 0.006005823 0.07117557 0.02988678 0.008860647 0.06995117 0.02860075 0.01157748 0.06880968 0.0269103 0.01413369 0.06774276 0.02484035 0.01888525 0.06678545 0.02070236 0.02089297 0.06582045 0.01778805 0 0.07759636 0.03160887 0 0.07670629 0.03157418 0.00310409 0.07759499 0.0314756 0.006127834 0.07511895 0.03079545 0.011868 0.07250386 0.02849149 0.01451075 0.07124215 0.02678024 0.0212723 0.06789427 0.01958626 0.01906114 0.06783777 0.02157139 0.02108669 0.06684267 0.01875555 0.003115952 0.0797671 0.03154438 0.002286195 0.08649998 0.03154176 0.003041028 0.07246607 0.03075617 0.005954265 0.06993168 0.02934086 0.008778572 0.06878077 0.02791905 0.01399105 0.06668967 0.02390277 0.01651245 0.06673437 0.02242279 0.01634365 0.06571346 0.02137029 0.01870155 0.065764 0.01969105 0.02048718 0.06379359 0.01541686 0 0.07015919 0.03005975 0 0.06992489 0.02992165 0.005898177 0.0687595 0.028647 0.002962827 0.0687462 0.02908658 0.01352858 0.06364786 0.02015107 0.01384186 0.06566935 0.0228132 0.008295416 0.06358325 0.02214986 0.005707681 0.06558007 0.02562689 0.00556755 0.06356209 0.02278184 0.008690655 0.06767505 0.0270859 0.005838036 0.06765288 0.02779924 0 0.06707799 0.02786135 0.002899944 0.06658518 0.02721416 0 0.0676586 0.02834486 0.0112195 0.0656321 0.02400928 0.008597552 0.06662148 0.02609717 0.005774378 0.06659907 0.02679365 0.008500158 0.06560218 0.02494955 0.01711976 0.0581119 0.008513748 0.01791697 0.06162166 0.01409059 0.01488715 0.05808079 0.009768009 0.01562166 0.06157118 0.01555269 0.010683 0.06149005 0.01782816 0.00513035 0.05799859 0.01285117 0.005421817 0.06143826 0.01920938 0.002720892 0.06142455 0.01955646 0 0.06060814 0.01819437 0 0.06661087 0.02732795 0.002866089 0.06556636 0.02603566 0.02006679 0.06167817 0.01242119 0.01598948 0.06369036 0.01879626 0.0132032 0.06152719 0.01680016 0.01095634 0.0636121 0.02127116 0.008082509 0.06146025 0.01863235 0.002794921 0.06354886 0.02316278 0 0.06144815 0.01965588 0.003017485 0.07116538 0.03033977 0.002991318 0.0699197 0.02978789 0.01146429 0.06770527 0.02609676 0.01134467 0.06665188 0.02513098 0.01851147 0.06475639 0.018534 0.01831644 0.063739 0.01721489 0.01324135 0.05156117 -7.31659e-4 0.01291388 0.04970288 -0.003512918 0.0108062 0.04983967 -0.002761721 0.008670389 0.04995399 -0.002158045 0.004479527 0.05186396 0.001534819 0.002242326 0.0518949 0.001740515 0.004351317 0.05011165 -0.001365482 0.002177298 0.05015319 -0.001171231 0 0.04849886 -0.003582954 0.002106308 0.04699289 -0.005817234 0.002132475 0.04852324 -0.003678202 0.004262804 0.04847174 -0.003867566 0.006386816 0.04838877 -0.004187941 0.00840187 0.04669648 -0.006782889 0.01268535 0.04796248 -0.005958378 0.01254844 0.0463196 -0.008094131 0.01455426 0.04290819 -0.01243674 0.01452767 0.04446709 -0.01082688 0.01249587 0.04475355 -0.009946167 0.01046067 0.04353415 -0.0107848 0.006282389 0.04536008 -0.008150875 0.004192829 0.04547727 -0.007820367 0.004205465 0.04409807 -0.009340286 0.002097308 0.04554998 -0.007625222 0.01458436 0.04607838 -0.008968472 0.01043826 0.04499775 -0.009211838 0.01048398 0.04652547 -0.007368743 0.008364796 0.04520004 -0.008615553 0.006310045 0.0468319 -0.00632894 0.004210948 0.04693126 -0.006007194 0.0119642 0.05571448 0.006811738 0.01255267 0.05805355 0.01082867 0.01013636 0.0580306 0.01169586 0.009641766 0.05572909 0.007578134 0.007656812 0.05801218 0.01237004 0.007271766 0.05574065 0.008170962 0.004866838 0.05574929 0.008592367 0.002572834 0.05799019 0.01313948 0 0.05666249 0.0106734 0.03137838 0.08649998 0.00232017 0.03143715 0.08119708 -1.93192e-4 0.03136336 0.08327239 0.002906024 0.03125506 0.07956278 0.002889275 0.03095918 0.07525795 0.002692937 0.03122377 0.07707339 -2.82638e-4 0.0309087 0.08649998 0.005966126 0.03094029 0.08329397 0.005984663 0.03017365 0.08649998 0.00898534 0.03073275 0.08649998 0.007035017 0.03055369 0.07068145 -0.001280546 0.02958226 0.06473499 -0.004546403 0.02998608 0.06699579 -0.002920925 0.03036195 0.06929999 -0.001732647 0.02912169 0.06225997 -0.005391001 0.02647966 0.05004948 -0.01440799 0.02761775 0.05543828 -0.01054298 0.0283845 0.05850654 -0.009069561 0.02939409 0.06431299 -0.001952767 0.02770775 0.0641039 0.005002439 0.02856165 0.06212669 -0.001299917 0.02780097 0.05842417 -0.005285739 0.0278964 0.08335578 0.01476925 0.02831768 0.08649998 0.01392185 0.02919876 0.08333587 0.01194518 0.02915304 0.08649998 0.01191979 0.02777367 0.08649998 0.01489138 0.02632164 0.08337479 0.01745247 0.0241788 0.07517486 0.01970678 0.02598559 0.07518708 0.01719725 0.02574068 0.07268428 0.01684027 0.02729219 0.07272446 0.01418209 0.02882295 0.07521378 0.01170569 0.02958548 0.0728113 0.008463442 0.03054159 0.07524275 0.005762875 0.02827745 0.07038176 0.01074898 0.02857828 0.07276695 0.01138097 0.02929079 0.07045036 0.007859349 0.03001475 0.07052117 0.004877865 0.02262705 0.08649998 0.02197718 0.02237999 0.0796988 0.02226769 0.02434509 0.0775569 0.01987266 0.02444034 0.0796824 0.01993876 0.02626025 0.0796647 0.01741969 0.02615809 0.07754886 0.0173552 0.02782237 0.07964587 0.01473528 0.02900087 0.07753157 0.01185137 0.02229267 0.07756429 0.02220028 0.02753835 0.07520008 0.01452147 0.02771455 0.07754045 0.01467257 0.02982705 0.07522809 0.008776664 0.03012067 0.07960557 0.008978128 0.01763355 0.08343857 0.02627116 0.02009797 0.07971388 0.02438265 0.02241688 0.08340936 0.02229148 0.02448928 0.08339267 0.01996809 0.02911305 0.0796262 0.01191228 0.03021645 0.08331519 0.009007394 0.01761639 0.07972741 0.02626246 0.02001965 0.07757109 0.02431416 0.02213525 0.07516348 0.02202576 0.02393907 0.07264637 0.0193302 0.02559459 0.07144886 0.01654106 0.02810949 0.06925469 0.01028698 0.02895367 0.06825149 0.006879746 0.01496899 0.08345067 0.02788776 0.01495885 0.07973927 0.02788728 0.01987415 0.07515305 0.024131 0.02190518 0.07261139 0.02162826 0.02379518 0.07139968 0.01901459 0.02698707 0.07031625 0.01351815 0.02681595 0.06918239 0.01303178 0.02877259 0.0672053 0.006237447 0.02968585 0.06833428 0.003943979 0.02604246 0.06501007 0.009935379 0.0254088 0.06188118 0.006261289 0.0265246 0.06402659 0.007600843 0.02610474 0.06191945 0.005083858 0.02673655 0.06195896 0.003869175 0.02644425 0.06704646 0.01172035 0.02663457 0.0680955 0.01243364 0.02363729 0.07019609 0.01859265 0.02161365 0.0701422 0.02085155 0.01952797 0.07131236 0.02336287 0.01210498 0.077587 0.02917128 0.009451568 0.08649998 0.03017348 0.009222507 0.07975739 0.0303083 0.02298027 0.05822718 0.003610074 0.0238375 0.06180816 0.008494853 0.02204847 0.06174045 0.01055234 0.02268987 0.06487256 0.01461917 0.0244807 0.0649389 0.01236528 0.02468717 0.06595015 0.01336979 0.02453136 0.05555897 -0.002599298 0.02456676 0.0582723 0.001611471 0.02498257 0.05992835 0.003713011 0.02583396 0.06398957 0.00884664 0.02426916 0.06391906 0.01121819 0.01178377 0.08649998 0.02928817 0.01490098 0.07758247 0.02781778 0.01754796 0.07757705 0.02619326 0.01741707 0.07514375 0.02600175 0.01965856 0.07257926 0.02371239 0.02176636 0.07135409 0.02129566 0.02543479 0.0702542 0.01614087 0.02526259 0.06911391 0.01562827 0.02793174 0.06817156 0.009719312 0.02774548 0.06712388 0.00904268 0.02858489 0.06618076 0.005489468 0.02899336 0.06622248 0.004067599 0.02860975 0.0641849 0.002283811 0.0281952 0.06414407 0.003656268 0.02730095 0.06199955 0.002619683 0.02779525 0.0620411 0.001339197 0.02682036 0.04980808 -0.01668065 0.02807825 0.05845165 -0.006533026 0.02882838 0.0621711 -0.002650976 0.02475738 0.05050867 -0.01012307 0.02641826 0.03758746 -0.02600395 0.02636086 0.03963905 -0.0255841 0.02632039 0.04000198 -0.02451658 0.02635717 0.04209649 -0.02387899 0.02630239 0.04238599 -0.02283447 0.02635568 0.04305189 -0.02321606 0.02637368 0.0447821 -0.02096319 0.02654325 0.04723966 -0.01890957 0.02632087 0.04489266 -0.020419 0.02624869 0.04252439 -0.02230244 0.02676188 0.03288966 -0.02791726 0.0268175 0.03261345 -0.02840209 0.02704489 0.03035539 -0.0288468 0.02664488 0.03464365 -0.02825665 0.02658694 0.0351274 -0.02729815 0.02647864 0.0371685 -0.02698558 0.02617019 0.0426656 -0.02177399 0.02617549 0.0382055 -0.02449047 0.02628278 0.03799468 -0.0249902 0.02634215 0.03585565 -0.02582079 0.02657127 0.03346067 -0.02696168 0.02668058 0.03317177 -0.02743685 0.02579325 0.04087418 -0.02195727 0.02594906 0.04069668 -0.02246046 0.02604705 0.0363574 -0.02485758 0.02620714 0.03610706 -0.02533769 0.02643495 0.03375279 -0.02649074 0.02671635 0.03134727 -0.02745819 0.02601546 0.04523676 -0.01880967 0.02606618 0.04280996 -0.02125018 0.02593719 0.04295599 -0.02073097 0.02608048 0.04051858 -0.02296769 0.02604216 0.03841876 -0.02399539 0.02685356 0.0310117 -0.02791666 0.02704226 0.02888154 -0.02824318 0.02696335 0.03067976 -0.02837896 0.02653169 0.03536474 -0.02680104 0.02645057 0.03560727 -0.02630829 0.02636325 0.03778886 -0.02549505 0.02626585 0.04017037 -0.02399605 0.02618628 0.04034239 -0.0234794 0.0262438 0.04500538 -0.01987814 0.02641606 0.04740995 -0.01779735 0.02373439 0.02382797 -0.02266216 0.02499777 0.02364456 -0.02426296 0.02533668 0.02469688 -0.02493226 0.02455186 0.02561026 -0.02412259 0.02563226 0.0259304 -0.02546459 0.02549195 0.02951198 -0.02535736 0.02588528 0.0272932 -0.02589017 0.02512949 0.03168308 -0.02467805 0.02573108 0.03102529 -0.02555859 0.02480679 0.0338068 -0.02382647 0.02540767 0.03323018 -0.02471768 0.02453309 0.03589087 -0.02279359 0.02513206 0.03539019 -0.02369546 0.02431756 0.03794497 -0.02157467 0.02519029 0.04138004 -0.02046775 0.02527326 0.03923624 -0.02204358 0.02839869 0.05851554 -0.01032555 0.02827316 0.05847924 -0.007796287 0.02741497 0.05545657 -0.00933218 0.02569305 0.04546648 -0.0177592 0.0252825 0.04568445 -0.01672798 0.02416926 0.03997868 -0.02016526 0.02292299 0.03875005 -0.01983749 0.02313148 0.03682816 -0.02106899 0.02491325 0.0375148 -0.02248775 0.026093 0.02876788 -0.02622646 0.02741229 0.02313566 -0.02798366 0.02689599 0.02409636 -0.02713894 0.02783066 0.02064079 -0.02821087 0.0282498 0.01817619 -0.02825307 0.02816098 0.017084 -0.02730739 0.02774506 0.01590937 -0.02480149 0.02704697 0.01722097 -0.02409625 0.02460205 0.02085918 -0.02194446 0.02628767 0.01848328 -0.02338206 0.02439236 0.02153337 -0.02221626 0.02325588 0.02329665 -0.02167969 0.02417707 0.02225667 -0.02242368 0.02822649 0.02096074 -0.03184527 0.02778738 0.02466815 -0.03060644 0.0272901 0.02812266 -0.02913808 0.02717995 0.02850008 -0.02868884 0.02754139 0.02591896 -0.02928525 0.02740347 0.02634859 -0.02885276 0.02687895 0.02926146 -0.02779865 0.02636736 0.03200936 -0.02654486 0.02655369 0.03168147 -0.02700155 0.02627336 0.03404378 -0.02602249 0.02588397 0.0386312 -0.02350378 0.02570247 0.03883945 -0.02301466 0.02560806 0.04324418 -0.01970505 0.02520489 0.0529325 -0.00750333 0.02421969 0.04609495 -0.01475048 0.02357995 0.04629009 -0.0138154 0.02894908 0.0642268 8.88717e-4 0.02578365 0.05552655 -0.00471282 0.02519017 0.05554294 -0.003636479 0.02392667 0.05305308 -0.005488395 0.0231961 0.05311006 -0.004543602 0.0222094 0.05560356 2.59014e-4 0.01928335 0.051162 -0.004119515 0.01735699 0.05131119 -0.002813875 0.01672786 0.04753369 -0.007885098 0.01473259 0.04776287 -0.006840765 0.0106045 0.04813349 -0.005228459 0.006517052 0.05004489 -0.001693606 0.008501946 0.04827576 -0.004640996 0.02198594 0.04472047 -0.01412147 0.02045828 0.04698038 -0.01049357 0.02195137 0.04283905 -0.01595968 0.02272427 0.04257488 -0.01678866 0.02744305 0.05839735 -0.004059851 0.02675658 0.05549246 -0.006967961 0.02574187 0.05286937 -0.008568108 0.02530658 0.05039936 -0.01114934 0.02478945 0.04589277 -0.01572269 0.02346307 0.04427117 -0.01583886 0.02411127 0.04402858 -0.01675659 0.02278417 0.04066234 -0.01841264 0.02901536 0.06221586 -0.004016518 0.02617287 0.05017095 -0.0132972 0.0271272 0.05547475 -0.008138656 0.02578026 0.05028736 -0.01220917 0.02468937 0.04377669 -0.01771026 0.0240975 0.04200166 -0.01856064 0.02344197 0.04229575 -0.01765638 0.02350777 0.04032969 -0.01927196 0.02213978 0.03912055 -0.01901775 0.02234476 0.03725975 -0.02025055 0.02177387 0.03585624 -0.02050536 0.02108168 0.0509963 -0.005608677 0.02235859 0.04867196 -0.009790658 0.03132617 0.08649998 0.003428339 0.03083688 0.07958447 0.005960881 0.03030335 0.07285696 0.005458116 0.03072357 0.07290399 0.00239408 0.03043907 0.07059419 0.001834273 0.03011596 0.06841975 9.42231e-4 0.02976429 0.0663526 -3.11256e-4 0.02932715 0.0662651 0.002624094 0.02821648 0.06208336 3.14617e-5 0.02700769 0.05837118 -0.002859592 0.02630728 0.05550968 -0.005824625 0.024598 0.05299389 -0.006475567 0.02413839 0.05061465 -0.00913465 0.02271467 0.05081385 -0.007282972 0.0238021 0.04839158 -0.01158195 0.02211874 0.04665285 -0.01206767 0.0203132 0.04512405 -0.01257264 0.01849555 0.04548317 -0.01120018 0.01847815 0.04206717 -0.01469218 0.01844197 0.04375636 -0.01305925 0.02031147 0.0415554 -0.01605975 0.02026724 0.0433253 -0.0144245 0.02200567 0.04097706 -0.01758956 0.02130877 0.03947079 -0.01823365 0.02151006 0.03766775 -0.01946485 0.02089506 0.03630107 -0.01974785 0.02245306 0.03217107 -0.0220471 0.02408427 0.03091025 -0.02366447 0.0244807 0.028867 -0.02421087 0.002438962 0.0557546 0.008844077 0.006705045 0.05181425 0.001188218 0.008912861 0.05174678 6.97926e-4 0.0110957 0.05166214 6.05002e-5 0.01533508 0.05144417 -0.001687109 0.01422256 0.05569726 0.005868017 0.01639896 0.05567747 0.004743158 0.01922899 0.05814677 0.007067322 0.02041888 0.0556305 0.001939237 0.02119147 0.05818527 0.005431115 0.02247917 0.06385368 0.01341336 0.0206927 0.0648117 0.01668047 0.02289545 0.06588268 0.0156756 0.02309447 0.06690549 0.01659768 5.93643e-4 0.03149437 -0.009627759 0 0.03157716 -0.01057255 0.003129661 0.03133118 -0.009707748 0 0.03150367 -0.009843885 0.002579808 0.03139418 -0.009677112 0.002196788 0.03141349 -0.009667575 0.02431064 0.02000689 -0.01416134 0.02481186 0.01938486 -0.01434636 0.02204149 0.02250206 -0.01479679 0.02176249 0.02282315 -0.01624739 0.02087187 0.02449768 -0.01885169 0.0206688 0.02499538 -0.01912975 0.02292615 0.02247375 -0.02020967 0.02250856 0.02363669 -0.02076065 0.02229166 0.02428668 -0.02094519 0.02003008 0.02673339 -0.01963609 0.02184736 0.02569907 -0.02115398 0.02303504 0.02402406 -0.02181756 0.02281117 0.02478748 -0.02190166 0.02416425 0.02460867 -0.02347165 0.02371495 0.02648144 -0.02332365 0.02490115 0.02679055 -0.02463787 0.02521449 0.028099 -0.02504485 0.02481949 0.03022849 -0.02450305 0.02386337 0.03637194 -0.02191746 0.02468276 0.04169577 -0.01949906 0.02476048 0.03961348 -0.02109038 0.02519029 0.04351675 -0.01869577 0.0266965 0.04992705 -0.01553726 0.02773368 0.05542016 -0.01176518 0.02724617 0.05247879 -0.01546138 0 0.04656827 -0.006327271 0.01465618 0.04139107 -0.01381295 0.01252007 0.04324638 -0.01153856 0.008385121 0.04377228 -0.01016855 0.006357192 0.04262518 -0.0109542 0.006299555 0.04396039 -0.009685397 0.002103924 0.04418337 -0.009136438 0 0.0440734 -0.009198904 0.01794767 0.02588689 -0.01211506 0.01735126 0.02631175 -0.0131461 0.01710134 0.02657097 -0.01428979 0.01951634 0.02481079 -0.01524347 0.0192036 0.025258 -0.0163899 0.01648479 0.02755427 -0.01605659 0.0186612 0.02631026 -0.01755344 0.01846665 0.02675265 -0.0178073 0.01594579 0.02872717 -0.01676636 0.01806318 0.02775049 -0.01816564 0.01831126 0.02945196 -0.01903617 0.01936948 0.02875447 -0.01972478 0.0180971 0.03322589 -0.01894497 0.01737666 0.03629046 -0.01784676 0.0193454 0.03546899 -0.0191583 0.01708024 0.03782659 -0.01705437 0.01903778 0.03711289 -0.01833266 0.01683765 0.03937059 -0.01607096 0.01878488 0.03875446 -0.0173195 0.01665729 0.04093098 -0.01488518 0.01859539 0.04040288 -0.01610904 0.0165745 0.04580038 -0.01000088 0.01864784 0.04727345 -0.009100496 0.02157795 0.05321747 -0.002787172 0.02649867 0.05834549 -0.001688718 0.02632266 0.05999976 0.001450955 0.02715009 0.06406468 0.006318509 0.02839195 0.06516599 0.004633188 0.02735328 0.065086 0.007350325 0.02755218 0.0660997 0.008253991 0.02624636 0.06602257 0.01088869 0.02488738 0.06697356 0.01424628 0.02507966 0.06802356 0.01499795 0.02328544 0.06795638 0.01738888 0.02346688 0.06904989 0.01805269 0.01938384 0.07009297 0.02289676 0.01722109 0.07255047 0.02556276 0.01478749 0.07513558 0.0276187 0.01201105 0.07512867 0.02896559 0.009114921 0.07512307 0.0300281 0.006176829 0.07759326 0.03100985 0.009187161 0.07759058 0.03023886 -0.0268256 0.05376106 -0.01862436 -0.02712815 0.05235928 -0.01718235 -0.02680927 0.05226719 -0.01892435 -0.02103668 0.04494404 -0.01316308 -0.02651995 0.05531346 -0.01918154 -0.03147214 0.08325898 0.001017749 -0.01476144 0.05807948 0.009830594 -0.004302561 0.0665909 0.02704417 -0.004350423 0.06764477 0.0280559 -0.02666854 0.08649998 0.01678955 -0.02694159 0.08649998 0.0163486 0 0.07976859 0.03169327 -0.004622697 0.07976555 0.03135645 -0.001096725 0.08649998 0.03156125 0.0264371 0.04454475 -0.02203375 0.02690106 0.04968059 -0.0178253 0.03146076 0.08325088 -2.03859e-4 -0.01159238 0.05132704 -0.03368216 0.005162358 0.07932156 -0.03099119 0.002851963 0.08649998 -0.03119724 0.03131449 3.27488e-4 -0.02287375 0.03021579 0.006431698 -0.0308761 0.02772367 0.02273648 -0.03287786 0.02686506 0.03206825 -0.02937036 0.02023017 0.01862305 -0.04196095 -0.004844248 0.01396387 -0.04661744 -0.02801299 0.01440566 -0.01560705 -0.02794158 0.01453399 -0.01557785 -0.02779126 0.01478576 -0.01735097 -0.02669948 -0.01647156 -0.02308595 -0.02697026 0.01674705 -0.02267348 -0.02511066 0.0190168 -0.01793545 -0.02369469 0.02078294 -0.01717555 0 0.03320366 -0.01286 0 0.0333606 -0.01292216 -0.002071499 0.03359055 -0.01311767 -0.02183109 0.03498339 -0.02077776 -0.02066206 0.03481429 -0.02006679 0 0.03550487 -0.01329189 -0.001926481 0.03544837 -0.01336169 -0.006546854 0.04012244 -0.0127511 -0.006878793 0.03780555 -0.01373779 -0.003583848 0.03716766 -0.01333928 0 0.03709709 -0.01315295 -0.007074117 0.03671777 -0.01400607 -0.005329906 0.03697758 -0.01362216 -0.001812398 0.03727549 -0.01317465 -0.00175935 0.03829169 -0.01295477 -0.001710653 0.03936517 -0.01260185 -0.003480792 0.03819787 -0.01310968 -0.005179643 0.03803217 -0.01337587 -0.008557379 0.0375182 -0.01419466 -0.0138036 0.03499716 -0.01647329 -0.0104894 0.03599089 -0.01506608 -0.01248824 0.03432899 -0.01599287 -0.00879383 0.03638827 -0.01448965 -0.0107823 0.0348584 -0.01529937 -0.00904715 0.03531217 -0.01469457 -0.007283151 0.03568869 -0.01418584 -0.009968996 0.03839206 -0.01428115 -0.009753763 0.03964596 -0.0136407 -0.01446038 0.03859984 -0.01557099 -0.01598757 0.0381605 -0.01636976 -0.01628094 0.03667706 -0.01713848 -0.01290917 0.038993 -0.0148496 -0.01473939 0.03718376 -0.01630866 -0.01317048 0.03763765 -0.01555466 -0.01661795 0.03520137 -0.01773166 -0.01894026 0.03713375 -0.01819825 -0.02264368 0.03708386 -0.02045917 -0.02277427 0.03613626 -0.02100294 -0.02291887 0.03518366 -0.02150034 -0.02199906 0.03406965 -0.021182 -0.0223667 0.0322237 -0.02186375 -0.01925349 0.03549528 -0.0190196 -0.01961165 0.03384888 -0.01966786 -0.01813799 0.03455775 -0.01866549 -0.01699036 0.03373736 -0.01818889 -0.01416027 0.03372478 -0.01676887 -0.01738959 0.03229117 -0.01854479 -0.02102619 0.03307175 -0.0207352 -0.02276879 0.03035479 -0.02240526 -0.02142596 0.03131526 -0.02126455 -0.02408939 0.02471929 -0.0232858 -0.02514988 0.0281918 -0.02481877 -0.02557206 0.02604037 -0.02523928 -0.02444267 0.02729767 -0.02402156 -0.02401685 0.02931386 -0.02359294 -0.0231961 0.02846717 -0.02283316 -0.02000606 0.03219735 -0.02017825 -0.0204277 0.03054547 -0.0205819 -0.01893615 0.03145849 -0.01953345 0 0.03442269 -0.01322579 -0.002099275 0.03328067 -0.01300168 0 0.0327903 -0.01261609 0 0.03245329 -0.0123378 -0.002201199 0.03226286 -0.01230084 0 0.03215706 -0.01199907 -0.002244412 0.03189498 -0.01180166 0 0.03191286 -0.01160448 -0.002279937 0.03162699 -0.0111981 -0.00200212 0.03143626 -0.009656429 -0.002196788 0.03141754 -0.009665548 0 0.03156346 -0.01043629 -0.002328574 0.03140497 -0.009671747 -0.003981828 0.03410565 -0.01347315 -0.005829513 0.03420895 -0.01384335 -0.005915403 0.03381216 -0.01380217 -0.004096508 0.03340488 -0.01331299 -0.006085753 0.03308087 -0.01364809 -0.004207253 0.03279006 -0.0130583 -0.00426042 0.03251636 -0.01289445 -0.0043118 0.03226608 -0.01270538 -0.004360973 0.03203976 -0.01249039 -0.004491448 0.03151226 -0.01168048 -0.006682574 0.03110069 -0.01196908 -0.004527568 0.0313887 -0.0113548 -0.006738662 0.03097265 -0.01162546 -0.006790041 0.03087198 -0.01125425 -0.007880687 0.03049826 -0.01010847 -0.002307772 0.03146278 -0.01048839 -0.004560232 0.0312916 -0.0110023 -0.002294719 0.03153157 -0.01085656 -0.002263188 0.03174817 -0.01151305 -0.004451513 0.03166216 -0.01197856 -0.004407703 0.03183829 -0.01224839 -0.00222361 0.03206676 -0.01206409 -0.002177417 0.03248298 -0.0125125 -0.002152383 0.03272634 -0.01269948 -0.004152476 0.03308647 -0.01319766 -0.002126276 0.03299236 -0.01286238 -0.004039525 0.03374487 -0.01340466 -0.002043128 0.03392177 -0.01321089 -0.002014279 0.03427356 -0.01328146 -0.003923773 0.03448688 -0.01351898 -0.001985073 0.03464555 -0.01332998 0 0.03471028 -0.0132457 -0.007724761 0.03382909 -0.01428204 -0.006000995 0.03343588 -0.01373726 -0.006169319 0.0327478 -0.01353394 -0.008059263 0.03263789 -0.01410067 -0.008168458 0.03228479 -0.01398807 -0.006251275 0.0324375 -0.01339447 -0.006331086 0.03215056 -0.01322895 -0.006408452 0.03188818 -0.01303648 -0.006482958 0.03165096 -0.01281565 -0.008481383 0.03137147 -0.01348316 -0.006554067 0.03144007 -0.01256489 -0.006621122 0.03125637 -0.01228284 -0.008672297 0.03089565 -0.01299166 -0.008841335 0.03053778 -0.01235789 -0.006837427 0.03079807 -0.01085788 -0.004589915 0.03122097 -0.01062357 -0.01084589 0.02999728 -0.01320379 -0.008760392 0.03070145 -0.01269298 -0.01073789 0.03020507 -0.01352369 -0.01062375 0.03044527 -0.01380157 -0.008578956 0.03111946 -0.0132544 -0.01038086 0.03101646 -0.01424407 -0.008380055 0.0316506 -0.01368039 -0.008275568 0.0319553 -0.0138483 -0.01012289 0.03169775 -0.01455575 -0.009989917 0.03207617 -0.01466679 -0.007948577 0.03301358 -0.01418668 -0.007836878 0.03341096 -0.01424688 -0.009583175 0.03334754 -0.01483178 -0.007501482 0.03472346 -0.0142799 -0.005658209 0.03506088 -0.01385658 -0.01298648 0.02896279 -0.01341015 -0.01103657 0.0296812 -0.01244306 -0.01287007 0.02914959 -0.01380449 -0.01094537 0.02982318 -0.0128417 -0.01050448 0.0307163 -0.01404058 -0.01232856 0.03025317 -0.01490879 -0.01218044 0.03060817 -0.01508414 -0.01025336 0.03134405 -0.0144152 -0.01156079 0.0322898 -0.01546299 -0.00985521 0.03247815 -0.01474916 -0.009719431 0.03290235 -0.01480388 -0.0114029 0.03276747 -0.01548296 -0.009046196 0.03021955 -0.01117295 -0.01363044 0.02839827 -0.01106625 -0.01344585 0.02847987 -0.01102995 -0.01328355 0.02859824 -0.01202237 -0.01119828 0.02948427 -0.01156425 -0.01076769 0.02958399 -0.01053357 -0.01671016 0.02704524 -0.01522779 -0.008915364 0.03040379 -0.01198989 -0.009154438 0.03012406 -0.01028406 -0.01495838 0.02796256 -0.01405149 -0.01468586 0.02840715 -0.01485764 -0.01453655 0.02869015 -0.01517546 -0.01604729 0.02835649 -0.01649457 -0.01405346 0.02975219 -0.01584357 -0.01549255 0.02971756 -0.01693898 -0.0153017 0.03022867 -0.01701098 -0.01510947 0.0307644 -0.017048 -0.01491689 0.03132206 -0.01705169 -0.01335936 0.03157645 -0.01621395 -0.01283109 0.03317916 -0.01616227 -0.01866447 0.02821457 -0.0188992 -0.02025097 0.02705436 -0.01992917 -0.02046978 0.02639508 -0.01985675 -0.01929336 0.02649056 -0.01855558 -0.01949465 0.02598589 -0.0183472 -0.02110385 0.02462697 -0.0193457 -0.02130419 0.02412158 -0.01906394 -0.01969015 0.02552217 -0.01808476 -0.0161941 0.03172516 -0.01784598 -0.01823508 0.02950358 -0.01891905 -0.01845008 0.02884745 -0.01892846 -0.01701289 0.02927249 -0.01792347 -0.01721626 0.02871584 -0.01785308 -0.01887714 0.02760839 -0.01882898 -0.01741707 0.02818787 -0.01774275 -0.01908719 0.02703255 -0.01871526 -0.01799458 0.02680498 -0.01714706 -0.01987868 0.02510428 -0.01775795 -0.01834869 0.02608519 -0.01647269 -0.0178073 0.03087174 -0.01879435 -0.01980865 0.02845335 -0.01994419 -0.02003026 0.02774184 -0.01995736 -0.02198719 0.02507525 -0.02092665 -0.02068567 0.02576798 -0.01973736 -0.02089738 0.02517729 -0.01956808 -0.02131628 0.02730715 -0.02101939 -0.02154135 0.02653658 -0.02103388 -0.02297329 0.02522999 -0.02214878 -0.02176535 0.02579104 -0.02100396 -0.02319788 0.02442306 -0.02211415 -0.02220565 0.02439385 -0.02079868 -0.02363824 0.02290946 -0.02188897 -0.02241975 0.02375167 -0.02061688 -0.02640038 0.0188024 -0.02387237 -0.02619504 0.01961106 -0.02411317 -0.01660257 0.03045946 -0.01795226 -0.01680797 0.02985465 -0.01795578 -0.01568096 0.02923357 -0.01683008 -0.01586627 0.02877897 -0.01668268 -0.01761448 0.02769136 -0.01759028 -0.0178073 0.02722936 -0.01739317 -0.01622319 0.02796846 -0.01626217 -0.01817536 0.02642226 -0.01684337 -0.016393 0.02761846 -0.01597857 -0.01655578 0.02730959 -0.01563608 -0.01850867 0.02547466 -0.01227527 -0.01888847 0.02520865 -0.01238048 -0.02405935 0.02156525 -0.0214315 -0.02262824 0.02315336 -0.02037745 -0.01698565 0.02665078 -0.01422917 -0.01880645 0.02537089 -0.01492857 -0.01905608 0.02509796 -0.01369118 -0.01722025 0.02639955 -0.01309674 -0.02323955 0.02126425 -0.01377439 -0.02263247 0.02188599 -0.01356714 -0.02320927 0.02167755 -0.01921415 -0.02023017 0.02442437 -0.01686805 -0.02216738 0.02243316 -0.01641339 -0.02180796 0.02273017 -0.01328599 -0.02100157 0.02345925 -0.01302695 -0.02283018 0.02260404 -0.02007335 -0.0230242 0.02210998 -0.01969075 -0.02149707 0.02366626 -0.01871109 -0.02005916 0.02473676 -0.01735579 -0.02168148 0.02326685 -0.01827347 -0.01851296 0.0257976 -0.01602679 -0.02053576 0.02396374 -0.01566058 -0.02079457 0.02366876 -0.01430857 -0.02042317 0.02398204 -0.01284116 -0.02395325 0.02044749 -0.01556789 -0.02726846 0.01574367 -0.01530265 -0.02664208 0.01677596 -0.0167852 -0.02680999 0.01651769 -0.01511788 -0.02536004 0.01866525 -0.01618725 -0.02554476 0.0184102 -0.01462316 -0.02640706 0.01713865 -0.0186817 -0.02626818 0.01739877 -0.01959496 -0.02338397 0.02131289 -0.01863038 -0.02185595 0.02292865 -0.01773989 -0.02242916 0.02211695 -0.01493799 -0.02414768 0.02019977 -0.01410245 -0.01741749 0.02623939 -0.0119732 -0.0172463 0.02635926 -0.01192575 -0.01529365 0.02756828 -0.01253676 -0.0150792 0.02779918 -0.01357406 -0.01309347 0.02881085 -0.01297497 -0.01482737 0.02816408 -0.01448309 -0.01274418 0.0293737 -0.01414966 -0.01261115 0.02963376 -0.01444596 -0.01247239 0.02992767 -0.01469749 -0.01438087 0.02901047 -0.01544177 -0.01421958 0.02936536 -0.01566267 -0.01388365 0.03016865 -0.01598757 -0.01371067 0.030613 -0.01609635 -0.01202887 0.03099095 -0.01522606 -0.01187449 0.03139996 -0.01533567 -0.01353567 0.03108286 -0.01617139 -0.01171815 0.03183346 -0.01541429 -0.01318258 0.03209179 -0.01622569 -0.01108878 0.03378009 -0.01544159 -0.02454078 0.03778117 -0.02178645 -0.02547657 0.03603398 -0.02377837 -0.02520388 0.03532415 -0.02366966 -0.02508258 0.03639459 -0.02309137 -0.02588415 0.03270906 -0.02535897 -0.02604454 0.0315783 -0.02579468 -0.02464544 0.03674435 -0.02241605 -0.02405118 0.0344159 -0.02273517 -0.02520769 0.03251975 -0.02447098 -0.02537816 0.03143835 -0.02487164 -0.02456015 0.031349 -0.02395474 -0.02555829 0.03034478 -0.02522885 -0.02564775 0.03205597 -0.02512896 -0.02639538 0.02927619 -0.02653276 -0.02625918 0.0360651 -0.02529108 -0.0271191 0.03030186 -0.02877336 -0.02745336 0.02769547 -0.02951556 -0.0275352 0.02711337 -0.03016757 -0.02658325 0.02636307 -0.02670776 -0.02574688 0.02923887 -0.02554577 -0.02773857 0.02254015 -0.02834099 -0.02614486 0.02699118 -0.02607345 -0.02697849 0.02571737 -0.02734428 -0.02739149 0.02327787 -0.02772074 -0.02760177 0.02204275 -0.0278573 -0.02699857 0.0239976 -0.02709877 -0.02781295 0.02080649 -0.02795326 -0.0272057 0.02122825 -0.02680909 -0.02699065 0.02237975 -0.02674049 -0.02622568 0.02279269 -0.02560758 -0.02600669 0.02386957 -0.02552539 -0.02677589 0.02353936 -0.02662807 -0.02644425 0.02173179 -0.02564299 -0.02823358 0.01836717 -0.02800309 -0.02802395 0.01957809 -0.02800369 -0.02857387 0.01747387 -0.02858179 -0.02815705 0.0199908 -0.02855449 -0.02886658 0.01656037 -0.02915138 -0.02951765 0.01276218 -0.03131896 -0.02847826 0.02023667 -0.03017407 -0.02748465 0.026286 -0.02879226 -0.02723515 0.02690547 -0.02814185 -0.02656614 0.0299108 -0.02685058 -0.02621537 0.03043425 -0.02618557 -0.02969408 0.01206427 -0.02997136 -0.02645087 0.0357005 -0.02601569 -0.02668869 0.03328084 -0.02714705 -0.02682769 0.03284156 -0.02784806 -0.0280863 0.01890999 -0.03369259 -0.02838695 0.005928516 -0.03594058 -0.02795809 0.009477496 -0.03630375 -0.02657115 0.03389936 -0.02967989 -0.02655386 0.02718836 -0.03375697 -0.02594286 0.02638828 -0.03515827 -0.02629566 0.02322417 -0.03574597 -0.02551788 0.02230179 -0.0370422 -0.02591419 0.01890099 -0.03741437 -0.02498698 0.01787555 -0.03861147 -0.02435505 0.01310998 -0.03988379 -0.02408725 0.003837466 -0.04059839 -0.0232442 -0.001702904 -0.04094755 -0.02690815 0.0323953 -0.02854466 -0.02722257 0.02929419 -0.0301311 -0.02752929 0.02602195 -0.03151255 -0.02727967 0.02099066 -0.03479915 -0.02709639 0.01655828 -0.03636866 -0.02752459 0.01305615 -0.03642868 -0.02721798 0.008000612 -0.03746235 -0.025599 0.03493577 -0.02435135 -0.02571594 0.03677999 -0.02386188 -0.02653557 0.03177648 -0.02671867 -0.02624768 0.03412485 -0.02573835 -0.02782106 0.02501559 -0.03008145 -0.02821266 0.02226155 -0.03049218 -0.02870059 0.01862597 -0.03134268 -0.02869945 0.01709038 -0.03254115 -0.02894705 0.007561981 -0.03477644 -0.02954667 0.00278908 -0.03376477 -0.02598387 0.0204696 -0.02428787 -0.0270859 0.01872086 -0.02542197 -0.02804476 0.01687204 -0.02654397 -0.02845317 0.01915568 -0.02914845 -0.02910906 0.01563137 -0.0297122 -0.02763175 0.0189833 -0.02679425 -0.0274198 0.02009326 -0.0268287 -0.02666127 0.02069449 -0.02562695 -0.02554899 0.02230858 -0.02445626 -0.02532756 0.02327537 -0.02445846 -0.02729105 0.01779997 -0.02522367 -0.02861917 0.01410388 -0.02563846 -0.02950686 0.01307588 -0.0294497 -0.02732765 0.02505487 -0.0279811 -0.02828454 0.02101355 -0.02956658 -0.02803725 0.02178388 -0.02895617 -0.0286985 0.01830559 -0.02973568 -0.02889049 0.0174486 -0.03031826 -0.0292989 0.01469498 -0.03026646 -0.0294373 0.01373428 -0.0308007 -0.02983069 0.01102858 -0.03047168 -0.02618676 0.02867949 -0.02619028 -0.02658325 0.02810388 -0.02683925 -0.02693367 0.02751278 -0.02749079 -0.02762806 0.02437496 -0.02861517 -0.02787685 0.02368175 -0.02924656 -0.0290302 0.01656764 -0.03088229 -0.02991008 0.009981453 -0.03095477 -0.02991247 0.007971942 -0.03195506 -0.03006654 0.009645342 -0.02938556 -0.02926796 0.01407957 -0.02891969 -0.02906936 0.01530057 -0.02906769 -0.02844059 0.01718288 -0.02794605 -0.0286439 0.0160346 -0.0278275 -0.02687555 0.01968824 -0.02555477 -0.02576816 0.02137106 -0.02440077 -0.03125458 0.003643453 -0.01937037 -0.03128319 0.003546714 -0.01702719 -0.03093606 0.005844056 -0.01687157 -0.02601355 0.03642636 -0.02457296 -0.02678447 0.03129357 -0.02740377 -0.02649527 0.03370475 -0.0264402 -0.02697896 0.03080636 -0.02809268 -0.02731245 0.02826875 -0.02885568 -0.02790307 0.02436059 -0.03071016 -0.02829468 0.02153027 -0.03109639 -0.02829205 0.02015036 -0.03234797 -0.02849835 0.0157001 -0.03383749 -0.0289154 0.01243066 -0.03381288 -0.02852749 0.01095438 -0.03508156 -0.0272004 0.02978944 -0.02944797 -0.02755767 0.02655005 -0.03082817 -0.02789884 0.02312874 -0.03201025 -0.02768856 0.02202868 -0.03339707 -0.02810329 0.01437926 -0.03515809 -0.02768409 0.01773589 -0.03505736 -0.02765697 0.004297971 -0.03704595 -0.02720057 -9.87979e-4 -0.03731375 -0.02676665 0.00270307 -0.03810036 -0.02668917 0.03456807 -0.02818048 -0.02692985 0.03196436 -0.02924948 -0.02719289 0.02883106 -0.03083586 -0.02689909 0.03156208 -0.02997368 -0.0273149 0.0250529 -0.03293675 -0.02697455 0.0279839 -0.03229415 -0.02689969 0.02414077 -0.03437095 -0.0267744 0.01173084 -0.03763085 -0.02586495 0.01043385 -0.03877079 -0.02631807 0.006555676 -0.03856408 -0.02572655 0.001168489 -0.0391072 -0.02888846 -0.01238185 -0.01712495 -0.02965807 0.01053416 -0.01834559 -0.02948665 0.01088994 -0.02072596 -0.03035837 0.008292973 -0.01875668 -0.03089308 0.005990564 -0.01909989 -0.03143745 0.001261532 -0.01956075 -0.03132897 0.001496553 -0.02264165 -0.03144085 -0.001108288 -0.01970005 -0.03093338 -0.005732536 -0.02002626 -0.03116458 -0.003224849 -0.02334696 -0.03042238 -0.008001863 -0.02018886 -0.02878028 -0.01216518 -0.02483427 -0.02777826 -0.01426738 -0.02517729 -0.02976095 -0.01022225 -0.01712495 -0.02974486 -0.01023447 -0.02034378 -0.02995824 -0.009734034 -0.01712495 -0.03039389 -0.007986724 -0.01712495 -0.02532649 -0.0182172 -0.02582269 -0.02662485 -0.0162875 -0.0255081 -0.02653086 -0.01595109 -0.02789956 -0.02768576 -0.01394116 -0.02747207 -0.0286898 -0.01184886 -0.02702826 -0.02962416 -0.009990692 -0.02448225 -0.02953606 -0.009683787 -0.02657204 -0.03021997 -0.007466197 -0.02610069 -0.03030556 -0.007762908 -0.02411866 -0.03082048 -0.005504667 -0.0237385 -0.03073716 -0.005221009 -0.02560818 -0.03133308 -8.99637e-4 -0.02297347 -0.03124868 0.001758098 -0.02418148 -0.03113859 0.003921747 -0.02227485 -0.03076297 0.00630176 -0.0218265 -0.03010946 0.00891155 -0.0225653 -0.03020906 0.008630752 -0.0213086 -0.02937686 0.01117026 -0.02189189 -0.02848476 0.01334446 -0.02116584 -0.02232599 -0.02176606 -0.02639579 -0.02545779 -0.01848226 -0.02091735 -0.02540165 -0.01840597 -0.02330827 -0.0261147 -0.0176146 -0.01712495 -0.02389079 -0.02004688 -0.02611887 -0.0222339 -0.02140247 -0.02904558 -0.0267533 -0.0165084 -0.01712495 -0.02675497 -0.01654648 -0.02078229 -0.02791798 -0.0144912 -0.01712495 -0.02831196 -0.01380866 -0.01712495 -0.02785176 -0.01444655 -0.02285248 -0.027906 -0.01451987 -0.02064037 -0.02890467 -0.01241236 -0.02049368 -0.03095728 -0.005726993 -0.01712495 -0.03102135 -0.005469918 -0.01712495 -0.03127425 -0.003436982 -0.0198583 -0.03148037 -0.001102924 -0.01712495 -0.02625185 0.03013986 -0.03295224 -0.02563506 0.02944737 -0.03437775 -0.02515757 0.02558225 -0.0364784 -0.02458268 0.0213986 -0.03826129 -0.02391725 0.01689207 -0.03973644 -0.02362209 0.007996797 -0.04086279 -0.0227825 0.002569496 -0.04151546 -0.02136838 0.001367449 -0.04235929 -0.02182549 -0.003032445 -0.04176855 -0.02975577 0.01031607 -0.01634949 -0.02919077 0.01179397 -0.01610559 -0.02860528 0.01306778 -0.02008765 -0.02757519 0.01515358 -0.0194028 -0.02879959 0.01270204 -0.01787436 -0.0172047 0.02867549 -0.04098445 -0.01439917 0.02415746 -0.04318267 -0.01501369 0.01623159 -0.04441136 -0.01171916 0.01522117 -0.04542046 -0.01120138 0.02339404 -0.04416698 -0.008105456 0.01873588 -0.04559838 -0.01144146 0.01939916 -0.04488658 -0.01202636 0.01085186 -0.04575937 -0.01235514 0.006282985 -0.0458976 -0.009312272 -0.004646301 -0.04628956 -0.00905025 4.06867e-4 -0.04659867 -0.01089149 9.13678e-4 -0.04624599 -0.01058888 0.005750834 -0.04631119 -0.00854516 0.009985506 -0.0465036 -0.008314132 0.01446068 -0.04614776 -0.008792519 0.005301475 -0.04665768 0.01664209 0.02491158 -0.04229867 0.01843589 0.0217396 -0.04227167 0.02650588 0.03401398 -0.02981525 0.01651126 0.008041143 -0.04462915 0.0200777 0.005362153 -0.04314875 -0.01865255 0.02912968 -0.04019445 -0.01745998 0.02509576 -0.0418753 -0.01891469 0.02562487 -0.04108858 -0.01777356 0.02136415 -0.04257917 -0.01468437 0.02028077 -0.04389178 -0.009572565 -0.009695947 -0.04564738 -0.02030146 0.02618926 -0.04020714 -0.01923638 0.02197515 -0.04179316 -0.01660078 0.0168246 -0.04379159 -0.01537775 0.01200187 -0.04473435 -0.01446056 0.002202749 -0.04533749 -0.0140838 0.006895124 -0.04541414 -0.01269745 0.001513361 -0.04582619 -0.01119899 -0.004078149 -0.04593324 -0.02062726 0.02262687 -0.04091525 -0.01960706 0.01817238 -0.04230338 -0.01813536 0.01747268 -0.0430901 -0.01698529 0.01267647 -0.04410868 -0.01576715 0.007584393 -0.04485839 -0.01617246 0.002978563 -0.04477775 -0.0148434 -0.002634704 -0.0450198 -0.01304548 -0.003406345 -0.04551035 -0.01339095 -0.008319437 -0.04487019 -0.01150435 -0.009064912 -0.04529136 -0.01165419 -0.01149857 -0.04481828 -0.009700179 -0.01216065 -0.04517197 -0.02280968 0.02740997 -0.03814899 -0.02160537 0.02678489 -0.03922718 -0.02100247 0.01891875 -0.04142796 -0.02001619 0.01420915 -0.04261618 -0.01853489 0.01341354 -0.04340356 -0.01896178 0.009180545 -0.04352074 -0.01739639 0.008347392 -0.04422807 -0.01522338 -0.007463753 -0.04438304 -0.01180064 -0.01386159 -0.04422837 -0.00982505 -0.0145542 -0.04457807 -0.007906675 -0.01744097 -0.04413568 -0.03024148 0.008542954 -0.02896875 -0.03040707 0.007526755 -0.0284605 -0.03061908 0.002940714 -0.03008496 -0.03044098 8.08684e-4 -0.03098428 -0.03008127 -0.001255273 -0.03191435 -0.02991235 -1.23996e-5 -0.03263705 -0.02954739 -0.003309249 -0.03281605 -0.02937436 -0.002006173 -0.03359389 -0.0286684 -0.003987431 -0.03450685 -0.02780085 -0.005924105 -0.03538405 -0.02677929 -0.00779128 -0.03622955 -0.02561265 -0.009581923 -0.03703665 -0.02579975 -0.0111075 -0.03607165 -0.02449816 -0.0128684 -0.03679406 -0.02306836 -0.01453858 -0.03746938 -0.02151995 -0.01610779 -0.03809654 -0.02133786 -0.01443719 -0.03916519 -0.01986247 -0.01756608 -0.03867447 -0.02002745 -0.01910537 -0.03739917 -0.02659887 0.01805025 -0.02356058 -0.02768146 0.01612806 -0.02461165 -0.02999716 0.009787142 -0.02757185 -0.0305624 0.006608605 -0.02784538 -0.03061515 0.005202353 -0.02927207 -0.03077214 0.001932978 -0.02936029 -0.02970939 -0.004480719 -0.03190428 -0.02884578 -0.005348384 -0.03367745 -0.02798235 -0.007341325 -0.03450626 -0.0281524 -0.008615016 -0.03348255 -0.02696418 -0.009263515 -0.03530645 -0.02324295 -0.01599866 -0.03626269 -0.02389538 0.0280652 -0.0369783 -0.02313405 0.02403646 -0.03887379 -0.021932 0.02331465 -0.03994178 -0.01940578 0.004773676 -0.0434398 -0.01782405 0.00383687 -0.04414576 -0.01658409 -0.00176692 -0.04446005 -0.01699268 -0.006502032 -0.0438295 -0.01540964 -0.009819447 -0.04391765 -0.01356035 -0.01071667 -0.04440027 -0.01006388 -0.01903319 -0.042988 -0.009946525 -0.01685285 -0.04385405 -0.008001685 -0.01964449 -0.04326349 -0.02484339 0.02874916 -0.03572028 -0.02458536 0.03181016 -0.03476756 -0.0242154 0.02479285 -0.03771746 -0.02230757 0.01970636 -0.04046058 -0.02141618 0.0150575 -0.04174345 -0.02272158 0.01595276 -0.04078286 -0.0209074 0.005783975 -0.04265838 -0.02045309 0.01007956 -0.04273456 -0.01825839 -8.07406e-4 -0.04383069 -0.01868927 -0.005439281 -0.04320925 -0.0171929 -0.008811354 -0.04337006 -0.01559197 -0.01210629 -0.04333949 -0.01372605 -0.01304405 -0.04381555 -0.01194316 -0.01613086 -0.04351007 -0.01017618 -0.02107179 -0.0419684 -0.008179068 -0.02359789 -0.04103809 -0.0234701 -0.003784 -0.04053395 -0.02052259 -0.006483793 -0.04208076 -0.01910698 -0.009889304 -0.04219847 -0.01576906 -0.01430189 -0.0426377 -0.01404279 -0.01739847 -0.04225617 -0.0288015 0.002532303 -0.03527855 -0.02900016 9.30017e-4 -0.0348168 -0.02808135 7.52522e-4 -0.03631865 -0.02616798 -0.002663969 -0.03826755 -0.02499455 -0.004269838 -0.03917294 -0.02390569 -0.007739722 -0.03940075 -0.02073675 -0.008621573 -0.04153436 -0.01950138 -0.01398807 -0.04071527 -0.01930767 -0.01199316 -0.04152107 -0.01625919 -0.02011924 -0.0396775 -0.01446574 -0.02283668 -0.03874796 -0.02667737 0.03082799 -0.03146368 -0.02668344 0.01994836 -0.03614467 -0.02633637 0.01537668 -0.03760766 -0.02541786 0.01422005 -0.0387789 -0.02480947 0.009188055 -0.03985035 -0.02527016 0.00516659 -0.03961175 -0.02454835 -3.00826e-4 -0.04005908 -0.02369105 -0.00580269 -0.04002147 -0.02226829 -0.007256388 -0.04080867 -0.02204936 -0.005176365 -0.04133957 -0.01757919 -0.01320469 -0.04210954 -0.01776289 -0.01524525 -0.04128706 -0.01594007 -0.01638406 -0.04180109 -0.0161038 -0.01833069 -0.04081875 -0.01419174 -0.01938009 -0.04125905 -0.01233756 -0.02214455 -0.04046785 -0.01433306 -0.02120089 -0.04009979 -0.01245498 -0.02380579 -0.03909718 -0.01251059 -0.02455657 -0.03831887 -0.01038295 -0.02462798 -0.03939449 -0.02350676 0.0205329 -0.03940278 -0.02316325 0.01204925 -0.04091566 -0.02185785 0.01103794 -0.04186689 -0.02231687 0.006860792 -0.0417999 -0.01985645 2.39236e-4 -0.04313069 -0.02030354 -0.004280686 -0.04252225 -0.01890039 -0.007697641 -0.04275768 -0.01738876 -0.01105278 -0.04280036 -0.01388728 -0.01527899 -0.04310458 -0.01208078 -0.01828318 -0.04265195 -0.01221245 -0.0202955 -0.04164248 -0.01028275 -0.0229451 -0.04078096 -0.00826025 -0.02529865 -0.03963875 -0.006126105 -0.02658945 -0.03902757 -0.01458895 -0.02425789 -0.03714096 -0.01793879 -0.01715278 -0.04032218 -0.0211457 -0.01261889 -0.04008656 -0.02094495 -0.01067346 -0.04087299 -0.02248096 -0.009252548 -0.04016607 -0.02268606 -0.01114487 -0.03940218 -0.02411258 -0.009575843 -0.03866249 -0.02520877 -0.006144583 -0.03857749 -0.02637988 -0.004473745 -0.03770065 -0.02740865 -0.002730369 -0.03677874 -0.02760916 -0.004381477 -0.03613829 -0.02848094 -0.002506136 -0.03521746 -0.02828496 -9.20774e-4 -0.03581875 -0.02919155 -5.87957e-4 -0.03425776 -0.03009998 0.00327599 -0.03221106 -0.02935248 0.004318535 -0.03418546 -0.02972567 0.006108701 -0.03305435 -0.02932769 0.009196877 -0.03357005 -0.02951908 0.01090508 -0.03239405 -0.02911156 0.01397889 -0.03257209 -0.0291115 0.01567566 -0.03143167 -0.02861887 0.01943677 -0.03076475 -0.02807158 0.02298265 -0.02987676 -0.0276798 0.02566117 -0.02944326 -0.02711737 0.02882307 -0.02818536 -0.02686786 0.02937245 -0.02751725 -0.02623444 0.03224945 -0.02603679 -0.02594786 0.03453618 -0.02504187 -0.02573525 0.0338279 -0.02487796 -0.02533936 0.03424507 -0.02420169 -0.003923535 -0.02695167 -0.03915774 -0.003904879 -0.02617216 -0.03996306 -0.006097316 -0.02581447 -0.03982877 -0.005971908 -0.02219098 -0.04244327 5.25212e-4 -0.02640676 -0.04005897 -0.001693785 -0.02636998 -0.04004025 -0.003865599 -0.0244475 -0.04137897 0.00275439 -0.02706348 -0.03921169 5.27737e-4 -0.02718949 -0.03925079 -0.001676619 -0.0246396 -0.04146015 -0.00165838 -0.0227136 -0.0426743 -0.003823757 -0.02252775 -0.04258996 -0.003779709 -0.02043879 -0.04362815 0.002741277 -0.02628195 -0.04001879 0.004943609 -0.02599686 -0.03992056 0.002713501 -0.02455288 -0.04143768 5.19883e-4 -0.02467477 -0.04147994 5.14213e-4 -0.02274727 -0.04269474 -0.001639127 -0.02061778 -0.043715 -0.003733754 -0.01820486 -0.04450839 0.002683997 -0.02262848 -0.04265087 5.08243e-4 -0.02064985 -0.0437361 -0.00368613 -0.01584994 -0.04524248 -0.00575906 -0.01555097 -0.04508608 -0.005683362 -0.01311308 -0.04568499 0.009263753 -0.02495265 -0.03955608 0.007121324 -0.02555286 -0.03976595 0.004893898 -0.02427476 -0.04133445 0.002652943 -0.02053475 -0.04369097 5.02013e-4 -0.01840698 -0.04461848 -0.00161904 -0.01837658 -0.04459697 -0.008298635 -0.02606737 -0.03884345 -0.00833559 -0.02677619 -0.03797209 -0.006153762 -0.02730405 -0.03814959 -0.001701891 -0.02715206 -0.03923255 -0.001709699 -0.02787315 -0.03834718 0.004967153 -0.0267753 -0.03911656 0.007187128 -0.0270397 -0.03809076 0.007154881 -0.02632635 -0.03896665 -0.01654028 -0.02312237 -0.03676825 -0.01840746 -0.02184849 -0.03634947 -0.01666384 -0.02427756 -0.03487014 -0.01677429 -0.0251646 -0.03259509 -0.02784049 0.01790678 -0.02670109 -0.02824336 0.01588767 -0.02631795 -0.02939599 0.01198709 -0.02662944 -0.02903449 0.01388305 -0.0273841 -0.029648 0.01179468 -0.02840858 -0.02982699 0.01075118 -0.02803415 -0.03027898 0.00742948 -0.03028935 -0.03045177 0.006269335 -0.02982825 -0.03045547 0.004061937 -0.03069359 -0.03028225 0.005282819 -0.03120315 -0.03027528 0.001989722 -0.03164958 -0.02973365 0.001340568 -0.03325104 -0.02658408 -0.00618875 -0.03702419 -0.0254153 -0.007921457 -0.03786838 -0.02431058 -0.0112918 -0.03779739 -0.0228824 -0.01291358 -0.03850716 -0.01968669 -0.01585274 -0.0397706 -0.01810556 -0.01890546 -0.03920197 -0.01640498 -0.02172619 -0.03834778 -0.01826226 -0.02048015 -0.03789776 -0.01660358 -0.02373194 -0.03586339 -0.01464664 -0.02487826 -0.03621989 -0.0187602 -0.02445477 -0.02968078 -0.02355217 -0.01831918 -0.03311729 -0.02368378 -0.0191282 -0.03106528 -0.02511817 -0.01732289 -0.03060317 -0.027444 -0.0126909 -0.03142577 -0.02845287 -0.01064205 -0.03080564 -0.03011626 -0.007003962 -0.0279299 -0.0299952 -0.006347894 -0.02950477 -0.0310418 3.25775e-4 -0.02741676 -0.03103739 0.002700924 -0.02679979 -0.02834928 0.01370799 -0.02214348 -0.02819949 0.01417285 -0.02297019 -0.0272997 0.0157727 -0.02129608 -0.02678918 0.01736217 -0.02316755 -0.02786427 0.01539289 -0.02418136 -0.02803736 0.01473766 -0.02364248 -0.02879399 0.01332187 -0.02516698 -0.02956289 0.01115888 -0.02611315 -0.03015726 0.008913636 -0.02700775 -0.03030616 0.008143901 -0.02631294 -0.03070604 0.005802929 -0.02709275 -0.03076797 0.004241406 -0.02860468 -0.03091347 0.001055479 -0.0284841 -0.03059595 -2.52621e-4 -0.03019708 -0.0302394 -0.002372562 -0.03106349 -0.02901178 -0.006571769 -0.03270804 -0.0283097 -0.009722948 -0.03226637 -0.02713745 -0.0105865 -0.03423148 -0.02729785 -0.01173698 -0.03295606 -0.02597528 -0.01247829 -0.03494888 -0.02613759 -0.01367014 -0.03361779 -0.02467405 -0.01428496 -0.03562736 -0.02169096 -0.01760888 -0.03685367 -0.02018046 -0.02044308 -0.03588616 -0.0185402 -0.02298074 -0.03449034 -0.01686877 -0.02578008 -0.02995616 -0.02714085 0.01621437 -0.02205598 -0.02895838 0.01262736 -0.0245794 -0.02911138 0.01203179 -0.02384859 -0.02986317 0.009801268 -0.02468079 -0.02971899 0.0104261 -0.02547347 -0.03044265 0.007491827 -0.02545559 -0.03083705 0.005124807 -0.02616798 -0.03090918 0.003402173 -0.02779287 -0.03086918 -0.001943469 -0.02810209 -0.03073906 -0.001176238 -0.02925026 -0.03051829 -0.00415343 -0.0288136 -0.03038549 -0.003345191 -0.03004479 -0.02985906 -0.005500614 -0.03081619 -0.02916538 -0.007636368 -0.03155428 -0.02930516 -0.008520185 -0.0301665 -0.02628564 -0.01465809 -0.03202146 -0.02498567 -0.01653707 -0.03258657 -0.02483707 -0.01551669 -0.03424459 -0.02340465 -0.01726788 -0.03483235 -0.02184939 -0.01891344 -0.03537994 -0.02032017 -0.02155035 -0.03407049 -0.02199399 -0.01999366 -0.03361225 -0.02044475 -0.02240145 -0.03189647 -0.01865857 -0.02385079 -0.0322631 -0.01694715 -0.0261656 -0.02710199 -0.02086734 0.02890455 -0.02087014 -0.02274727 0.02606296 -0.02213609 -0.02431398 0.02382075 -0.02329307 -0.02453678 0.02294987 -0.02324998 -0.02341985 0.02364778 -0.0220288 -0.02475666 0.02211254 -0.02315288 -0.02497237 0.02131509 -0.02299755 -0.02385175 0.02221345 -0.0216912 -0.0251829 0.02056336 -0.02278029 -0.02538686 0.01986378 -0.0224964 -0.02558326 0.01922267 -0.02213686 -0.0242598 0.0209707 -0.02110147 -0.02445197 0.02043658 -0.02068555 -0.02577096 0.01864808 -0.02168375 -0.02463465 0.01997059 -0.02016597 -0.0259487 0.01814848 -0.02111726 -0.02611517 0.01773148 -0.02042019 -0.02480655 0.01957947 -0.01952767 -0.02744466 0.01542335 -0.02039664 -0.02925145 0.01154559 -0.02295136 -0.02999395 0.00929594 -0.02370977 -0.03056538 0.006969749 -0.02440816 -0.03067237 0.006579339 -0.02317607 -0.030954 0.004587829 -0.02504158 -0.03105467 0.004193544 -0.02371954 -0.03115117 0.002152204 -0.02559375 -0.03115558 -2.40521e-4 -0.02612489 -0.03125298 -6.41147e-4 -0.02461558 -0.03098458 -0.002537667 -0.02671635 -0.03108328 -0.00295639 -0.0251013 -0.03063625 -0.004779517 -0.02733188 -0.02942955 -0.009203553 -0.02850258 -0.02858048 -0.0113517 -0.02905625 -0.02757418 -0.0134266 -0.02959418 -0.02641755 -0.01541936 -0.03011167 -0.02523195 -0.01787108 -0.02830594 -0.02379685 -0.0196917 -0.02868825 -0.02212309 -0.02082449 -0.0314967 -0.02064079 -0.02336448 -0.02665257 -0.02055186 -0.02299296 -0.0293768 -0.01297968 -0.02868628 -0.02161896 -0.01281219 -0.0287767 -0.01712495 -0.01505959 -0.02764606 -0.02154767 -0.01507359 -0.0275743 -0.01712495 -0.01669245 -0.02671349 -0.01712495 -0.01709175 -0.02642339 -0.01712495 0.009425282 -0.0276463 -0.03589409 0.009461104 -0.02815127 -0.03474485 0.007275283 -0.02877908 -0.0349127 0.007247328 -0.02826988 -0.03607237 0.002790629 -0.02902668 -0.03628736 -0.003990173 -0.02942138 -0.0350703 -0.003974795 -0.02890908 -0.03623998 -0.006229162 -0.0290451 -0.03496277 -0.008436262 -0.02850317 -0.03481078 -0.008404493 -0.02799785 -0.03596425 -0.01056098 -0.02729898 -0.03575676 -0.01275259 -0.02735847 -0.03314995 -0.01060014 -0.02779895 -0.03461545 -0.004004299 -0.02985906 -0.03379386 -0.001730918 -0.02963006 -0.03513205 5.36849e-4 -0.02967 -0.03514719 5.39255e-4 -0.0301097 -0.03386545 0.002801597 -0.02954059 -0.035115 0.005051612 -0.02924305 -0.03503638 0.002812325 -0.02997988 -0.03383558 0.005070507 -0.02968084 -0.03376257 0.007301986 -0.0292145 -0.03364747 5.61137e-4 -0.03149294 -0.02181535 0 -0.03149998 -0.01712495 -0.001772463 -0.03137606 -0.01712495 0.00745815 -0.03059369 -0.0217573 0.008682548 -0.03027975 -0.01712495 0.005183219 -0.03106397 -0.02178817 0.007456064 -0.0305404 -0.01712495 0.004383921 -0.03119337 -0.01712495 0.002880036 -0.0313642 -0.02180767 5.48954e-4 -0.03146159 -0.01712495 -0.004095494 -0.03121358 -0.01712495 -0.004383921 -0.03119337 -0.01712495 -0.006377696 -0.0307697 -0.01712495 -0.008682548 -0.03027975 -0.01712495 -0.01082915 -0.0295695 -0.02167958 0.009306728 -0.02571928 -0.03876328 0.006975173 -0.0219382 -0.04237496 0.007050514 -0.02384197 -0.04117184 0.004841089 -0.02235835 -0.04254388 -0.001598298 -0.01601427 -0.04533237 -0.00157696 -0.01355499 -0.04593336 -0.003637194 -0.01339846 -0.04584276 -0.003587186 -0.01087439 -0.04632139 0.01146179 -0.02565717 -0.03764849 0.01141208 -0.02495789 -0.03850758 0.01136034 -0.02419978 -0.03929215 0.01125115 -0.02252328 -0.04067337 0.009172976 -0.02325695 -0.04095119 0.004785418 -0.02027338 -0.04358088 0.002620518 -0.01829588 -0.04457259 0.00258696 -0.01593595 -0.04530769 4.95563e-4 -0.01604294 -0.04535424 -0.001555144 -0.01102298 -0.04641228 -0.003485262 -0.005705118 -0.04696196 -0.0054484 -0.005461633 -0.04680418 4.82161e-4 -0.01104825 -0.04643446 4.88932e-4 -0.01358199 -0.04595547 0.004667282 -0.01569396 -0.04519367 0.004727363 -0.01804387 -0.04446005 0.006813228 -0.01765227 -0.04428267 0.006895899 -0.019867 -0.04340708 0.008974909 -0.0193178 -0.04317075 0.009076476 -0.02137029 -0.04214555 0.01327484 -0.02164459 -0.04033976 0.01340067 -0.0232982 -0.03897547 0.01346027 -0.024046 -0.03820097 0.01351755 -0.02473586 -0.03735309 0.02198898 0.01559007 -0.0413686 0.02412956 0.008685231 -0.04047358 0.02525019 0.009903132 -0.03943037 0.02668029 0.007355153 -0.03812587 0.0283575 0.001690626 -0.03589409 0.02793586 0.005168139 -0.03659248 0.02919268 0.001911222 -0.03439074 0.03011626 0.004420578 -0.03187608 0.01511406 0.02443897 -0.04294645 0.01540458 0.02060329 -0.04365885 0.01729828 0.01722186 -0.04352605 0.01879876 0.01789826 -0.04278719 0.0206384 0.01471525 -0.0422793 0.02107524 0.01064336 -0.04240328 0.02242785 0.01163136 -0.04149985 0.02459168 0.004593014 -0.04022228 0.02570605 0.005951464 -0.03920775 0.02615904 0.00202161 -0.03872168 0.02755588 -5.23049e-5 -0.03692275 0.02712446 0.003573 -0.03768378 0.02983927 0.00240308 -0.03286504 0.0300194 0.001076281 -0.03227198 0.03029376 0.003158211 -0.0313341 -0.01047599 -0.02608996 -0.0377441 -0.003941416 -0.02767038 -0.03827506 -0.00171715 -0.02852928 -0.03737467 5.30162e-4 -0.0279113 -0.03836476 0.002767026 -0.02778428 -0.03832709 0.004989743 -0.02749317 -0.03823536 0.009348094 -0.02642649 -0.03789478 0.01357239 -0.0253641 -0.03642284 0.01550465 -0.02366787 -0.03700965 0.01556587 -0.02428615 -0.03609436 0.01949518 -0.02311259 -0.03213298 0.01573216 -0.02574205 -0.03278779 0.01362454 -0.02592658 -0.03540158 0.01155477 -0.02686375 -0.0356701 -0.0126636 -0.02644258 -0.03550457 -0.0105195 -0.02672809 -0.03679704 -0.008370876 -0.02742105 -0.03701549 -0.006180167 -0.02795428 -0.03718537 -0.006205379 -0.02853578 -0.03612577 -0.003958523 -0.0283243 -0.03730559 -0.001724243 -0.02911609 -0.03630566 5.32483e-4 -0.02856796 -0.03739148 0.002779126 -0.02843999 -0.03735548 5.34693e-4 -0.02915549 -0.03632169 0.005011379 -0.0281465 -0.03726756 0.005032002 -0.02873098 -0.03620386 0.007217943 -0.02768898 -0.03712916 0.009387612 -0.02707016 -0.03694146 0.01150935 -0.02629387 -0.03670555 0.01562416 -0.02483999 -0.03508967 0.01754277 -0.02361005 -0.0347355 0.006727576 -0.01531797 -0.04501354 0.006639599 -0.01288789 -0.04561197 0.0087592 -0.01480984 -0.04476839 0.01088535 -0.0164594 -0.04373657 0.01300036 -0.01780396 -0.0425148 0.01101285 -0.01862895 -0.04287308 0.01314109 -0.01980495 -0.04150938 0.0172708 -0.02107 -0.0381878 0.01923149 -0.0211156 -0.03618335 0.02095115 -0.01964557 -0.035703 0.02109616 -0.02074778 -0.03390508 0.02284646 -0.0199607 -0.03134018 0.02271157 -0.0191313 -0.03343135 -0.005133748 0.00465852 -0.04715448 -0.003281891 0.004467487 -0.047306 -0.003382682 -5.35587e-4 -0.04726147 -0.001465976 -6.53209e-4 -0.04735034 -0.001510679 -0.005837917 -0.0470525 4.68357e-4 -0.005859911 -0.04707449 0.002552509 -0.01347929 -0.04590857 0.002517282 -0.01095014 -0.04638737 0.004605472 -0.01324766 -0.04579359 0.008868873 -0.0171231 -0.04404115 0.0111351 -0.02065795 -0.04185664 0.01523387 -0.02062594 -0.0399512 0.01537418 -0.02225297 -0.038607 0.01741266 -0.02245897 -0.03661936 0.01936995 -0.02224338 -0.03434026 -0.008517444 -0.02958369 -0.03075075 -0.01063674 -0.02822649 -0.03337079 -0.008465886 -0.02893495 -0.03355246 -0.006289184 -0.03013408 -0.03086817 -0.006251215 -0.02948027 -0.03369385 -0.004027962 -0.0305165 -0.0309512 -0.0017457 -0.03072899 -0.03099906 -0.001736879 -0.03006929 -0.0338515 5.45486e-4 -0.03077036 -0.0310108 0.005106449 -0.03033936 -0.03092569 0.009558796 -0.02923399 -0.03070098 0.01171475 -0.02843588 -0.03053838 0.009495198 -0.02858328 -0.03349149 0.01163876 -0.0277912 -0.03329539 0.01380854 -0.02747964 -0.03034359 0.01372134 -0.02684229 -0.03306049 0.0176602 -0.02449667 -0.03247827 0.01960718 -0.02371984 -0.02957457 0.02122718 -0.02159786 -0.0317533 0.01798558 -0.02581566 -0.0214383 0.0232194 -0.02121114 -0.02112549 0.02158915 -0.02287387 -0.0212391 0.02325838 -0.02122306 -0.01712495 0.01984125 -0.02441138 -0.02134346 0.0198673 -0.02440685 -0.01712495 0.01798307 -0.02577579 -0.01712495 0.01669245 -0.02671349 -0.01712495 -0.01488786 -0.02696156 -0.03020179 -0.01282829 -0.0279932 -0.03041666 -0.01070106 -0.02886879 -0.03059995 -0.00631982 -0.03054219 -0.02780908 -0.00404644 -0.03092688 -0.02787345 -0.001751601 -0.03114098 -0.02791059 5.52392e-4 -0.03118318 -0.02791976 0.002833545 -0.03064006 -0.03098607 0.005138695 -0.0307517 -0.0278542 0.007352173 -0.02986979 -0.03083026 0.01178109 -0.02884167 -0.02755475 0.01388436 -0.02788156 -0.02740389 0.0158292 -0.02637076 -0.03011739 0.01591324 -0.02676796 -0.02722865 0.01776546 -0.02511525 -0.02986067 0.0197041 -0.02410548 -0.02680796 0.0213443 -0.02219265 -0.02925986 0.02307134 -0.02091264 -0.02629905 0.02296715 -0.0205419 -0.02891778 0.02457255 -0.01913857 -0.02601408 0.02446669 -0.01877629 -0.02854984 0.02583438 -0.01690518 -0.02815806 0.02706217 -0.01493847 -0.02774417 0.02571129 -0.0163542 -0.03042185 0.02434408 -0.01820969 -0.03089565 0.02420687 -0.01740258 -0.03292107 0.02079296 -0.0183168 -0.03720158 0.01908028 -0.01975536 -0.03771895 0.01891767 -0.01819175 -0.03901296 0.01711815 -0.01947295 -0.0395087 0.01695585 -0.01769679 -0.04064267 0.01508468 -0.01881617 -0.04110449 0.01492768 -0.01684755 -0.04209655 0.0128535 -0.01566439 -0.04336977 0.008646428 -0.0124017 -0.04536437 0.00454241 -0.01072919 -0.04627209 0.004413843 -0.005571663 -0.04691296 0.002373218 -5.9239e-4 -0.04732608 0.002445459 -0.00577104 -0.04702776 4.5447e-4 -6.72126e-4 -0.04737198 4.40819e-4 0.004347741 -0.04741358 -0.001421988 0.004363894 -0.04739254 -0.004984021 0.009418845 -0.04698717 -0.006972372 0.004936933 -0.04693859 -0.007180929 -4.65846e-6 -0.04688525 -0.005289733 -3.19282e-4 -0.04710614 -0.007393062 -0.005108118 -0.04657995 -0.005606055 -0.01060289 -0.0461629 -0.007603764 -0.01020938 -0.04593795 -0.007707118 -0.01269966 -0.04546105 -0.007808268 -0.01511818 -0.04486429 -0.005832672 -0.01789259 -0.0443542 -0.00590378 -0.02011388 -0.04347729 -0.008092641 -0.02170467 -0.04223567 -0.006036579 -0.02409964 -0.04123789 -0.01043039 -0.02538859 -0.03860676 -0.012564 -0.025249 -0.03746658 -0.01261508 -0.02587896 -0.03653144 -0.01470148 -0.02543348 -0.0352087 -0.01480197 -0.02633589 -0.03289109 0.03085827 0.002311348 -0.0282368 0.03096985 -0.00435698 -0.02360415 0.03044044 -0.006349086 -0.02590727 0.02983748 -0.008584976 -0.02638518 0.02972167 -0.00810486 -0.02827328 0.02895158 -0.01026779 -0.02884358 0.0288189 -0.009561836 -0.03055846 0.02788686 -0.01163774 -0.03119349 0.02773708 -0.01069176 -0.03269666 0.02648526 -0.01148456 -0.03468066 0.02525436 -0.01333707 -0.03537398 0.02371108 -0.01365345 -0.03721857 0.02352166 -0.01204609 -0.03824335 0.02025157 -0.01324427 -0.04048776 0.02184134 -0.01182067 -0.03983545 0.01817679 -0.01040709 -0.04258507 0.01238578 -0.008643448 -0.04514604 0.0101971 -0.00431925 -0.04616844 0.009913146 7.04853e-4 -0.04647845 0.007828533 0.005154371 -0.0468443 0.005827546 0.009566128 -0.04691797 0.03090447 -7.2539e-4 -0.02788317 0.0310474 0.001306951 -0.02670788 0.01485866 0.007308661 -0.04521489 0.01524859 0.002659916 -0.04513829 0.017349 -0.001213073 -0.04423415 0.01898145 -2.05243e-4 -0.04357588 0.0209856 -0.003579199 -0.04224467 0.02120769 -0.005755722 -0.04180818 0.02289956 -0.006457328 -0.04051536 0.02447628 -0.0068717 -0.039092 0.02426028 -0.004961192 -0.03970277 0.02701538 -0.005216836 -0.03668844 0.02591919 -0.006986081 -0.03755158 0.02833968 -0.006301581 -0.0341832 0.0291236 -0.004300653 -0.03332829 0.03050166 -0.002200722 -0.02975445 0.03102695 -0.001321494 -0.02653098 0.02824729 -0.01322197 -0.02505439 0.02716785 -0.01528239 -0.0253905 0.02725428 -0.01547759 -0.0230059 0.02594077 -0.01725846 -0.02571076 0.02602756 -0.01745796 -0.02323186 0.02465897 -0.01934218 -0.02344596 0.0231564 -0.02112007 -0.02364724 0.02144557 -0.02257126 -0.02656418 0.02152818 -0.02278208 -0.02383434 0.01978307 -0.02431929 -0.0240066 0.01793098 -0.02572345 -0.02416306 0.01785665 -0.02550709 -0.02702975 0.01598167 -0.02698647 -0.02430337 0.01394599 -0.02810168 -0.02442687 0.01183497 -0.0290631 -0.02453309 0.009614467 -0.02964276 -0.02768057 0.007396399 -0.03028064 -0.02778059 0.00516498 -0.03097438 -0.02474337 0.002853214 -0.03105306 -0.02790075 0.002869367 -0.03127545 -0.02477598 5.582e-4 -0.03140497 -0.02478915 -0.004061102 -0.03114688 -0.02475637 -0.008559644 -0.02998876 -0.02771818 -0.01075398 -0.02927005 -0.02760118 -0.01079636 -0.02948528 -0.0245645 -0.01289087 -0.02838987 -0.02745908 -0.01294106 -0.02860289 -0.02446419 -0.01495897 -0.02735304 -0.02729249 -0.01501607 -0.02756345 -0.02434659 -0.0188446 -0.02483355 -0.02688837 -0.01891207 -0.02503788 -0.0240612 -0.02071189 -0.02356529 -0.02389454 -0.02396565 -0.02023994 -0.02351748 0.02839607 -0.01349985 -0.02059215 0.03066068 -0.006916821 -0.01712495 0.03008037 -0.009159445 -0.02028667 0.02917236 -0.0110898 -0.02470326 0.02814298 -0.01288819 -0.02730947 0.02693969 -0.01440387 -0.02992087 0.02680259 -0.01364499 -0.03180009 0.02557337 -0.01557058 -0.03237658 0.02542078 -0.0145573 -0.03401076 0.0238893 -0.01509928 -0.03602677 0.02239906 -0.01676195 -0.03663688 0.02222377 -0.01527428 -0.03786647 0.02044188 -0.01509135 -0.03955149 0.01874488 -0.01645278 -0.04012465 0.01856285 -0.01456135 -0.0410825 0.01459425 -0.01252388 -0.04364895 0.01476389 -0.01474267 -0.04294109 0.01061779 -0.01179188 -0.04505157 0.00636655 -0.005262196 -0.04673129 0.006182312 -1.37711e-4 -0.04703438 0.004284501 -4.14172e-4 -0.04721325 0.002302229 0.00441879 -0.04736876 0.02995824 -0.009734034 -0.01712495 0.02931845 -0.01136058 -0.02044188 0.02930146 -0.01135945 -0.01712495 0.009634137 0.005570948 -0.04653894 0.01173377 0.001267135 -0.04610067 0.01387959 -0.002960324 -0.04533869 0.01776897 -0.005900442 -0.04360747 0.01797497 -0.008187115 -0.04315108 0.02142518 -0.007868349 -0.04126775 0.02311468 -0.008428394 -0.03988128 0.02163678 -0.009896695 -0.04061347 0.02332246 -0.01029789 -0.03912705 0.02468496 -0.008683502 -0.03836506 0.02611815 -0.008623838 -0.03673428 0.02739816 -0.008247554 -0.03500437 0.02851176 -0.007557392 -0.03318107 0.0302006 -0.005237877 -0.0292288 0.03121846 6.28566e-4 -0.02446985 0.02609217 -0.01754748 -0.02087324 0.02614045 -0.01756989 -0.01712495 0.0261147 -0.0176146 -0.01712495 0.02471315 -0.0194084 -0.01712495 0.02472305 -0.0194326 -0.0210033 0.0277636 -0.001764655 -0.0364024 0.02894479 -0.002962768 -0.03413617 0.02956819 -9.68041e-4 -0.03320807 0.03019058 -1.43887e-4 -0.0315718 0.03035175 -0.001242339 -0.0307455 0.03076899 3.74597e-5 -0.02900266 0.01187407 -0.02915459 -0.02166187 0.009690642 -0.02991276 -0.01712495 -0.02104204 0.08649998 -0.02324455 -0.02072489 0.08308577 -0.02359259 -0.01966977 0.08649998 -0.02447879 -0.01869255 0.07539427 -0.02519488 -0.02189409 0.0732792 -0.02234679 -0.02212536 0.07537895 -0.02215135 -0.01758867 0.08649998 -0.02595317 -0.01701319 0.07935678 -0.0263859 -0.01668828 0.08649998 -0.02659106 -0.01502609 0.0793479 -0.02757227 -0.01379954 0.08649998 -0.0281704 -0.01295596 0.0793401 -0.02860915 -0.009728789 0.08649998 -0.0298143 -0.008612215 0.07932776 -0.03021055 -0.01009225 0.08649998 -0.02971446 -0.01292836 0.08649998 -0.02856779 -0.01078397 0.08649998 -0.0294348 -0.008510887 0.07542115 -0.03032708 -0.008271634 0.07137537 -0.03058856 -0.01280528 0.07541269 -0.02873218 -0.0148527 0.07540726 -0.02769976 -0.01245659 0.07133477 -0.02904665 -0.01445657 0.07130897 -0.02804756 -0.01039129 0.07135695 -0.02989518 -0.0108335 0.05902326 -0.03166198 -0.006349086 0.08649998 -0.03072607 -0.005690038 0.08649998 -0.03085684 -0.001765072 0.08649998 -0.03130924 0.002829551 0.07542717 -0.03140139 0.007432341 0.07932537 -0.03052395 0.007610023 0.08649998 -0.03039348 0.008785963 0.08649998 -0.03012478 0.00954765 0.07541936 -0.03000766 0.009661018 0.07933038 -0.02989 0.01183605 0.07933646 -0.02909308 0.01179975 0.08649998 -0.02908039 0.00274837 0.0714035 -0.03162646 -0.005269646 0.05906277 -0.03303009 -0.005564272 0.0631594 -0.03217846 -0.006287336 0.07542425 -0.03088057 -0.004028916 0.07542639 -0.03126627 -0.006362438 0.07932341 -0.03076606 -0.004077196 0.07932031 -0.0311532 4.78907e-4 0.06317895 -0.03266555 0.002500355 0.0631749 -0.03257066 0.002366065 0.05907237 -0.03335589 -0.009007275 0.05903929 -0.03222519 -0.00715053 0.05905246 -0.03268116 -0.008574962 0.05507338 -0.03336507 -0.007933557 0.06727045 -0.03105258 -0.00754404 0.06314265 -0.03175985 -0.009973585 0.06724917 -0.03041565 -0.01196616 0.06722337 -0.02963507 -0.009492814 0.06312125 -0.03121477 -0.01390159 0.0671935 -0.02871429 -0.01140236 0.06309551 -0.03054469 -0.01326435 0.0630654 -0.02975106 -0.01262187 0.05900466 -0.03099179 -0.01205015 0.05509567 -0.03228139 -0.01373749 0.05510926 -0.0315929 -0.01078647 0.03436636 -0.04099637 0.03110879 -0.004638612 -0.01712495 0.03102135 -0.005469918 -0.01712495 0.03067767 -0.006906211 -0.02012979 0.03053808 -0.006649613 -0.02397179 0.0299375 -0.00889647 -0.02434027 0.02907007 -0.01076686 -0.02685517 0.02802205 -0.01237088 -0.02939426 0.02665078 -0.01266455 -0.03337085 0.02203738 -0.01361989 -0.03892379 0.01837319 -0.01253896 -0.04189908 0.01660686 -0.01369905 -0.04245078 0.01642245 -0.01152145 -0.04314875 0.01442009 -0.01021385 -0.04423159 0.01254528 -0.01106119 -0.04467397 0.01047927 -0.009340524 -0.04552626 0.008296608 -0.004844009 -0.04648309 0.008060574 2.35891e-4 -0.04678958 0.006001234 0.004822611 -0.04708385 0.004157364 0.004577159 -0.04725867 0.002170503 0.01378124 -0.04681807 -0.001304924 0.0181058 -0.04627168 -0.007779419 0.02672117 -0.0439648 -0.007925212 0.02281975 -0.0448668 -0.01100689 0.02721458 -0.04327189 -0.007674038 0.03044897 -0.04290425 -0.01086586 0.03086918 -0.04221159 -0.007608711 0.03743147 -0.04036206 0.03115087 8.5411e-4 -0.02551805 0.03113609 -0.001748681 -0.0249539 0.03076344 -0.003622293 -0.02711075 0.03063917 -0.002999782 -0.02855527 0.03006029 -0.004402041 -0.03050696 0.02944839 -0.006553769 -0.03125607 0.02929186 -0.005504488 -0.03238266 0.02721166 -0.006795763 -0.03590977 0.01963639 -0.007018864 -0.04251247 0.0194208 -0.00478518 -0.04296004 0.01564526 -0.00213319 -0.04482138 0.01315635 0.006650745 -0.04572665 0.01351487 0.001919925 -0.04565459 0.01141238 0.006070554 -0.04616719 0.01281249 0.01118218 -0.04558956 0.005665421 0.01409506 -0.04654955 -0.001274287 0.02227449 -0.04552406 -0.004422426 0.03377956 -0.04214036 0.02381175 -9.19709e-4 -0.04061245 0.02199298 0.002051889 -0.04204219 0.01962995 0.009712755 -0.04322534 0.01810485 0.008843958 -0.04396688 0.0161128 0.01241207 -0.0445044 0.008891165 0.01892608 -0.04548329 0.008696556 0.02298587 -0.04475128 0.005177021 0.03384196 -0.04206776 0.001994967 0.03007405 -0.04352456 -0.001282393 0.04747319 -0.03684824 0.002150297 0.05116969 -0.03551697 0.0309329 0.00189048 -0.02772635 0.02990728 -0.003398358 -0.03156656 0.02974289 -0.002247154 -0.03245317 0.02815669 -0.004905939 -0.03504157 0.02796429 -0.003388047 -0.0357781 0.02681076 -0.003528296 -0.03735059 0.02571165 -0.005234599 -0.03824776 0.02549695 -0.003387629 -0.03883188 0.02267855 -0.004404187 -0.04103899 0.02403837 -0.002970874 -0.04020649 0.02245289 -0.002288579 -0.04146158 0.02053296 8.84933e-4 -0.04284524 0.01853948 0.004385828 -0.04388725 0.01692658 0.003483474 -0.04454976 0.0124914 0.01551544 -0.04525136 0.00911659 0.01467627 -0.04603207 0.005519151 0.01841866 -0.04598826 0.005392968 0.02254605 -0.0452466 0.002023756 0.02628177 -0.04458898 0.002063691 0.02230829 -0.04550176 -0.001249492 0.02625256 -0.04461139 0.001979053 0.03369426 -0.04232215 -0.00123167 0.03004908 -0.04354745 -0.001221776 0.0336734 -0.042346 0.001977682 0.03716486 -0.04100179 -0.001220881 0.03714758 -0.04102694 0.001992404 0.04056078 -0.03960907 -0.001230001 0.04054689 -0.03963619 -0.004636168 0.04751628 -0.03659099 0.03136497 -0.002285599 -0.01982116 0.03123027 -0.002031445 -0.02323919 0.03087425 -0.00406605 -0.02542936 0.03032737 -0.005887687 -0.02769255 0.02959197 -0.007426917 -0.02989995 0.02867197 -0.008651673 -0.03198987 0.02757376 -0.00955379 -0.03394919 0.02630728 -0.01012974 -0.03578525 0.02507537 -0.01193577 -0.03652399 0.02488517 -0.01037788 -0.03751277 0.02005296 -0.01126927 -0.04128658 0.01984757 -0.009187161 -0.04195809 0.01623296 -0.009254157 -0.043724 0.01603955 -0.006918966 -0.04418724 0.01424217 -0.007834911 -0.04469984 0.0120607 -0.003690183 -0.04578727 0.009366452 0.0102275 -0.04638659 0.002113163 0.01814448 -0.04624938 -0.004521191 0.02639907 -0.04440516 -0.004609167 0.0224449 -0.04531365 -0.004457712 0.03017425 -0.04334306 -0.007615089 0.0340119 -0.04169738 -0.004418969 0.03723698 -0.0408166 0.002633213 0.06730258 -0.03200405 0.004271388 0.05906659 -0.03317046 0.005857467 0.05506157 -0.03393518 0.005612909 0.05120384 -0.03515219 0.009407222 0.05507868 -0.03314375 0.005426406 0.04753828 -0.03648936 0.008414268 0.04084748 -0.03879815 0.01158475 0.04111307 -0.03797936 0.008356988 0.03751546 -0.04022938 0.004749536 0.0672934 -0.03174138 0.004511773 0.0631656 -0.03234726 0.006162464 0.05905765 -0.0328781 0.008032798 0.05904585 -0.03247839 0.01573216 0.08649998 -0.02712625 0.01594316 0.08649998 -0.02699434 0.01790428 0.08649998 -0.02576828 0.01822018 0.08649998 -0.02557075 0.02545785 0.08649998 -0.01836979 0.02589577 0.08649998 -0.01780986 0.0260207 0.08649998 -0.01762396 0.0128901 0.0672084 -0.02921575 0.01137626 0.07134628 -0.0295124 0.01169788 0.07541507 -0.02921408 0.01378369 0.07541006 -0.02826249 0.01390838 0.08649998 -0.0280832 0.01341199 0.07132226 -0.02859187 0.01479518 0.06717628 -0.02822989 0.0153777 0.07129466 -0.02752327 0.01579385 0.07540428 -0.02715885 0.01394528 0.07934379 -0.02813756 0.0151214 0.08649998 -0.02750808 0.0159775 0.07935208 -0.02702915 0.01726275 0.0712639 -0.02631229 0.01696288 0.06919807 -0.02665746 0.01412689 0.06304788 -0.0293321 0.01517164 0.05897146 -0.02980828 0.01590305 0.06301176 -0.02836006 5.48691e-4 0.0793181 -0.03141546 0.004955768 0.07139539 -0.03133988 0.008904457 0.06725996 -0.03076869 0.0104022 0.06310826 -0.03091239 0.008470833 0.0631321 -0.03151696 0.009875893 0.05903118 -0.03197145 0.01168525 0.05901378 -0.0313577 0.0200451 0.06705796 -0.02448475 0.01838195 0.06710088 -0.02585947 0.01873755 0.06915891 -0.02535104 0.01905745 0.07123005 -0.02496469 0.02103906 0.07329189 -0.02318888 0.01933026 0.07331568 -0.02469348 0.01954448 0.07539075 -0.02452087 0.02126508 0.07538306 -0.02300149 0.01964819 0.06500148 -0.02519738 0.02160894 0.06701195 -0.02299129 0.02199238 0.06907075 -0.02236247 0.02041715 0.06911635 -0.02391719 0.02075237 0.07119339 -0.02348768 0.02150338 0.07938277 -0.02285379 0.0197919 0.08308017 -0.0243777 0.03105837 0.08649998 -0.004819571 0.03109478 0.08321875 -0.004798531 0.03129905 0.08649998 -0.003425776 0.03106755 0.07527589 -4.28348e-4 0.03097265 0.07418429 -5.1683e-4 0.03078216 0.08649998 -0.006419122 0.03065025 0.08320295 -0.007065057 0.03098928 0.07950925 -0.004796445 0.03135156 0.07954269 -2.29078e-4 0.03096818 0.07528406 -0.002703487 0.03137248 0.08323466 -0.002505838 0.03126394 0.07952517 -0.002509057 0.0282644 0.07944846 -0.01357299 0.02797746 0.0753374 -0.01375257 0.02889305 0.07532715 -0.01164245 0.02773118 0.07315039 -0.01400798 0.02834838 0.07092618 -0.01236408 0.02707725 0.06886315 -0.01508897 0.02669274 0.0668022 -0.01596385 0.02762657 0.0667448 -0.01398384 0.02722746 0.06469625 -0.01517599 0.02681797 0.06261265 -0.01664584 0.02601319 0.05872476 -0.01944679 0.02603447 0.08312928 -0.01758968 0.02466589 0.08311599 -0.0194537 0.02597457 0.07942038 -0.01757597 0.02691137 0.07534736 -0.01578998 0.02719289 0.07943415 -0.01561599 0.02666485 0.07318121 -0.01603376 0.02742725 0.07097518 -0.01444137 0.02635878 0.07102268 -0.01644259 0.02600497 0.06891828 -0.01704859 0.02520239 0.06480669 -0.01889777 0.02628564 0.06475228 -0.0170781 0.0258674 0.0626707 -0.01844799 0.0250442 0.05876058 -0.02108037 0.02777969 0.08649998 -0.01464438 0.02726215 0.08314317 -0.01563078 0.02820676 0.08649998 -0.01389729 0.02918386 0.07946318 -0.01145815 0.02864849 0.0731188 -0.01190799 0.02965348 0.07531666 -0.00947088 0.02941137 0.07308626 -0.009744822 0.02800399 0.0688064 -0.01305109 0.02877807 0.06874805 -0.01094537 0.02840858 0.06668585 -0.01193368 0.02832555 0.08649998 -0.01361876 0.0283429 0.08315759 -0.01358765 0.0299468 0.07947826 -0.009282708 0.0302549 0.07530599 -0.007249295 0.02911585 0.07087606 -0.01022136 0.02903175 0.06662565 -0.00982517 0.02801859 0.06463885 -0.01320147 0.03044897 0.07071995 -0.003520488 0.03012645 0.06856656 -0.004342436 0.03023576 0.0685265 -0.002131521 0.02681887 0.0553261 -0.01837074 0.03000175 0.08649998 -0.009314954 0.03004115 0.08318758 -0.009293317 0.03069376 0.07529509 -0.004989504 0.0304569 0.07301938 -0.005275726 0.03073287 0.07298517 -0.002993881 0.0301702 0.07077276 -0.005787253 0.02984416 0.06862795 -0.006578445 0.02948898 0.06656426 -0.007670462 0.02977567 0.06650197 -0.005483448 0.02989017 0.066459 -0.003306925 0.02940648 0.06445926 -0.006964683 0.03083455 0.07295858 -7.36028e-4 0.0306822 0.07160687 -9.77773e-4 0.002863466 0.07931917 -0.0312888 0.005101323 0.0754255 -0.0311048 0.00713706 0.07138305 -0.03089004 0.007344722 0.07542288 -0.03063929 0.01092326 0.06723636 -0.03006327 0.01516729 0.04798215 -0.03361618 0.01669079 0.04809069 -0.0328266 0.0120067 0.04779255 -0.03491365 0.01151227 0.03784149 -0.03944635 0.01160269 0.03103548 -0.04203277 0.0115211 0.0345056 -0.04081034 0.01460117 0.03825938 -0.03835088 0.01611566 0.03529858 -0.03908026 0.01768255 0.03235125 -0.03958266 0.0192824 0.0294283 -0.03983008 0.02088636 0.02655386 -0.03980779 0.01954168 0.02597147 -0.0407328 0.02120769 0.02304488 -0.04052466 0.02246087 0.02375316 -0.03951007 0.02283018 0.02020364 -0.04003918 0.02437096 0.01747238 -0.03928899 0.0239681 0.02104938 -0.03894269 0.02537059 0.01846498 -0.03812205 0.02579325 0.01487725 -0.03830486 0.02905327 0.008493721 -0.03432017 0.02934187 0.01021474 -0.03316617 0.0298385 0.009090542 -0.03159075 0.01757758 0.03561216 -0.03832405 0.02043479 0.03317528 -0.03779858 0.02062517 0.02992796 -0.03889787 0.02188044 0.03045427 -0.03786456 0.02214086 0.02716726 -0.0387845 0.02328717 0.02780705 -0.03766316 0.02461719 0.02525466 -0.0371989 0.02360337 0.0244919 -0.03840106 0.02583438 0.02282094 -0.03649049 0.02622115 0.01948565 -0.03687876 0.02690649 0.02053749 -0.03557825 0.02893209 0.01337295 -0.0333786 0.02898877 0.01530826 -0.03215658 0.02903699 0.0149523 -0.03214079 0.02973967 0.007195293 -0.03268325 0.02945709 0.005320012 -0.03376197 0.02858239 0.006808042 -0.03546547 0.02815794 0.01028329 -0.03580176 0.02706456 0.0124554 -0.03713166 0.02623319 0.01116144 -0.03831368 0.02480179 0.01375645 -0.03944945 0.02323836 0.01651149 -0.04037159 0.0198611 0.0223726 -0.04144459 0.0178675 0.02895778 -0.04066389 0.01639544 0.02851849 -0.04140287 0.01621669 0.03197807 -0.04032778 0.01461279 0.03500854 -0.03974288 0.01470857 0.03163307 -0.04098069 0.01174885 0.02741008 -0.04309809 0.01487886 0.02811276 -0.04205119 0.01812207 0.02542328 -0.04156208 0.02157878 0.01939278 -0.04104548 0.02367496 0.01267164 -0.04051488 0.0275017 0.00879848 -0.0369845 0.02899426 0.003481447 -0.03483486 0.0296514 0.003822386 -0.03335934 0.02311968 0.08649998 -0.02121865 0.02316397 0.08310329 -0.02121269 0.02461534 0.07940715 -0.01944237 0.02570056 0.0753569 -0.01774388 0.02545559 0.07321089 -0.01797467 0.02440327 0.06691169 -0.01967346 0.02561557 0.06685799 -0.01786345 0.02398729 0.06485909 -0.0206269 0.02355897 0.06278115 -0.02179336 0.02477747 0.06272697 -0.02016639 0.0239402 0.05879539 -0.02262639 0.02530145 0.0552777 -0.02169209 0.02558767 0.05208826 -0.02230048 0.02709269 0.05533856 -0.01749897 0.02732098 0.05535119 -0.01661407 0.02697956 0.05231988 -0.01811087 0.02750289 0.05536389 -0.01571846 0.0272057 0.05241554 -0.01635736 0.02724426 0.05246347 -0.01547425 0.02615678 0.04928135 -0.02205896 0.02655988 0.05222564 -0.01982975 0.02639436 0.04936206 -0.02123117 0.02679347 0.05227255 -0.01897597 0.02711725 0.05236756 -0.01723718 0.02672386 0.04952585 -0.01954346 0.02761888 0.06255316 -0.01476925 0.02683418 0.05868798 -0.01773387 0.02614086 0.05530154 -0.02006787 0.02554208 0.04912316 -0.02366977 0.02587407 0.04649299 -0.02415269 0.02644777 0.04683876 -0.0217002 0.02658379 0.04944366 -0.02039176 0.02681356 0.04960846 -0.01868897 0.02653849 0.04695576 -0.02086645 0.02587205 0.04920166 -0.02287256 0.02595508 0.0521335 -0.02149385 0.02627986 0.05217927 -0.02066969 0.02584689 0.05367565 -0.02119076 0.02653235 0.05373346 -0.01952826 0.02749466 0.05865037 -0.01595336 0.02798259 0.05861198 -0.01411777 0.006504654 0.06315118 -0.03199577 0.006843268 0.0672791 -0.03132897 0.01285338 0.05510276 -0.03196835 0.009031355 0.05126619 -0.03445225 0.008744955 0.0476433 -0.03586167 0.01237279 0.05135434 -0.03340387 0.01468324 0.04145258 -0.03683924 0.01486879 0.0446673 -0.0352478 0.01896989 0.03903806 -0.0360254 0.02030819 0.0393331 -0.0350489 0.02284115 0.03408807 -0.03560358 0.02405327 0.03156977 -0.03549605 0.02430647 0.02846765 -0.03644508 0.02548408 0.02603918 -0.0359112 0.02618575 0.02684819 -0.03455644 0.02833199 0.02017045 -0.03194415 0.01614189 0.05513316 -0.03039669 0.01770669 0.05515056 -0.0294587 0.02156198 0.03964328 -0.03396618 0.0227319 0.03706997 -0.03428435 0.02271217 0.03996658 -0.03277778 0.02375936 0.03747338 -0.03301417 0.02474957 0.03506338 -0.03300637 0.02386754 0.03456908 -0.03435236 0.02588826 0.02984756 -0.03375917 0.02702778 0.02854317 -0.03172069 0.02748298 0.02666956 -0.03092789 0.01756298 0.03875994 -0.03689849 0.01764899 0.04185849 -0.03533577 0.01898598 0.03594785 -0.03746968 0.02032566 0.03630417 -0.03651297 0.02169024 0.0336222 -0.0367527 0.02302968 0.03100317 -0.03673028 0.02652835 0.02374696 -0.03516149 0.0274108 0.02162337 -0.03423988 0.02780675 0.01844108 -0.03452116 0.02851969 0.01656365 -0.03337407 0.02811378 0.01969498 -0.03320097 0.02630215 0.04192417 -0.02470839 0.0262112 0.04173499 -0.02550917 0.02627998 0.04425966 -0.02369236 0.02606827 0.041547 -0.02630376 0.02587479 0.04136067 -0.02708977 0.02563178 0.04117679 -0.02786439 0.02003097 0.05167138 -0.02911478 0.02063006 0.05518895 -0.02727347 0.02136605 0.05174845 -0.02795237 0.02091145 0.04846388 -0.02985274 0.02215617 0.04860198 -0.02865266 0.02298229 0.04573839 -0.02928626 0.02279216 0.04283398 -0.03110378 0.02381587 0.04310327 -0.02978348 0.02462178 0.04064267 -0.03009587 0.024643 0.03788787 -0.03164756 0.02536195 0.03831535 -0.03020107 0.02599918 0.03610098 -0.03009927 0.02617448 0.03337526 -0.03131085 0.02674049 0.03131669 -0.0308631 0.02682799 0.0316931 -0.03012228 0.02726215 0.02843099 -0.03054738 0.02642315 0.03691685 -0.02780318 0.026232 0.03921139 -0.0271396 0.02633339 0.03664284 -0.02857488 0.02608948 0.03898328 -0.02791994 0.0192064 0.05516916 -0.0284177 0.01861435 0.05159837 -0.03017359 0.01957595 0.04833215 -0.03094738 0.0205906 0.04534226 -0.03168946 0.02164465 0.04257297 -0.03232038 0.02183926 0.04553639 -0.0305404 0.0237388 0.04030007 -0.03148525 0.02546679 0.03557336 -0.03158265 0.02564537 0.03275334 -0.03276824 0.02641266 0.03057247 -0.0323286 0.02711367 0.02897727 -0.03099668 0.02744275 0.02618145 -0.03168439 0.0263226 0.03944087 -0.02635329 0.02534049 0.04099589 -0.02862507 0.02469587 0.04337996 -0.0283665 0.02430307 0.04889369 -0.0259456 0.02400058 0.04594665 -0.0279299 0.02260577 0.05182915 -0.02668607 0.02271407 0.05882894 -0.02407866 0.02196496 0.05520975 -0.02602648 0.02077919 0.0628823 -0.02474737 0.02120059 0.06495666 -0.02378267 0.02380686 0.07111227 -0.02017569 0.02233839 0.07115405 -0.02188867 0.02410978 0.07323926 -0.01982045 0.02435106 0.07536607 -0.01960355 0.02263498 0.07326638 -0.02156156 0.02287 0.07537478 -0.02135938 0.02312248 0.07939457 -0.02120488 0.00522077 0.08649998 -0.0309394 0.00928092 0.07136666 -0.03027969 0.01229035 0.06308019 -0.03018349 0.01345306 0.05899387 -0.03063654 0.01452106 0.05511724 -0.03123289 0.0155884 0.05146604 -0.0319851 0.01712965 0.05152988 -0.03112977 0.01816439 0.04820758 -0.03193795 0.01784604 0.04498267 -0.03367066 0.01925438 0.04515737 -0.03273218 0.0190559 0.04208368 -0.03443545 0.02039295 0.04232215 -0.03343129 0.02158057 0.03667914 -0.03545117 0.02493184 0.03215235 -0.03416955 0.02517998 0.02914696 -0.03513765 0.02670437 0.02768456 -0.03315418 0.02704018 0.02470386 -0.03378975 0.02735859 0.02568525 -0.03239047 0.0278396 0.02386087 -0.03148269 0.02657938 0.04707235 -0.02002876 0.02657139 0.04700767 -0.02008336 0.02637106 0.04441177 -0.02287626 0.02613747 0.04410839 -0.02450227 0.02630615 0.04672247 -0.02252757 0.02594447 0.0439586 -0.0253033 0.02611458 0.04660707 -0.02334594 0.02570229 0.0438106 -0.02609264 0.02541196 0.04366469 -0.02686774 0.02558594 0.04638046 -0.02494496 0.0252521 0.04626977 -0.02572065 0.02487498 0.04616057 -0.02647799 0.02516895 0.04904556 -0.02444887 0.02373379 0.05191308 -0.0253188 0.02473336 0.05199956 -0.02385449 0.02431565 0.05525428 -0.02323126 0.02319848 0.05523157 -0.02467769 0.02222287 0.06283307 -0.0233221 0.02265018 0.06490916 -0.02225726 0.02479475 0.06897145 -0.01892006 0.02306479 0.06696307 -0.02138519 0.02345436 0.06902235 -0.02069419 0.02514958 0.07106846 -0.01835727 0.02153635 0.08309125 -0.02285706 0.022623 0.08649998 -0.02172088 0.02149325 0.08649998 -0.02286326 0.01610249 0.03849995 -0.03767216 0.01909357 0.03275096 -0.03874087 0.02497518 0.02192288 -0.03775715 0.02663445 0.01602977 -0.03708928 0.02731049 0.0172168 -0.03582155 0.02773088 0.01378726 -0.03590285 0.0282188 0.01515954 -0.03464645 0.02863746 0.01181125 -0.03459626 0.02952408 0.06441068 -0.004843115 0.02902895 0.06236726 -0.008814215 0.02828955 0.05857294 -0.01224309 0.02914077 0.06227594 -0.00679636 0.02827745 0.05790185 -0.01090157 0.02964174 0.08649998 -0.01053386 0.02927088 0.08317238 -0.01147145 0.03054958 0.0794937 -0.007058203 0.03001546 0.07305306 -0.007530093 0.02972477 0.07082486 -0.008025169 0.02939337 0.06868857 -0.008783876 0.02911496 0.06452018 -0.009082496 0.02865046 0.06458008 -0.01116615 0.02826017 0.06249237 -0.01282989 0.02873235 0.06243026 -0.01083987 0.02763736 0.05537664 -0.01481467 0.02780228 0.05540305 -0.01300257 0.03062129 9.50946e-4 -0.02992445 0.0304625 0.001996934 -0.03068935 0.02938437 4.23109e-4 -0.03385096 0.02875667 -0.001507699 -0.03482705 0.02856045 4.86728e-5 -0.03541046 0.02659898 -0.001747429 -0.0379045 0.02505099 5.20421e-4 -0.0396986 0.02288508 0.007517158 -0.04144167 0.02334976 0.003290057 -0.04116755 0.02153027 0.006407618 -0.0423336 0.0192002 0.01389145 -0.04310446 0.01768779 0.01312249 -0.04384547 0.01574069 0.01659709 -0.04418039 0.01220154 0.01965886 -0.04471725 0.01195126 0.02362078 -0.04399615 0.008539378 0.02686458 -0.04384756 0.005291044 0.02648639 -0.04433727 0.00842601 0.03057098 -0.04278385 0.005217671 0.0302487 -0.04327338 0.008363068 0.03411406 -0.04157185 0.005173325 0.03728836 -0.04073977 0.005210876 0.04066187 -0.03933358 0.002077102 0.0474807 -0.03681486 0 0.08002465 0.03170329 -0.009721457 0.08649998 0.03004115 -0.01130318 0.08649998 0.02949565 -0.01342898 0.08649998 0.0285812 -0.01346647 0.08345645 0.02864927 -0.00690186 0.07976216 0.03092867 -0.00724703 0.08649998 0.03078007 -0.009110808 0.08649998 0.03022348 0 0.07247018 0.03087997 0 0.07511866 0.03138768 0 0.07192391 0.03075319 0 0.07117468 0.03045886 -0.002224564 0.06991785 0.02985465 -0.006875395 0.07759279 0.03085947 -0.009035706 0.07512295 0.0300526 -0.008783102 0.06995058 0.02862435 -0.00910747 0.0775907 0.03026348 -0.01106625 0.07249855 0.02881807 -0.01098376 0.07120758 0.02842128 -0.01089239 0.06996947 0.02789449 -0.01746797 0.08649998 0.02633488 -0.01749497 0.08343929 0.0263645 -0.02350449 0.08649998 0.02109605 -0.02907258 0.08333796 0.01225417 -0.02875047 0.08649998 0.01292467 -0.02807599 0.08649998 0.01433658 -0.02571469 0.08649998 0.01830905 -0.02699339 0.08336716 0.01638138 -0.02692687 0.07965707 0.0163477 -0.02792447 0.07753908 0.01425898 -0.02803307 0.07964289 0.01432144 -0.01937144 0.08342915 0.02500635 -0.02114266 0.0834183 0.02351444 -0.0211122 0.0797075 0.02349448 -0.02276015 0.07969599 0.02187186 -0.02609455 0.07027959 0.01509499 0 0.06874608 0.02922636 0 0.06864666 0.02916777 -0.004437863 0.06992459 0.02960717 -0.006736874 0.0724765 0.03015059 -0.004568278 0.07511746 0.03107166 -0.002290427 0.07511597 0.03132826 -0.002317845 0.0797677 0.03161406 -0.002308964 0.07759517 0.03154528 -0.004605054 0.07759428 0.03128749 -0.006820857 0.07511979 0.03064566 -0.008925676 0.07248628 0.02956497 -0.006685256 0.07117885 0.02974039 -0.008858084 0.0711916 0.02916067 -0.006627976 0.06993556 0.02919638 -0.00656563 0.06876367 0.02850496 -0.006498754 0.06765741 0.02766007 -0.002261757 0.07246488 0.03082466 -0.002244114 0.07116389 0.03040748 -0.004511535 0.07246929 0.03057128 -0.004476606 0.07116955 0.03015667 -0.002203226 0.0687443 0.02915227 -0.004395663 0.06875169 0.02890884 -0.002180397 0.06763708 0.02829426 -0.002156257 0.06658315 0.02727687 0 0.06558257 0.02615386 -0.002130925 0.06556445 0.02609658 0 0.06526339 0.02578949 0 0.06355005 0.02328598 0 0.06345456 0.02314645 -0.002077817 0.06354707 0.02321946 -0.002022624 0.0614227 0.01960808 -0.01305085 0.07122665 0.02752596 -0.01079297 0.06880086 0.0272243 -0.008701562 0.06878018 0.02794229 -0.008614182 0.06767445 0.02710855 -0.006428062 0.0666036 0.02665776 -0.004147231 0.0635544 0.02300876 -0.004037797 0.06143027 0.01941615 -0.001912534 0.05798906 0.01318228 0 0.05800235 0.0132274 -0.01057386 0.0666427 0.02543175 -0.01257419 0.06666857 0.02459806 -0.01045608 0.0656231 0.02430206 -0.01020848 0.0636034 0.02154505 -0.009951233 0.06148105 0.0180791 -0.008221745 0.06358277 0.02217006 -0.009437322 0.05802506 0.0119068 -0.01294445 0.06999188 0.02701056 -0.01282888 0.06882548 0.02635449 -0.01068645 0.06769609 0.02640467 -0.008521795 0.06662088 0.02611935 -0.004252493 0.06557208 0.02587038 -0.003819346 0.05799365 0.01302319 -0.003622472 0.05575239 0.008742868 -0.0264014 0.07270056 0.01577949 -0.02573925 0.06805306 0.01397645 -0.02684336 0.06810748 0.01203739 -0.02554708 0.0670036 0.01324069 -0.02534717 0.06598007 0.01238268 -0.02665328 0.06705886 0.01132988 -0.02645558 0.06603497 0.0105049 -0.02604389 0.06400179 0.008479356 -0.02592229 0.06914186 0.01459336 -0.02430605 0.06695085 0.01505988 -0.02410554 0.0659278 0.0141682 -0.01643586 0.05810225 0.008924722 -0.01761269 0.08649998 0.02623689 -0.0193485 0.07971817 0.02499204 -0.02102988 0.07756817 0.02342635 -0.0226714 0.07756298 0.02180469 -0.02251195 0.07516551 0.02163165 -0.02402299 0.07517397 0.0199005 -0.02378326 0.07264375 0.01952219 -0.02515989 0.07267147 0.01769959 -0.02501398 0.07143229 0.01739507 -0.02485418 0.07023465 0.0169878 -0.02468186 0.06909239 0.01646608 -0.0244987 0.06800121 0.01582467 -0.02293854 0.06690096 0.01677888 -0.02273947 0.06587839 0.01585328 -0.02493005 0.06394839 0.01027619 -0.02561986 0.06189388 0.005914986 -0.01074737 0.08649998 0.02973479 -0.01345938 0.07974487 0.0286532 -0.01545166 0.0775814 0.02750927 -0.01551169 0.079737 0.02757877 -0.0191316 0.07515019 0.02473747 -0.01879346 0.0713005 0.02395766 -0.02065569 0.07259297 0.02283746 -0.02052086 0.07133018 0.02249515 -0.02021145 0.06895965 0.02145516 -0.01816445 0.06676948 0.02126115 -0.01798468 0.06574815 0.02023684 -0.01927405 0.06376266 0.0164628 -0.02042567 0.06168955 0.01210677 -0.02189236 0.06173628 0.01071089 -0.02103585 0.05818265 0.005571663 -0.0202648 0.05563205 0.002069771 -0.01882249 0.05565059 0.003187119 -0.01958256 0.05815386 0.006794273 -0.01721626 0.06160598 0.01456737 -0.01886379 0.06164616 0.01339346 -0.01760745 0.06372386 0.01772958 -0.01585847 0.06368839 0.018875 -0.01621115 0.06571137 0.02145379 -0.01669245 0.06888586 0.02417784 -0.01465958 0.06775146 0.02455347 -0.01479876 0.06885385 0.02533727 -0.01492875 0.07001775 0.02597737 -0.01696616 0.07127326 0.02528828 -0.01708507 0.07254916 0.02565485 -0.01515686 0.07253021 0.02685749 -0.01533418 0.07513719 0.02731168 -0.02106916 0.08649998 0.02352565 -0.02110916 0.08649998 0.02348577 -0.02428364 0.07968366 0.02013319 -0.02418899 0.0775575 0.02006697 -0.02540397 0.07518297 0.01806288 -0.02557498 0.0775516 0.01822346 -0.02664768 0.07519239 0.01612889 -0.02750098 0.07273107 0.01377189 -0.02719569 0.0703265 0.0131132 -0.02815085 0.07037526 0.01105254 -0.02702468 0.06919366 0.0126307 -0.02798217 0.0692476 0.01058816 -0.02780365 0.06816416 0.01001745 -0.02660328 0.06195187 0.004134476 -0.02478098 0.05828016 0.001301229 -0.03049486 0.08649998 0.007852017 -0.02987968 0.08332276 0.01008838 -0.03100836 0.08329129 0.005610644 -0.0314244 0.08649998 -0.002055048 -0.02810877 0.0833528 0.01435559 -0.02898818 0.07962816 0.01222097 -0.02887636 0.07753247 0.01215988 -0.02978736 0.07961308 0.01005744 -0.02949446 0.07522296 0.009854316 -0.02925115 0.07279527 0.009537339 -0.02409827 0.08649998 0.02034735 -0.02427697 0.08649998 0.02012199 -0.0257321 0.08338087 0.0183205 -0.02567505 0.07967066 0.01828849 -0.02682226 0.07754546 0.01628386 -0.02869826 0.07521235 0.01201367 -0.02845275 0.07276266 0.01168757 -0.02881067 0.08649998 -0.01250207 -0.02780365 0.08649998 -0.0145787 -0.02670699 0.08649998 -0.01656389 -0.02668529 0.08649998 -0.01660305 -0.02664268 0.08649998 -0.0166803 -0.02540397 0.08312278 -0.01848417 -0.02451509 0.08649998 -0.01965516 -0.02411174 0.08649998 -0.02010619 -0.02397125 0.08310979 -0.02029967 -0.0223878 0.08649998 -0.0220344 -0.02342718 0.07325285 -0.02065849 -0.02366596 0.07537049 -0.02044814 -0.0202437 0.07330387 -0.02391695 -0.01848477 0.07332676 -0.02536076 -0.0168187 0.07540106 -0.02651858 -0.01638108 0.07127976 -0.02690327 -0.01081418 0.07933336 -0.02949029 -0.01068758 0.07541739 -0.02960968 -0.02069556 0.07937717 -0.02359169 -0.02237159 0.07938867 -0.02199989 -0.02046459 0.07538688 -0.02373647 -0.01892828 0.0830751 -0.02505189 -0.01890629 0.07936656 -0.02505636 -0.0224089 0.08309739 -0.02200567 -0.02392506 0.07940095 -0.02028995 -0.0253486 0.07941389 -0.01847147 -0.02669918 0.08313637 -0.01656895 -0.02663439 0.07942736 -0.01655435 -0.0296871 0.08649998 -0.01036149 -0.02885115 0.08316516 -0.01248139 -0.02876818 0.07945597 -0.01246708 -0.02777606 0.07944136 -0.01454925 -0.02635598 0.07535207 -0.01672577 -0.02749127 0.07534229 -0.01472657 -0.02483499 0.07322508 -0.01886105 -0.0231266 0.07113349 -0.02100068 -0.02277648 0.06904715 -0.02149826 -0.02088099 0.06703609 -0.02371364 -0.0212599 0.0690943 -0.02311378 -0.01756244 0.0671218 -0.02646797 -0.01577019 0.06715947 -0.02765715 -0.03038245 0.08319556 -0.008125066 -0.02960556 0.07947087 -0.01031899 -0.02580296 0.07104569 -0.01736086 -0.02378398 0.0669384 -0.0204975 -0.02238899 0.06698858 -0.02216005 -0.02006047 0.06290698 -0.02538585 -0.01719278 0.06506389 -0.02707016 -0.02969658 0.08318018 -0.01033109 -0.0284788 0.07533216 -0.01264959 -0.02724438 0.07316577 -0.01497697 -0.02610969 0.07319599 -0.01696395 -0.02452975 0.07109057 -0.01923108 -0.0241754 0.0689975 -0.01977336 -0.02047717 0.0649805 -0.0244677 -0.01926916 0.06708055 -0.02515155 -0.01887959 0.06502377 -0.025828 -0.01542609 0.06510049 -0.02818989 -0.02890884 0.06240099 -0.009778976 -0.02948737 0.06443119 -0.005843818 -0.03007465 0.0684092 0.001348555 -0.03115969 0.08649998 0.004505395 -0.03132414 0.08327519 0.003322482 -0.03136265 0.07954925 0.001005709 -0.03106635 0.07526737 8.0976e-4 -0.03033709 0.07074677 -0.004597246 -0.02965044 0.06865847 -0.007627964 -0.02875566 0.06665587 -0.01083058 -0.02912116 0.06871819 -0.009813845 -0.02766197 0.06466829 -0.01414549 -0.02638465 0.06264275 -0.01751029 -0.02337348 0.05881297 -0.02332669 -0.02074819 0.05170536 -0.02851188 -0.03143268 0.08649998 -0.001314997 -0.0314514 0.08324289 -0.001291513 -0.03126198 0.08322685 -0.003593206 -0.0287714 0.07090085 -0.01124346 -0.02793049 0.07095068 -0.0133568 -0.027583 0.06883507 -0.01402568 -0.02464187 0.06483417 -0.01972937 -0.023368 0.06488537 -0.02141255 -0.02293956 0.06280845 -0.02253085 -0.02071166 0.05887717 -0.02603799 -0.01697397 0.05514109 -0.02991467 -0.02321845 0.05186647 -0.02597409 -0.02380305 0.05524206 -0.02392685 -0.02485305 0.05526518 -0.02243095 -0.0264638 0.05870676 -0.01855444 -0.02725756 0.06258356 -0.01566725 -0.02797555 0.06252318 -0.01375597 -0.02891474 0.06455105 -0.01007544 -0.0292921 0.06659555 -0.008696556 -0.02965974 0.06653475 -0.006523907 -0.03001278 0.06859827 -0.005405426 -0.03020536 0.06853687 -0.003159284 -0.03092026 0.07525599 0.003108143 -0.03060859 0.07524478 0.00538975 -0.03096055 0.08649998 -0.005679726 -0.0309053 0.08321118 -0.00587517 -0.03080177 0.07950168 -0.00587064 -0.03028458 0.07948619 -0.008116245 -0.02931308 0.07532185 -0.01050567 -0.02999019 0.07531118 -0.008306264 -0.02906948 0.07310229 -0.01077598 -0.02823299 0.07313448 -0.01291078 -0.02693885 0.07099896 -0.01539939 -0.02544808 0.06894546 -0.01794689 -0.02658647 0.06889128 -0.01602774 -0.02505695 0.06688576 -0.01873308 -0.02197659 0.06493425 -0.02299398 -0.02155137 0.06285905 -0.02401119 -0.0192368 0.05890679 -0.02724045 -0.01768106 0.05893445 -0.02833807 -0.0184772 0.0629518 -0.02665048 -0.027107 0.05533796 -0.01745104 -0.02777266 0.05863177 -0.01499354 -0.02911126 0.06233805 -0.007741451 -0.02950799 0.06436759 -0.003702878 -0.02987599 0.06640785 -0.002117276 -0.02840936 0.08649998 -0.01348215 -0.02785015 0.08315056 -0.01456439 -0.02507865 0.07536149 -0.01863646 -0.02160155 0.07117396 -0.02266079 -0.01996296 0.07121205 -0.024203 -0.01963418 0.0691384 -0.02461206 -0.01821964 0.07124739 -0.02561944 -0.01790857 0.06917929 -0.02598637 -0.01609206 0.06921666 -0.02723026 -0.01507008 0.06303119 -0.02883607 -0.01436465 0.05898356 -0.03021436 -0.01681065 0.06299328 -0.02780157 -0.01605397 0.05896008 -0.02932959 -0.01484358 0.05143249 -0.03235256 -0.01538157 0.05512446 -0.03080445 0 0.05187875 0.001825928 -0.003335893 0.05188167 0.001659214 0 0.05256378 0.002972722 0 0.04948675 -0.002178728 0 0.05013859 -0.001087486 -0.01214969 0.06362795 0.02078574 -0.0137009 0.06153607 0.01656454 -0.01125419 0.05804085 0.01132148 -0.01242667 0.05571097 0.006635725 -0.0174784 0.079728 0.02635616 -0.0192731 0.077573 0.02492326 -0.02087855 0.07515758 0.023247 -0.0236395 0.07139617 0.01920539 -0.02348154 0.07019197 0.01878178 -0.02331119 0.06904548 0.01823955 -0.0231297 0.06795185 0.01757317 -0.02368664 0.0638976 0.01197957 -0.02325385 0.06178587 0.009210169 -0.02449989 0.06183844 0.007609486 -0.02364706 0.05824589 0.002821743 -0.0240308 0.05556905 -0.001891791 -0.02342116 0.05308979 -0.004814445 -0.009144306 0.08346939 0.03031837 -0.01133638 0.08346349 0.02956348 -0.01133245 0.07975178 0.02957296 -0.01340734 0.07758498 0.0285837 -0.01728028 0.07514339 0.02609497 -0.01892119 0.07257008 0.02431237 -0.01683485 0.0700469 0.0248003 -0.01865255 0.07007896 0.02348506 -0.01849985 0.0689212 0.02288168 -0.01833665 0.0678218 0.02214169 -0.01654016 0.0677849 0.02341514 -0.01637929 0.06673216 0.02250826 -0.0216223 0.05561226 8.50034e-4 -0.01258474 0.04796558 -0.005908429 -0.01312988 0.05156409 -6.81234e-4 -0.01573115 0.05568355 0.00511372 -0.003144443 0.04696595 -0.005889117 0 0.04698735 -0.005731523 0 0.0455327 -0.007519185 -0.003134727 0.0455181 -0.007697999 -0.003148257 0.04414588 -0.00921148 0 0.04420059 -0.009052515 -0.01185095 0.06150656 0.01738315 -0.01071494 0.05572247 0.007248282 -0.006338179 0.04838907 -0.004175245 -0.009479403 0.04820948 -0.004888832 -0.009373426 0.04661625 -0.007028877 -0.009336292 0.0451048 -0.008864939 -0.006265282 0.0468319 -0.006315588 -0.009361922 0.04365974 -0.01042544 -0.006261944 0.04395985 -0.00966978 -0.006322681 0.04262459 -0.01093715 -0.006419122 0.04134756 -0.01195788 -0.00323534 0.04160147 -0.01144194 -0.00318253 0.04284238 -0.01045268 -0.006241381 0.04535979 -0.00813651 -0.003179609 0.04850089 -0.003750979 -0.006464362 0.05004525 -0.001681327 -0.003242611 0.05013537 -0.001246988 -0.006648302 0.05181485 0.001200497 -0.007206976 0.05574089 0.00818479 -0.007588207 0.05801188 0.01238554 -0.005713522 0.05800139 0.01275765 -0.006036698 0.06144267 0.01909697 -0.008010447 0.06145977 0.01865077 -0.006198406 0.06356638 0.0226587 -0.006354033 0.06558459 0.02549475 -0.008425056 0.06560158 0.02497106 -0.01270508 0.0677219 0.02555155 -0.01730787 0.05566769 0.004201591 -0.01622337 0.05138444 -0.002148032 -0.0154708 0.04594969 -0.009384095 -0.01245349 0.0463224 -0.008042752 -0.01240617 0.04475629 -0.009892523 -0.01541948 0.04431289 -0.01124197 -0.01243567 0.04324907 -0.01148205 -0.01253426 0.0417912 -0.01282817 -0.01556569 0.04117637 -0.01424098 -0.01269459 0.04037499 -0.01394575 -0.01836526 0.04549294 -0.01108294 -0.01836115 0.04207897 -0.01456969 -0.01974415 0.04170525 -0.01555877 -0.02034258 0.03654098 -0.01922637 -0.01868116 0.03877139 -0.01718926 -0.02228558 0.04084825 -0.01780539 -0.02007699 0.03825885 -0.01820045 -0.02167516 0.03589165 -0.02032858 -0.01987445 0.03997725 -0.01698064 -0.02140438 0.03769707 -0.01929157 -0.02119576 0.03949528 -0.0180639 -0.02105885 0.04129546 -0.0166381 -0.01969528 0.04345208 -0.01392638 -0.01561629 0.04765766 -0.007263183 -0.01831829 0.04376697 -0.01293987 -0.01545399 0.04272538 -0.01285636 -0.01848518 0.04041677 -0.01598286 -0.01723289 0.03923666 -0.01625835 -0.01574635 0.03965747 -0.01540797 -0.01748394 0.03767269 -0.01724565 -0.01778858 0.03611516 -0.01804256 -0.01506024 0.03578269 -0.01686948 -0.01347106 0.03630399 -0.01608145 -0.01021617 0.0371716 -0.01474064 -0.006701588 0.03894299 -0.013336 -0.022246 0.04463255 -0.01434826 -0.02332836 0.04232406 -0.01744216 -0.02334254 0.04429578 -0.01562589 0 0.03938835 -0.01252394 -0.001667559 0.04048764 -0.01206439 -0.003386795 0.03928387 -0.01274698 -0.003304183 0.04041725 -0.01219999 -0.009576797 0.0409373 -0.01279616 -0.009444117 0.04227298 -0.01173019 -0.009660422 0.04990118 -0.002414107 -0.01280778 0.0497061 -0.003463327 -0.009922623 0.0517081 4.26139e-4 -0.01410114 0.05569797 0.005924701 -0.0130316 0.05805909 0.01062947 -0.01549226 0.06156927 0.01562529 -0.02400326 0.05062878 -0.00891745 -0.02236896 0.04658329 -0.0123021 -0.02116996 0.04683548 -0.01109677 -0.02049589 0.05104798 -0.005077779 -0.01987797 0.04706847 -0.009990513 -0.02279895 0.08340656 0.02189677 -0.02433139 0.08339411 0.02016228 -0.02774757 0.07520216 0.01410889 -0.02895355 0.0704258 0.008923709 -0.02742248 0.06609249 0.008544087 -0.02784466 0.06411629 0.004640281 -0.0270186 0.06405788 0.006597757 -0.02664136 0.05835336 -0.002001047 -0.02578347 0.05831599 -3.08697e-4 -0.02505248 0.05554568 -0.00340563 -0.02536028 0.05291146 -0.007781982 -0.0264095 0.05276668 -0.01021987 -0.02787458 0.05843198 -0.00558722 -0.02688467 0.05266559 -0.01192086 -0.02460479 0.04818606 -0.01279336 -0.02593195 0.05552119 -0.005006968 -0.0266546 0.05549579 -0.006684422 -0.02743947 0.06201225 0.002276003 -0.02811878 0.06207489 3.50974e-4 -0.02851384 0.06417667 0.002618432 -0.02823936 0.06615215 0.00650984 -0.02889925 0.06621378 0.004413783 -0.02861267 0.06822305 0.007926642 -0.02926445 0.06828367 0.005776643 -0.02989166 0.07282888 0.007332742 -0.03052598 0.0833072 0.007869899 -0.02724915 0.05245709 -0.01542055 -0.02774828 0.05541485 -0.01202958 -0.02716696 0.05256187 -0.0136615 -0.02757227 0.05544245 -0.01021319 -0.02751225 0.05536258 -0.01566886 -0.02772819 0.05538797 -0.01385486 -0.02837556 0.05855494 -0.01124787 -0.02913188 0.06227236 -0.005691587 -0.02935057 0.06430256 -0.001567482 -0.02839607 0.05851429 -0.009347379 -0.02822756 0.05847269 -0.007453978 -0.02897095 0.06220507 -0.003647625 -0.02863186 0.06213927 -0.00162816 -0.01410704 0.08649998 0.02828949 -0.01552295 0.08344841 0.02758085 -0.01741045 0.07757735 0.02628695 -0.02227938 0.07261759 0.02123785 -0.02037227 0.07011395 0.02203869 -0.02213907 0.07136207 0.02090835 -0.02198487 0.0701518 0.02046829 -0.02181828 0.06900107 0.01990538 -0.02003985 0.06786209 0.02073907 -0.02164047 0.06790548 0.01921397 -0.02145326 0.066854 0.01839029 -0.01985889 0.06681007 0.01988649 -0.01966995 0.06578838 0.01889395 -0.02125799 0.06583178 0.01743078 -0.02084904 0.06380456 0.01507878 -0.02232307 0.06384956 0.01358246 -0.02239459 0.05821335 0.004246711 -0.02288228 0.05559128 -4.71538e-4 -0.02177184 0.05091744 -0.006257712 -0.02294725 0.05077767 -0.007538974 -0.02446079 0.05300295 -0.006252884 -0.024921 0.05047094 -0.01038807 -0.02630037 0.05217665 -0.02062189 -0.02597784 0.05213117 -0.0214473 -0.02623146 0.05370324 -0.0203219 -0.0273329 0.0553503 -0.01656526 -0.02816599 0.05859386 -0.01313579 -0.02972185 0.06634199 8.63918e-5 -0.02975338 0.0683459 0.003579676 -0.02576369 0.05528908 -0.02084565 -0.02720177 0.05866938 -0.01680439 -0.02852874 0.06246227 -0.01178878 -0.02928847 0.06449186 -0.007972896 -0.02985537 0.06647258 -0.004326164 -0.03054767 0.07063978 -3.50071e-5 -0.03022599 0.06847345 -9.02893e-4 -0.03039878 0.07058495 0.002246081 -0.03068405 0.07289797 0.002808511 -0.0220353 0.05178427 -0.02729439 -0.02262896 0.05521988 -0.02532768 -0.02453684 0.05877888 -0.02182435 -0.02557128 0.05874335 -0.02023136 -0.0283702 0.06460988 -0.01213735 -0.03052717 0.07069396 -0.002320826 -0.03081065 0.07296818 -0.001786053 -0.03083115 0.07293325 5.13512e-4 -0.0312165 0.07956558 0.003304719 -0.03128635 0.08649998 0.003301441 -0.03146529 0.08649998 0.001601278 -0.03104585 0.07527858 -0.001493096 -0.03062248 0.07300239 -0.004077076 -0.02997928 0.07079869 -0.006851553 -0.0280565 0.06671565 -0.01291304 -0.02679848 0.06472539 -0.01608735 -0.0253669 0.06270009 -0.01927375 -0.01996707 0.05517816 -0.02782708 -0.02134567 0.05519855 -0.02662867 -0.01937258 0.05163037 -0.02962529 -0.02158635 0.04852259 -0.02922564 -0.02428126 0.05195206 -0.02455526 -0.02384996 0.04880988 -0.02661389 -0.02520668 0.05204075 -0.02304297 -0.02556985 0.04911738 -0.02362126 -0.0258978 0.04919528 -0.02282249 -0.02657806 0.05222195 -0.01978015 -0.02618026 0.04927265 -0.02200615 -0.02699297 0.05231279 -0.0180574 -0.02721387 0.05240726 -0.01630234 -0.02674019 0.04950755 -0.01948148 -0.02684599 0.04976767 -0.01691877 -0.02723348 0.05250889 -0.01453959 -0.02677696 0.04986089 -0.01606959 -0.02705037 0.05261427 -0.01278775 -0.02667075 0.05271649 -0.01106405 -0.02626508 0.05013179 -0.01355659 -0.02599638 0.05021935 -0.01274055 -0.02545326 0.04117465 -0.02093136 -0.02634209 0.04487609 -0.02037346 -0.02635347 0.04227888 -0.02303248 -0.02637267 0.04206347 -0.02381837 -0.02633816 0.04186189 -0.02461326 -0.02643376 0.04452729 -0.02198076 -0.02610939 0.0414924 -0.02621537 -0.02591776 0.0413177 -0.02701085 -0.02598416 0.04066747 -0.02242249 -0.02574425 0.04092365 -0.02167195 -0.02584254 0.03868967 -0.02321875 -0.02580308 0.04538768 -0.01799505 -0.02572798 0.04314327 -0.01993018 -0.02552175 0.04555225 -0.0172221 -0.02519267 0.04571259 -0.0164628 -0.02544146 0.04334938 -0.01917415 -0.02510666 0.04354977 -0.01843076 -0.02472656 0.04374486 -0.0177024 -0.0251137 0.04141849 -0.0202021 -0.0248149 0.03956478 -0.02107328 -0.0236544 0.0374099 -0.02110844 -0.0244528 0.03881245 -0.02110928 -0.01892197 0.04825979 -0.03142178 -0.0199784 0.04523259 -0.03218364 -0.02029597 0.04838788 -0.03037637 -0.02277708 0.04866325 -0.02797025 -0.02246814 0.04561936 -0.02987867 -0.0235489 0.04582577 -0.02857077 -0.02478694 0.04896205 -0.02516108 -0.02449446 0.04604035 -0.02716475 -0.02561777 0.04636895 -0.02489155 -0.02641558 0.0493499 -0.02117484 -0.02614217 0.04658597 -0.02328336 -0.02660256 0.04942774 -0.02033209 -0.02682715 0.04959017 -0.01862674 -0.02655869 0.04692476 -0.02079498 -0.02686268 0.04967677 -0.01777148 -0.02665638 0.04995298 -0.01522439 -0.02650517 0.04731309 -0.01831048 -0.02638089 0.04744559 -0.01748996 -0.02603447 0.04521989 -0.01877999 -0.0264855 0.05004268 -0.01438528 -0.0244022 0.04602086 -0.01499354 -0.02430385 0.0439344 -0.0169909 -0.02472847 0.04165565 -0.0194866 -0.02438259 0.03983956 -0.02038395 -0.02641075 0.03775316 -0.02543526 -0.0264768 0.03681969 -0.02768129 -0.02638977 0.03654557 -0.02845305 -0.02627944 0.0391317 -0.02703136 -0.01697444 0.04172807 -0.03570985 -0.01841086 0.04194575 -0.03485697 -0.0183292 0.03886467 -0.03642797 -0.01970416 0.03915077 -0.03549998 -0.02100229 0.03945225 -0.03446608 -0.02108055 0.04242116 -0.03284019 -0.02228134 0.04267656 -0.03167217 -0.02220618 0.03976827 -0.03332597 -0.02336746 0.04294359 -0.03040134 -0.02511626 0.04350525 -0.02757138 -0.02567648 0.04114508 -0.02779519 -0.02625006 0.0362854 -0.02922898 -0.02519375 0.03528118 -0.03223425 -0.02570605 0.03849387 -0.02937716 -0.02332276 0.03722774 -0.03359448 -0.0223481 0.03379786 -0.03611809 -0.02223187 0.03682768 -0.03481489 -0.021142 0.03334265 -0.03722077 -0.02102625 0.03644567 -0.03593409 -0.01846057 0.03249734 -0.03911578 -0.01972627 0.03608149 -0.03694808 -0.01834928 0.03573608 -0.03785705 -0.01388967 0.038118 -0.03862106 -0.01077657 0.03772729 -0.03964239 -0.007660806 0.04078036 -0.03894066 -0.01084429 0.041022 -0.03818875 -0.01124417 0.04774445 -0.03516346 -0.00822854 0.05124586 -0.03464704 -0.00796473 0.04760766 -0.0360347 -0.004796564 0.05119127 -0.03526729 -0.005007088 0.0550583 -0.03406685 -0.001387178 0.05505108 -0.03439366 -0.003371 0.05906999 -0.03327178 -0.001544415 0.0631777 -0.03263175 -0.003561615 0.06317108 -0.03246927 -0.003750145 0.06729876 -0.03188467 -0.003913581 0.07139998 -0.03149604 -0.02617096 0.04040896 -0.02318155 -0.0263043 0.04014116 -0.02394115 -0.02627819 0.04250156 -0.02225238 -0.02638119 0.03986918 -0.02470088 -0.0264011 0.03960645 -0.02546709 -0.0263673 0.03936117 -0.02624499 -0.02613908 0.03891354 -0.02781987 -0.02625 0.04167258 -0.02541428 -0.02594745 0.03870236 -0.02860397 -0.02508008 0.03807139 -0.0308693 -0.02505099 0.0407958 -0.0293104 -0.02427899 0.03764528 -0.03227728 -0.02425056 0.04044389 -0.03074246 -0.02329558 0.04009908 -0.03208339 -0.01691079 0.03541189 -0.03866559 -0.01689279 0.03859597 -0.03725439 -0.01396739 0.04134017 -0.03712564 -0.01443487 0.04792308 -0.03395038 -0.005855798 0.06728708 -0.03154307 -0.006108701 0.07138979 -0.03112339 -0.008582651 0.08649998 -0.03012919 -0.009142577 0.07975757 0.03033286 -0.01120078 0.075127 0.02929627 -0.01128888 0.07758808 0.02950346 -0.01330405 0.07513165 0.02838087 -0.01314705 0.07251328 0.02791386 -0.01504856 0.07124859 0.02647966 -0.01243728 0.06564867 0.02349054 -0.01451259 0.06669849 0.02362215 -0.01435887 0.06567817 0.02253979 -0.01403605 0.06365638 0.01989465 -0.01804596 0.0581271 0.007912397 -0.01770734 0.05128139 -0.003024578 -0.01913619 0.05116927 -0.004000604 -0.01851129 0.04728275 -0.008984386 -0.01973676 0.04523056 -0.01207417 -0.02222126 0.04273146 -0.01618045 -0.02100276 0.04310727 -0.01500707 -0.02340149 0.04036259 -0.01905596 -0.02242946 0.03896886 -0.01922959 -0.02361488 0.03130215 -0.02304738 -0.02342557 0.03228467 -0.02272325 -0.02438008 0.03238129 -0.02359205 -0.02324569 0.03325897 -0.02235954 -0.02420997 0.03340327 -0.02318596 -0.02307635 0.03422504 -0.02195239 -0.02390486 0.03542047 -0.02223914 -0.02377229 0.03641796 -0.02169716 -0.02252835 0.0380277 -0.01986825 -0.02355247 0.03839707 -0.02047246 -0.02346777 0.03938096 -0.01978856 -0.02430045 0.04188579 -0.01878684 -0.02345359 0.04631149 -0.01360267 -0.02538096 0.04794996 -0.01429879 -0.02568119 0.05030506 -0.01193928 -0.0261026 0.05281597 -0.009390294 -0.02720546 0.05546945 -0.008424818 -0.02734249 0.05839204 -0.003764808 -0.0290181 0.06423896 5.44699e-4 -0.0293954 0.06627726 0.002268195 -0.02959889 0.07047778 0.006738245 -0.03008186 0.07053089 0.004508197 -0.03037035 0.07286316 0.005085766 -0.03013235 0.07523375 0.007642447 -0.03042709 0.07959747 0.007842421 -0.03090429 0.07958167 0.005587577 -0.03145855 0.08649998 9.98435e-4 -0.03144878 0.08649998 1.25573e-4 -0.03134208 0.07953315 -0.001297652 -0.03115475 0.0795173 -0.003593802 -0.03085875 0.0752896 -0.003788053 -0.03026807 0.07303595 -0.006347239 -0.03050637 0.07530045 -0.006063163 -0.02974915 0.07306939 -0.008584201 -0.02945595 0.07085007 -0.009070992 -0.02842998 0.06877726 -0.01195049 -0.0261991 0.06683111 -0.01687479 -0.02720177 0.0667743 -0.01493167 -0.0257886 0.06478077 -0.01795154 -0.02421486 0.0627554 -0.02094978 -0.02209436 0.05884587 -0.02473258 -0.01850587 0.05515897 -0.02892249 -0.01792168 0.05155956 -0.03063547 -0.0174787 0.04813915 -0.03236407 -0.01640868 0.05149346 -0.03154379 -0.01716637 0.04488384 -0.03406774 -0.01860499 0.045053 -0.03317719 -0.0212717 0.0454216 -0.03108406 -0.01978456 0.04217737 -0.03390169 -0.02431905 0.04322159 -0.02903175 -0.02528595 0.0462594 -0.02566939 -0.02545076 0.04364699 -0.02681016 -0.02590388 0.04647767 -0.02409535 -0.02573919 0.04378747 -0.02602976 -0.02597945 0.04392707 -0.02523297 -0.0263316 0.04669535 -0.0224598 -0.02617025 0.04406827 -0.02442467 -0.02647078 0.04680764 -0.02162885 -0.02631056 0.04421365 -0.02360987 -0.02659398 0.04704815 -0.01996237 -0.02639877 0.04436576 -0.02279359 -0.02657645 0.0471788 -0.0191344 -0.02641546 0.04469889 -0.02117455 -0.02621436 0.04505079 -0.01957476 -0.02596396 0.04293304 -0.02069729 -0.0261476 0.04272097 -0.0214737 -0.02627515 0.03807377 -0.02469485 -0.02608567 0.03838306 -0.02395308 0.03110665 -0.004610657 -0.01997435 0.03144866 5.80903e-5 -0.01966899 -0.01896315 -0.02511847 -0.02137458 -0.02024775 -0.0241304 -0.01712495 -0.02079069 -0.02360618 -0.01712495 -0.02246606 -0.02198815 -0.01712495 -0.02340906 -0.02107757 -0.01712495 -0.01416778 0.02787005 -0.04229235 -0.004718124 0.01830285 -0.04605549 -0.001340448 0.01373738 -0.04684078 -0.001379787 0.009159982 -0.04721808 0.002234101 0.009209215 -0.04719489 0.006549715 -0.01038599 -0.04608964 0.008531272 -0.009922266 -0.04584097 0.01075339 -0.01417255 -0.04445886 0.01270145 -0.01340919 -0.04408568 0.01678508 -0.01576477 -0.041619 0.02062278 -0.01678955 -0.03846526 0.02256208 -0.01805686 -0.03517925 0.024055 -0.01635789 -0.03461438 0.02833259 -0.01341247 -0.02276879 0.02731865 -0.01556605 -0.02073609 0.01603186 -0.02707868 -0.02152317 0.01399099 -0.02819365 -0.0215978 0.00969243 -0.02995598 -0.0217151 0.009659826 -0.02986496 -0.0246216 0.00743252 -0.03050327 -0.02469176 -0.001756131 -0.03136199 -0.02478259 -0.0017609 -0.03144919 -0.0218113 -0.0040735 -0.03123325 -0.02179545 -0.006344377 -0.03076088 -0.02471095 -0.00859344 -0.0302059 -0.02464687 -0.006363987 -0.03084659 -0.02176809 -0.008619964 -0.0302909 -0.02172935 -0.01701009 -0.02637308 -0.02421206 -0.01705777 -0.02645468 -0.02146619 -0.0223996 -0.02196305 -0.02371305 -0.02076548 -0.0236448 -0.02127349 -0.02402168 -0.02031737 -0.02104449 -0.02245479 -0.02204155 -0.02116328 0.02653855 0.03591167 -0.02769869 0.02659469 0.03433698 -0.02905869 0.02619165 0.03637057 -0.0293411 0.02589619 0.0387575 -0.02869206 0.02329277 0.04874557 -0.02734929 0.02137887 0.05886107 -0.02543199 0.01994615 0.05889147 -0.02668356 0.01842725 0.0589202 -0.02783107 0.01923829 0.06292867 -0.02606469 0.01683276 0.05894684 -0.02887284 0.01760977 0.06297188 -0.02726995 0.01800227 0.06504327 -0.02649617 0.01627206 0.06508165 -0.02767449 0.01662898 0.0671404 -0.02710956 0.01771759 0.0753979 -0.02590936 0.01976656 0.07937169 -0.02437967 0.01792138 0.07936149 -0.02577418 0.01936149 0.08649998 -0.02465754 0 0.03637397 -0.01321607 -0.001868486 0.03632628 -0.01330876 -0.003807723 0.03530776 -0.01354378 -0.00369364 0.03620278 -0.01348257 -0.005490541 0.03598558 -0.01378118 -0.009312033 0.03429567 -0.01481115 -0.01453387 0.03249394 -0.01696628 -0.01579558 0.03304588 -0.01762145 -0.01936757 0.02993237 -0.01980477 -0.02229565 0.02778595 -0.0219832 -0.02185219 0.02954918 -0.02168375 -0.02363938 0.02657467 -0.02313637 -0.02488267 0.02526915 -0.02432066 -0.02656257 0.02469849 -0.02647656 -0.02474939 0.03030645 -0.02427744 -0.02599847 0.02981817 -0.02587807 -0.02581834 0.03094369 -0.02552527 -0.02548766 0.03315609 -0.02468788 -0.02504795 0.03358989 -0.02402567 -0.02490025 0.03464984 -0.02353519 -0.02476567 0.03570097 -0.02299875 -0.02497655 0.03745734 -0.0224663 -0.02536928 0.0371235 -0.02315866 -0.02520436 0.03928136 -0.02177697 -0.02554798 0.0389899 -0.022493 -0.02658838 0.03532266 -0.02673655 -0.02666795 0.03493869 -0.02745467 -0.02648919 0.03742736 -0.02617448 -0.02650976 0.03711289 -0.02692067 -0.02665716 0.03422248 -0.02892315 -0.02643269 0.0335927 -0.03044265 -0.02600347 0.03300297 -0.0319553 -0.02581828 0.03578507 -0.03076416 -0.02538198 0.03240907 -0.03340345 -0.023633 0.03122329 -0.03604435 -0.02439385 0.03477299 -0.03361999 -0.02343869 0.03427499 -0.03491628 -0.0225442 0.03066116 -0.03722995 -0.02133846 0.03012496 -0.03831928 -0.02003556 0.02961397 -0.03930759 -0.0198403 0.03290867 -0.03821998 -0.01701819 0.03211146 -0.03991258 -0.0139994 0.03142684 -0.04122895 -0.01390349 0.03483617 -0.04000067 -0.004451036 0.04062068 -0.03941649 -0.001327693 0.0511654 -0.035555 -0.001461267 0.0590741 -0.03340637 0.00224632 0.05505216 -0.03434997 4.53081e-4 0.05907487 -0.03343439 -0.00162667 0.06730538 -0.03207588 5.04446e-4 0.06730669 -0.03211587 -0.001697957 0.07140576 -0.0317049 5.26579e-4 0.07140696 -0.03174859 -0.001748204 0.07542759 -0.03148245 5.42185e-4 0.07542788 -0.03152757 -0.001769185 0.07931846 -0.0313701 -0.00109899 0.08649998 -0.03131437 0.01939326 0.1036249 -0.0246973 0.006183981 0.08649998 0.03099656 -0.03149998 0.1036249 1.25e-4 -0.03119337 0.1036249 0.004508912 -0.03108298 0.08649998 0.005234062 -0.03100198 0.08649998 0.005594551 -0.03027969 0.1036249 0.008807539 -0.03028208 0.08649998 0.008799016 -0.03027915 0.08649998 0.008807361 -0.02983838 0.08649998 0.01006549 -0.02907347 0.08649998 0.01224875 -0.0287767 0.1036249 0.01293718 -0.02769988 0.08649998 0.01512378 -0.02671349 0.1036249 0.01681745 -0.02577477 0.08649998 0.01823329 -0.0241304 0.1036249 0.02037274 -0.02274727 0.08649998 0.02185148 -0.02107757 0.1036249 0.02353405 -0.02091598 0.08649998 0.02367848 -0.01931434 0.08649998 0.02494275 -0.01805096 0.08649998 0.02594 -0.0176146 0.1036249 0.02623969 -0.0172736 0.08649998 0.02646648 -0.01547187 0.08649998 0.02750378 -0.01380866 0.1036249 0.02843695 -0.01380169 0.08649998 0.0284208 -0.005469918 0.1036249 0.03114634 -0.006884515 0.08649998 0.03084379 -0.005460679 0.08649998 0.03109419 -0.004605412 0.08649998 0.03124457 -0.003647029 0.08649998 0.03141307 0 0.08649998 0.03162497 -0.002309679 0.08649998 0.0314908 0.003104209 0.08649998 0.03143435 0.003287076 0.08649998 0.03141027 0.007620513 0.1036249 0.03068929 0.01212137 0.08649998 0.02915996 0.01573997 0.08649998 0.02738559 0.01611346 0.08649998 0.02719169 0.01939326 0.1036249 0.02494728 0.02190965 0.08649998 0.02275729 0.02237194 0.08649998 0.02225446 0.02438294 0.08649998 0.02006775 0.02548396 0.1036249 0.01864016 0.02446627 0.08649998 0.01995295 0.02652966 0.08649998 0.0171082 0.02629399 0.08649998 0.01743316 0.02544105 0.08649998 0.0186091 0.02781277 0.1036249 0.01491338 0.02785629 0.08649998 0.0147441 0.02958226 0.08649998 0.01089107 0.02972608 0.08649998 0.01054656 0.02960026 0.1036249 0.01089859 0.03079265 0.08649998 0.006671071 0.03081154 0.1036249 0.00667417 0.03142327 0.1036249 0.002322316 0.03149807 0.08649998 -2.20734e-4 0.03142327 0.1036249 -0.002072274 0.03138327 0.08649998 -0.00206983 0.03135478 0.08649998 -0.002529621 0.0306769 0.08649998 -0.007029235 0.02960026 0.1036249 -0.01064854 0.03065687 0.08649998 -0.007096767 0.029594 0.08649998 -0.01064586 0.02923327 0.08649998 -0.01149129 0.02720957 0.08649998 -0.01564186 0.02639538 0.08649998 -0.01706618 0.02548396 0.1036249 -0.01839017 0.02460896 0.08649998 -0.01945495 0.02364468 0.08649998 -0.02068787 0.02265918 0.1036249 -0.02175664 0.0210728 0.08649998 -0.02328836 0.01973456 0.08649998 -0.02435904 0.01574999 0.1036249 -0.0271548 0.01181876 0.08649998 -0.02907377 0.01180005 0.1036249 -0.02908128 0.007620513 0.1036249 -0.03043925 0.009633541 0.08649998 -0.02983105 0.007406651 0.08649998 -0.03043997 0.005150973 0.08649998 -0.03094696 0.00329262 0.1036249 -0.03120237 0.003286898 0.08649998 -0.03114986 -0.001099288 0.1036249 -0.03135579 5.47779e-4 0.08649998 -0.03132688 0.001588046 0.08649998 -0.03133487 -0.004061877 0.08649998 -0.0310592 -0.005469918 0.1036249 -0.03089636 -0.002067923 0.08649998 -0.03130698 -0.005468368 0.08649998 -0.03088438 -0.006568729 0.08649998 -0.03068256 -0.01348274 0.08649998 -0.02834367 -0.01380866 0.1036249 -0.02818697 -0.01498645 0.08649998 -0.02752149 -0.01699215 0.08649998 -0.02637577 -0.02066826 0.08649998 -0.02358078 -0.01887935 0.08649998 -0.02503877 -0.02392935 0.08649998 -0.02031028 -0.0241304 0.1036249 -0.02012276 -0.02534878 0.08649998 -0.01848948 -0.02671349 0.1036249 -0.01656746 -0.0287767 0.1036249 -0.01268714 -0.02874088 0.08649998 -0.0126726 -0.02979445 0.08649998 -0.01009935 -0.03022944 0.08649998 -0.008543491 -0.03034085 0.08649998 -0.008145153 -0.03027969 0.1036249 -0.008557558 -0.03119337 0.1036249 -0.00425893 -0.03077715 0.08649998 -0.006584465 -0.03091466 0.08649998 -0.005905926 -0.03114318 0.08649998 -0.004252493 -0.0312249 0.08649998 -0.003614425</float_array>
          <technique_common>
            <accessor source="#shape0_003-mesh-positions-array" count="3875" stride="3">
              <param name="X" type="float"/>
              <param name="Y" type="float"/>
              <param name="Z" type="float"/>
            </accessor>
          </technique_common>
        </source>
        <source id="shape0_003-mesh-normals">
          <float_array id="shape0_003-mesh-normals-array" count="23196">0 1 0 0 1 -1.52796e-6 0 1 1.52796e-6 0 1 2.1075e-7 0 1 6.32263e-7 0 1 -1.68604e-6 0 1 2.95051e-6 0 1 8.43015e-7 0 1 -1.26451e-6 0 1 8.43015e-7 0 1 -4.21507e-7 0 1 -3.37203e-6 0 1 2.10754e-6 0 1 -8.4301e-7 0 1 -1.05378e-6 0 1 2.10754e-6 0 1 -3.16129e-7 0 1 2.10755e-6 0 1 -2.10755e-6 0 1 3.16129e-7 0 1 3.37203e-6 0 1 -2.10754e-6 0 1 1.05378e-6 0 1 8.4301e-7 0 1 -2.10754e-6 0 1 3.16129e-7 0 1 4.21507e-7 0 1 1.26451e-6 0 1 -8.43015e-7 0 1 -2.95051e-6 0 1 1.68604e-6 0 1 -6.32263e-7 0 1 -2.1075e-7 0 0 1 0 0 1 0 0 1 0 0 1 0 0 1 0 0 1 0 0 1 0 0 1 0 0 1 0 0 1 0 0 1 0 0 1 0 0 1 0 0 1 0 0 1 0 0 1 0 0 1 0 0 1 0 0 1 0 0 1 0 0 1 0 0 1 0 0 1 0 0 1 0 0 1 0 0 1 0 0 1 0 0 1 0 0 1 0 0 1 0 0 1 0 0 1 0 0 1 0 0 1 0 0 1 0 0 1 0 0 1 0 0 1 0 0 1 0 0 1 0 0 1 0 0 1 0 0 1 -0.9934197 0.1145282 -8.68469e-4 -0.9993878 0.03490614 0.002415359 -0.9987146 0.05035865 0.00576055 -0.9987176 0.05030059 0.005751907 -0.983847 0.178961 0.004245817 -0.9848039 0.1736418 0.003144502 -0.9838355 0.1790242 0.004254937 -0.9934188 0.1145356 -8.69324e-4 -0.9934111 0.1146029 -8.68465e-4 -0.930477 0.366349 -0.00103414 -0.9700764 0.2427985 -9.37883e-4 -0.970081 0.2427794 -9.38442e-4 -0.9701057 0.2426812 -9.38444e-4 -0.9510507 0.3090092 0.00400114 -0.9528184 0.303527 0.002920508 -0.9527813 0.3036433 0.002946376 -0.9041631 0.4271818 0.002186775 -0.9307737 0.3655943 -0.001067638 -0.9305084 0.3662692 -0.0010342 -0.8398098 0.5428788 0.001470088 -0.8398572 0.5428056 0.00146526 -0.8737469 0.4863802 -8.45333e-4 -0.8987933 0.4383721 -8.44115e-4 -0.8750897 0.4837625 0.01385504 -0.8750519 0.4838303 0.01386862 -0.7431481 0.669127 -2.33438e-4 -0.7173824 0.696573 0.01219326 -0.7174317 0.6965225 0.01217591 -0.7608916 0.6488788 7.10476e-4 -0.7609352 0.6488276 7.05488e-4 -0.8021984 0.5970574 -4.93625e-4 -0.8290311 0.5592023 -4.93103e-4 -0.8039993 0.5944934 0.01275569 -0.8039561 0.5945516 0.01277148 -0.6259486 0.7798096 0.009240686 -0.670597 0.7418218 2.56611e-4 -0.6707038 0.7417253 2.43115e-4 -0.7153263 0.6987907 -2.33552e-4 -0.5299414 0.8480333 -0.001409947 -0.4667273 0.8839957 0.02678602 -0.5208798 0.8535996 0.007229328 -0.5734941 0.8192093 -8.94723e-4 -0.5737216 0.81905 -9.24143e-4 -0.6427833 0.7660476 -9.20665e-4 -0.5786281 0.815112 0.02796149 -0.6261457 0.7796521 0.009171903 -0.3483719 0.937034 0.02458703 -0.4067159 0.9135522 0.002167999 -0.4053928 0.9141233 0.005936861 -0.4052736 0.9141761 0.005952775 -0.4619145 0.8869233 -0.001413345 -0.220433 0.9754014 -0.001204013 -0.2825108 0.9592541 0.004379987 -0.3444408 0.9388067 -0.001645565 -0.3444145 0.9388164 -0.001645386 -0.275654 0.9612565 9.75056e-4 -0.2228656 0.9745827 0.02279633 -0.2824154 0.9592822 0.004395663 -0.09637761 0.9951637 0.0189892 -0.1391689 0.9902687 1.50641e-5 -0.1593219 0.9872242 0.002257585 -0.159303 0.9872272 0.002261281 -0.220538 0.9753777 -0.001203775 -0.03181022 0.9994938 7.03548e-4 -0.09560722 0.995419 -5.92836e-4 -0.09512883 0.9954649 -5.93245e-4 0.009478151 0.9999039 0.01013076 0 0.9999728 0.007384598 0.05037367 0.99873 -0.001014709 0.1782058 0.9839933 -2.75334e-4 0.1781091 0.9840108 -2.7252e-4 0.1145114 0.9933393 0.01282137 0.1391678 0.990261 0.003970444 0.1139164 0.9934892 0.001515388 0.05030447 0.9987335 -0.001015603 0.3023074 0.9532099 0.001113355 0.3022457 0.9532294 0.001123964 0.2756463 0.96123 0.007490992 0.2411174 0.970496 2.69249e-4 0.1781503 0.9840033 -2.75501e-4 0.4268718 0.9043108 0.001645505 0.3671988 0.9299872 0.01700043 0.4067106 0.9135408 0.005477488 0.3644558 0.9312203 -8.66085e-4 0.3642979 0.9312821 -8.66188e-4 0.5424293 0.8400977 0.00252974 0.5425881 0.8399952 0.002511501 0.4885636 0.8723511 0.01758545 0.5299417 0.8480341 -2.3273e-4 0.4850696 0.874475 -0.001039505 0.4852725 0.8743625 -0.001040041 0.6458311 0.763469 0.004181623 0.645889 0.7634201 0.004167616 0.6427749 0.7660378 0.005157172 0.5957003 0.8032059 -0.001194059 0.5957238 0.8031885 -0.00119394 0.7786377 0.6274731 -9.41604e-4 0.7380169 0.6747577 0.005757153 0.6957343 0.7179871 0.02117586 0.7431466 0.6691265 0.001712024 0.692155 0.7217478 -0.001280426 0.6921593 0.7217437 -0.001280546 0.8185287 0.5744202 0.007238149 0.8186421 0.5742587 0.007209718 0.829029 0.5592008 0.002368152 0.7786515 0.627456 -9.31696e-4 0.7785311 0.6276053 -9.31722e-4 0.9139732 0.4057747 1.87559e-4 0.9138346 0.4060865 1.95344e-4 0.886678 0.462312 0.008349895 0.8867216 0.4622288 0.008326888 0.8987935 0.438371 0.001147687 0.8534709 0.5211404 -5.04249e-4 0.853434 0.5212008 -5.04264e-4 0.9588984 0.2837489 7.63216e-4 0.9588934 0.2837657 7.64434e-4 0.9510478 0.3090091 0.004633426 0.938068 0.3464511 -1.84537e-4 0.9378776 0.3469663 -1.84552e-4 0.9954082 0.0957176 -8.84531e-4 0.9953634 0.09618127 -8.84525e-4 0.9871555 0.1597513 0.001922905 0.9752678 0.220694 0.01212805 0.9848017 0.1736431 0.003690659 0.9750518 0.2219771 -5.09945e-4 0.9750438 0.2220122 -5.09915e-4 0.9953712 0.09610241 -8.87429e-4 0.9993837 0.0349071 0.00370711 0.9994836 0.03197866 0.00317347 0.06976944 -0.9975631 -1.09451e-6 0.06976664 -0.9975634 -3.86718e-7 0.2079202 -0.9781458 -5.83704e-6 0.2078893 -0.9781524 7.73439e-7 0.2078743 -0.9781556 0 0.0697571 -0.997564 0 0.207842 -0.9781625 0 0.3420882 -0.9396678 0 0.3420284 -0.9396897 -4.06053e-6 0.3419951 -0.9397019 3.28331e-6 0.3420431 -0.9396843 0 0.4694937 -0.8829358 0 0.4694732 -0.8829469 1.16014e-6 0.4694668 -0.8829501 -5.47227e-7 0.4694708 -0.882948 0 0.5878599 -0.8089628 0 0.5877883 -0.8090148 2.12697e-6 0.5877702 -0.809028 -3.10131e-6 0.5877966 -0.8090088 0 0.6946651 -0.7193332 0 0.694652 -0.719346 -2.18959e-6 0.6946547 -0.7193433 -1.02117e-6 0.6945933 -0.7194027 0 0.7880148 -0.6156564 0 0.7880106 -0.6156618 -1.16017e-6 0.7880037 -0.6156705 0 0.8660292 -0.4999936 0 0.8660737 -0.4999163 -3.15777e-5 0.8660277 -0.4999961 4.56222e-7 0.9271863 -0.3746007 -4.46971e-6 0.9271812 -0.3746131 -1.49853e-6 0.9272158 -0.3745275 0 0.8660296 -0.4999927 0 0.9271697 -0.3746417 0 0.9702907 -0.241942 0 0.9702991 -0.2419083 9.66798e-7 0.9702979 -0.2419134 2.39401e-6 0.9703044 -0.2418875 0 0.9945181 -0.1045645 0 0.9945228 -0.1045198 1.98048e-6 0.9945212 -0.1045361 -7.37937e-7 0.9945199 -0.1045476 0 0.9998476 -0.0174601 0 -0.994518 -0.104566 0 -0.9999902 0.004263281 0.001219451 -0.9998915 -0.01473879 0 -0.9945212 -0.1045361 0 -0.9939836 -0.1095232 -0.001117169 -0.9945248 -0.1045017 7.74731e-6 -0.9703015 -0.2418986 0 -0.9702969 -0.2419173 1.36826e-7 -0.9702991 -0.2419083 -1.1239e-6 -0.9271881 -0.374596 3.37463e-6 -0.9271816 -0.3746125 -1.45019e-6 -0.9271655 -0.374652 0 -0.9703017 -0.2418982 0 -0.8660132 -0.5000213 -5.10732e-6 -0.8660289 -0.4999942 1.74023e-6 -0.866048 -0.4999607 0 -0.927177 -0.3746238 0 -0.7880163 -0.6156544 -3.64793e-7 -0.7880098 -0.6156627 -2.32033e-6 -0.7879857 -0.6156936 0 -0.8660478 -0.4999614 0 -0.6946769 -0.719322 4.19558e-6 -0.6946552 -0.719343 -1.3535e-6 -0.6946405 -0.7193571 0 -0.7880198 -0.61565 0 -0.6946091 -0.7193874 0 -0.58779 -0.8090136 0 -0.5877887 -0.8090146 -1.93361e-7 -0.5877909 -0.809013 7.29744e-7 -0.5877773 -0.8090229 0 -0.4694786 -0.882944 0 -0.4694732 -0.8829467 3.64923e-7 -0.4694727 -0.8829471 8.3385e-7 -0.4694273 -0.8829712 0 -0.3420302 -0.9396889 0 -0.3420287 -0.9396896 1.93359e-7 -0.2078679 -0.978157 0 -0.2078894 -0.9781524 2.70704e-6 -0.207908 -0.9781484 0 -0.3420267 -0.9396903 0 -0.06986933 -0.9975562 0 -0.0697813 -0.9975624 1.8245e-6 -0.06976664 -0.9975634 3.67382e-6 -0.06973075 -0.9975659 0 0.06978118 -0.9975624 0 0.8156526 -0.3112574 0.4876779 0.5130028 -0.7291958 0.4528816 0.6459794 -0.6564901 0.3895272 0.9451748 -0.2377498 0.2238742 0.9792522 -0.2024169 0.009620368 0.9825758 -0.1855218 0.01124304 0.9866802 0.01066166 0.1623227 0.9988908 0.003874361 0.04692643 0.02378588 -0.8825014 0.469708 0.1190562 -0.6096401 0.7836867 0.04142051 -0.1165701 0.9923185 0.03931891 -0.2258678 0.9733641 0.03558617 -0.3653886 0.9301747 0.2469009 -0.03504854 0.9684067 0.2434567 -0.684543 0.6871169 0.3547186 0.02667504 0.9345926 0.3829355 -0.7975443 0.4661368 0.05936956 0.06891602 0.9958544 0.05645501 0.9627433 0.2644584 0.3718444 0.9269384 0.05017179 0.06426978 0.5072241 0.8594144 0.06464964 0.6131696 0.7873014 0.1243402 0.1719855 0.9772208 0.4270777 0.8965895 0.1171833 0.5743871 0.7259481 0.3782576 0.6940629 0.7198449 0.01000177 0.5762035 0.3216364 0.7513586 0.6021896 0.2216497 0.7669675 0.7673545 0.3475797 0.5388466 0.7783682 0.3976352 0.4858283 0.6254597 -0.2901979 0.7242827 0.9648783 0.2616388 -0.02356469 0.965086 0.2014707 0.1673881 0.9573247 0.1782991 0.2274619 0.8852556 0.1461713 0.4415389 0.8633756 0.100901 0.4943699 0.8438692 0.0584281 0.5333583 0.8250274 0.01263564 0.5649517 0.9733383 0.1095577 0.201519 0.9932162 0.1146802 -0.01923865 0.9955092 0.09439855 -0.007101178 0.9929973 0.11636 -0.02041637 0.9934497 0.113288 -0.01495045 0.9934637 0.1131727 -0.01489257 0.9875411 0.140586 -0.07069826 0.9875508 0.1405408 -0.07065314 0.9913379 0.1207335 0.05169922 0.9867545 0.1453477 -0.072039 0.9898328 0.1342209 -0.04707235 0.9817926 0.1413445 -0.1269055 0.9841845 0.1378179 -0.1112979 0.9841911 0.1377959 -0.1112667 0.9840974 0.1220993 0.1290127 0.9854366 0.1222966 0.1181449 0.9899939 0.1410606 0.003737509 0.974727 0.1097975 0.1945552 0.9762743 0.1268756 0.1754745 0.9854592 0.1252979 0.1147637 0.9874069 0.143195 -0.0672518 0.9899076 0.1377673 -0.03321272 0.9882346 0.1460343 -0.04545879 0.9902586 0.1386644 -0.01265007 0.9881808 0.1401693 -0.06205916 0.9885759 0.1087922 -0.1043161 0.9807378 0.1325111 -0.1435069 0.985058 0.1284654 -0.1147052 0.9851088 0.1282948 -0.1144604 0.9895831 0.1018465 -0.1017485 0.9863303 0.1101063 -0.1225935 0.9880006 0.154254 -0.007787525 0.9899778 0.1051007 -0.09432905 0.9880516 0.1106915 -0.107245 0.9861066 0.1245122 -0.1099577 0.9872949 0.1211895 -0.1027712 0.9872848 0.1212113 -0.1028427 0.9910383 0.09420531 -0.09470289 0.9879537 0.1047787 -0.1138811 0.9851775 0.1706398 0.01753336 0.9896376 0.1183391 0.08132177 0.9912667 0.0885052 -0.09776085 0.9923521 0.08703368 -0.08753603 0.9923667 0.08699095 -0.08741372 0.9930997 0.08071231 -0.08507955 0.9936386 0.07999122 -0.07927036 0.9936328 0.08000624 -0.07932829 0.9967978 0.06155484 -0.05104112 0.9958044 0.06760668 -0.0616697 0.995855 0.0675348 -0.06092613 0.9958552 0.06753361 -0.06092333 0.994664 0.07354611 -0.07235002 0.9948678 0.07327127 -0.06978183 0.9948558 0.07330477 -0.06991678 0.9967929 0.06157028 -0.05111855 0.9967033 0.06116729 -0.05330264 0.9976286 0.05721873 -0.03825384 0.9952811 0.09628361 -0.0120415 0.9952529 0.09657627 -0.01202815 0.9976295 0.05721396 -0.03823637 0.9976312 0.05480915 -0.04156982 0.9984897 0.05159139 -0.01888942 0.9979891 0.05282253 -0.03503721 0.9992897 0.03230011 -0.01941359 0.9870095 0.1561097 -0.03797417 0.9864966 0.1608705 -0.03074592 0.9857724 0.1628018 -0.04181581 0.9857948 0.1646687 -0.0330584 0.9851753 0.1664566 -0.04149544 0.9853123 0.1679471 -0.03088045 0.9847188 0.169841 -0.03850901 0.9850203 0.1705993 -0.025119 0.9843505 0.1729907 -0.0335927 0.9848405 0.1726568 -0.01669776 0.9841214 0.175579 -0.02602094 0.9847496 0.1738895 -0.005546152 0.9844997 0.1461003 -0.09703195 0.9904611 0.1375856 0.007567048 0.9890266 0.1460729 -0.0221185 0.9831659 0.1293981 0.1289998 0.9833948 0.1374498 0.1185013 0.9852409 0.1441337 0.0923354 0.9852226 0.1463879 0.08892196 0.9866122 0.1519798 0.05915021 0.9865251 0.1536435 0.05623161 0.9872515 0.1570728 0.02574104 0.9871779 0.1577535 0.0243653 0.9873607 0.1584407 -0.003950655 0.986866 0.1612023 -0.01046288 0.9800019 0.1880016 0.06520664 0.9793152 0.1982122 0.04066652 0.9697892 0.223597 0.09753698 0.9682703 0.2015097 0.1478053 0.9621396 0.2101303 0.1735876 0.9472155 0.2199547 0.233244 0.9520255 0.2579896 0.1645864 0.9384841 0.2733383 0.2110303 0.937269 0.2657974 0.2255632 0.9643354 0.2629907 -0.02988934 0.9641844 0.2646016 -0.01829421 0.963956 0.2652444 -0.02084028 0.9638906 0.2662073 -0.006970465 0.9640933 0.2655236 -0.004619061 0.9640755 0.2653337 0.01250374 0.9644344 0.2637578 0.0172699 0.9643272 0.2619412 0.03821182 0.9646452 0.2598887 0.04379016 0.9642111 0.2561508 0.06844002 0.9647943 0.2450561 0.09549653 0.9840221 0.177357 -0.01565867 0.9846786 0.1741923 0.00806576 0.9894203 0.09653729 -0.1082968 0.9910279 0.09423238 -0.09478473 0.9660835 0.2559856 -0.03397327 0.9659101 0.2563185 -0.0363149 0.9746564 0.2232811 -0.01380515 0.9746672 0.2232349 -0.01378488 0.9746688 0.2232279 -0.01378667 0.9876108 0.1548071 -0.02568757 0.9861725 0.1621989 -0.03399175 0.9952455 0.09665024 -0.01205039 0.663524 -0.1984978 0.7213422 0.6738034 -0.2013191 0.7109568 0.6156162 -0.2295613 0.7538689 0.571065 -0.2575143 0.7794687 0.625511 -0.2326034 0.744736 0.5745229 -0.3244315 0.7514438 0.6404277 -0.2929779 0.7099411 0.5912962 -0.3771578 0.712826 0.620705 -0.1621292 0.7670981 0.6156252 -0.1599104 0.7716439 0.6627988 -0.1382758 0.7359195 0.657193 -0.1359924 0.7413525 0.7074154 -0.1119601 0.6978742 0.7014868 -0.1097089 0.7041877 0.7213063 0.003453016 0.6926076 0.6673009 -0.01926821 0.7445389 0.5535488 -0.1246886 0.8234298 0.5103089 -0.2166954 0.8322427 0.5128418 -0.2180262 0.830336 0.4601826 -0.3231628 0.8269208 0.4663074 -0.3257962 0.8224441 0.4129073 -0.4245954 0.8057458 0.4226441 -0.4279636 0.7988862 0.6057058 -0.04153597 0.7946038 0.6397093 0.03494739 0.7678221 0.401205 -0.5117275 0.7597169 0.388426 -0.488054 0.7816193 0.4077768 -0.4931471 0.7684558 0.4582982 -0.4079681 0.7896359 0.4472259 -0.4044313 0.7977622 0.5009551 -0.3069707 0.8092052 0.4936906 -0.3040582 0.8147506 0.5459511 -0.2018614 0.8131356 0.5424666 -0.2001348 0.8158898 0.5733606 -0.1371937 0.8077348 0.5692111 -0.1172292 0.8137912 0.6018626 -0.04614114 0.7972656 0.6682584 -0.0181514 0.7437077 0.9034045 0.1987462 0.3799481 0.8786878 0.1969683 0.4348692 0.8983392 0.2596839 0.3543318 0.879238 0.2631317 0.3971176 0.8948628 0.3313115 0.2990874 0.8689503 0.3449326 0.35489 0.8831793 0.3636376 0.2962465 0.8615869 0.1023113 0.4971926 0.8238258 0.08788853 0.5599881 0.8477789 0.1444758 0.5102921 0.8182268 0.1359694 0.5585851 0.8462057 0.2061367 0.4913694 0.8226737 0.2023753 0.5312742 0.8501339 0.2837647 0.4435652 0.8309674 0.2845825 0.4780229 0.8356083 0.2995305 0.4604785 0.8821536 0.1495748 0.4465788 0.8509644 0.1411731 0.5058951 0.8746086 0.2029552 0.4403055 0.8505396 0.2000429 0.4863798 0.8744096 0.2723405 0.4015451 0.8552924 0.2743276 0.4395674 0.8708344 0.3348397 0.3599027 0.8380778 0.3448913 0.4227005 0.8458018 0.3840315 0.3703232 0.8438453 0.05844533 0.533394 0.7998524 0.03856188 0.5989568 0.8221828 0.08913278 0.5622017 0.7869291 0.07568448 0.6123843 0.8148788 0.1393513 0.5626312 0.7864338 0.1306927 0.6036899 0.8180444 0.208736 0.5359411 0.7949972 0.204302 0.5711743 0.8255233 0.2942698 0.4815771 0.806548 0.2941217 0.5128089 0.8256886 0.3682997 0.4273101 0.8960182 0.4436209 0.01875817 0.8959202 0.4427258 0.03634536 0.8983421 0.4356582 0.05642139 0.8980742 0.4328793 0.07796299 0.9004811 0.4221462 0.1045295 0.8995974 0.4167135 0.1306692 0.9009851 0.4035994 0.1591649 0.8989254 0.3951139 0.1892572 0.8980439 0.366881 0.2427257 0.9237527 0.3372868 0.1814348 0.9197594 0.2973739 0.2561473 0.9344203 0.2846416 0.2140983 0.9258015 0.2364182 0.2949544 0.9436588 0.2287668 0.2391109 0.934444 0.1866328 0.3032866 0.9542712 0.1847097 0.2350509 0.9483674 0.1565452 0.2758495 0.9431643 0.1508392 0.2961229 0.9371259 0.1275734 0.3248385 0.9329748 0.1227111 0.3383787 0.9262191 0.09858632 0.3638666 0.9241064 0.0959692 0.3698882 0.9151287 0.06494379 0.397897 0.915611 0.06556534 0.3966833 0.9013403 0.01838397 0.4327213 0.9056613 0.02405691 0.4233191 0.8837216 -0.04328948 0.4660067 0.893756 -0.03012019 0.4475411 0.8640021 -0.1138406 0.4904495 0.8807278 -0.09225594 0.464551 0.8435796 -0.1880877 0.5029876 0.8672864 -0.1583166 0.4719642 0.8321566 -0.2439343 0.4980074 0.8944087 0.4471563 -0.009185552 0.8965732 0.4422681 -0.02357333 0.851368 0.5240747 0.02276563 0.8517841 0.5207695 0.05712395 0.8558044 0.5101608 0.08564376 0.8556674 0.5062244 0.1075661 0.8594643 0.4905824 0.1437013 0.8585603 0.4836013 0.1703064 0.8606678 0.4647293 0.2080327 0.8583169 0.4541288 0.2388709 0.8582417 0.4341027 0.2738174 0.721974 0.124747 0.680582 0.6975551 0.1163135 0.7070277 0.7362675 0.2146656 0.641739 0.715167 0.2090779 0.6669502 0.6934038 0.1207317 0.7103626 0.6699603 0.1123825 0.7338416 0.7098802 0.2165019 0.6702217 0.6889775 0.2105966 0.6935122 0.6988868 0.2382791 0.6743741 0.796246 0.6049454 -0.005792379 0.7942486 0.6075336 0.008494317 0.8004556 0.5978705 0.0426827 0.7985402 0.5990109 0.05932599 0.8080337 0.5776137 0.1159482 0.8080901 0.5729854 0.1366685 0.8135267 0.5521717 0.1824303 0.8127614 0.5442815 0.2077904 0.8157845 0.5194873 0.2542216 0.8134572 0.5075358 0.2840688 0.8135469 0.4812999 0.3263309 0.8090976 0.465349 0.3589031 0.8067466 0.4399467 0.3944703 0.7787695 0.6273103 -1.20012e-4 0.8510783 0.5246277 -0.02077448 0.7916703 0.610145 -0.0313248 0.8174636 0.5759761 -0.002171456 0.817354 0.576132 -0.002133786 0.8501359 0.5258355 -0.02767777 0.8488593 0.528158 -0.02207362 0.8497738 0.5269059 -0.01596075 0.8475573 0.530703 -0.00104171 0.8513426 0.5241189 0.02270197 0.8949245 0.446184 -0.005469381 0.8947871 0.4463883 0.009670853 0.6253549 0.1287373 0.769648 0.9363706 0.3500185 -0.02640521 0.9584021 0.2851969 -0.01132559 0.9584065 0.2851822 -0.0113272 0.8852311 0.4650749 -0.008443653 0.8851836 0.4651656 -0.008424341 0.8951208 0.4444481 -0.0349974 0.9131371 0.407549 -0.009196102 0.9132711 0.4072475 -0.00924617 0.9360416 0.3507569 -0.02821058 0.9357923 0.3514424 -0.02794772 0.9356598 0.351682 -0.02933841 0.9338653 0.3572398 -0.01659792 0.9337034 0.357592 -0.01805394 0.9334814 0.3586015 -0.004198491 0.9338381 0.357695 -9.85971e-4 0.9336746 0.3578011 0.01516443 0.9348377 0.3540725 0.02667218 0.9345982 0.3526421 0.04658424 0.9358928 0.3466275 0.06288242 0.9352751 0.343046 0.08706378 0.9361304 0.3356068 0.1050141 0.9347183 0.3295213 0.133107 0.9345194 0.3099455 0.1749496 0.9562226 0.2726264 0.1063635 0.9555242 0.2470037 0.1611297 0.9697074 0.224053 0.09730267 0.9666175 0.218469 0.133873 0.9788206 0.1950501 0.06217426 0.9790968 0.1853265 0.08380705 0.9766372 0.1836969 0.1115138 0.9760261 0.1727368 0.1324201 0.9726505 0.1686336 0.1597305 0.9711095 0.1558281 0.180732 0.967208 0.1503162 0.2047284 0.9649556 0.1366189 0.2240443 0.9612893 0.1311004 0.2423543 0.9585082 0.1163696 0.2602313 0.9558952 0.112224 0.2714226 0.951601 0.091012 0.2935515 0.9506027 0.0893805 0.2972639 0.2886223 -0.5579243 0.7780859 0.2716804 -0.5717819 0.7741158 0.3237155 -0.4715741 0.8202599 0.311572 -0.4828616 0.8183934 0.3662757 -0.3697945 0.8538702 0.3606089 -0.3757351 0.8536888 0.412722 -0.2594471 0.8731253 0.4138956 -0.258081 0.8729747 0.4537885 -0.1629148 0.8760906 0.4598162 -0.1553892 0.8743131 0.4882998 -0.08464074 0.8685617 0.4970333 -0.07320725 0.8646379 0.5249155 -0.002023279 0.8511521 0.5364736 0.0138306 0.8438038 0.4510592 0.121703 0.8841573 0.1593797 -0.6058761 0.7794308 0.1559595 -0.6088235 0.7778243 0.1873106 -0.5206624 0.8329619 0.186806 -0.5211711 0.832757 0.2218641 -0.4161492 0.8818142 0.2249406 -0.4125322 0.8827338 0.2601764 -0.2990106 0.9180964 0.2667598 -0.2902262 0.9190255 0.2938921 -0.1970461 0.9353076 0.3024011 -0.1845779 0.9351389 0.3211656 -0.1179221 0.9396527 0.3298131 -0.1043788 0.9382581 0.3499328 -0.0314657 0.9362463 0.0478459 -0.6223651 0.7812634 0.04659599 -0.3791193 0.9241739 0.02317607 -0.4325578 0.9013084 0.05011779 -0.6218035 0.7815681 0.04963105 -0.6222827 0.7812176 0.06067347 -0.5368601 0.8414869 0.06108081 -0.5363829 0.8417616 0.07395523 -0.4313677 0.8991399 0.07533252 -0.4294078 0.8999634 0.08885294 -0.3120558 0.9458997 0.01047497 -0.6605129 0.7507418 0.03332364 -0.5291171 0.8478942 0.03295862 -0.5378493 0.8423966 0.03982335 -0.5290215 0.8476736 0.03982383 -0.5290029 0.8476851 0.08761829 -0.6185215 0.7808677 0.08705443 -0.6190418 0.7805184 0.1052063 -0.5335163 0.8392212 0.1061558 -0.5324566 0.8397744 0.1270454 -0.4281853 0.894716 0.1296859 -0.4246992 0.8959978 0.1512986 -0.3092719 0.9388608 0.1555618 -0.3027768 0.9402801 0.1723674 -0.2076559 0.962896 0.1243263 -0.6133764 0.7799438 0.1229664 -0.6145911 0.7792028 0.1478265 -0.5282683 0.83611 0.1487197 -0.5273213 0.8365493 0.1769455 -0.4231399 0.8886186 0.1803708 -0.4188966 0.8899394 0.2091467 -0.3048455 0.9291539 0.2150601 -0.2964469 0.9305205 0.2372943 -0.2026871 0.9500576 0.2442711 -0.1917212 0.9505654 0.2595425 -0.1253378 0.9575636 0.124504 -0.05128639 0.9908928 0.04926562 -0.0867815 0.9950085 0.06050336 -0.05720883 0.9965273 0.0595203 -0.08677864 0.9944481 0.4020544 0.2084086 0.8915818 0.382053 0.1197411 0.9163502 0.386254 0.08775317 0.9182088 0.3589246 -0.01643121 0.9332219 0.283039 -0.03999346 0.9582743 0.2663127 -0.1138886 0.9571349 0.1888232 -0.1324358 0.9730399 0.1773134 -0.1992613 0.9637712 0.1017493 -0.2109032 0.9721969 0.09108966 -0.3083454 0.9469033 0.02953982 -0.3127074 0.9493901 0.04660248 -0.37892 0.9242554 0.6571691 0.2197845 0.720988 0.6353121 0.2130171 0.7422952 0.6441313 0.2394363 0.7264745 0.5840107 0.2327492 0.7776628 0.5781396 0.213846 0.7874165 0.5732255 0.2218098 0.7888047 0.5473359 0.2133395 0.8092648 0.4759739 0.2166931 0.8523455 0.4435009 0.2065306 0.8721536 0.4674277 0.311441 0.8273547 0.47148 0.319839 0.8218331 0.4842987 0.3864513 0.784927 0.1973904 -0.5948188 0.7792482 0.1907227 -0.600418 0.7766101 0.2286617 -0.5094354 0.829572 0.2256861 -0.5123335 0.8286015 0.2673549 -0.4055997 0.8740768 0.2688593 -0.4039177 0.8743942 0.3100751 -0.290175 0.9053463 0.3162412 -0.2823872 0.905676 0.3479428 -0.1889955 0.9182683 0.3568343 -0.1767284 0.9172984 0.3789777 -0.1090553 0.9189576 0.3887645 -0.09471052 0.9164563 0.4118677 -0.02237761 0.910969 0.4225636 -0.005764067 0.906315 0.4538421 0.09792894 0.8856847 0.4066156 0.08147156 0.9099596 0.4399654 0.2130589 0.872374 0.405114 0.2026041 0.8915348 0.4276055 0.3088703 0.8495603 0.527102 0.394982 0.7524313 0.5228215 0.3859609 0.7600604 0.5098735 0.3223211 0.7975828 0.504871 0.3123444 0.8047026 0.4798951 0.2096722 0.8519029 0.5102583 0.219434 0.831556 0.4730546 0.0899052 0.876434 0.5157965 0.1058115 0.8501517 0.4817316 0.004374623 0.876308 0.4700093 -0.01271116 0.8825699 0.4443655 -0.08446735 0.8918546 0.4345362 -0.09805732 0.8953005 0.4092003 -0.1671082 0.8970118 0.4009471 -0.1779223 0.8986575 0.3650478 -0.2719669 0.8903787 0.3607248 -0.2771912 0.8905295 0.3139274 -0.3918936 0.8647944 0.3152753 -0.3904364 0.864963 0.2671208 -0.4998493 0.8238914 0.273905 -0.4934129 0.8255421 0.2291566 -0.5883355 0.7754667 0.2402682 -0.579168 0.7789967 0.57937 0.6715228 0.4619388 0.5784463 0.6656537 0.4714925 0.578351 0.6080341 0.5438794 0.5761408 0.5977522 0.5574532 0.5719546 0.5405234 0.617011 0.5682445 0.5265209 0.632356 0.5584533 0.4542111 0.6941342 0.6940655 0.7198424 0.01000177 0.6979022 0.06847584 0.7129121 0.7005723 0.05185407 0.711695 0.6559222 0.0339747 0.7540636 0.6376526 0.04912835 0.768756 0.6656177 0.1171528 0.7370403 0.6429879 0.108889 0.7580963 0.6836332 0.2182719 0.6964216 0.6624679 0.2119768 0.7184721 0.6924474 0.3072986 0.6527512 0.6509757 0.2983185 0.6980234 0.6669764 0.3603032 0.6521688 0.6762486 0.3837072 0.6288535 0.6841279 0.4229045 0.5942397 0.6917765 0.4447085 0.5689285 0.6974312 0.4837111 0.528785 0.7031975 0.5031346 0.5023635 0.7061675 0.5424414 0.4550659 0.7099012 0.5583695 0.4292596 0.7093436 0.5986938 0.3720182 0.711137 0.6101789 0.3492363 0.7062817 0.6480747 0.2848953 0.7067319 0.6552255 0.2668512 0.6980153 0.6874028 0.2006292 0.6978401 0.6911831 0.1878433 0.6824967 0.7233962 0.1043848 0.6833397 0.7237769 0.09588474 0.6709949 0.7406406 0.03488928 0.6720495 0.7400532 0.02590042 0.66174 0.7493494 -0.0239948 0.5829858 0.7655895 0.2720304 0.5650252 0.8088636 0.1627456 0.5636582 0.8100654 0.1615039 0.5464637 0.8345739 0.06974083 0.5745705 0.7280544 0.3739057 0.5649306 0.7738149 0.286468 0.5243589 0.835416 0.1647052 0.5283597 0.8285019 0.185528 0.5256676 0.8307908 0.182921 0.5082 0.8571113 0.08422017 0.5322641 0.839613 0.1083747 0.4914551 0.8702017 0.03494483 0.4403949 0.8746677 0.2025064 0.4413001 0.8759937 0.194652 0.4524125 0.8485014 0.2745332 0.4534274 0.8506433 0.2661007 0.4638895 0.8117949 0.3546768 0.5099144 0.8601419 -0.0119664 0.5471426 0.8365593 0.02834737 0.5469865 0.8366599 0.02839303 0.5957098 0.803199 -0.001154661 0.6471601 0.7622688 0.01140749 0.6471033 0.7623167 0.01142621 0.4739582 0.7561077 0.4512923 0.477277 0.6921716 0.5413918 0.4771394 0.69257 0.5410036 0.4757063 0.6189649 0.6249688 0.475075 0.6213327 0.6230968 0.4696052 0.5462283 0.6936178 0.3341497 0.07164889 0.9397928 0.3621713 0.2029268 0.9097542 0.3647868 0.1978659 0.909824 0.3855997 0.3054267 0.8706477 0.4310259 0.3162704 0.8450975 0.4434749 0.3854922 0.8091514 0.4879009 0.3943198 0.7787585 0.4989537 0.4630659 0.7325403 0.5392363 0.4681223 0.7000613 0.5544007 0.3499588 0.7550953 0.5639045 0.393996 0.7257954 0.5588474 0.3836911 0.7351671 0.5458582 0.3229691 0.7731298 0.5403622 0.3123985 0.7812911 0.514552 0.2119954 0.8308394 0.5426628 0.2211632 0.810311 0.5138784 0.1232017 0.8489701 0.5336316 0.09693384 0.8401436 0.5724655 0.1117547 0.8122771 0.5710201 0.1251119 0.8113464 0.05936932 0.06890463 0.9958552 0.04630035 0.2274858 0.9726801 0.07834017 0.1678796 0.9826899 0.08332389 0.276946 0.957266 0.1341854 0.2809841 0.9502853 0.1396662 0.3596317 0.9225825 0.1949321 0.3651831 0.9102982 0.2018551 0.4476619 0.871122 0.0868324 0.3573673 0.9299187 0.07322233 0.08550065 0.9936439 0.06148284 0.4390989 0.8963326 0.03012973 0.2215237 0.9746894 0.03903836 0.3678051 0.9290831 0.03896009 0.3557932 0.9337523 0.04217571 0.3680632 0.9288438 0.04217773 0.3682135 0.9287841 0.2517955 0.06023329 0.9659043 0.2734906 0.1896231 0.9429985 0.275259 0.1861116 0.9431834 0.2919436 0.2948407 0.9098561 0.3423153 0.3050734 0.888679 0.3535037 0.3793832 0.8550461 0.4022891 0.3883534 0.8290629 0.4132925 0.4669088 0.7817837 0.4139001 0.463239 0.7836431 0.4230927 0.5459988 0.7231029 0.4236109 0.5434296 0.7247332 0.4294749 0.6233844 0.653409 0.4297127 0.6224328 0.6541593 0.4315983 0.6970816 0.5725383 0.4312896 0.6980041 0.5716463 0.4288919 0.7631344 0.4834024 0.4276753 0.7659001 0.4800946 0.42155 0.8182421 0.390865 0.3646649 0.8693438 0.3335579 0.3715704 0.830224 0.4155281 0.374327 0.8252092 0.4229764 0.3791613 0.7715147 0.5108835 0.3806838 0.7678558 0.515245 0.3821696 0.701397 0.6016551 0.3827734 0.6994962 0.6034813 0.3804852 0.6236398 0.6828649 0.3804758 0.6236782 0.6828351 0.3747143 0.5426588 0.7517385 0.3744105 0.5441247 0.7508298 0.365762 0.4606035 0.8087415 0.3653567 0.4630466 0.8075286 0.3550739 0.3832784 0.8526548 0.303609 0.3745492 0.8760905 0.2934265 0.298511 0.9081807 0.2402686 0.2890105 0.9266844 0.2259712 0.1798977 0.9573786 0.2245133 0.1828013 0.9571717 0.2161131 0.1207881 0.9688681 0.2272016 0.0616948 0.9718916 0.2103143 -0.04070252 0.9767861 0.1222691 -0.0563271 0.9908974 0.1140825 -0.1328622 0.984547 0.04218864 -0.1390875 0.989381 0.04724806 -0.2228578 0.9737053 0.3716528 0.9270268 0.04995626 0.3099427 0.9486954 0.06255131 0.3382414 0.9410532 0.00340867 0.3588289 0.9215852 0.148063 0.3603366 0.9227629 0.1366245 0.3747198 0.8936008 0.2471086 0.3749369 0.8987528 0.2273014 0.3921113 0.8251792 0.4066054 0.4098253 0.8634021 0.2942451 0.419135 0.8223646 0.3847625 0.4657672 0.8087648 0.3591105 0.4731347 0.7578743 0.4491885 0.0442382 0.2215166 0.9741527 0.04475277 0.2760606 0.9600978 0.08349937 0.2775306 0.9570813 0.08672642 0.3569986 0.9300702 0.1399909 0.3606505 0.9221355 0.1451816 0.4441849 0.884094 0.1651349 0.3383747 0.9264087 0.1834139 0.6396336 0.7464773 0.208106 0.5333593 0.8198902 0.212708 0.6176876 0.7571111 0.2124568 0.6187556 0.7563092 0.2151768 0.6985495 0.6824424 0.2144478 0.7011429 0.6800079 0.2150565 0.771773 0.5984291 0.2137061 0.7756788 0.5938453 0.2123109 0.8349416 0.5077369 0.2101257 0.8399425 0.5003439 0.1498121 0.8878746 0.4350116 0.1517635 0.8396811 0.5214438 0.1534022 0.8357437 0.5272574 0.1541782 0.7746036 0.6133665 0.1552867 0.7712971 0.6172413 0.1546146 0.6993168 0.6978899 0.1552473 0.6970503 0.7000137 0.1530614 0.6164087 0.7724071 0.1532998 0.6153875 0.7731738 0.1497639 0.5301179 0.8345932 0.06704121 0.5265271 0.8475109 0.06675165 0.5067192 0.859523 0.1428444 0.9308041 0.3364511 0.1393222 0.9581215 0.2501849 0.138025 0.9565373 0.2568767 0.1341125 0.976014 0.171495 0.05867111 0.9684675 0.2421328 0.05737763 0.9817454 0.1813394 0.1333407 0.9754235 0.1754119 0.1284197 0.9884769 0.08013653 0.2044029 0.8905128 0.406456 0.2005526 0.9236313 0.326625 0.1976913 0.9274367 0.3174577 0.193341 0.9506977 0.2424731 0.1790674 0.9635981 0.1985286 0.1851499 0.9686837 0.1654435 0.1776827 0.9820415 0.06343066 0.1169741 0.9912417 0.06129401 0.207189 0.8856129 0.4156472 0.1476903 0.8918688 0.4275016 0.1449433 0.9278037 0.3437612 0.0618264 0.9335899 0.3529694 0.05857104 0.9211301 0.3848232 0.1838568 0.9801965 0.07356178 0.1839529 0.9801796 0.07354795 0.1839014 0.9801874 0.07357347 0.1252349 0.1702551 0.9774096 0.1337464 0.2796497 0.9507408 0.1870427 0.285872 0.9398363 0.1943956 0.3636169 0.9110397 0.2510003 0.3708732 0.8941208 0.2593408 0.4533782 0.8527548 0.2595503 0.4522516 0.8532892 0.2666786 0.5371084 0.8002482 0.2666622 0.5371441 0.8002296 0.2718387 0.6200745 0.7359425 0.2715244 0.621365 0.7349694 0.2742905 0.6997372 0.6596459 0.2735072 0.7024288 0.6571055 0.2735942 0.771526 0.5743639 0.2719531 0.7760255 0.5690572 0.2695351 0.8333185 0.4826294 0.2670317 0.8386481 0.4747246 0.262821 0.8819679 0.3912261 0.2594752 0.8873881 0.381071 0.254389 0.9177839 0.304892 0.2509383 0.922021 0.2948002 0.2421141 0.9518852 0.1878705 0.2382597 0.9539899 0.1820325 0.2258052 0.9730383 0.04699742 0.248395 0.9660338 0.07126402 0.06764781 0.6353681 0.7692407 0.06764775 0.6351565 0.7694154 0.06354266 0.6966269 0.7146142 0.06756526 0.7510703 0.6567559 0.06744152 0.7729193 0.63091 0.0640133 0.7511876 0.6569776 0.06338709 0.8391268 0.54023 0.06512296 0.8486359 0.5249536 0.06405317 0.8927033 0.4460695 0.0552634 0.8488386 0.5257557 0.06240546 0.9210057 0.384518 0.4283405 0.9035573 0.01043528 0.4914449 0.8702056 0.03499072 0.4912467 0.8703171 0.03499764 0.3718835 0.9269229 0.0501663 0.4298467 0.9028063 0.01313543 0.4509894 0.880778 0.1443563 0.4680024 0.8783047 0.09774821 0.4817824 0.8580383 0.1779219 0.4780025 0.8529131 0.2098882 0.4954053 0.8333882 0.2450258 0.5059185 0.7988069 0.3255062 0.5072823 0.7967042 0.3285229 0.5157858 0.7472736 0.4189835 0.5160422 0.7467387 0.4196211 0.5202829 0.6838945 0.5114627 0.519654 0.6856176 0.5097923 0.5187326 0.6132706 0.5956642 0.5177031 0.6169651 0.5927374 0.5119192 0.5391507 0.6687715 0.4939988 0.612046 0.6175475 0.4685114 0.3957595 0.7898554 0.4579207 0.4691645 0.7551115 0.4463315 0.3919879 0.8044462 0.4000445 0.3830288 0.8326184 0.3881149 0.3111128 0.8675112 0.3403655 0.3004537 0.8909988 0.3215083 0.192308 0.9271733 0.3193896 0.1964837 0.9270299 0.3052355 0.1192663 0.9447788 0.3120238 0.07544946 0.9470737 0.2895725 -0.02811241 0.9567431 0.2061278 -0.04908758 0.9772931 0.1933356 -0.1241084 0.9732515 0.1116819 -0.1377917 0.9841446 0.1043565 -0.2060346 0.9729644 0.05330741 -0.2101705 0.9762105 0.05287116 -0.2229067 0.9734051 0.04926842 -0.08675193 0.9950109 0.05081391 0.0418986 0.9978289 0.1350716 0.04980337 0.9895834 0.1198856 0.116015 0.9859858 0.1588901 0.04941052 0.9860591 0.1734609 0.176594 0.9688788 0.1746187 0.1743173 0.969083 0.1862301 0.2836026 0.9406849 0.2413589 0.2918719 0.9255035 0.2502313 0.368774 0.8952039 0.3045446 0.3769822 0.8747211 0.3139922 0.4585039 0.8313743 0.3143326 0.4566033 0.8322911 0.3223248 0.5410633 0.7767608 0.3224572 0.5403937 0.7771719 0.3280078 0.6223686 0.7106816 0.3277995 0.6232333 0.7100195 0.3303929 0.7001624 0.6329401 0.3296072 0.7027459 0.6304818 0.328957 0.7704728 0.5460394 0.3272646 0.7748239 0.5408751 0.3236655 0.8301816 0.4539156 0.3209695 0.8354625 0.4460731 0.3153988 0.876683 0.36325 0.3117856 0.8820658 0.3531993 0.3055166 0.9100571 0.2800997 0.3018255 0.914273 0.270197 0.2916132 0.9411233 0.171023 0.2875378 0.9433947 0.1653134 0.273472 0.9610484 0.03999 0.3098815 0.9487147 0.06256079 0.6524559 0.02560985 0.757394 0.6768153 1.22592e-4 0.7361528 0.5603106 0.0293259 0.8277633 0.6007863 -0.001069605 0.799409 0.6525212 0.02561384 0.7573375 0.6525053 0.02560979 0.7573513 0.3435067 -0.806355 0.4814506 0.5604282 -0.0213465 0.827928 0.4605491 0.02965849 0.8871387 0.4607077 0.0296052 0.8870581 0.4608344 -0.003796696 0.8874781 0.232549 -0.7284489 0.6444246 0.2620251 -0.628346 0.7324782 0.3433525 -0.03566616 0.9385291 0.3420769 -0.09132266 0.9352238 0.4348263 -0.09157067 0.8958466 0.3548625 0.01278048 0.9348312 0.2442116 0.01107841 0.9696587 0.1497539 -0.03211927 0.9882016 0.1492153 -0.08829283 0.984855 0.2479624 -0.08850407 0.9647185 0.2460637 -0.1537754 0.9569775 0.3408877 -0.1530159 0.9275676 0.3370519 -0.2157508 0.916432 0.4271686 -0.2129778 0.8787307 0.4189824 -0.2895826 0.8605787 0.502662 -0.2834104 0.8167066 0.4884341 -0.3669368 0.7917004 0.5653426 -0.3562539 0.7439563 0.5442224 -0.4408155 0.7137953 0.6143859 -0.4250393 0.6647342 0.5894599 -0.4988977 0.6353253 0.2471269 0.01181191 0.9689111 0.2442467 0.01246023 0.9696332 0.2441902 0.01246035 0.9696474 0.04142063 -0.1166647 0.9923073 0.05247151 -0.1533421 0.986779 0.1488671 -0.1531008 0.9769334 0.1471047 -0.2189596 0.9645813 0.2435451 -0.2176085 0.9451627 0.2383316 -0.3007047 0.923458 0.3296434 -0.2969868 0.8961775 0.3186001 -0.3900512 0.8639178 0.4033971 -0.3828461 0.8310835 0.384521 -0.4786033 0.7893559 0.4617734 -0.4673467 0.7538914 0.4369467 -0.5517886 0.710357 0.5074527 -0.5365905 0.6742123 0.4802228 -0.6048566 0.6352438 0.5452496 -0.5860844 0.5993398 0.5198203 -0.6371332 0.5690765 0.04227125 -0.2256998 0.9732794 0.0423426 -0.219413 0.9747129 0.1471913 -0.2187788 0.964609 0.1439484 -0.3037765 0.9418061 0.2380264 -0.3012902 0.923346 0.2296068 -0.3976729 0.8883338 0.317331 -0.3922305 0.8633982 0.3012668 -0.4923257 0.8166112 0.3814556 -0.4832834 0.7879903 0.3587307 -0.571854 0.7377637 0.4312685 -0.5593538 0.707906 0.4049995 -0.6309808 0.6616939 0.4713121 -0.6154274 0.6317547 0.4456713 -0.6690147 0.594808 0.5074188 -0.6506143 0.565002 0.4857572 -0.6881713 0.5389437 0.04285341 -0.03892028 0.9983231 0.05664718 -0.08751785 0.994551 0.1497765 -0.08759891 0.9848318 0.1486265 -0.1536334 0.9768864 0.2463423 -0.1531555 0.9570052 0.2434871 -0.2177446 0.9451462 0.3370711 -0.2156947 0.9164382 0.3301932 -0.2959755 0.8963096 0.4182075 -0.291018 0.8604714 0.4051978 -0.3797448 0.8316302 0.4861981 -0.3708047 0.7912744 0.4656242 -0.4614435 0.7551583 0.5396919 -0.4479094 0.7128182 0.5141443 -0.5274601 0.6763442 0.5820272 -0.5094704 0.6337857 0.5552641 -0.57366 0.6021595 0.1306812 0.01642346 0.9912885 0.1301539 0.0164237 0.9913579 0.04285615 -0.03878986 0.998328 0.04769003 -0.03188222 0.9983533 0.04768133 -0.03896987 0.9981022 0.05148375 0.006729841 0.9986512 0.0363627 0.01208353 0.9992657 0.03931933 -0.2259225 0.9733515 0.0535016 -0.3053351 0.9507409 0.1437897 -0.3040849 0.9417309 0.1385226 -0.4028002 0.9047451 0.2287757 -0.3991441 0.8878883 0.2164965 -0.5026608 0.8369358 0.2989844 -0.4958515 0.8153157 0.2796778 -0.5878279 0.7591039 0.3541766 -0.5778857 0.7352599 0.3303025 -0.6521989 0.6823026 0.3975335 -0.6396062 0.6579294 0.3730111 -0.6951749 0.6144872 0.4348081 -0.6802474 0.5900894 0.413142 -0.7193033 0.5584948 0.4714282 -0.7019801 0.5338346 0.4543399 -0.7283354 0.5129355 0.03762519 -0.507394 0.8608923 0.03745692 -0.513302 0.8573902 0.129579 -0.5109804 0.8497696 0.1203044 -0.6078127 0.7849144 0.1979848 -0.6028422 0.7729058 0.3160781 -0.7731251 0.549884 0.2676943 -0.7822552 0.5625092 0.2540905 -0.7898037 0.5582546 0.2052307 -0.7969006 0.5681812 0.195007 -0.8022459 0.5642462 0.1450572 -0.8075309 0.57171 0.1380108 -0.8110384 0.5684802 0.08644098 -0.8145996 0.5735464 0.08238333 -0.8165421 0.5713774 0.2517357 -0.6739852 0.694531 0.1825759 -0.6813154 0.708855 0.1796663 -0.684795 0.7062407 0.1093776 -0.6896805 0.7158054 0.1078199 -0.6916387 0.7141504 0.04245793 -0.6940221 0.7187007 0.01918029 -0.7521717 0.658688 0.04062461 -0.5076258 0.8606195 0.04063415 -0.507473 0.8607091 0.04219597 -0.6121234 0.7896357 0.02584552 -0.6397348 0.7681612 0.02584522 -0.6397154 0.7681772 0.295125 -0.7231253 0.6244927 0.23313 -0.7323355 0.6397931 0.227929 -0.7375127 0.6357071 0.1655277 -0.7442882 0.6470206 0.1620764 -0.7478076 0.6438285 0.09892618 -0.7522971 0.6513545 0.09704858 -0.7543098 0.649306 0.01893937 -0.7566359 0.6535621 0.01068335 -0.8669508 0.4982791 0.3340596 -0.8185105 0.4673808 0.3186469 -0.8220906 0.4718382 0.2760578 -0.8380426 0.4706131 0.2600234 -0.8410084 0.4744396 0.2242242 -0.8528035 0.4716458 0.2063851 -0.8553895 0.4750936 0.1774438 -0.8638262 0.4715061 0.156709 -0.8661145 0.4746452 0.1345119 -0.8718638 0.4709143 0.1099448 -0.8738181 0.4736604 0.09429115 -0.8774257 0.4703547 0.06517893 -0.8789195 0.4724959 0.05588865 -0.8808257 0.4701305 0.02864885 -0.8815803 0.4711641 0.01167154 -0.8854753 0.4645399 0.02291202 -0.7520728 0.6586817 0.02291381 -0.7520173 0.6587451 0.0372228 -0.8182327 0.5736808 0.02453249 -0.8250012 0.5645983 0.02453839 -0.8248619 0.5648015 0.3938173 -0.7835207 0.480628 0.3521752 -0.7950789 0.4937838 0.3297975 -0.807011 0.4898643 0.2895258 -0.8160073 0.5003069 0.2707944 -0.8250882 0.495883 0.2311297 -0.8321011 0.5041695 0.2162054 -0.8387411 0.4997684 0.1763171 -0.8441568 0.5062723 0.1650633 -0.848792 0.502301 0.1241412 -0.8528314 0.5072154 0.1163786 -0.8558135 0.5040234 0.07379281 -0.858553 0.507387 0.06929433 -0.8601766 0.5052667 0.02611303 -0.8615684 0.5069695 0.01068466 -0.8669325 0.4983112 0.03558582 -0.3655466 0.9301126 0.05049997 -0.4054385 0.9127264 0.1380826 -0.4036093 0.9044517 0.1303649 -0.5096731 0.8504343 0.2149649 -0.5050949 0.8358644 0.2002173 -0.5997325 0.7747477 0.2763453 -0.5923016 0.7568435 0.2561369 -0.6688848 0.6978445 0.3243555 -0.659002 0.6786088 0.3022254 -0.7160975 0.6291773 0.3639906 -0.7042216 0.6095759 0.332938 -0.7630805 0.5539498 0.3746283 -0.7533113 0.540533 0.3762739 -0.7597169 0.5303286 0.4387944 -0.7417404 0.5072285 0.4197974 -0.7681195 0.4834904 0.195193 -0.8259508 0.5288715 0.1586648 -0.8294778 0.5355297 0.1337043 -0.8387181 0.527897 0.1221054 -0.839442 0.529554 0.1024188 -0.8463957 0.5226134 0.0904693 -0.8469234 0.5239619 0.07579511 -0.8519392 0.5181263 0.06183898 -0.8523539 0.5192967 0.05159109 -0.8557828 0.5147565 0.03559285 -0.8560668 0.5156383 0.02942264 -0.8581107 0.5126212 0.03526264 -0.8129797 0.5812234 0.02867907 -0.8131114 0.5814012 0.03224152 -0.8114938 0.583471 0.05091279 -0.8110769 0.5827196 0.05677741 -0.8084372 0.5858375 0.0745936 -0.8077924 0.5847284 0.08320039 -0.8039193 0.5888901 0.09936618 -0.8030855 0.5875203 0.1116614 -0.7975142 0.5928769 0.1282606 -0.7963559 0.5910724 0.1447669 -0.7887342 0.5974454 0.1623025 -0.7871116 0.5950741 0.1838251 -0.7768642 0.6022379 0.2026056 -0.774592 0.5991312 0.230118 -0.7609167 0.6066725 0.2207398 -0.6988473 0.6803575 0.1972574 -0.7026475 0.6836492 0.1806368 -0.7129515 0.6775474 0.1577254 -0.7159824 0.6800676 0.1460095 -0.7232053 0.6750224 0.1238825 -0.7255678 0.6769081 0.1160259 -0.730437 0.6730526 0.09422731 -0.7322761 0.6744576 0.0893144 -0.7353624 0.6717627 0.06510609 -0.7368802 0.672881 0.06199604 -0.7388731 0.6709867 0.0368753 -0.7398951 0.6717108 0.03494739 -0.7411663 0.6704112 0.2078675 -0.7421766 0.6371539 0.1867092 -0.7450765 0.640313 0.1682104 -0.755079 0.6336886 0.1479866 -0.7572686 0.6361168 0.1342365 -0.7645705 0.6304066 0.1149783 -0.7661988 0.6322336 0.105259 -0.771331 0.6276696 0.08649021 -0.7725414 0.6290464 0.079979 -0.7759915 0.6256521 0.05927753 -0.7769632 0.6267491 0.05505055 -0.7792236 0.6243236 0.03359246 -0.7798622 0.6250494 0.03093874 -0.7813084 0.6233779 -0.005139112 -0.8827361 0.4698413 0.02567642 -0.858232 0.5126196 0.02568036 -0.8581625 0.5127354 0.02546519 -0.8582373 0.5126212 0.02546572 -0.8582242 0.5126432 0.2931235 -0.8277774 0.4783964 0.2821731 -0.8296618 0.4817049 0.2385817 -0.8461865 0.4764947 0.2276207 -0.8476463 0.4792544 0.191049 -0.8601608 0.4728888 0.1788198 -0.8614022 0.4754048 0.1492017 -0.8706612 0.4687089 0.1345568 -0.8717644 0.4710854 0.1119794 -0.8782852 0.4648395 0.09367126 -0.8792588 0.4670435 0.07776677 -0.8835493 0.4618366 0.05516809 -0.8843059 0.4636375 0.04576182 -0.8867019 0.4600714 0.01155543 -0.8871361 0.4613633 0.01880371 -0.8853766 0.4644942 0.9988294 -0.01122182 0.04705351 0.9995096 0.001036882 0.03129577 0.9994434 -0.01132327 0.0313794 0.9986252 -0.02935063 0.04343241 0.993763 -0.1044285 0.03911221 0.9954227 -0.08929598 0.03405749 0.9954257 -0.0892623 0.03405916 0.9964661 -0.07057237 0.04555267 0.9981414 -0.05233424 0.03122502 0.9981419 -0.05232423 0.03122454 0.9905998 -0.1313064 0.03834927 0.9924809 -0.1178273 0.03314048 0.9924902 -0.1177497 0.03314065 0.9866735 0.01066201 0.1623631 0.9866697 0.01066082 0.1623864 0.9723998 -0.01338022 0.2329367 0.9227067 0.01647543 0.3851504 0.9448048 -0.01274108 0.3273859 0.9611688 0.01482754 0.2755627 0.9611749 0.01482713 0.2755416 0.9861007 -0.1618804 0.03742104 0.988506 -0.1477071 0.03222799 0.9884905 -0.1478115 0.03222447 0.9771965 -0.2091091 0.03688335 0.977555 -0.2073715 0.03719365 0.9793252 -0.1994021 0.03407663 0.9793147 -0.199454 0.034074 0.9812444 -0.1892309 0.03675734 0.9836723 -0.1770663 0.03219187 0.9836674 -0.1770938 0.03219121 0.9790099 -0.2035167 0.01098638 0.9138664 -0.3457123 0.2129117 0.9642418 -0.2473737 0.0951007 0.9541692 -0.2838934 0.0946877 0.9656679 -0.2534414 0.05703592 0.9814505 -0.1916241 0.005927741 0.9363918 -0.3043041 0.1748414 0.8468734 -0.4435524 0.2933717 0.8278013 -0.4830673 0.285291 0.9140694 -0.3689869 0.1683027 0.8649177 -0.4392112 0.2429221 0.8618291 -0.4458101 0.2418761 0.8719688 0.01504153 0.4893305 0.9080259 -0.008791267 0.4188218 0.9227576 0.01641827 0.3850314 0.9227685 0.01641941 0.385005 0.8721297 0.0150429 0.4890435 0.8719731 0.01502537 0.4893231 0.8624402 -0.001638472 0.5061565 0.8013763 -0.1606054 0.5761963 0.8543131 -0.154388 0.4962999 0.855059 -0.1529639 0.4954555 0.8999069 -0.1458389 0.4109728 0.900514 -0.1444826 0.4101213 0.9370636 -0.1363669 0.3214277 0.9374653 -0.1352804 0.3207148 0.9652993 -0.1261312 0.2286664 0.965467 -0.1255539 0.228276 0.8879559 -0.2191268 0.4043734 0.9257895 -0.2015033 0.31986 0.9276564 -0.1969783 0.3172591 0.9572213 -0.1778849 0.2282201 0.958291 -0.1746065 0.2262544 0.8094429 0.008844256 0.5871321 0.8082913 0.009883999 0.5887 0.8094406 0.01079946 0.5871027 0.8094747 0.01080012 0.5870555 0.8093477 0.00884509 0.5872632 0.7360702 0.003461718 0.6768964 0.7462212 0.01692509 0.6654829 0.7358211 0.01879405 0.6769151 0.7360052 0.01879501 0.676715 0.6786986 -0.05089408 0.7326514 0.7489802 -0.05149334 0.6605886 0.7476769 -0.05410528 0.661855 0.8101875 -0.05447548 0.583634 0.8090909 -0.05691283 0.5849214 0.8634673 -0.05698817 0.5011753 0.8626173 -0.05912816 0.5023896 0.9082399 -0.05883967 0.4142926 0.9076148 -0.06069409 0.4153934 0.9439535 -0.06000047 0.3245793 0.7462921 -0.09795612 0.6583713 0.8079479 -0.096888 0.5812339 0.8074283 -0.09786945 0.5817913 0.8610996 -0.09626692 0.4992395 0.8607311 -0.09706401 0.4997206 0.9058668 -0.09485 0.4128064 0.9056175 -0.09548687 0.4132062 0.9420344 -0.09257864 0.3224912 0.9466472 -0.07788199 0.3127196 0.9703244 -0.07564687 0.2296697 0.9699928 -0.07650244 0.2307844 0.6007438 -0.007838249 0.7994033 0.6797114 -0.008098542 0.7334349 0.6767294 -0.01145136 0.7361428 0.7488685 -0.01169669 0.6626155 0.7461283 -0.0150904 0.6656311 0.8104488 -0.01530522 0.5856096 0.8080947 -0.01857924 0.5887596 0.8641021 -0.01874762 0.5029675 0.8621741 -0.02183502 0.5061413 0.909175 -0.02194684 0.4158355 0.9077427 -0.02468436 0.4188004 0.9454457 -0.02472329 0.3248403 0.9445064 -0.02697658 0.3273838 0.9725691 -0.02693969 0.2310489 0.9720654 -0.02858746 0.2329627 0.5185744 0.02919685 0.8545339 0.518678 -0.004408001 0.8549584 0.6037952 -0.00466758 0.7971259 0.6029709 -0.0474897 0.7963484 0.6801408 -0.04823786 0.7314927 0.6776208 -0.09740734 0.728932 0.7469816 -0.09678214 0.6577627 0.740114 -0.1671786 0.6513699 0.8006539 -0.1618208 0.57686 0.7899231 -0.2309872 0.5680373 0.8442413 -0.2183792 0.4894561 0.8448147 -0.2390047 0.4787119 0.8853194 -0.2244316 0.4072347 0.8693309 -0.2927885 0.3981695 0.9120091 -0.2644577 0.3135308 0.910688 -0.2763825 0.3070181 0.9420681 -0.2460001 0.2280173 0.4314942 0.02951914 0.9016326 0.4315915 -0.001296341 0.9020682 0.5216256 -0.001534402 0.8531731 0.5209799 -0.04400426 0.852434 0.6045318 -0.04482352 0.795319 0.6022468 -0.09628212 0.7924826 0.6785139 -0.09600585 0.7282869 0.6716037 -0.1727724 0.7204847 0.7394437 -0.1681999 0.6518681 0.7276731 -0.2460756 0.6402646 0.7882395 -0.2349605 0.5687463 0.7763805 -0.2910991 0.5590122 0.8305514 -0.2735929 0.4851096 0.8165674 -0.327215 0.4755502 0.8653641 -0.3020983 0.3998519 0.8523316 -0.3455795 0.392563 0.8968122 -0.3116844 0.313976 0.8867121 -0.343492 0.309443 0.9282332 -0.2976671 0.2231087 0.9293487 -0.2914879 0.2265962 0.9331371 -0.2938691 0.2071142 0.9153674 -0.3486334 0.2013885 0.91279 -0.3493987 0.2115064 0.7728706 -0.5105017 0.3769074 0.6718949 -0.6378569 0.3764252 0.6940124 -0.6048132 0.3905737 0.7065398 -0.6008793 0.3738259 0.7541458 -0.5449906 0.3664007 0.7633614 -0.5005684 0.4083022 0.7738432 -0.5197146 0.3620271 0.7481189 -0.5649071 0.3481351 0.7369531 -0.5690515 0.3648021 0.6978101 -0.6290974 0.3424873 0.683462 -0.6199986 0.385333 0.682115 -0.6220151 0.3844692 0.853707 -0.4209586 0.3065591 0.8617658 -0.4014642 0.3101394 0.8099994 -0.4460427 0.3807192 0.8236016 -0.4134304 0.3882728 0.769783 -0.4484889 0.4541935 0.7879486 -0.4018671 0.4665191 0.7311859 -0.429189 0.5302491 0.7514089 -0.3693164 0.5468 0.6905443 -0.3897236 0.6093144 0.7095609 -0.3195428 0.6280253 0.6429246 -0.333653 0.6894373 0.6572729 -0.2626324 0.7064111 0.5840124 -0.2712677 0.7650774 0.5963653 -0.1775889 0.7828223 0.5155687 -0.1807511 0.8375667 0.5217191 -0.09320211 0.848011 0.4337037 -0.09304225 0.8962389 0.4353482 -0.03833198 0.8994458 0.3420675 -0.0375815 0.9389237 0.342409 0.007151782 0.9395238 0.2445216 0.01107847 0.9695806 0.4290894 -0.7715978 0.4695948 0.4902301 -0.7374526 0.464584 0.4733453 -0.7587366 0.4475078 0.5314127 -0.7249643 0.4382095 0.5399299 -0.7138451 0.4459832 0.5705919 -0.6904088 0.4447029 0.5880126 -0.6655623 0.4596389 0.6065111 -0.6464412 0.4628803 0.6210707 -0.6233189 0.4751262 0.6374546 -0.6045832 0.4776305 0.6557847 -0.5718969 0.4928292 0.6694785 -0.5544043 0.4944031 0.6906749 -0.5108714 0.5118386 0.6143813 -0.6454638 0.4537755 0.6507153 -0.6499281 0.3926362 0.5761319 -0.6876568 0.4418147 0.5694683 -0.6966573 0.4363194 0.5766803 -0.703843 0.4147831 0.6161909 -0.6715234 0.41154 0.6218781 -0.6636111 0.4157981 0.6524724 -0.6362881 0.4116033 0.6675065 -0.613336 0.4222015 0.6858084 -0.5919054 0.423456 0.6978712 -0.5714106 0.4318168 0.7137631 -0.5509203 0.4324685 0.7289955 -0.5219268 0.4428974 0.3548907 0.02667558 0.9345273 0.159776 0.001779198 0.9871518 0.434323 0.001234412 0.9007564 0.4338406 -0.04064929 0.9000722 0.5225524 -0.04147011 0.8515982 0.5205698 -0.09478396 0.8485419 0.6032807 -0.09477406 0.7918778 0.5966129 -0.1772763 0.7827045 0.6711176 -0.1734428 0.7207766 0.658783 -0.2595281 0.7061517 0.7260338 -0.2496482 0.6407424 0.7126608 -0.3134752 0.6275731 0.7732686 -0.2976912 0.5598532 0.7565316 -0.3597452 0.5461166 0.8118572 -0.3369454 0.4768184 0.7951072 -0.3888201 0.4654284 0.8462412 -0.3582491 0.3943774 0.832157 -0.3976154 0.3865445 0.880135 -0.3579156 0.3118635 0.8705652 -0.3840566 0.3075984 0.9038103 -0.3477057 0.249455 0.8930993 -0.3769482 0.2455272 0.8932588 -0.3793426 0.241222 0.8763421 -0.410184 0.2525345 0.8642461 -0.4376549 0.248066 0.8198816 -0.4872127 0.3006958 0.8017932 -0.5210594 0.2926172 0.9765071 -0.1962014 0.08910065 0.9761763 -0.1970776 0.09077638 0.9789933 -0.1832317 0.08943313 0.9838621 -0.169579 0.05708479 0.976473 -0.2124873 0.0367369 0.9494028 -0.2900265 0.1204958 0.9420157 -0.313873 0.1187028 0.9034743 -0.3830296 0.1924123 0.9002739 -0.3909296 0.1915231 0.8451817 -0.458603 0.2745018 0.8544912 -0.4393509 0.2771566 0.7212544 -0.5673508 0.3973729 0.7233924 -0.5640013 0.398254 0.6944895 -0.5747412 0.4328475 0.7121869 -0.5474537 0.4394136 0.999298 0.02171045 0.03053396 0.9982773 -0.03242737 0.04889792 0.997379 -0.03653758 0.06245315 0.9970089 -0.04299366 0.06422507 0.997593 -0.05861651 0.0370472 0.9888814 -0.1216527 0.08552336 0.9855629 -0.1433254 0.09013193 0.9953897 -0.08672308 0.04096949 0.9838209 -0.1698035 0.05712527 0.9756315 -0.1763839 0.1305065 0.9845424 -0.1264224 0.1212173 0.9819151 -0.1338158 0.1339257 0.9895157 -0.07951319 0.1205676 0.9877552 -0.08489561 0.1308905 0.9929845 -0.03117918 0.1140593 0.9920967 -0.03415524 0.1207383 0.9946954 0.01421225 0.1018785 0.9944611 0.01334851 0.1042541 0.9949215 0.05431938 0.08473914 0.99505 0.05484455 0.08287072 0.9940977 0.08747041 0.06417673 0.9943961 0.08885908 0.05727517 0.9970343 0.07337969 0.02319604 0.9970344 0.07337635 0.02320045 0.9978666 0.06495207 0.006607234 0.9983855 0.01679515 0.05426275 0.9983856 0.01682931 0.05424922 0.9396753 -0.2327 0.2507213 0.9561411 -0.171828 0.2372118 0.9481405 -0.1837936 0.2593252 0.9635229 -0.1184211 0.2400003 0.9573156 -0.1275619 0.259374 0.9697464 -0.06449818 0.2354401 0.965515 -0.07050567 0.2506187 0.9746266 -0.0132094 0.2234475 0.9721919 -0.01644384 0.2336076 0.9782005 0.03279823 0.2050563 0.9773347 0.03178197 0.2093006 0.9807775 0.07165879 0.1814952 0.981026 0.07188445 0.1800573 0.8843876 -0.2807695 0.3728635 0.9111295 -0.2083251 0.3555893 0.8959631 -0.2224137 0.3844249 0.9208295 -0.1486122 0.3605377 0.9086122 -0.1593138 0.3860608 0.930186 -0.08840596 0.3562843 0.9211295 -0.09567886 0.377314 0.9387909 -0.03081595 0.3431066 0.9330849 -0.03480249 0.3579685 0.9465926 0.02126777 0.3217297 0.9438157 0.01972496 0.3298832 0.9208782 -0.2907351 0.2597241 0.9358263 -0.245316 0.2530798 0.9165607 -0.262618 0.3015764 0.9306519 -0.2193101 0.2928997 0.9180045 -0.2341651 0.3200538 0.9392943 -0.1645044 0.3011057 0.9287048 -0.1765444 0.3260973 0.9474552 -0.107347 0.301339 0.9392615 -0.1161915 0.3229357 0.9545791 -0.05138254 0.2934941 0.9490402 -0.0568847 0.3099787 0.9606955 7.39958e-4 0.2776034 0.9576423 -0.001901805 0.2879544 0.9658251 0.04647177 0.254995 0.964821 0.04578638 0.2588903 0.9898267 0.134257 -0.04709756 0.9898074 0.134787 -0.04597586 0.9924129 0.1044005 0.06493914 0.9935473 0.1028861 0.04773086 0.9897624 0.09477776 0.1067138 0.9896865 0.06340205 0.1284556 0.9894498 0.06295907 0.1304815 0.9878147 0.02242153 0.1540115 0.9882319 0.02326613 0.151184 0.9842974 -0.02570545 0.1746368 0.9858051 -0.02257037 0.16637 0.9790408 -0.07830095 0.1880107 0.9818244 -0.07251268 0.1753934 0.9720752 -0.1323249 0.1938041 0.9761647 -0.1239991 0.1781199 0.9643996 -0.1819884 0.1918686 0.9697054 -0.1714705 0.1739811 0.9615907 -0.2070258 0.1802326 0.9714875 -0.1910761 0.1403643 0.9623179 -0.2298803 0.1452567 0.7675424 0.3020623 0.5653647 0.8009257 0.3039582 0.5158755 0.7679684 0.2059532 0.6064717 0.7901942 0.210849 0.5754441 0.7555419 0.1254615 0.6429743 0.7829349 0.1342122 0.6074537 0.7517417 0.06407606 0.6563374 0.7852498 0.0769456 0.6143795 0.7593965 0.02044767 0.6503069 0.8002247 0.03834486 0.5984733 0.7769923 -0.0134021 0.6293674 0.8270828 0.01166415 0.5619592 0.79911 -0.05391961 0.5987622 0.8094702 -0.04347389 0.5855493 0.7687842 -0.1339318 0.6253264 0.7873526 -0.1154768 0.6055915 0.7368865 -0.2200317 0.6392061 0.7643276 -0.1935599 0.6150917 0.7066752 -0.3047653 0.6385362 0.7424663 -0.2716186 0.6123456 0.6919302 -0.364552 0.623165 0.7837217 -0.303695 0.5418023 0.7461272 -0.3753358 0.5499249 0.8338186 -0.3056282 0.4597151 0.8019347 -0.3712425 0.4680597 0.9793815 -0.2017903 0.009627342 0.96093 -0.2654836 0.07830673 0.957804 -0.2766944 0.07779258 0.925188 -0.3440577 0.1601607 0.9357759 -0.3134487 0.1614726 0.8638013 -0.416101 0.2840905 0.8881658 -0.3606589 0.2847574 0.78193 -0.4691058 0.4105182 0.8154609 -0.4076763 0.4108817 0.7244352 -0.4799751 0.4947904 0.7543527 -0.4293088 0.4966346 0.657257 -0.4924961 0.5704917 0.6958423 -0.4309884 0.574502 0.6022644 -0.4828577 0.6357092 0.6459558 -0.4143385 0.6411433 0.5629618 -0.4553441 0.689736 0.6104237 -0.3793312 0.695335 0.5382218 -0.412537 0.7349358 0.5888667 -0.3276346 0.7388448 0.5275942 -0.3547418 0.7718826 0.5802703 -0.2606397 0.7715915 0.847663 -0.2404761 0.4729046 0.7651386 -0.3061598 0.5664181 0.8084838 -0.2158194 0.547518 0.7787776 -0.2474608 0.5764275 0.8263432 -0.1429568 0.5447204 0.804273 -0.1672444 0.5702406 0.8442065 -0.07239139 0.5311073 0.8301848 -0.08817088 0.5504718 0.8610646 -0.008888661 0.508418 0.8538717 -0.01702344 0.5202053 0.8750041 0.0407679 0.482396 0.8729057 0.03842109 0.486374 0.8869611 0.07822847 0.4551708 0.8882744 0.07963722 0.4523564 0.8996044 0.1124358 0.4219838 0.9036943 0.1166466 0.4119833 0.9142873 0.1490228 0.3766576 0.9203527 0.1549197 0.3590973 0.9309386 0.19283 0.3101128 0.907225 0.1927241 0.3738989 0.9217652 0.2452955 0.3002981 0.9028015 0.2506479 0.3494639 0.9151942 0.3089376 0.2587994 0.8999338 0.319404 0.296817 0.9006997 0.3234632 0.2900204 0.8857653 0.3940572 0.2452322 0.853971 0.4200627 0.3070522 0.8520637 0.4007652 0.3367118 0.800168 0.4210716 0.4271184 0.7913562 0.3741856 0.4834674 0.788888 0.3261947 0.5208195 0.7918114 0.3369286 0.509425 0.7600208 0.3361439 0.5562156 0.9855138 0.1429722 -0.09122204 0.9839004 0.1493358 -0.09817802 0.9907942 0.1322274 0.02903103 0.9911189 0.1290652 0.03202807 0.9836458 0.1022691 0.1482633 0.9826028 0.1016681 0.1554199 0.9704391 0.08356523 0.2264172 0.9700087 0.0833708 0.2283254 0.9433031 0.05576413 0.3272153 0.9510307 0.05237358 0.3046271 0.9344249 0.04656267 0.3531035 0.9206772 -0.004796206 0.3902956 0.9252672 -0.002603411 0.3793069 0.9067492 -0.06508183 0.4166178 0.9149259 -0.06021195 0.3991056 0.8918389 -0.1307988 0.4330301 0.9038743 -0.1225937 0.4098561 0.8768292 -0.1979714 0.4381528 0.8926189 -0.1862249 0.4105507 0.8625903 -0.2630599 0.4321314 0.8813067 -0.2482755 0.4020671 0.8589687 -0.3026596 0.4130012 0.8850558 -0.2888121 0.3650531 0.8617622 -0.3438189 0.3730342 0.6345581 -0.6183265 0.4636901 0.6402828 -0.6103248 0.4664137 0.5760759 -0.6238743 0.5281263 0.5804433 -0.6210601 0.5266594 0.6132826 -0.5765857 0.5398458 0.8975883 -0.389422 0.2066054 0.8581196 -0.4415135 0.2621002 0.8425906 -0.4737903 0.2560547 0.7765436 -0.5393344 0.3257278 0.7736849 -0.5442343 0.3243778 0.6972455 -0.5991051 0.3936012 0.6967074 -0.5999186 0.3933147 0.611119 -0.6480982 0.4544253 0.591082 -0.6744762 0.4423846 0.5944 -0.6732696 0.4397689 0.5369365 -0.6985515 0.4729957 0.4726689 -0.7386462 0.48061 0.4496974 -0.7460215 0.4911458 0.4043215 -0.7706383 0.492586 0.2976331 -0.7941182 0.5298971 0.3078776 -0.7809069 0.5435032 0.2580983 -0.789855 0.5563402 0.1973158 -0.8084919 0.5544434 0.1607527 -0.8119358 0.5611765 0.1631157 -0.8109638 0.5618995 0.1483532 -0.8122197 0.5641725 0.1279963 -0.8205294 0.5570895 0.113995 -0.8214057 0.5588362 0.09839326 -0.8275742 0.5526662 0.08454024 -0.8281945 0.554028 0.07312095 -0.8326218 0.5489939 0.0576477 -0.8330966 0.5501154 0.04972505 -0.8361368 0.5462625 0.03291308 -0.8364481 0.5470572 0.02813017 -0.8382863 0.5445042 0.004422664 -0.8384165 0.5450123 0.03503662 -0.8173788 0.5750341 0.3856875 -0.701443 0.599352 0.4377616 -0.6687645 0.6009317 0.4112713 -0.7030739 0.5801233 0.45063 -0.5805121 0.6781876 0.5109758 -0.5576917 0.6541283 0.4963896 -0.5785718 0.6471878 0.7978672 -0.5101281 0.3212121 0.8001605 -0.5059869 0.3220564 0.7597572 -0.5265758 0.3814275 0.7459836 -0.5395 0.3904461 0.7738909 -0.4926596 0.397969 0.644623 -0.5797212 0.4983819 0.6794874 -0.5290967 0.5082851 0.5847256 -0.5806527 0.5665144 0.61546 -0.5372059 0.5767313 0.5275567 -0.5782402 0.6223522 0.5665166 -0.5230047 0.6368086 0.486896 -0.5564538 0.6732692 0.5304397 -0.4924906 0.6899904 0.4597013 -0.5203993 0.7196244 0.507211 -0.4466678 0.7370379 0.9823617 -0.1866546 0.01120042 0.9772577 -0.2004635 0.0691514 0.9637531 -0.2584406 0.06624603 0.9357852 -0.3247442 0.1372852 0.9325636 -0.3341713 0.1365824 0.8884115 -0.402697 0.2203638 0.8986567 -0.3780577 0.22246 0.8081625 -0.4788764 0.3428569 0.8333028 -0.4305431 0.3467554 0.7138795 -0.5283716 0.4595646 0.7488033 -0.4722402 0.4650622 0.6523863 -0.5350404 0.5367718 0.683279 -0.488043 0.5430874 0.5883185 -0.5398574 0.6020262 0.6276983 -0.4815771 0.6116195 0.5414248 -0.5228829 0.6583712 0.5855301 -0.4565811 0.669842 0.5086895 -0.4903442 0.7076706 0.5565562 -0.4153745 0.7195202 0.4898738 -0.4433431 0.7506468 0.5410909 -0.3582282 0.7608505 0.3106911 -0.73429 0.6035639 0.3537532 -0.7098411 0.6090849 0.3219197 -0.7510915 0.5763934 0.4426192 -0.7195714 0.5350751 0.4690818 -0.7033278 0.5341276 0.9988787 0.003875076 0.04718333 0.990622 -0.01062715 0.1362175 0.9902281 -0.02952325 0.1362969 0.9904298 -0.02847248 0.1350492 0.988066 -0.07407706 0.135049 0.9882551 -0.07333076 0.1340696 0.9843255 -0.1154447 0.1333257 0.9843565 -0.1152963 0.1332255 0.979433 -0.1526213 0.1319769 0.9791111 -0.1539647 0.1328023 0.9714584 -0.1979677 0.1306806 0.9701173 -0.20279 0.1332241 0.961205 -0.2428472 0.1308063 0.9581606 -0.2523123 0.1351552 0.9507676 -0.2798025 0.1332349 0.945646 -0.2939107 0.1391773 0.9386428 -0.3163402 0.1373997 0.8932082 -0.3928099 0.2188145 0.8804374 -0.4228566 0.2145288 0.8220323 -0.4915555 0.2874651 0.819093 -0.4971229 0.2862788 0.748108 -0.5569353 0.3607738 0.7489318 -0.5555898 0.3611385 0.6655088 -0.6104656 0.429453 0.6663861 -0.6091941 0.4298979 0.5558247 -0.6649498 0.4988996 0.5703487 -0.6454958 0.5079741 0.5074504 -0.6894702 0.5168414 0.5500598 -0.6348159 0.542626 0.4888613 -0.6776322 0.5493899 0.5402194 -0.6111218 0.5785268 0.4804292 -0.6540385 0.5843129 0.5212351 -0.6012904 0.6056104 0.4388282 -0.6320798 0.6386743 0.3885287 -0.6657376 0.6370548 0.3550799 -0.6749398 0.6468189 0.349034 -0.593103 0.7255372 0.3859274 -0.5654228 0.7289425 0.3271059 -0.6531578 0.6829251 0.3142313 -0.700082 0.6412051 0.3665556 -0.6264368 0.6879055 0.4015893 -0.6160689 0.677632 0.4531756 -0.542833 0.7070815 0.4355525 -0.5166972 0.7371011 0.4624779 -0.4736669 0.7495025 0.446465 -0.4700688 0.7613833 0.4976078 -0.3848827 0.7773364 0.4852582 -0.3812896 0.7868562 0.5387952 -0.2853592 0.7926349 0.5304644 -0.2822726 0.7993309 0.581766 -0.183303 0.792432 0.5774068 -0.1812702 0.7960795 0.618944 -0.09610211 0.7795338 0.6413518 -0.1088837 0.7594817 0.6361667 -0.08508729 0.7668456 0.6946097 -0.05931484 0.7169374 0.6921898 -0.05808293 0.7193745 0.7358722 -0.03802376 0.6760521 0.02403122 -0.8786971 0.4767744 0.0316835 -0.8785988 0.4765086 0.04781949 -0.8761291 0.4796991 0.05506968 -0.8759698 0.4792121 0.0815975 -0.8715578 0.4834551 0.08073949 -0.8715896 0.4835419 0.1178565 -0.8648105 0.4880704 0.1093318 -0.8652698 0.4892389 0.1573994 -0.855522 0.4932622 0.1427236 -0.8566229 0.4958097 0.2018353 -0.8431305 0.4983909 0.1821207 -0.8451327 0.5025763 0.2522651 -0.826878 0.5026284 0.2288412 -0.8300422 0.508588 0.3100226 -0.8056524 0.5047873 0.3639491 -0.7939459 0.4870226 0.3560789 -0.8035815 0.4769326 0.4126238 -0.7762464 0.4766375 0.3994191 -0.7927708 0.4604117 0.4537893 -0.7657906 0.4556756 0.4637768 -0.7530666 0.4666924 0.4926606 -0.7337781 0.4678198 0.5113746 -0.7079045 0.4872035 0.5288501 -0.6915781 0.491973 0.5451346 -0.6665327 0.5084904 0.560876 -0.6501824 0.5125242 0.5814089 -0.6146881 0.5330311 0.5948541 -0.5989997 0.5360487 0.6187441 -0.551301 0.5596633 0.6294456 -0.537143 0.5614942 0.6543535 -0.4779411 0.5859981 0.04799276 0.9948731 -0.08901852 0.009508788 0.9998124 0.01687586 0.05107712 0.9689581 0.2418912 0.05456507 0.993502 0.09988272 0.05418872 0.9949519 0.08446502 0.05040496 0.9936786 0.1003111 0.0694738 0.855839 -0.5125553 0.04794341 0.9949311 -0.08839529 0.7345879 0.6783444 -0.01515251 0.7787732 0.6273056 -2.14616e-5 0.7786691 0.6274349 1.60435e-5 0.6939468 0.7199562 0.01004141 0.7313425 0.6817083 -0.02029776 0.7368217 0.6760407 0.007928788 0.7352573 0.6774892 0.02012729 0.7443751 0.6644448 0.06647598 0.7429417 0.6645583 0.07999962 0.755434 0.6379827 0.1493244 0.7556196 0.6333673 0.1669882 0.7627809 0.6071396 0.2225915 0.762187 0.5990638 0.2453439 0.766191 0.568076 0.3004015 0.7640835 0.5557445 0.3276041 0.7644407 0.522766 0.3772879 0.7602598 0.5062864 0.4070371 0.7576129 0.4742725 0.4484288 0.7512064 0.4543204 0.4788341 0.7462395 0.4226308 0.5143052 0.7378615 0.4004418 0.5433294 0.7308081 0.3678813 0.5749634 0.7208179 0.3444799 0.6014609 0.7051697 0.2884234 0.647725 0.7487534 0.2959435 0.5931155 0.7409304 0.2843373 0.6084197 0.76934 0.2884371 0.5700176 0.7414107 0.2075622 0.6381442 0.762946 0.212821 0.6104269 0.7259259 0.120647 0.6771085 0.7518005 0.1292638 0.6465964 0.7179023 0.0531249 0.694114 0.7498509 0.06551545 0.6583551 0.7211227 0.003565251 0.6927983 0.7597756 0.02022361 0.6498708 0.733237 -0.03674262 0.6789798 0.7796562 -0.01466023 0.6260362 0.7456824 -0.08765512 0.6605107 0.7579846 -0.07613372 0.647814 0.7095623 -0.1749765 0.6825721 0.7310079 -0.155364 0.6644468 0.6729154 -0.2661516 0.6901799 0.703535 -0.2392538 0.6691758 0.6393417 -0.3535133 0.6828401 0.6780285 -0.321189 0.6611468 0.6232027 -0.4142572 0.6633321 0.7133418 -0.3633084 0.5992917 0.6716744 -0.433854 0.6005201 0.7673924 -0.3709995 0.522942 0.731283 -0.4354083 0.525019 0.8219246 -0.3636068 0.4384405 0.7944867 -0.4169768 0.4414988 0.8783478 -0.3334805 0.342485 0.8480893 -0.39981 0.347702 0.9473358 -0.2610382 0.1855102 0.9325342 -0.2931613 0.2107997 0.9665087 -0.2224979 0.127889 0.9537338 -0.2703753 0.1314883 0.9880448 -0.1539707 -0.007784843 0.9708999 -0.2325942 0.05703943 0.02554368 -0.817622 0.5751885 0.02554315 -0.8176286 0.5751793 0.006522536 -0.7816047 0.62374 0.03935343 -0.7542914 0.6553593 0.03999972 -0.7410144 0.6702967 0.01996809 -0.7547554 0.6557024 0.01997619 -0.7546048 0.6558755 0.2415498 -0.6430311 0.7267495 0.2147831 -0.6482433 0.7305128 0.2006396 -0.6583517 0.725477 0.1739858 -0.6627359 0.7283613 0.1644095 -0.6696196 0.7242784 0.138436 -0.6731718 0.7264126 0.1325608 -0.6774684 0.7235083 0.1066328 -0.6803384 0.7250995 0.1033217 -0.6828158 0.7232477 0.07434004 -0.685254 0.7245002 0.07247799 -0.6866927 0.7233257 0.04229879 -0.6883767 0.724119 0.04100483 -0.6894141 0.723206 0.01459664 -0.6901426 0.7235263 0.0461449 -0.6598557 0.7499741 0.5937093 0.8045924 -0.01184713 0.5911295 0.8065503 -0.006542563 0.6023411 0.7967362 0.04895728 0.6018531 0.7968206 0.05338448 0.6174258 0.7754228 0.1323065 0.6172614 0.7752631 0.1339989 0.6348052 0.7366728 0.2331004 0.634869 0.7346022 0.2393763 0.6446266 0.6957521 0.3168368 0.644272 0.6905961 0.3286195 0.6495646 0.6449878 0.4025625 0.6481471 0.6356445 0.4193584 0.6486145 0.587239 0.4842001 0.6455363 0.573292 0.5045981 0.6420928 0.5255342 0.5581493 0.6372442 0.5081609 0.5793896 0.6308937 0.4612358 0.6238868 0.6242903 0.4410004 0.6448103 0.6155287 0.3940916 0.6825074 0.6076361 0.3726567 0.7013597 0.5917113 0.3053439 0.7460851 0.6371722 0.3165023 0.702736 0.6072635 0.2136989 0.7652215 0.6300706 0.2209685 0.7444354 0.5892553 0.1028314 0.8013762 0.6266592 0.1170192 0.7704575 0.5898923 0.02431726 0.8071157 0.579359 0.01065742 0.8150029 0.5497672 -0.05941128 0.8332025 0.5431846 -0.06762611 0.8368854 0.5119723 -0.1395624 0.8475888 0.5091195 -0.1429833 0.8487363 0.4657054 -0.2391475 0.8520135 0.4687497 -0.2357305 0.851296 0.4118388 -0.3537446 0.8397938 0.4231174 -0.3421782 0.838979 0.3620019 -0.4596451 0.8109754 0.3806073 -0.44252 0.8119816 0.3209373 -0.5492439 0.7715766 0.3451539 -0.5293859 0.7749965 0.2898886 -0.621954 0.7274187 0.3179384 -0.6015291 0.7328561 0.2684116 -0.6796276 0.682687 0.2987612 -0.6599621 0.6893416 0.2554603 -0.7245016 0.6401855 0.2875739 -0.7058647 0.6473456 0.2510144 -0.7576403 0.6024725 0.285758 -0.7393438 0.6096829 0.2579497 -0.7772602 0.5738717 0.3773671 -0.7527082 0.5394669 0.3714113 -0.760165 0.5331069 0.4374111 -0.7423772 0.5074915 0.4995012 -0.7051306 0.5032786 0.5585176 -0.6814035 0.4730197 0.5590623 -0.6806957 0.473395 0.6447389 -0.639088 0.4193786 0.6463726 -0.6367784 0.4203758 0.7265448 -0.587213 0.3568103 0.721426 -0.5951558 0.3540256 0.7507022 -0.5661906 0.3404034 0.7604421 -0.5620905 0.3252418 0.7792817 -0.5297443 0.3347999 0.7888517 -0.5255374 0.3186273 0.8394203 -0.4214463 0.3431571 0.8285867 -0.4708554 0.302885 0.8426298 -0.4409212 0.3091337 0.7869869 -0.4893667 0.3757287 0.7986448 -0.4648361 0.3822225 0.7420805 -0.503167 0.4428765 0.7596845 -0.4647569 0.4548414 0.7014406 -0.4953436 0.5124605 0.7233881 -0.4419936 0.5304256 0.662231 -0.4660301 0.5867419 0.6852788 -0.3988129 0.6093777 0.6193746 -0.4169134 0.6652507 0.6399237 -0.3391838 0.6895303 0.5679848 -0.3515735 0.7441703 0.582647 -0.2739388 0.7651666 0.5037268 -0.2813536 0.8167617 0.5155323 -0.1808 0.8375786 0.4414721 -0.1830873 0.8783971 0.4316715 -0.152567 0.8890349 0.3405935 -0.1536552 0.9275701 0.3431805 -0.08991676 0.9349557 0.2470343 -0.08965635 0.9648503 0.2479437 -0.0335384 0.9681937 0.14907 -0.03309762 0.9882727 0.1491959 0.008383452 0.9887722 0.130226 0.0164349 0.9913482 0.9849061 0.131895 -0.1120884 -0.8285948 0.2091941 -0.5192964 -0.9639654 0.04223239 -0.2626544 -0.9911806 -0.09606152 -0.09128636 -0.9783201 -0.004430472 -0.2070511 -0.3947311 -0.6902766 0.6063874 -0.01998776 -0.7547539 0.6557035 -0.945666 0.04872059 -0.3214689 -0.9510225 -0.293637 0.09661096 -0.9800119 -0.004661858 -0.1988841 -0.9999216 0.00566107 -0.01117551 -0.9999299 0.004128515 -0.01110988 -0.9944322 0.01233708 0.1046542 -0.2669381 -0.8400694 0.472258 -0.1351665 -0.6893499 0.711707 -0.9086214 -0.0244022 0.4169073 -0.8501017 0.01956599 0.526255 -0.02749401 -0.03881067 0.9988684 -0.1731341 0.01680737 0.9847549 -0.05801218 0.01835107 0.9981473 0.9968033 0.008554637 -0.07943689 0.9954546 0.05534178 -0.07750803 0.9951832 -0.09010964 -0.03861045 0.9477175 0.07078933 -0.3111599 0.9980092 -0.01178008 -0.0619595 0.6072029 0.2331758 -0.7595616 0.7109673 0.008030295 -0.7031792 0.710921 0.00770986 -0.7032297 -0.2818292 0.3040235 -0.9100231 0.2227095 0.01221066 -0.9748085 0.1082053 0.006291925 -0.9941087 0.1082167 0.01284027 -0.9940444 0.9644665 0.1203018 -0.2352275 0.9985401 -0.02853393 -0.04586595 0.9991929 -0.03432774 -0.02086496 0.9974216 -0.02057266 -0.06875276 0.549237 -0.7689779 -0.3271263 0.9771464 0.05389821 -0.2056209 0.5143175 -0.6206701 -0.591816 -0.4539005 -0.8234996 -0.3403274 -0.4414767 -0.7311497 -0.5201139 -0.6927595 -0.7108398 -0.1216188 0.9665155 0.1545532 -0.2048445 0.3575224 0.05920743 -0.9320259 0.2699422 0.04958057 -0.9615992 0.1928299 0.04316771 -0.9802822 0.9817154 0.1464989 -0.121545 0.4314806 0.1599115 -0.887836 -0.08196538 -0.007101774 -0.9966099 -0.05779665 0.08270424 -0.9948968 -0.8733093 0.4871421 -0.004851698 -0.8700597 -0.4915602 -0.03694295 -0.9658064 0.2074012 0.1555728 -0.4029061 0.2479718 -0.8810089 -0.9860802 0.1303954 -0.1031649 -0.8834497 -0.003157258 0.4685153 -0.7620705 0.6474405 0.008341014 -0.8690999 0.4730417 0.1445582 -0.7902194 0.6104762 0.05359482 -0.8202656 0.2736694 0.5022644 -0.5335857 0.8422971 0.07630175 -0.4739912 0.8747597 0.1006372 -0.09843868 0.9928337 0.06775891 -0.04917031 0.3680848 0.9284912 -0.04884028 0.3539796 0.9339771 -0.6293002 -0.131424 0.7659693 -0.5289452 -0.2601026 0.8078141 -0.03352397 -0.08679598 0.9956619 -0.04023486 -0.6600095 0.7501792 -0.03584891 -0.5254764 0.8500527 0.004792571 -0.3795267 0.9251684 -0.03217309 -0.5291494 0.8479186 -0.03217238 -0.5291664 0.847908 -0.1150508 -0.4291628 0.8958699 -0.2310161 -0.1936883 0.953476 -0.1812242 -0.2047072 0.9619006 -0.1785944 -0.1995708 0.9634706 -0.1344508 -0.2071572 0.9690248 -0.1322302 -0.203002 0.9702089 -0.07782125 -0.2094511 0.9747174 -0.07647943 -0.2070673 0.9753328 -0.0323503 -0.2097768 0.977214 -0.04163789 -0.2229136 0.9739486 -0.1956039 -0.1242409 0.9727813 -0.1467562 -0.1333321 0.9801455 -0.1448749 -0.1292092 0.9809772 -0.08471745 -0.1369392 0.9869502 -0.08355671 -0.1345519 0.9873774 -0.0455904 -0.1370989 0.9895077 -0.02048146 -0.08691304 0.9960054 -0.04163444 -0.2230288 0.9739224 -0.01280182 -0.3117473 0.9500789 -0.06853818 -0.3087515 0.9486702 -0.06699883 -0.3108446 0.9480964 -0.1182764 -0.3053264 0.9448739 -0.1405013 -0.2764266 0.9507092 -0.1589669 -0.3067452 0.9384226 -0.2028926 -0.2979136 0.9327819 -0.2249136 -0.2018113 0.9532504 -0.2762667 -0.1882504 0.9424641 -0.3725774 -0.06800222 0.9255063 -0.3472185 -0.1022352 0.932195 -0.2944049 -0.1191947 0.9482185 -0.3015445 -0.1093612 0.9471595 -0.2463159 -0.1250164 0.9610928 -0.2521354 -0.1166216 0.960639 -0.1978955 -0.129558 0.9716234 -0.2405362 -0.5732123 0.7833071 -0.2526872 -0.4053912 0.8785256 -0.2131338 -0.5113552 0.8325203 -0.2575371 -0.5005364 0.8265216 -0.2863379 -0.476306 0.8313502 -0.2926561 -0.4830475 0.8252379 -0.3411927 -0.3784093 0.8604615 -0.337677 -0.3816869 0.8604007 -0.3042975 -0.3922566 0.8680657 -0.3034335 -0.3930771 0.8679968 -0.2529398 -0.407698 0.8773847 -0.2960432 -0.2834484 0.9121489 -0.3875387 -0.2662703 0.882561 -0.3898786 -0.2638364 0.8822613 -0.3495467 -0.2780563 0.8947077 -0.3537669 -0.2735605 0.8944349 -0.2966159 -0.2922641 0.9091759 -0.3300727 -0.5322669 0.7795795 -0.3809356 -0.440582 0.8128811 -0.3634834 -0.4548658 0.813005 -0.5089344 -0.4460998 0.7361934 -0.508951 -0.4112687 0.7561925 -0.5412809 -0.3562829 0.7616282 -0.5268662 -0.3024055 0.7943318 -0.5448309 -0.3596222 0.7575166 -0.5461862 -0.3210732 0.7736877 -0.5662199 -0.2852608 0.7733184 -0.5666642 -0.2733933 0.7772695 -0.5876178 -0.234536 0.7744019 -0.6270644 -0.1681451 0.7606034 -0.5880613 -0.2244646 0.7770456 -0.620994 -0.1597539 0.7673625 -0.56738 -0.1835016 0.8027498 -0.5575144 -0.193204 0.8073723 -0.5155035 -0.2108659 0.8305371 -0.5091043 -0.2171882 0.8328519 -0.4693006 -0.2332566 0.8516738 -0.4661736 -0.2363936 0.8525258 -0.45539 -0.0578736 0.888409 -0.4317213 -0.08753567 0.8977496 -0.3874745 -0.1041737 0.9159756 -0.5358949 -0.04002052 0.8433357 -0.5102254 -0.07010757 0.8571786 -0.4680776 -0.08720558 0.879374 -0.7171686 -0.0422343 0.6956188 -0.7108044 -0.04883718 0.7016924 -0.6573888 -0.07289731 0.7500172 -0.652303 -0.07809728 0.7539242 -0.6032807 -0.09947556 0.7913008 -0.6004874 -0.102343 0.793058 -0.5542417 -0.1220077 0.8233652 -0.5540843 -0.1221653 0.8234478 -0.5097072 -0.1405932 0.8487828 -0.4799532 -0.1715584 0.8603562 -0.7487528 0.122049 0.6515162 -0.7587244 0.1326637 0.6377599 -0.7043763 0.1144267 0.7005431 -0.7406693 0.01406157 0.6717227 -0.7399315 0.013296 0.6725509 -0.6848173 -0.01026713 0.7286425 -0.6850059 -0.01006656 0.7284681 -0.6338241 -0.03171181 0.7728269 -0.635797 -0.02963936 0.7712871 -0.5870345 -0.05012422 0.8080087 -0.590879 -0.0459882 0.8054484 -0.5472694 -0.06421351 0.8344896 -0.04456752 0.06895565 0.9966238 -0.03716796 0.1320597 0.9905447 -0.04333359 0.2215186 0.9741929 -0.04662138 0.2002181 0.9786415 -0.04719352 0.2213729 0.9740467 -0.0413016 0.2739318 0.960862 -0.04677468 0.3676735 0.9287779 -0.04678362 0.3679851 0.928654 -0.03948634 0.5074553 0.8607729 -0.05002921 0.4383085 0.8974312 -0.05137693 0.5075868 0.8600676 -0.04850977 0.5251006 0.8496565 -0.04872149 0.6360867 0.7700781 -0.05280417 0.611805 0.7892442 -0.05311316 0.6356765 0.7701263 -0.04250514 0.7521088 0.6576669 -0.05363291 0.6950635 0.7169451 -0.05400037 0.7516406 0.6573588 -0.04987078 0.771553 0.6342073 -0.04985082 0.8493706 0.5254375 -0.05303639 0.8373825 0.5440382 -0.05297267 0.8489507 0.5258106 -0.04668945 0.8915628 0.4504841 -0.05152827 0.9215891 0.3847318 -0.05153059 0.921486 0.3849783 -0.0467019 0.9331166 0.3565284 -0.04527008 0.969146 0.2422945 -0.04952561 0.9624993 0.2667253 -0.0491985 0.9690403 0.2419517 -0.04205507 0.9823864 0.1820667 -0.04562628 0.9939488 0.09992027 -0.03205972 0.9993439 0.01685386 -0.06861275 0.9116724 -0.4051492 -0.0456351 0.9939053 0.1003493 -0.03710722 0.9968839 0.06961071 -0.06842523 0.9130113 -0.4021549 -0.09952032 0.04410415 0.9940577 -0.1752807 0.05448329 0.9830098 -0.1865682 0.145157 0.9716593 -0.1868746 0.1414068 0.9721533 -0.1952214 0.2129613 0.957359 -0.1954808 0.2096831 0.9580293 -0.2038819 0.2866398 0.9360929 -0.2040917 0.284139 0.9368093 -0.2121958 0.36551 0.9062976 -0.2123389 0.3639186 0.9069043 -0.2197467 0.4481284 0.8665405 -0.2197945 0.4476872 0.8667564 -0.2260106 0.5322126 0.8158854 -0.2258915 0.5331767 0.8152888 -0.2305175 0.6162226 0.7530815 -0.2301322 0.6188305 0.7510579 -0.2327125 0.6959726 0.6793138 -0.2318208 0.7007738 0.6746667 -0.2322019 0.7690616 0.5955054 -0.2305396 0.775975 0.5871238 -0.2288855 0.831768 0.5057405 -0.2262833 0.8398944 0.4933289 -0.2231201 0.882544 0.4139246 -0.2197664 0.890355 0.3987113 -0.2157956 0.9206152 0.3254228 -0.2123354 0.9265537 0.3105029 -0.2079185 0.9477917 0.2417865 -0.2049981 0.9514205 0.2297279 -0.2003278 0.9658448 0.1643555 -0.2274001 0.9711398 0.07194954 -0.2273834 0.9711438 0.07194894 -0.2274889 0.9711161 0.07198882 -0.1649573 0.9827226 0.08393728 -0.1079388 0.9930976 0.04589539 -0.1139198 0.9782306 0.1734566 -0.115002 0.9771896 0.1785359 -0.1180153 0.9601066 0.2535109 -0.1198051 0.9575236 0.2622886 -0.1225661 0.9323214 0.3402269 -0.1246045 0.9282321 0.3505123 -0.1269814 0.8928965 0.4319856 -0.1290824 0.8872237 0.4429128 -0.1308129 0.8398022 0.526897 -0.1324496 0.83403 0.5355848 -0.1332133 0.7741494 0.6188272 -0.1342716 0.769418 0.6244735 -0.1338217 0.6977084 0.7037718 -0.1344578 0.6942777 0.7070359 -0.1327373 0.614652 0.7775499 -0.1330908 0.6123853 0.779276 -0.130212 0.527661 0.8394157 -0.1302946 0.5270667 0.8397762 -0.1265312 0.4412195 0.8884342 -0.1265386 0.4411403 0.8884725 -0.1221637 0.3568656 0.9261334 -0.1220831 0.3575205 0.9258915 -0.1173707 0.2768929 0.9537057 -0.1172058 0.2783134 0.9533124 -0.1123905 0.2026532 0.9727796 -0.1121832 0.2043513 0.9724482 -0.1074685 0.1347156 0.9850393 -0.1072021 0.1367918 0.9847822 -0.1007032 0.0465967 0.9938247 -0.04377502 0.04260987 0.9981324 -0.03359961 0.06899988 0.9970507 -0.1729437 0.05001246 0.9836612 -0.2369698 0.06266522 0.9694939 -0.2519773 0.1537715 0.955438 -0.2522464 0.1481371 0.9562569 -0.2635909 0.2218495 0.9387772 -0.2638458 0.2165383 0.9399451 -0.2751895 0.295587 0.9148219 -0.2754294 0.2908949 0.9162527 -0.2862599 0.373977 0.8821545 -0.2864898 0.3703596 0.8836048 -0.2962025 0.4555897 0.8394655 -0.296404 0.4530811 0.8407511 -0.3043773 0.5381189 0.7859916 -0.3044345 0.5376659 0.7862794 -0.3100854 0.6201026 0.7206385 -0.3099419 0.6211084 0.7198337 -0.3127989 0.6978973 0.6442797 -0.3120054 0.7020481 0.6401414 -0.3118044 0.7689208 0.5581567 -0.3101221 0.7752466 0.5502882 -0.307205 0.8291333 0.4670792 -0.3042793 0.837146 0.4545336 -0.2995542 0.8767259 0.3763232 -0.2956224 0.8845879 0.3607102 -0.2902274 0.9112873 0.292102 -0.2860705 0.9174478 0.2765018 -0.2804792 0.9354826 0.2149506 -0.2609633 0.9541385 0.1466898 -0.1983838 0.9675227 0.1566647 -0.1884924 0.981387 0.03674596 -0.1649389 0.9827263 0.08392947 -0.3585278 0.9022983 0.2394072 -0.3628427 0.896702 0.2535168 -0.369658 0.8729946 0.3181719 -0.3738241 0.8658037 0.3326255 -0.3803509 0.8289605 0.4100703 -0.3833116 0.8219236 0.4213239 -0.3879022 0.7701324 0.5063871 -0.3894976 0.7647994 0.5131995 -0.3907535 0.6996054 0.5982175 -0.3912899 0.6970663 0.6008253 -0.3886677 0.621264 0.680418 -0.3886134 0.6216119 0.6801312 -0.3824102 0.5403097 0.7495518 -0.3821372 0.5430572 0.7477032 -0.3728847 0.4582986 0.8067959 -0.372594 0.4624755 0.8045434 -0.3609908 0.3770231 0.8529592 -0.360735 0.3827564 0.8505104 -0.3475102 0.298647 0.8888458 -0.3473122 0.3053087 0.8866571 -0.33325 0.2247652 0.9156556 -0.3330919 0.2320504 0.9138942 -0.3187945 0.1561502 0.9348728 -0.3186474 0.1640327 0.9335723 -0.3001456 0.07258599 0.9511277 -0.2331613 0.055817 0.9708349 -0.425631 0.8818027 0.2031309 -0.4294864 0.8772856 0.2142695 -0.4376317 0.8556846 0.2761929 -0.4412999 0.8500731 0.2874546 -0.4497173 0.8151215 0.3651457 -0.4521806 0.8099683 0.3734757 -0.4586488 0.759687 0.4609957 -0.4597163 0.7565128 0.4651337 -0.462329 0.6923763 0.5539557 -0.4623628 0.6922268 0.5541144 -0.4603471 0.6174352 0.6378514 -0.4599246 0.6201616 0.6355068 -0.453547 0.5396533 0.7092739 -0.4530209 0.5448499 0.7056278 -0.4429135 0.4605521 0.7692331 -0.4424912 0.4674774 0.7652886 -0.4293461 0.3814483 0.8186326 -0.4290775 0.3897621 0.8148485 -0.4138324 0.3047443 0.8578307 -0.4137084 0.3138158 0.854614 -0.3972294 0.2317932 0.8879645 -0.3972189 0.2413463 0.8854204 -0.3803116 0.1638179 0.9102345 -0.380358 0.173336 0.9084507 -0.3589873 0.08245992 0.9296928 -0.2948097 0.06359189 0.9534376 -0.3305912 0.9426061 0.04693889 -0.3452057 0.9385206 0.003523945 -0.2898384 0.9547086 0.0672701 -0.5225653 0.8524348 0.01674646 -0.4671905 0.8836597 0.02964174 -0.4612329 0.886883 0.02651107 -0.4650028 0.8851565 0.01644247 -0.4107657 0.9107969 0.04148185 -0.4108918 0.9107409 0.04146236 -0.3946872 0.9185978 0.02000409 -0.3526887 0.9340106 0.05687731 -0.3525085 0.9340762 0.05691766 -0.5508007 0.8169758 0.1707898 -0.4128631 0.9029679 0.1191352 -0.4113238 0.9026602 0.1265603 -0.34652 0.9269365 0.1439189 -0.3443863 0.9261609 0.1537012 -0.2723006 0.9470835 0.1699572 -0.2622474 0.962352 0.0714488 -0.2809436 0.9596976 -0.007162153 -0.5354083 0.8313345 0.1490666 -0.5587327 0.8034769 0.2055301 -0.5702634 0.7710105 0.2834479 -0.5706084 0.7703977 0.2844178 -0.5804573 0.7224574 0.3756658 -0.5796105 0.7245563 0.3729208 -0.5849007 0.6627033 0.4676703 -0.5835006 0.667833 0.4620889 -0.5829538 0.5954198 0.5528474 -0.5814814 0.6037203 0.5453451 -0.5753535 0.525511 0.6267429 -0.5742039 0.5360028 0.6188627 -0.5632064 0.4535306 0.6907306 -0.5625019 0.4655496 0.6832681 -0.5474319 0.3807646 0.7452092 -0.5471678 0.3939117 0.7385398 -0.5289884 0.3089261 0.7904024 -0.529094 0.3223302 0.7849605 -0.5089973 0.2397196 0.8267143 -0.5093464 0.2529143 0.8225575 -0.4883633 0.1743279 0.8550505 -0.4888393 0.1870698 0.8520805 -0.4631552 0.09836059 0.8808022 -0.4037622 0.07736527 0.9115869 -0.5406628 0.09284538 0.8361002 -0.5942811 0.1132454 0.7962446 -0.6228318 0.1932354 0.7581165 -0.6219214 0.1795614 0.7622149 -0.6456944 0.2521006 0.7207802 -0.6449385 0.2368429 0.7266085 -0.6673783 0.3124511 0.6760035 -0.66697 0.2964137 0.6835862 -0.686919 0.3736175 0.6233396 -0.6870831 0.3570328 0.6328068 -0.70326 0.4335614 0.563427 -0.7041871 0.4170618 0.5746129 -0.7155869 0.4906941 0.4971467 -0.7173819 0.4751209 0.5095326 -0.7233198 0.5449428 0.4240823 -0.7259692 0.5311872 0.4368168 -0.7257118 0.596048 0.343612 -0.4979895 0.0882709 0.8626788 -0.5530466 0.1091253 0.8259729 -0.5811238 0.1927794 0.7906525 -0.5802997 0.1787827 0.794537 -0.603608 0.2543545 0.7556198 -0.6029569 0.2394823 0.7609805 -0.6250371 0.3185489 0.7126396 -0.6247149 0.3025633 0.719852 -0.6443833 0.3832907 0.6617088 -0.6445884 0.3674705 0.6704263 -0.6606147 0.4477361 0.602595 -0.6615069 0.4322399 0.6128436 -0.6728264 0.5095854 0.5363091 -0.6744972 0.4951441 0.5476183 -0.6804013 0.5684673 0.4624924 -0.6827791 0.5560565 0.4739345 -0.6825011 0.6241868 0.3802407 -0.685326 0.6146003 0.390634 -0.6787161 0.6727702 0.2944907 -0.5815992 0.09733468 0.8076313 -0.6341185 0.1170809 0.7643206 -0.6627473 0.1929937 0.7235465 -0.6617912 0.1796194 0.7278526 -0.6855288 0.2481432 0.6844527 -0.6847226 0.2334263 0.6904109 -0.7070766 0.3047281 0.6381093 -0.7066171 0.2887169 0.6460146 -0.7264626 0.3614003 0.5845015 -0.7265825 0.344642 0.5943903 -0.7426555 0.4164617 0.524426 -0.743559 0.3996555 0.5360928 -0.754913 0.4686795 0.4587439 -0.7567478 0.4524977 0.4717825 -0.7627644 0.518039 0.3870738 -0.8361563 0.3137637 0.4498836 -0.6216709 0.1021678 0.7765869 -0.6741093 0.1213835 0.7285895 -0.7021347 0.1921994 0.6856138 -0.7011973 0.1797213 0.689944 -0.7243817 0.2435218 0.6449561 -0.7235665 0.2293213 0.6510478 -0.7453467 0.2954905 0.5976151 -0.7448539 0.2799967 0.6056357 -0.7641285 0.3471584 0.5436807 -0.764203 0.3308968 0.5536257 -0.7797759 0.3970015 0.4840864 -0.7806332 0.3803914 0.4958974 -0.7916931 0.4438619 0.4197723 -0.8593661 0.3864724 0.3348569 -0.8609378 0.3713605 0.3476748 -0.8661351 0.4185373 0.273197 -0.8693766 0.4481549 0.2081868 -0.8893924 0.3252632 0.3212243 -0.8789607 0.361119 0.3114826 -0.8822801 0.3252911 0.3402465 -0.8500805 0.3364523 0.4051703 -0.8493093 0.3516493 0.3937213 -0.4526776 0.08324801 0.8877798 -0.509659 0.1043322 0.8540272 -0.5367427 0.1908166 0.8218859 -0.5360763 0.1772798 0.8253449 -0.5584331 0.2548836 0.7894219 -0.5579167 0.2404193 0.7943095 -0.5792171 0.3218507 0.7489457 -0.5790054 0.3071173 0.7552694 -0.5980388 0.3902899 0.7000167 -0.5982789 0.3754118 0.7079042 -0.6139674 0.4585679 0.6424637 -0.6147803 0.4445337 0.6514869 -0.6259809 0.5249319 0.5767102 -0.6274336 0.5120924 0.5865906 -0.6334072 0.5882696 0.5027269 -0.6353979 0.5776008 0.5124908 -0.6353898 0.648245 0.4195929 -0.6375552 0.6406981 0.4278193 -0.6313927 0.7008268 0.3319413 -0.6331688 0.6965852 0.337441 -0.6222537 0.7432233 0.245804 -0.5744633 0.818519 0.004325449 -0.6270548 0.778842 0.01440328 -0.7934765 0.4276248 0.4330496 -0.7994881 0.4878665 0.3504356 -0.7655666 0.5032719 0.4007808 -0.7655723 0.5641097 0.3093211 -0.7290584 0.5846858 0.355832 -0.7225068 0.6402875 0.2607988 -0.681522 0.6661859 0.3028599 -0.670145 0.7113459 0.2118792 -0.6232938 0.741437 0.248548 -0.6052196 0.78319 0.142558 -0.605242 0.7831969 0.1424245 -0.5891178 0.8058974 0.05890387 -0.589586 0.8057214 0.05658352 -0.5799844 0.814593 0.007503986 -0.5766586 0.8168428 0.01525765 -0.7172501 0.6967286 0.01103568 -0.717202 0.6967778 0.01105183 -0.8062838 0.5157334 0.2896994 -0.8009524 0.564087 0.2007015 -0.7670341 0.5944534 0.2414207 -0.7564884 0.6353065 0.1552773 -0.7179174 0.6697731 0.1897333 -0.7018948 0.7054058 0.09872388 -0.7033327 0.7050213 0.09092938 -0.6916197 0.7215562 0.03191959 -0.6932329 0.7202984 0.02446526 -0.686581 0.7269937 -0.009315311 -0.7058568 0.7065135 -0.05103939 -0.6727745 0.7397461 0.012259 -0.6726716 0.7398391 0.01229369 -0.8022732 0.472717 0.3645496 -0.8026322 0.5288097 0.2759386 -0.76916 0.5517169 0.3224928 -0.7630702 0.6040805 0.2298056 -0.7259822 0.6320794 0.2709715 -0.7147679 0.6752799 0.181945 -0.6723621 0.7075523 0.2174836 -0.6549851 0.7462314 0.1188836 -0.6557385 0.7462253 0.1146947 -0.6417238 0.7656599 0.04422223 -0.6427998 0.7650377 0.03906297 -0.6340572 0.7732723 -0.004618108 -0.6268666 0.7789925 0.01445972 -0.7862391 0.6178718 0.007927775 -0.796297 0.6035947 -0.03980773 -0.7962508 0.6036632 -0.03969466 -0.7854015 0.6189804 0.002837657 -0.7829405 0.6219532 0.01335871 -0.8267588 0.5625358 -0.004840731 -0.8618795 0.5071131 1.27747e-4 -0.873358 0.4870546 -0.004863679 -0.8640785 0.5031409 -0.01475191 -0.8645793 0.502375 -0.01105409 -0.8241119 0.5663933 0.006203532 -0.8709654 0.4906364 -0.02636694 -0.8396385 0.5431454 -4.0696e-4 -0.827988 0.560735 0.003489375 -0.835559 0.5485068 -0.03132754 -0.8026359 0.5964642 0.002499997 -0.8948516 0.4463487 0.003669023 -0.8651757 0.5009687 0.02239137 -0.8614941 0.5075871 0.01353663 -0.8286278 0.5588191 0.03312534 -0.8306242 0.555556 0.03769487 -0.7877942 0.6123961 0.06596392 -0.7999347 0.5830835 0.141839 -0.8051431 0.5534231 0.2132311 -0.7957186 0.5912737 0.1312531 -0.7603856 0.6281922 0.1648893 -0.7461546 0.6607865 0.08133119 -0.7481577 0.6597324 0.07080519 -0.738724 0.673657 0.02175569 -0.7408167 0.6715913 0.01247948 -0.741279 0.6710275 0.01508516 -0.7533432 0.656166 -0.04382175 -0.57643 0.8170031 0.01531648 -0.5223301 0.8525589 0.0177412 -0.5334075 0.8423283 0.07719916 -0.4748169 0.8747742 0.09653663 -0.4875603 0.8564281 0.1697524 -0.4904375 0.8532624 0.1772419 -0.4997125 0.8330638 0.2372598 -0.5023722 0.8293346 0.2445944 -0.5125392 0.7956947 0.3227595 -0.514007 0.7929004 0.3272703 -0.5223033 0.7438369 0.4170204 -0.5225461 0.7432033 0.4178451 -0.5265673 0.6800809 0.5101145 -0.5259331 0.6825922 0.5074076 -0.5246544 0.6088248 0.595038 -0.5237151 0.6144231 0.5900905 -0.5173979 0.5346657 0.6681557 -0.5165541 0.5427216 0.6622879 -0.5058561 0.4587909 0.7304934 -0.5052717 0.468698 0.7245845 -0.4909927 0.3828142 0.7825469 -0.4907262 0.3935612 0.7773658 -0.4738267 0.3081295 0.8249512 -0.4738204 0.31962 0.8205714 -0.4552842 0.2366917 0.8583084 -0.4554575 0.2483506 0.8549156 -0.4362895 0.1697531 0.8836489 -0.4365535 0.1811955 0.881243 -0.4127494 0.09097874 0.9062896 -0.3517627 0.07095336 0.9333963 -0.6570824 -0.3416792 0.671936 -0.7700285 -0.2646536 0.5805296 -0.7885704 -0.2435085 0.5646774 -0.8324497 -0.2097361 0.5128727 -0.8498178 -0.1373252 0.5088728 -0.8079538 -0.1689219 0.5645141 -0.7816073 -0.2256137 0.5815398 -0.8670334 -0.06723672 0.4936925 -0.8278425 -0.09555888 0.5527617 -0.8059251 -0.1463533 0.5736423 -0.6706228 -0.318035 0.6701633 -0.6706622 -0.3012772 0.6778232 -0.6849651 -0.2754427 0.6745029 -0.6851528 -0.2595729 0.6805788 -0.7001566 -0.2315104 0.6754138 -0.7004239 -0.217032 0.679929 -0.7157971 -0.1872408 0.6727373 -0.7160806 -0.17439 0.6758822 -0.7317026 -0.1430327 0.6664479 -0.7319561 -0.1322604 0.6683917 -0.7472773 -0.1004213 0.6568807 -0.747485 -0.09179556 0.6579056 -0.7616329 -0.0614565 0.6450879 -0.8302962 -0.06967109 0.5529505 -0.84724 -0.02735483 0.5305055 -0.841865 -0.03411543 0.5386092 -0.9296839 -0.08185541 0.3591485 -0.9564223 -0.04479634 0.2885304 -0.9668321 0.01601105 0.254911 -0.9851323 0.05314046 0.1633724 -0.9865264 0.08709406 0.1384934 -0.9922849 0.1231198 0.0145682 -0.9913501 0.1310368 0.00738871 -0.8676448 0.03879565 0.4956687 -0.8650908 0.03630936 0.5002995 -0.8335238 0.01932394 0.5521456 -0.8298736 0.01600474 0.5577218 -0.9447326 0.1273936 0.3020785 -0.93976 0.1070983 0.3246244 -0.8800513 0.07665991 0.4686503 -0.8809601 0.07750922 0.4667994 -0.8488037 0.06223887 0.5250319 -0.8490477 0.06244641 0.5246128 -0.8992599 0.05714744 0.4336655 -0.9099978 0.09079331 0.4045499 -0.9117663 0.09260654 0.4001328 -0.9187648 0.1146873 0.3777804 -0.8902812 0.1025522 0.4437145 -0.8692556 0.07886403 0.488032 -0.8617607 0.09340614 0.498642 -0.8286272 0.0800718 0.5540447 -0.9309859 0.1461837 0.3345078 -0.894979 0.1363021 0.4247756 -0.8950657 0.1419362 0.4227431 -0.8428489 0.1262055 0.5231423 -0.8431299 0.131664 0.5213412 -0.82989 0.1005306 0.5487954 -0.8857287 0.1206148 0.4482597 -0.8856616 0.1163952 0.4495062 -0.9131452 0.125891 0.3877078 -0.9234032 0.1210786 0.3642343 -0.9485935 0.131617 0.2878321 -0.9530784 0.1515204 0.2620747 -0.7989909 0.1378321 0.5853341 -0.8060076 0.1196658 0.5796825 -0.8084002 0.1475604 0.5698378 -0.8567419 0.1601684 0.4902445 -0.8564029 0.1530305 0.4931085 -0.9046702 0.1638615 0.3933463 -0.9045891 0.1567722 0.3964101 -0.9252826 0.1603341 0.3437223 -0.9363729 0.1516312 0.3165656 -0.9576631 0.155965 0.2419841 -0.9500459 0.08236765 -0.3010454 -0.9782794 0.1044071 -0.1790773 -0.9678666 0.1265318 -0.217311 -0.9881687 0.1349512 -0.07287579 -0.9853884 0.1449245 -0.0894804 -0.9890967 0.1399103 0.04596728 -0.9889476 0.1417676 0.04341447 -0.9786978 0.1275305 0.1608933 -0.978078 0.1172836 0.1720696 -0.9564991 0.09599238 0.2754905 -0.9507938 0.06485551 0.3029602 -0.9220054 0.03977376 0.3851285 -0.9048199 -0.0196771 0.4253399 -0.8666678 -0.04981166 0.4963929 -0.8505216 -0.05185383 0.5233778 -0.837775 -0.06034851 0.5426704 -0.81824 -0.1073667 0.5647616 -0.988941 0.1451471 -0.03046458 -0.9849942 0.1562057 0.07339155 -0.9850949 0.1519615 0.0805971 -0.962149 -0.03199154 0.27064 -0.9817854 0.007720649 0.1898365 -0.9853978 0.05426734 0.1613891 -0.994192 0.09735852 0.04586553 -0.9927807 0.1156514 0.03180217 -0.9846078 0.1481239 -0.09277391 -0.9841334 0.1501579 -0.09451961 -0.9788957 0.1467624 -0.1422114 -0.9793277 0.1452476 -0.1407847 -0.9440483 0.1574882 -0.2897763 -0.9533835 0.1345918 -0.2700836 -0.9043911 0.1343906 -0.4049888 -0.918871 0.1053171 -0.3802427 -0.853907 0.09433013 -0.5118053 -0.8767884 0.05709767 -0.4774745 -0.8076366 0.0373786 -0.5884948 -0.8412598 -0.01018357 -0.5405353 -0.7782874 -0.03543829 -0.6269075 -0.9541524 0.1743113 -0.2433289 -0.9090872 0.2127423 -0.3581916 -0.917536 0.1892351 -0.3497398 -0.8416846 0.2205048 -0.4928942 -0.8578675 0.18472 -0.4795227 -0.7717664 0.1982773 -0.6042042 -0.7936371 0.1568189 -0.5878335 -0.7106351 0.1578493 -0.6856248 -0.7340549 0.1171607 -0.6689071 -0.6577777 0.1116489 -0.7448914 -0.6812824 0.07273113 -0.7283986 -0.6095837 0.06389844 -0.7901423 -0.6357429 0.02205616 -0.7715858 -0.5677096 0.01116973 -0.8231531 -0.6010051 -0.04114812 -0.7981852 -0.5374285 -0.05378699 -0.8415923 -0.5674187 -0.1008259 -0.8172333 -0.9951182 0.06059092 0.07790189 -0.9933403 0.1093592 -0.03627502 -0.9913207 0.1235249 -0.04499888 -0.9776982 0.1542352 -0.1425403 -0.978502 0.1510133 -0.1404599 -0.948373 0.1769728 -0.2631905 -0.9555481 0.1561412 -0.2500954 -0.9045227 0.171216 -0.3905431 -0.9164612 0.1434988 -0.3735063 -0.8473226 0.1457872 -0.5106767 -0.8643286 0.1140736 -0.4898199 -0.7865139 0.1065891 -0.6083047 -0.8098121 0.06998974 -0.5824996 -0.7353292 0.05694067 -0.6753138 -0.7666442 0.01200187 -0.64196 -0.6990535 -0.004667222 -0.7150542 -0.7396391 -0.06162995 -0.6701759 -0.6769485 -0.0822668 -0.7314184 -0.7981008 -0.2063992 0.5660696 -0.8096902 -0.1980025 0.5524463 -0.8263196 -0.1928715 0.5291471 -0.8707449 -0.1553671 0.4665452 -0.9011071 -0.06827402 0.4281879 -0.9302359 -0.03830331 0.3649576 -0.9449506 0.0240935 0.3263249 -0.9701304 0.05605959 0.236018 -0.9737713 0.09008258 0.2089369 -0.988052 0.1164198 0.1009944 -0.98779 0.1270036 0.09022843 -0.9881554 0.1470507 -0.04387396 -0.9892681 0.1413852 -0.03686475 -0.9688275 0.1519938 -0.1956303 -0.9768949 0.13106 -0.1688189 -0.9425447 0.1279003 -0.3086278 -0.9555068 0.1010172 -0.2771326 -0.9108691 0.08582508 -0.4036728 -0.9308341 0.05039155 -0.3619509 -0.8775458 0.0224117 -0.4789687 -0.8976459 -0.007233858 -0.4406582 -0.8362602 0.2992316 0.4594881 -0.8712536 0.2942752 0.3928352 -0.8714554 0.2807767 0.4021567 -0.9054912 0.2719166 0.3258024 -0.9058696 0.2595928 0.3346819 -0.9690417 0.1383874 0.2044686 -0.9706688 0.1506826 0.1873419 -0.9741268 0.1549834 0.1644909 -0.9752038 0.1666588 0.145611 -0.960256 0.1693242 0.2218962 -0.9499461 0.1560695 0.2706381 -0.9434432 0.1783497 0.2794752 -0.9140846 0.1773237 0.3646995 -0.9141102 0.1857582 0.3604118 -0.8699915 0.1803817 0.458887 -0.8703209 0.1890871 0.454739 -0.8253942 0.1809208 0.5347824 -0.8259624 0.1903506 0.5306155 -0.7824154 0.1805327 0.5960152 -0.7831564 0.1909609 0.591777 -0.9213668 0.3038677 0.2423792 -0.914088 0.2975329 0.2755312 -0.9479936 0.2661905 0.1745018 -0.9612184 0.2018876 0.1878848 -0.9785557 0.1836179 0.09334576 -0.984618 0.1618743 0.06575852 -0.9003034 0.05827742 0.431344 -0.9307017 0.07789838 0.357388 -0.9374101 0.1043151 0.3322358 -0.9637374 0.1208925 0.2378973 -0.9657158 0.1337084 0.2225198 -0.9831791 0.1431945 0.1133773 -0.9832538 0.1478334 0.1065716 -0.9891729 0.146572 -0.007319152 -0.9896262 0.1436529 -0.001949369 -0.9846733 0.1288778 -0.1175123 -0.8161804 -0.02331894 0.5773267 -0.8547894 -9.38905e-4 0.5189744 -0.8535858 6.11078e-4 0.5209521 -0.8711957 0.0113151 0.4908056 -0.8848812 0.01128464 0.4656802 -0.9193059 0.0362693 0.391869 -0.9302732 0.07736557 0.3586173 -0.9579597 0.09832286 0.2695294 -0.961055 0.1168133 0.250456 -0.9807847 0.1327121 0.1430003 -0.9810071 0.137981 0.1363317 -0.9892203 0.1453167 0.01806157 -0.9895052 0.1428049 0.02205085 -0.9846 0.1383909 -0.1068218 -0.9879568 0.1280361 -0.08688092 -0.9703449 0.1086484 -0.2159318 -0.9660724 0.05235922 -0.2529088 -0.9585177 0.05353331 -0.2799608 -0.9812511 0.08682548 -0.1720688 -0.9751793 0.0879907 -0.2031822 -0.9885029 0.1183618 -0.09408783 -0.9908012 0.120273 -0.06202811 -0.9889734 0.1449931 -0.03014278 -0.9860238 0.16163 0.04040926 -0.9862712 0.1583418 0.04687231 -0.9779363 0.1653434 0.1276809 -0.9727352 0.176462 0.1504913 -0.9581106 0.1825819 0.2206535 -0.957592 0.1917507 0.2150567 -0.9230582 0.1975148 0.3300781 -0.9229543 0.2070233 0.3244946 -0.8831265 0.2076336 0.4206851 -0.8833522 0.2179099 0.4149749 -0.8420532 0.2148385 0.4947634 -0.8425244 0.2259416 0.4889819 -0.801729 0.2203477 0.5555875 -0.8023761 0.2324714 0.5496814 -0.9690479 0.2453551 -0.02733123 -0.973464 0.2283371 -0.01517224 -0.9520457 0.305671 -0.0132001 -0.9533542 0.3012867 -0.01849776 -0.9698009 0.2437018 -0.009785771 -0.9698032 0.2436926 -0.009787559 -0.9997448 0.004309237 -0.02218103 -0.9986737 0.05063372 -0.009332239 -0.9969705 0.07726722 -0.008934557 -0.9980064 0.05129402 -0.0367729 -0.9933547 0.1148557 -0.007391512 -0.9933447 0.1149432 -0.007380366 -0.9933527 0.114874 -0.007382929 -0.9876487 0.1548619 -0.02383124 -0.9836556 0.1799183 -0.007151842 -0.9836661 0.1798607 -0.007156014 -0.8896347 -0.1310265 0.4374723 -0.9176031 -0.1012969 0.384374 -0.9377365 -0.02595371 0.3463764 -0.9640821 0.009559929 0.2654325 -0.9706676 0.05736351 0.2334821 -0.9870744 0.08981949 0.1327279 -0.9872152 0.1113718 0.1140293 -0.9901359 0.1392067 -0.0158919 -0.9901437 0.1391575 -0.01583671 -0.9713972 0.1585278 -0.1767952 -0.9777098 0.140044 -0.1564329 -0.9425475 0.1445038 -0.3012026 -0.9536449 0.1195561 -0.2761664 -0.9060579 0.1124947 -0.4079265 -0.9232031 0.08039009 -0.3758108 -0.8628839 0.06161469 -0.5016326 -0.8898376 0.01974719 -0.4558499 -0.8285216 -0.008017778 -0.5598997 -0.9835317 0.01414275 0.1801818 -0.995227 0.06237208 0.07505333 -0.9941797 0.09211444 0.05587238 -0.9889828 0.1332507 -0.06447756 -0.9881151 0.1379136 -0.06788486 -0.9732506 0.1605873 -0.1643016 -0.9757732 0.151762 -0.1575912 -0.9459409 0.1685136 -0.2771263 -0.9542196 0.1463964 -0.2608317 -0.9044334 0.1530651 -0.3982103 -0.9169926 0.1258766 -0.3785229 -0.8494942 0.1214944 -0.5134189 -0.8686623 0.08821105 -0.487488 -0.794135 0.0751509 -0.6030771 -0.8222759 0.03360331 -0.5680961 -0.7525346 0.01518183 -0.6583776 -0.7906266 -0.03730177 -0.6111615 -0.7280688 -0.05994164 -0.6828784 -0.9946042 0.101242 -0.0226438 -0.9829161 0.1399484 -0.1195424 -0.9820365 0.1441025 -0.1218148 -0.9519583 0.1805085 -0.2473702 -0.9573663 0.1633852 -0.2382332 -0.9046916 0.1887801 -0.3819622 -0.9161733 0.160442 -0.3672671 -0.8450002 0.1708165 -0.5067508 -0.8618704 0.1372318 -0.4882078 -0.7817642 0.1354338 -0.6086893 -0.8026995 0.100177 -0.5879099 -0.725103 0.09145623 -0.6825404 -0.7505971 0.05258977 -0.6586641 -0.6792423 0.04030179 -0.7328068 -0.7118831 -0.007366836 -0.7022593 -0.645277 -0.02271527 -0.763611 -0.6873792 -0.08379048 -0.7214493 -0.9327722 -0.3603832 0.007748246 -0.9280681 0.3718717 -0.02002871 -0.925867 0.3777117 -0.01020973 -0.9529932 0.3020817 -0.023467 -0.951267 0.3080092 -0.01488471 -0.9728572 0.2298855 -0.02648913 -0.9716952 0.2354321 -0.0194981 -0.9874053 0.1554608 -0.02937334 -0.9867813 0.1602628 -0.02405363 -0.9963476 0.07908093 -0.03221452 -0.9961703 0.08256191 -0.02878361 -0.9993838 0.00348401 -0.03493022 -0.9994519 0.006215929 -0.03251761 -0.9969366 -0.06879436 -0.0372163 -0.9971532 -0.06657499 -0.03540337 -0.9887867 -0.1439214 -0.03984385 -0.9890174 -0.1426059 -0.03883296 -0.9753279 -0.216542 -0.04295527 -0.9756261 -0.2153652 -0.0420925 -0.9567829 -0.2871583 -0.04589796 -0.9573295 -0.2855152 -0.04473924 -0.9330049 -0.356619 -0.0482183 -0.9337679 -0.354784 -0.04696679 -0.9093089 -0.4131563 -0.04958987 -0.9048506 -0.4213244 -0.06108427 -0.8711278 -0.4867276 -0.06505882 -0.9271844 -0.3745916 -0.003217458 -0.9271579 -0.3746572 -0.003217101 -0.957103 -0.2891573 -0.01849538 -0.9702507 -0.2418865 0.0102213 -0.9753664 -0.2203571 0.01016235 -0.7917234 -0.6001908 -0.1137765 -0.8338875 -0.5410867 -0.108889 -0.870992 -0.4806259 -0.1018423 -0.8717494 -0.4789556 -0.1032206 -0.9045375 -0.415555 -0.09553027 -0.9051927 -0.4137859 -0.09699183 -0.9333416 -0.3478714 -0.08865064 -0.9338766 -0.3460351 -0.09019011 -0.956735 -0.279354 -0.08136063 -0.9571264 -0.2775572 -0.08289188 -0.9749506 -0.2099149 -0.07353496 -0.9752056 -0.208193 -0.07503294 -0.9882979 -0.1380088 -0.06496876 -0.9884452 -0.136144 -0.06664067 -0.9964346 -0.06323534 -0.0558539 -0.996451 -0.06082987 -0.05818188 -0.9988408 0.008274912 -0.04742038 -0.9986783 0.01088249 -0.05023223 -0.9957639 0.08387142 -0.03768241 -0.9953349 0.08714133 -0.04141014 -0.9866164 0.1608002 -0.02704548 -0.9857215 0.1652817 -0.03217476 -0.9718723 0.2348996 -0.01692527 -0.9704201 0.2403035 -0.02321851 -0.9519411 0.3062003 -0.007029771 -0.9498549 0.3123612 -0.0143584 -0.9272317 0.3744783 0.002705514 -0.924491 0.3811642 -0.005502223 -0.7437698 -0.6582625 -0.1161763 -0.743328 -0.6651724 -0.07077628 -0.7892876 -0.6102443 -0.06802177 -0.7888931 -0.6133492 -0.0380842 -0.8313509 -0.5545014 -0.03720259 -0.7879767 -0.6156895 0.00437957 -0.8318378 -0.5537133 -0.03804296 -0.8321039 -0.550651 -0.06623291 -0.7902481 -0.6088501 -0.06935173 -0.7904942 -0.6021183 -0.112128 -0.7452687 -0.6562472 -0.1179588 -0.8311528 -0.5557903 -0.01680302 -0.8660337 -0.4999543 0.005610108 -0.8693642 -0.494141 0.005551695 -0.8660116 -0.5000228 0.001125812 -0.8660479 -0.4999598 0.001125395 -0.832898 -0.542913 -0.1073614 -0.8328428 -0.5493897 -0.06740909 -0.8705102 -0.4879844 -0.0639019 -0.8703792 -0.4909451 -0.03759396 -0.9040493 -0.4258871 -0.03626334 -0.9040082 -0.4271366 -0.01799106 -0.9271475 -0.3746145 0.00785011 -0.9702699 -0.2419086 -0.007529914 -0.9702679 -0.2419163 -0.007529854 -0.9891911 -0.1456648 -0.01681607 -0.9944171 -0.1045553 0.01424461 -0.9972835 -0.0723052 0.01406425 -0.9944124 -0.1044895 -0.01503837 -0.9998797 0.002334415 -0.0153433 -0.986555 -0.1084762 -0.1222379 -0.9993801 -0.01468396 -0.03200083 -0.9201342 0.1975681 -0.3381122 -0.8426591 0.2408114 -0.481597 -0.8574329 0.2065294 -0.4713327 -0.768375 0.2297204 -0.5973511 -0.7898145 0.1871331 -0.5841012 -0.7032416 0.1947524 -0.6837564 -0.7276417 0.1500394 -0.6693472 -0.6485038 0.1486327 -0.7465595 -0.6724913 0.106369 -0.7324215 -0.5987749 0.1002594 -0.7946172 -0.6221947 0.06025201 -0.7805406 -0.5523744 0.05167579 -0.8319929 -0.5782153 0.008665859 -0.8158382 -0.5131627 -0.001203656 -0.8582906 -0.5460016 -0.05550539 -0.8359436 -0.4860746 -0.06648772 -0.8713845 -0.9520875 0.3055403 -0.01321804 -0.9297045 0.3680748 -0.01306205 -0.9285336 0.370949 -0.01491749 -0.9294938 0.3684733 -0.01639884 -0.9297439 0.3678369 -0.01650238 -0.8981606 0.4394926 0.01240903 -0.895918 0.4441885 -0.005257606 -0.8984554 0.4387742 -0.01597428 -0.8993404 0.4371778 -0.007916331 -0.9021954 0.4308262 -0.02079194 -0.3141896 0.2855682 -0.9053925 -0.3297511 0.2395354 -0.9131742 -0.3144038 0.2502927 -0.9156985 -0.3346862 0.1933199 -0.9222867 -0.2653856 0.0930925 -0.9596377 -0.2494409 0.143186 -0.9577459 -0.2556247 0.1392455 -0.9566957 -0.2398264 0.1917209 -0.9516966 -0.2481758 0.1861576 -0.9506599 -0.2326526 0.2404835 -0.942359 -0.169848 0.184579 -0.9680302 -0.1812251 0.1340463 -0.9742633 -0.177713 0.1363537 -0.9745901 -0.1893467 0.08753073 -0.9780012 -0.1869824 0.08902901 -0.9783208 -0.1967588 0.05047094 -0.9791521 -0.214899 0.04497444 -0.9756003 -0.2276805 0.001117765 -0.9737353 -0.2010042 -0.04942214 -0.978343 -0.1885213 -0.001443922 -0.9820681 -0.1898439 -0.001839339 -0.9818127 -0.1791455 0.04179912 -0.9829342 -0.1143664 0.1321136 -0.9846149 -0.1218186 0.08419114 -0.9889753 -0.1208066 0.0848701 -0.9890415 -0.1272769 0.04572075 -0.990813 -0.1445391 0.04016041 -0.9886838 -0.1533395 -0.004185974 -0.9881648 -0.1523835 -0.003890037 -0.9883138 -0.1625593 -0.05218815 -0.9853177 -0.1616069 -0.05190253 -0.9854894 -0.1757811 -0.1157699 -0.9775983 0.2578131 0.2443137 -0.9347959 0.3136831 0.2437269 -0.9177146 0.3355841 0.1819099 -0.9242793 0.9704695 0.1587126 -0.1816572 0.9848846 0.1320171 -0.1121336 0.984979 0.131721 -0.1116513 0.9817343 0.1464046 -0.1215049 0.963793 0.1401142 -0.2268722 0.3750841 0.02001774 -0.9267747 0.4198757 0.02473288 -0.9072446 0.4409842 -0.01598614 -0.8973725 0.4878014 -0.009565711 -0.8729023 0.5171563 -0.0594148 -0.8538264 0.56516 -0.050264 -0.8234486 0.5931563 -0.09276497 -0.7997251 -0.4584424 0.2517204 -0.8523307 -0.386561 0.2550113 -0.8863068 -0.4079354 0.2022281 -0.8903328 -0.3223127 0.2015583 -0.9249264 -0.33781 0.1604213 -0.9274424 -0.312127 0.1458496 -0.9387782 -0.3292871 0.1000452 -0.9389148 -0.260913 0.0958147 -0.9605956 -0.2735654 0.05848526 -0.9600737 -0.2533883 0.04746001 -0.9661998 -0.2677362 0.004791855 -0.9634804 -0.2258936 0.001629352 -0.9741507 -0.2406097 -0.04591232 -0.9695355 -0.1995794 -0.04901146 -0.9786552 -0.2169052 -0.1121467 -0.9697295 -0.174425 -0.1153736 -0.9778881 -0.1887726 -0.1771419 -0.9659119 -0.5190519 0.2546285 -0.8159348 -0.4403928 0.2599267 -0.8593558 -0.4633033 0.207184 -0.8616409 -0.3943169 0.207586 -0.8952219 -0.4160588 0.1562885 -0.8958064 -0.3561994 0.1541118 -0.9216136 -0.3763241 0.1052497 -0.9204905 -0.3234149 0.1018944 -0.9407553 -0.3414939 0.05643755 -0.9381881 -0.2935727 0.05267089 -0.9544847 -0.310051 0.009357631 -0.9506739 -0.2651021 0.005526959 -0.9642046 -0.281945 -0.04158437 -0.958529 -0.2386729 -0.04538387 -0.970039 -0.2590033 -0.1076897 -0.9598543 -0.2152635 -0.1116939 -0.9701476 -0.2327426 -0.1725584 -0.9571074 -0.1879181 -0.1766275 -0.9661727 -0.1996272 -0.2268767 -0.9532451 -0.582793 0.2561902 -0.7711802 -0.4994509 0.2641813 -0.8250801 -0.5234721 0.2119127 -0.8252698 -0.4479316 0.2135367 -0.8681932 -0.471194 0.1622502 -0.8669781 -0.4049971 0.1602499 -0.9001652 -0.4268146 0.1113212 -0.8974614 -0.3688963 0.1076109 -0.9232202 -0.3886694 0.06226289 -0.9192712 -0.3365187 0.05787932 -0.9398964 -0.3547149 0.01485472 -0.9348566 -0.3065173 0.01031631 -0.9518092 -0.3253831 -0.03630638 -0.9448851 -0.2793301 -0.04089897 -0.9593238 -0.3024674 -0.1022151 -0.9476633 -0.2567715 -0.107104 -0.9605192 -0.2771921 -0.1668801 -0.9462112 -0.2315617 -0.1718862 -0.9575148 -0.2458144 -0.2213324 -0.9437094 -0.1985965 -0.226253 -0.9536084 -0.2121794 -0.2842862 -0.934966 -0.6486532 0.2556068 -0.7168781 -0.5621054 0.2671533 -0.7827304 -0.5866824 0.2159398 -0.780496 -0.5065248 0.2193819 -0.8338492 -0.5308446 0.1685481 -0.8305393 -0.4582905 0.1670705 -0.872959 -0.4815397 0.1182479 -0.8684107 -0.4177514 0.114261 -0.9013481 -0.4390682 0.06908196 -0.895794 -0.3823801 0.06408458 -0.9217802 -0.4021611 0.02143341 -0.915318 -0.3500312 0.01610159 -0.9365996 -0.3707844 -0.02998346 -0.9282349 -0.3218749 -0.03542232 -0.9461194 -0.347592 -0.09563046 -0.9327565 -0.2995791 -0.1015045 -0.9486566 -0.322727 -0.1600539 -0.9328613 -0.275745 -0.1661002 -0.9467712 -0.2923548 -0.2145239 -0.9319379 -0.2444639 -0.220564 -0.9442399 -0.2609295 -0.2774345 -0.9246329 -0.2108799 -0.2835013 -0.9354981 -0.2263957 -0.3500325 -0.9089677 -0.9698353 0.2207795 0.103325 -0.9836824 0.179503 0.01215624 -0.9851195 0.1706712 0.0202713 -0.9894085 0.121527 -0.07938557 -0.9908388 0.1139936 -0.07241547 -0.9843961 0.06564915 -0.1632627 -0.9857884 0.05832427 -0.1575427 -0.9739615 0.0195083 -0.2258725 -0.9750748 0.01199913 -0.2215518 -0.9562493 -0.02978283 -0.2910332 -0.9570267 -0.03717982 -0.2876066 -0.9310488 -0.08043003 -0.3559201 -0.9315115 -0.08710992 -0.3531265 -0.9000809 -0.1289367 -0.4162089 -0.9002657 -0.1348978 -0.4139134 -0.8648852 -0.174169 -0.4707853 -0.8647962 -0.1796627 -0.4688804 -0.8261348 -0.2164316 -0.5202488 -0.825779 -0.2215026 -0.5186768 -0.7841067 -0.2560082 -0.5653642 -0.7835165 -0.2606998 -0.5640367 -0.7391027 -0.29302 -0.60652 -0.7383069 -0.2973842 -0.6053641 -0.691677 -0.3273608 -0.6437529 -0.6907007 -0.3314155 -0.6427258 -0.6424746 -0.3588745 -0.6770787 -0.6413527 -0.362596 -0.6761589 -0.5891058 -0.3888716 -0.7083314 -0.6237511 -0.4579321 -0.6334295 -0.5675714 -0.4883392 -0.6628631 -0.6017673 -0.5696187 -0.5598311 -0.8685865 0.4040555 0.2868739 -0.8963412 0.3791489 0.2298233 -0.8985602 0.3655448 0.2428303 -0.9241882 0.3360374 0.1815353 -0.9261694 0.3236867 0.1934871 -0.9489366 0.288739 0.1270795 -0.9507343 0.2776097 0.1379758 -0.9693599 0.2365735 0.06613862 -0.9709736 0.2268776 0.07574188 -0.9838238 0.1791296 -0.001839458 -0.9852732 0.1708716 0.006297469 -0.9902707 0.115669 -0.07736086 -0.991571 0.1087254 -0.0704689 -0.9875679 0.05467486 -0.1473785 -0.9887169 0.04822027 -0.1418233 -0.9793563 0.003441631 -0.2021127 -0.9802814 -0.003384888 -0.1975782 -0.9644854 -0.05132502 -0.2591018 -0.9650933 -0.057953 -0.2554143 -0.9429748 -0.1066937 -0.3153015 -0.9432957 -0.1126057 -0.3122712 -0.9160164 -0.1597291 -0.3679682 -0.9161008 -0.1651889 -0.3653383 -0.8845504 -0.2100106 -0.4164929 -0.8843988 -0.2149416 -0.4142933 -0.8489402 -0.257588 -0.4614642 -0.8485494 -0.262258 -0.4595485 -0.8096556 -0.3025763 -0.5028971 -0.8090494 -0.3069569 -0.5012151 -0.7669835 -0.3449673 -0.541049 -0.7661653 -0.3491907 -0.5394967 -0.7213727 -0.3847062 -0.5758669 -0.7203871 -0.3886239 -0.5744685 -0.6732621 -0.4215386 -0.607473 -0.6720834 -0.4253177 -0.6061426 -0.6202572 -0.457127 -0.6374292 -0.65476 -0.5321756 -0.5367294 -0.5984955 -0.5691888 -0.5637617 -0.6259678 -0.6453915 -0.4377607 -0.7166635 0.2518649 -0.650352 -0.626797 0.2683946 -0.7314984 -0.6514014 0.2187332 -0.7265206 -0.5683118 0.224712 -0.7915342 -0.5932434 0.1747389 -0.7858299 -0.5163247 0.1743014 -0.8384675 -0.5406024 0.125886 -0.8318065 -0.4708412 0.12184 -0.8737641 -0.4933865 0.07703948 -0.8663917 -0.4311398 0.07140159 -0.8994556 -0.4523286 0.02918905 -0.8913736 -0.3960795 0.02303421 -0.9179273 -0.418553 -0.02245908 -0.9079146 -0.3661778 -0.02886128 -0.9300973 -0.3942186 -0.08781212 -0.9148119 -0.3438162 -0.09474933 -0.9342446 -0.3694223 -0.1519045 -0.9167618 -0.3208376 -0.1590882 -0.9336779 -0.3395978 -0.2063598 -0.9176541 -0.2906627 -0.2136167 -0.9326753 -0.3097999 -0.269188 -0.9119001 -0.259441 -0.2765939 -0.9253033 -0.2782122 -0.3416357 -0.8977099 -0.2250436 -0.349225 -0.9096139 -0.2423771 -0.4245088 -0.8723794 -0.7875477 0.2426822 -0.5664576 -0.694513 0.2665348 -0.6682895 -0.7180991 0.2194159 -0.6604472 -0.6317107 0.2290697 -0.7405868 -0.6567703 0.1804158 -0.7321906 -0.5771409 0.1816112 -0.7961945 -0.6020087 0.1339873 -0.7871677 -0.5281158 0.1302977 -0.8391163 -0.5515207 0.08607852 -0.8297081 -0.4837923 0.07991987 -0.8715263 -0.5061067 0.0382412 -0.8616227 -0.4448128 0.03116512 -0.8950812 -0.4687702 -0.01361346 -0.8832153 -0.4126636 -0.02105897 -0.9106401 -0.4427444 -0.07863998 -0.8931927 -0.389535 -0.08677214 -0.9169151 -0.4172875 -0.1423777 -0.8975521 -0.3671054 -0.1507717 -0.9178788 -0.387773 -0.1967703 -0.9005074 -0.3375971 -0.2053484 -0.9186187 -0.3590989 -0.2593229 -0.8965488 -0.307923 -0.2681937 -0.9128284 -0.3296101 -0.3313896 -0.8840464 -0.2763665 -0.3406211 -0.898665 -0.2972638 -0.4139477 -0.8603962 -0.2406989 -0.4235273 -0.8733205 -0.2596315 -0.5077767 -0.8214343 -0.5660849 -0.1045007 -0.8176965 -0.5155918 -0.1160274 -0.8489422 -0.514279 -0.1190787 -0.849316 -0.4629316 -0.1297013 -0.8768534 -0.4865468 -0.1726487 -0.8564257 -0.4336907 -0.1841669 -0.8820402 -0.4589768 -0.2344854 -0.8569464 -0.4061565 -0.2465334 -0.8799195 -0.4325749 -0.3053225 -0.8483262 -0.3785794 -0.3181349 -0.8691766 -0.4053221 -0.3864048 -0.8284959 -0.3491801 -0.4001092 -0.8473405 -0.3751882 -0.4788062 -0.7937118 -0.315729 -0.4934561 -0.8104421 -0.3402866 -0.5857669 -0.735583 -0.2762594 -0.6012694 -0.7497706 -0.2920808 -0.6791622 -0.6733703 -0.8981054 -0.01529878 -0.4395141 -0.8545031 -0.04322284 -0.5176449 -0.8545926 -0.05042535 -0.5168449 -0.8087619 -0.07583415 -0.5832269 -0.8084802 -0.0823639 -0.5827314 -0.7616226 -0.1053605 -0.6393983 -0.7610122 -0.1111072 -0.6391523 -0.7126793 -0.1323481 -0.6888921 -0.7118137 -0.1374586 -0.6887863 -0.6619154 -0.1571766 -0.7329145 -0.660881 -0.1616275 -0.7328799 -0.6103521 -0.1796017 -0.7715008 -0.6092144 -0.1834461 -0.7714956 -0.5591368 -0.1994768 -0.8047205 -0.5579435 -0.2027822 -0.8047227 -0.5058801 -0.2177198 -0.8346757 -0.5352393 -0.2711714 -0.7999907 -0.4806376 -0.2879104 -0.8283087 -0.5112339 -0.3499333 -0.7849757 -0.4555886 -0.3680076 -0.8105613 -0.4864848 -0.439542 -0.7550731 -0.4285069 -0.4592759 -0.7781051 -0.4592335 -0.5434405 -0.7026927 -0.3978506 -0.5650398 -0.7228036 -0.4196449 -0.6381059 -0.6455378 -0.9711419 0.1586294 -0.1781011 -0.9610545 0.1628898 -0.223252 -0.9602136 0.1659327 -0.2246248 -0.9061576 0.2030308 -0.3710215 -0.9163361 0.1763926 -0.3594631 -0.8426886 0.1965981 -0.5012238 -0.8597046 0.1607835 -0.4848265 -0.776797 0.165901 -0.6075059 -0.797962 0.1278956 -0.5889818 -0.7179238 0.1235787 -0.6850648 -0.7409222 0.08606749 -0.6660532 -0.6669423 0.07717007 -0.7411024 -0.6930721 0.03668457 -0.7199342 -0.6235442 0.02507269 -0.781386 -0.6567507 -0.02504283 -0.7536918 -0.5909972 -0.03915083 -0.805723 -0.631756 -0.1005735 -0.7686154 -0.6495844 -0.07975482 -0.7560948 -0.6388487 -0.1228711 -0.7594572 -0.5874953 -0.1381143 -0.7973543 -0.5862554 -0.1418837 -0.797605 -0.5359308 -0.1554062 -0.8298356 -0.5346766 -0.1585792 -0.8300444 -0.4829978 -0.1710933 -0.8587434 -0.5095865 -0.2192767 -0.8320093 -0.4558341 -0.2330948 -0.8590008 -0.4839642 -0.2893176 -0.8258778 -0.4296969 -0.3040263 -0.8502522 -0.4586331 -0.3692952 -0.8082554 -0.402623 -0.3851726 -0.8303837 -0.4313839 -0.460474 -0.7758039 -0.3726475 -0.4776432 -0.7956073 -0.400619 -0.5661259 -0.7204206 -0.3378447 -0.584698 -0.7375562 -0.3566483 -0.6595184 -0.6616929 -0.3559271 -0.6614719 -0.6601296 -0.8585789 0.2249306 -0.4607045 -0.7671972 0.2586506 -0.5869484 -0.7876318 0.2162536 -0.5769492 -0.6976587 0.2315175 -0.6779912 -0.7219401 0.1849455 -0.6667816 -0.6392228 0.1886148 -0.7455326 -0.6642419 0.1421567 -0.7338762 -0.5878964 0.1393201 -0.7968487 -0.6117757 0.09593921 -0.7851918 -0.5402668 0.08960032 -0.8367101 -0.5633065 0.0486679 -0.8248136 -0.4968963 0.04069542 -0.8668552 -0.5220098 -0.003275573 -0.8529333 -0.4614845 -0.01190477 -0.8870685 -0.493195 -0.06795012 -0.8672609 -0.4369332 -0.07740527 -0.8961573 -0.466499 -0.1313112 -0.8747206 -0.4144526 -0.1410454 -0.8990748 -0.4367343 -0.1855602 -0.8802447 -0.385249 -0.1955519 -0.9018552 -0.4088079 -0.2477771 -0.8783408 -0.3568111 -0.2581877 -0.897789 -0.381086 -0.3193415 -0.8676373 -0.3275213 -0.3303109 -0.8852257 -0.3515749 -0.4012925 -0.8457894 -0.2952989 -0.4128957 -0.8615776 -0.3180118 -0.4945992 -0.8088511 -0.2577893 -0.5067652 -0.8226383 -0.2783324 -0.6022781 -0.7481927 -0.2250789 -0.6962625 -0.681585 -0.367254 -0.7105239 -0.6002336 -0.4304319 -0.6871874 -0.5852367 -0.4416187 -0.6550112 -0.6131339 -0.4874022 -0.6352042 -0.5991284 -0.456197 -0.5423889 -0.7054776 -0.5160953 -0.5177809 -0.6823114 -0.483314 -0.4383375 -0.7578047 -0.5402731 -0.4160635 -0.7314344 -0.5078768 -0.3486163 -0.7877359 -0.5632355 -0.3282096 -0.7583169 -0.5315856 -0.2697224 -0.8029115 -0.5838472 -0.2517694 -0.7718385 -0.5850089 -0.2482711 -0.7720919 -0.6347053 -0.2291235 -0.7380052 -0.635752 -0.2252315 -0.7383023 -0.6852137 -0.2039384 -0.6992077 -0.6861425 -0.1994488 -0.6995918 -0.734504 -0.176168 -0.6553386 -0.7352364 -0.1711617 -0.6558439 -0.781645 -0.1461176 -0.6063669 -0.7821189 -0.140528 -0.6070765 -0.8265169 -0.1135154 -0.5513476 -0.826678 -0.1072915 -0.5523513 -0.86923 -0.07772684 -0.4882599 -0.8690477 -0.07073462 -0.4896456 -0.9087209 -0.03847771 -0.4156271 -0.9082003 -0.03078019 -0.4174025 -0.9418096 0.002378582 -0.3361387 -0.9392406 0.02509146 -0.3423414 -0.9387301 0.02163779 -0.3439734 -0.9198933 0.05368238 -0.3884775 -0.95958 0.07853794 -0.2702555 -0.9447742 0.1073196 -0.3096517 -0.9769005 0.1192413 -0.1773332 -0.9675068 0.1410794 -0.2098269 -0.9886673 0.1393771 -0.05577814 -0.9865092 0.1485058 -0.06889021 -0.9884451 0.1355996 0.06774264 -0.9885742 0.1331742 0.0706095 -0.9763795 0.1130192 0.1841461 -0.9747243 0.09246236 0.2033801 -0.9512794 0.06565523 0.3012588 -0.9415034 0.01835274 0.3365038 -0.9121545 -0.01002186 0.4097241 -0.888365 -0.08496791 0.4512075 -0.8466253 -0.1195191 0.5185952 -0.830095 -0.1233226 0.5438141 -0.8178085 -0.1319829 0.5601516 -0.793634 -0.1859436 0.5792841 -0.1571044 -0.7077832 -0.688739 -0.1575776 -0.7069451 -0.6894911 -0.1488744 -0.6246483 -0.7665839 -0.08785772 -0.7151827 -0.6933936 -0.0881592 -0.7147037 -0.6938491 -0.08338713 -0.631175 -0.7711452 -0.1499518 -0.6253029 -0.76584 -0.1387363 -0.5254347 -0.8394467 -0.01772814 -0.7182651 -0.6955437 -0.01777195 -0.718196 -0.695614 -0.01702994 -0.6341468 -0.7730252 -0.08401519 -0.6315999 -0.770729 -0.07788187 -0.5307037 -0.8439716 -0.1397725 -0.5261207 -0.8388448 -0.1294876 -0.4384857 -0.8893612 0.052778 -0.7169749 -0.6950982 0.05299651 -0.7172567 -0.6947908 0.04967767 -0.6334068 -0.7722229 -0.01713156 -0.6342211 -0.7729619 -0.01616108 -0.5330833 -0.8459085 -0.07841652 -0.531089 -0.8436797 -0.07277512 -0.4426411 -0.8937408 -0.1303113 -0.4390521 -0.8889614 -0.1209304 -0.3611465 -0.9246346 0.1223897 -0.7112591 -0.6921932 0.1229903 -0.7119516 -0.6913742 0.1157019 -0.6289869 -0.7687578 0.05007445 -0.6330819 -0.7724636 0.04588866 -0.5325287 -0.8451671 -0.01625519 -0.5331522 -0.8458632 -0.01534229 -0.4445843 -0.8956058 -0.0732761 -0.4430161 -0.8935142 -0.06814044 -0.364522 -0.9286984 -0.1217193 -0.3616939 -0.924317 -0.1133572 -0.2931589 -0.9493198 0.1909646 -0.7013623 -0.6867485 0.1918593 -0.7022935 -0.6855463 0.1807541 -0.6209834 -0.7626976 0.1165367 -0.6282209 -0.7692579 0.1073202 -0.5290406 -0.8417829 0.04624259 -0.5322208 -0.8453418 0.04242444 -0.4441875 -0.8949289 -0.01544898 -0.4446671 -0.8955628 -0.01461648 -0.366049 -0.9304808 -0.0685243 -0.3648112 -0.9285566 -0.06395304 -0.2958194 -0.9531007 -0.113956 -0.2935685 -0.9491215 -0.1066696 -0.2340828 -0.9663472 0.258117 -0.6874895 -0.6787739 0.2592546 -0.6885759 -0.6772372 0.2446359 -0.6095254 -0.7540771 0.1819372 -0.6197773 -0.763397 0.1679307 -0.5227976 -0.8357524 0.1079446 -0.528443 -0.8420784 0.09952026 -0.4415072 -0.8917215 0.04264587 -0.4439885 -0.8950171 0.03918486 -0.3657307 -0.9298956 -0.0146777 -0.3661021 -0.930459 -0.01393675 -0.2970972 -0.9547456 -0.0643332 -0.2961058 -0.9529861 -0.06035286 -0.2362732 -0.9698106 -0.1072157 -0.2344527 -0.9661971 -0.1009486 -0.1830667 -0.9779039 -0.3001614 -0.7337368 -0.6095355 -0.2326542 -0.7496367 -0.6196103 -0.2319747 -0.7508416 -0.6184049 -0.1624346 -0.7627763 -0.6259292 -0.1618921 -0.7636276 -0.6250311 -0.09078711 -0.7713629 -0.6298867 -0.09046775 -0.7718091 -0.6293858 -0.01815986 -0.7751725 -0.6314886 -0.01814621 -0.7751833 -0.6314757 0.05487519 -0.7740511 -0.6307405 0.05456364 -0.7736893 -0.6312112 0.1270111 -0.7680608 -0.627655 0.1264432 -0.767469 -0.6284931 0.1980456 -0.7574326 -0.6221526 0.19718 -0.7566214 -0.6234133 0.2674959 -0.7423094 -0.6143475 0.2662176 -0.7412145 -0.6162218 -0.5427354 -0.603451 -0.5841962 -0.563933 -0.6660878 -0.4881667 -0.5827282 -0.6749249 -0.4526638 -0.571797 -0.7039009 -0.4213927 -0.5816605 -0.7479217 -0.3198192 -0.8198915 0.2600523 0.5100499 -0.8577924 0.2607178 0.4429658 -0.8575674 0.2482662 0.4504911 -0.8952257 0.2456514 0.3717883 -0.8952377 0.2343089 0.3790104 -0.9308314 0.2272476 0.2862021 -0.9296272 0.2497541 0.2709544 -0.9359681 0.2256274 0.2702889 -0.9426447 0.2620287 0.20679 -0.9669358 0.2290138 0.1121953 -0.9713501 0.20792 0.1151015 -0.983488 0.1787818 0.02807927 -0.9848399 0.1697515 0.03570669 -0.9887514 0.127 -0.07900565 -0.9902921 0.1188476 -0.07208865 -0.9814687 0.07632809 -0.175765 -0.9830233 0.06838887 -0.1702594 -0.9688473 0.03511631 -0.2451568 -0.9701008 0.02691781 -0.2412053 -0.9483754 -0.009136319 -0.3170184 -0.9492456 -0.0171535 -0.3140678 -0.9194507 -0.05523139 -0.3893072 -0.9199802 -0.06255495 -0.3869413 -0.884395 -0.09947526 -0.4560157 -0.8846088 -0.1059437 -0.4541401 -0.8455705 -0.1401462 -0.5151404 -0.8454722 -0.146062 -0.5136563 -0.803833 -0.1776617 -0.5677052 -0.8034422 -0.1830511 -0.566545 -0.7592861 -0.2124971 -0.615085 -0.7586429 -0.2174292 -0.6141543 -0.7121046 -0.2449062 -0.6579728 -0.7112802 -0.249269 -0.6572257 -0.6630905 -0.2745627 -0.6963666 -0.6620951 -0.2785676 -0.6957228 -0.6129875 -0.301514 -0.7302983 -0.6118679 -0.3051121 -0.7297427 -0.5594722 -0.3268377 -0.7616877 -0.5927247 -0.3900066 -0.704679 -0.5368573 -0.4148873 -0.7346107 -0.5709319 -0.4892366 -0.659306 -0.5127867 -0.5167717 -0.6855632 -0.545895 -0.6040039 -0.5806703 -0.4842921 -0.6345193 -0.6023675 -0.5038846 -0.6996347 -0.5065684 -0.5030275 -0.7019048 -0.5042747 -0.5125541 -0.7390673 -0.4371131 -0.5794515 -0.8050938 -0.1267288 -0.6397941 -0.7587586 -0.1222663 -0.639504 -0.7419505 -0.2013558 -0.6959346 -0.6919571 -0.1920168 -0.6901499 -0.6582717 -0.3006188 -0.7404766 -0.6089749 -0.2843309 -0.7421529 -0.6059201 -0.2864786 -0.7863831 -0.5558204 -0.2695652 -0.7877947 -0.5528025 -0.2716413 -0.8281793 -0.4999144 -0.2533865 -0.8293326 -0.4969761 -0.2553864 -0.8658411 -0.441312 -0.2357183 -0.8667829 -0.4383887 -0.2377035 -0.8992795 -0.3799974 -0.2165605 -0.900031 -0.3770467 -0.2185869 -0.9281669 -0.3163576 -0.1960211 -0.9287353 -0.3133596 -0.1981326 -0.9519235 -0.2517374 -0.1745565 -0.952324 -0.2486366 -0.1768018 -0.9706972 -0.1860204 -0.1521298 -0.9709332 -0.1827641 -0.1545507 -0.9847288 -0.1177928 -0.1281962 -0.9847864 -0.1141946 -0.1309791 -0.9935429 -0.04741859 -0.103074 -0.9933636 -0.04338443 -0.1065207 -0.9966633 0.0194301 -0.07927668 -0.996246 0.02348846 -0.08332026 -0.9943834 0.09226596 -0.05185264 -0.9936618 0.0969448 -0.05690449 -0.985718 0.1668615 -0.02274519 -0.9845191 0.1728302 -0.02918958 -0.9714308 0.237281 0.004466354 -0.9696557 0.2444512 -0.003399133 -0.9521554 0.3041365 0.03002053 -0.9497507 0.3123067 0.0209344 -0.9285589 0.367235 0.05400943 -0.9255053 0.3761879 0.04384666 -0.9011604 0.4266574 0.07663875 -0.897564 0.4359421 0.06582891 -0.8704374 0.4823321 0.09846156 -0.8663762 0.4917183 0.08720946 -0.8726518 0.4350805 0.2217748 -0.899171 0.4025611 0.1715697 -0.9021023 0.390087 0.184509 -0.9262591 0.3530998 0.1317753 -0.9288089 0.3415237 0.14379 -0.9501058 0.2992838 0.08791053 -0.9522461 0.2889586 0.09864234 -0.9697212 0.2410078 0.03944796 -0.9714903 0.231996 0.04883188 -0.9839491 0.177919 -0.01375007 -0.9853784 0.1702799 -0.005854845 -0.9913775 0.1092932 -0.07228875 -0.9924728 0.1031942 -0.06594413 -0.9908993 0.04349774 -0.1273843 -0.9917981 0.03778165 -0.1221036 -0.9849534 -0.01343971 -0.1722973 -0.9856171 -0.01938319 -0.167879 -0.9728534 -0.07403403 -0.2192605 -0.9732164 -0.07967132 -0.2156441 -0.9548088 -0.1342883 -0.2651545 -0.9549268 -0.1394249 -0.2620604 -0.9316307 -0.192264 -0.3083809 -0.9315407 -0.1969156 -0.3057065 -0.9037591 -0.2478373 -0.3489931 -0.9034625 -0.2522131 -0.3466181 -0.871295 -0.3014204 -0.3872861 -0.8707915 -0.30557 -0.3851612 -0.8348013 -0.3524651 -0.4229364 -0.8340806 -0.3565309 -0.420946 -0.7945445 -0.4010086 -0.4559512 -0.7936523 -0.4048159 -0.4541366 -0.7508828 -0.4467275 -0.4864254 -0.7497466 -0.4505974 -0.4846051 -0.7040117 -0.489821 -0.5142402 -0.7026743 -0.4935823 -0.5124698 -0.6515554 -0.5318932 -0.540893 -0.6792083 -0.602226 -0.4195235 -0.6229962 -0.6456109 -0.4416586 -0.6389679 -0.7043945 -0.309109 -0.5789046 -0.7486111 -0.3231887 -0.5838426 -0.7857723 -0.2041811 -0.8729459 0.461793 0.157203 -0.8992725 0.4218662 0.1154893 -0.9026871 0.4109471 0.1275869 -0.9264628 0.36673 0.08470946 -0.9293714 0.3564602 0.09594202 -0.9501931 0.3073654 0.05157142 -0.9525544 0.2980586 0.06165426 -0.969717 0.2437255 0.01570838 -0.9715486 0.235571 0.02448821 -0.9841606 0.1757822 -0.02299284 -0.9855003 0.1689435 -0.01572567 -0.992553 0.1029545 -0.06510788 -0.9934577 0.09756672 -0.05935108 -0.9939157 0.0327931 -0.1051488 -0.9945495 0.02793657 -0.1004536 -0.9898233 -0.0295611 -0.1391981 -0.9902135 -0.03447574 -0.1352365 -0.9799175 -0.09566372 -0.1749578 -0.9800417 -0.1003662 -0.1715958 -0.9645379 -0.1605985 -0.2094634 -0.9644449 -0.1648252 -0.2065883 -0.9442688 -0.2230311 -0.2421028 -0.9439974 -0.2268716 -0.2395793 -0.9191591 -0.2836848 -0.2732574 -0.918699 -0.2874041 -0.2709077 -0.8891587 -0.3429466 -0.3029595 -0.8885139 -0.3464921 -0.3008095 -0.8548088 -0.3998168 -0.3308302 -0.8539761 -0.4032604 -0.3287947 -0.8164964 -0.4539785 -0.3567033 -0.8154267 -0.4574984 -0.3546472 -0.7742995 -0.5055999 -0.3805644 -0.7730152 -0.5090796 -0.3785307 -0.7283831 -0.5544722 -0.4025154 -0.7268434 -0.5579898 -0.4004322 -0.6763781 -0.6025887 -0.4235559 -0.6926277 -0.6572999 -0.2970249 -0.6363612 -0.7052295 -0.3125634 -0.6417788 -0.7407519 -0.198511 -0.5814546 -0.7868272 -0.2069145 -0.5814787 -0.8039698 -0.1245602 -0.6622211 0.1077688 0.7415181 -0.7153598 0.1265119 0.6872082 -0.7420558 0.1915362 0.6423917 -0.7411901 0.1800211 0.6467068 -0.7631121 0.238173 0.6007774 -0.7623571 0.2250618 0.606761 -0.7828466 0.28508 0.5530648 -0.782389 0.2705319 0.5609634 -0.8004927 0.3313635 0.4994094 -0.800559 0.3157156 0.509342 -0.8151829 0.3754105 0.4410711 -0.815982 0.3593886 0.4527839 -0.8263829 0.4165025 0.3789682 -0.8280764 0.4006101 0.3921746 -0.8338527 0.4547097 0.312936 -0.8365108 0.4396559 0.3270359 -0.8371825 0.490175 0.2425985 -0.8407192 0.476877 0.2564756 -0.8362929 0.5203875 0.1726589 -0.8404085 0.5092294 0.1854698 -0.8323646 0.5434412 0.1088153 -0.836616 0.5345036 0.1199153 -0.8296562 0.5539314 0.06950294 -0.8632725 0.5029281 0.04270958 -0.8672034 0.4951786 0.05250328 -0.8956708 0.4438369 0.02797448 -0.8991674 0.4359964 0.03748649 -0.9245843 0.3807412 0.01342022 -0.9275217 0.3730987 0.02238237 -0.9494909 0.3137925 -0.001225352 -0.9518001 0.3066409 0.006931602 -0.969863 0.2431098 -0.01622855 -0.9714864 0.2369129 -0.00929892 -0.9850645 0.1691987 -0.03193432 -0.9861142 0.1639875 -0.02621161 -0.9946231 0.09151917 -0.04847013 -0.9951675 0.08766174 -0.0442391 -0.9977949 0.01612651 -0.06438386 -0.9980553 0.01282387 -0.06100177 -0.995454 -0.05387997 -0.07853996 -0.9954993 -0.05709671 -0.075639 -0.987394 -0.1277442 -0.0934596 -0.987249 -0.1304642 -0.09120643 -0.9741007 -0.1987016 -0.107915 -0.9738218 -0.2010756 -0.1060177 -0.9560456 -0.2668058 -0.1216199 -0.9555989 -0.2692642 -0.1196976 -0.9328952 -0.3340645 -0.1345649 -0.9322999 -0.3364505 -0.1327336 -0.9044206 -0.4005387 -0.1469433 -0.9036812 -0.4028329 -0.1452104 -0.8712667 -0.4645251 -0.158464 -0.8703697 -0.4667749 -0.1567738 -0.8338069 -0.5255435 -0.1690269 -0.8326711 -0.5279141 -0.1672293 -0.7921162 -0.5836778 -0.1785278 -0.7906946 -0.5861902 -0.1765874 -0.7461649 -0.6389653 -0.1869797 -0.7444713 -0.6415309 -0.1849339 -0.6938818 -0.6932288 -0.1948382 -0.6944641 -0.7095475 -0.1194242 -0.6379203 -0.7599791 -0.1244569 -0.3800078 -0.9249727 -0.004442989 -0.4694271 -0.8829712 -2.65347e-4 -0.4473 -0.8943841 -3.0642e-5 -0.4694347 -0.8828738 0.01284694 -0.4694393 -0.8828713 0.0128476 -0.5123435 -0.8587427 -0.008081376 -0.5877736 -0.8090246 0.001229226 -0.574115 -0.8187736 0.001407086 0.3537032 -0.8522177 -0.3855114 0.2815704 -0.8752044 -0.3933643 0.282779 -0.8757282 -0.3913263 0.208577 -0.8936289 -0.3973954 0.2095951 -0.8941358 -0.3957161 0.1338554 -0.9067057 -0.3999593 0.134528 -0.9070889 -0.3988634 0.05793541 -0.9141407 -0.4012363 0.05829626 -0.9143727 -0.4006546 -0.01878535 -0.9158192 -0.4011512 -0.01881337 -0.9157997 -0.4011945 -0.09515249 -0.9116442 -0.3998135 -0.09551239 -0.9113496 -0.400399 -0.1706228 -0.9017404 -0.3971804 -0.1712083 -0.9011997 -0.3981543 -0.2446885 -0.886323 -0.3931399 -0.2455538 -0.8854202 -0.3946322 -0.3166961 -0.8655838 -0.3879024 -0.3176523 -0.8644576 -0.3896281 -0.3875931 -0.8393902 -0.3810457 -0.4566088 -0.8231813 -0.3374626 -0.4075674 -0.8457464 -0.3443863 -0.3883804 -0.8679591 -0.3095283 -0.3192623 -0.8933533 -0.3162146 -0.3182012 -0.8943704 -0.3144035 -0.2466354 -0.9148415 -0.3197439 -0.2457592 -0.9155825 -0.3182942 -0.171929 -0.9309051 -0.3222675 -0.1713126 -0.9313617 -0.3212749 -0.09580773 -0.9412525 -0.3238282 -0.09549093 -0.9414552 -0.3233323 -0.01879954 -0.9457204 -0.3244374 -0.01878076 -0.9457305 -0.3244091 0.05855751 -0.9442293 -0.3240402 0.0581786 -0.9440474 -0.3246381 0.1351356 -0.9367763 -0.3227826 0.1344688 -0.9364991 -0.3238639 0.2105429 -0.9235411 -0.3205362 0.2095754 -0.9232056 -0.3221331 0.2842112 -0.9047188 -0.317345 -0.01886636 -0.999815 -0.003749132 -0.06972253 -0.9974479 0.01538503 -0.09284025 -0.9955635 0.01529979 0.2745752 -0.9615371 -0.007418394 0.2078283 -0.9780995 0.01134628 0.2022922 -0.9792595 0.0113548 0.2079125 -0.9781107 0.008488953 0.2078666 -0.9781205 0.008488953 0.1292894 -0.9915925 -0.005354106 0.06975024 -0.9974666 0.01398247 0.05540651 -0.9983662 0.01396894 0.06976777 -0.9975396 0.006859838 0.06977957 -0.9975388 0.00686109 -0.06978076 -0.9975549 0.003878116 -0.0698688 -0.9975487 0.003876864 -0.1665022 -0.9860375 -0.002644419 -0.2078426 -0.9780382 0.01558464 -0.2388992 -0.9709227 0.01537364 -0.2079079 -0.9781483 -4.69439e-4 -0.3104474 -0.9505887 -0.001928865 -0.3419899 -0.9395895 0.01465201 -0.3419938 -0.9395881 0.01465225 0.3333489 -0.7216569 -0.6067041 0.3348311 -0.7228174 -0.6045024 0.3234096 -0.6697602 -0.6684517 0.324854 -0.6710303 -0.6664745 0.3070977 -0.5947828 -0.7429162 0.2460519 -0.607919 -0.7549127 0.2276101 -0.5137421 -0.8272019 0.1689118 -0.5217539 -0.8362067 0.1560726 -0.4365246 -0.8860517 0.1001019 -0.4409441 -0.8919349 0.09243816 -0.3636572 -0.926935 0.03931564 -0.3656083 -0.9299381 0.03624594 -0.2969022 -0.9542198 -0.01405632 -0.297194 -0.9547137 -0.01341557 -0.2372602 -0.9713535 -0.06060713 -0.2364585 -0.9697496 -0.057186 -0.1848941 -0.9810932 -0.1014352 -0.1833922 -0.9777926 -0.0937795 -0.1203992 -0.9882861 0.3983483 -0.6981112 -0.5949448 0.4000271 -0.6993237 -0.592389 0.3868189 -0.648344 -0.6557601 0.388529 -0.6497247 -0.6533783 0.3680904 -0.5768166 -0.7292408 0.3087033 -0.5927438 -0.7438799 0.2863225 -0.5019955 -0.8161005 0.2288247 -0.5123137 -0.8277525 0.2118853 -0.4293689 -0.8779221 0.1568831 -0.4356642 -0.886332 0.145164 -0.3596948 -0.9217088 0.09294432 -0.3631699 -0.9270755 0.08611983 -0.2951807 -0.9515524 0.03643947 -0.2967324 -0.9542653 0.03376108 -0.237092 -0.9709004 -0.01349246 -0.2373259 -0.9713365 -0.01293516 -0.1857213 -0.9825174 -0.05741661 -0.1850607 -0.9810484 -0.05324167 -0.1217754 -0.9911287 -0.09439545 -0.1206015 -0.9882029 -0.08687108 -0.05573379 -0.9946593 -0.08733713 -0.05589032 -0.9946098 -0.04952275 -0.05678808 -0.9971573 -0.05362498 -0.1219106 -0.9910915 -0.01232963 -0.1224263 -0.9924011 -0.01301532 -0.1857783 -0.9825055 0.03155881 -0.1855865 -0.9821211 0.03386557 -0.2370072 -0.9709175 0.08049523 -0.2357547 -0.9684732 0.08644789 -0.2948697 -0.951619 0.1353589 -0.2921018 -0.94676 0.1458086 -0.3590231 -0.9218689 0.1974293 -0.3540446 -0.9141522 0.2129279 -0.4281468 -0.8782665 0.267052 -0.4200106 -0.8673375 0.2876945 -0.5001989 -0.8167209 0.3440022 -0.4876254 -0.8024238 0.3697896 -0.5743943 -0.7302924 0.4274785 -0.5557562 -0.7130199 0.4500545 -0.6248679 -0.6379585 0.4715945 -0.6406096 -0.6059852 0.4614804 -0.6726163 -0.5784662 0.7056129 -0.07571929 -0.7045404 0.9820508 0.03528052 -0.1852876 0.4504099 0.1191214 -0.8848396 0.4993466 0.1220281 -0.8577659 0.5182661 0.08568298 -0.8509164 0.5698292 0.09026819 -0.8167904 0.5881288 0.05871105 -0.8066336 0.6410564 0.06518203 -0.7647209 0.6609231 0.03401982 -0.7496822 0.7140474 0.04301589 -0.6987746 0.7380422 0.007812798 -0.6747094 0.7877116 0.02054423 -0.6157017 0.8145691 -0.01768732 -0.5797969 0.8567996 3.15868e-4 -0.5156495 0.8754646 -0.0258736 -0.4825892 0.9134774 3.41986e-4 -0.4068894 0.9221078 -0.01261043 -0.3867274 0.9517908 0.01939189 -0.3061347 0.9571889 0.01038599 -0.2892782 0.9777768 0.05007624 -0.20358 0.9765547 0.05250853 -0.2087676 0.182776 0.2359688 -0.9544169 0.2505843 0.235915 -0.9389098 0.2630203 0.1953967 -0.9447965 0.3461126 0.1965948 -0.917364 0.3586909 0.1647943 -0.9187947 0.3779348 0.1581261 -0.9122288 0.3979153 0.1119707 -0.9105635 0.4440695 0.1148542 -0.8886005 0.4628574 0.0765565 -0.8831207 0.5120056 0.08097827 -0.8551566 0.5308169 0.04701817 -0.8461813 0.5815848 0.05314654 -0.8117479 0.6026821 0.01906734 -0.7977536 0.6543977 0.02749323 -0.7556506 0.6811215 -0.01203978 -0.7320715 0.7321186 1.34468e-4 -0.6811773 0.7636743 -0.04432576 -0.6440784 0.8098905 -0.02662914 -0.5859766 0.8333272 -0.05885338 -0.549638 0.8757407 -0.03357541 -0.481613 0.8880603 -0.05131769 -0.4568541 0.922898 -0.02058196 -0.3844942 0.9321078 -0.03463447 -0.3605216 0.9583257 0.00238496 -0.2856682 0.9640524 -0.007408559 -0.265609 0.9809429 0.03656631 -0.1908248 0.982069 0.03524279 -0.185199 -0.3753192 -0.7605987 -0.5297406 -0.308439 -0.7822456 -0.5412552 -0.3076159 -0.7836681 -0.5396637 -0.2384935 -0.8011437 -0.5488986 -0.2377384 -0.8022968 -0.5475403 -0.1664621 -0.8154119 -0.5544313 -0.1658742 -0.8162091 -0.5534334 -0.09296488 -0.8246996 -0.5578781 -0.0926488 -0.8250861 -0.5573592 -0.01849156 -0.8287786 -0.5592711 -0.01843202 -0.8288361 -0.5591878 0.05639863 -0.8275776 -0.558511 0.05608916 -0.827273 -0.5589933 0.1304574 -0.8210663 -0.5557258 0.1297988 -0.8204752 -0.5567519 0.2033061 -0.8094113 -0.5509265 0.202304 -0.808603 -0.5524802 0.2743381 -0.7928589 -0.544163 0.2731139 -0.7919589 -0.546086 0.3432607 -0.7717383 -0.5353432 0.3417809 -0.7707499 -0.5377085 0.4098003 -0.746236 -0.524591 0.408132 -0.7452251 -0.5273215 0.4736509 -0.7166689 -0.5118989 0.4718244 -0.7156611 -0.5149864 0.5346407 -0.6832637 -0.4973027 0.5541725 -0.6927287 -0.4615408 0.5955385 -0.666539 -0.4483969 0.6108875 -0.7242358 -0.3198421 0.663829 -0.6822736 -0.3063231 0.4895244 -0.8038246 -0.3379824 0.4867799 -0.8064934 -0.3355797 0.4239277 -0.8373867 -0.3450635 0.4212436 -0.8396617 -0.3428152 0.3742478 -0.8592326 -0.3487953 0.354251 -0.8810962 -0.3133302 0.2829906 -0.9043742 -0.3194113 -0.4483113 -0.7745143 -0.4462562 -0.3830512 -0.8020311 -0.4582773 -0.382057 -0.8036482 -0.4562698 -0.3141214 -0.8269502 -0.4663488 -0.3131535 -0.8283419 -0.4645264 -0.242845 -0.8471553 -0.4726038 -0.2420611 -0.8481526 -0.4712148 -0.1694273 -0.8622849 -0.4772413 -0.1688079 -0.8629878 -0.4761892 -0.09456533 -0.8721234 -0.4800608 -0.09424448 -0.8724461 -0.4795371 -0.01866877 -0.8764083 -0.481207 -0.01869535 -0.8763863 -0.481246 0.05755555 -0.8750195 -0.4806541 0.05725944 -0.8747776 -0.4811295 0.1329667 -0.8680871 -0.4782724 0.1323198 -0.8676119 -0.4793131 0.2071597 -0.8556888 -0.4742167 0.2062142 -0.8550689 -0.4757446 0.2795553 -0.8380928 -0.4684545 0.2782715 -0.8373357 -0.4705676 0.3496528 -0.8155309 -0.4611424 0.3481584 -0.8147388 -0.4636663 0.4172614 -0.7883213 -0.4521532 0.4156217 -0.7875469 -0.4550041 0.4819773 -0.7568347 -0.4414739 0.480228 -0.7560963 -0.4446342 0.5422243 -0.7221529 -0.4295208 0.5518941 -0.7660184 -0.3295887 0.6083949 -0.7274171 -0.3173642 -0.04695439 -0.007990121 -0.9988651 -0.01132798 -0.008311033 -0.9999013 -0.01178741 -0.05727869 -0.9982887 0.02614051 -0.05716192 -0.9980226 0.02892917 -0.1222695 -0.9920753 0.06963151 -0.1214671 -0.9901501 0.07590186 -0.1842809 -0.9799385 0.1194017 -0.182432 -0.9759415 0.12726 -0.2328109 -0.9641597 0.173017 -0.2295843 -0.9577872 0.1851543 -0.2867115 -0.9399545 0.2332645 -0.2815398 -0.9307649 0.2502809 -0.3452865 -0.9045092 0.300839 -0.3373438 -0.8920175 0.322879 -0.4066926 -0.8546054 0.3755686 -0.3948763 -0.8384634 0.4021233 -0.4682376 -0.7867976 0.4561993 -0.4511765 -0.7670216 0.4867871 -0.5286519 -0.6953887 0.540983 -0.5047372 -0.672739 0.5733636 -0.5844613 -0.5741596 0.6258824 -0.5522081 -0.5507609 0.6524234 -0.6215285 -0.4336428 0.7019517 -0.5805838 -0.4125365 0.7175999 -0.630295 -0.2962743 0.7635062 -0.5819197 -0.2800496 -0.08227246 -0.007206439 -0.9965838 -0.04681837 -0.007941424 -0.9988719 -0.04972845 -0.05686384 -0.9971427 -0.0117439 -0.05725753 -0.9982904 -0.01239931 -0.1224489 -0.9923974 0.02885591 -0.1222993 -0.9920737 0.03166675 -0.1854933 -0.9821352 0.07570433 -0.1844609 -0.97992 0.08081668 -0.2354657 -0.9685167 0.1268398 -0.2332242 -0.9641153 0.135968 -0.291487 -0.9468622 0.1844261 -0.2875142 -0.9398524 0.198302 -0.353046 -0.9143495 0.2492396 -0.3465991 -0.9042947 0.2682005 -0.4185128 -0.8677072 0.3216071 -0.4085335 -0.8542069 0.3454767 -0.4854726 -0.8030954 0.4006579 -0.4706552 -0.7861024 0.4291955 -0.552995 -0.7141343 0.4851028 -0.5317239 -0.6942227 0.516291 -0.6174137 -0.5935014 0.5715063 -0.587974 -0.5724223 0.597754 -0.6630379 -0.4506338 0.6504198 -0.6251661 -0.431418 0.6660966 -0.6789476 -0.3087806 0.7156261 -0.6336432 -0.2938973 -0.4551993 -0.863908 -0.215538 -0.4576456 -0.8632145 -0.2131227 -0.3874776 -0.8955643 -0.2186909 -0.3898 -0.8950802 -0.2165351 -0.3172019 -0.9222148 -0.2211401 -0.3192433 -0.9219393 -0.2193441 -0.24482 -0.943579 -0.2229838 -0.2464561 -0.9434763 -0.2216124 -0.1704925 -0.9594911 -0.2242975 -0.1716988 -0.9595034 -0.2233222 -0.09501177 -0.9697048 -0.2250453 -0.09560573 -0.9697543 -0.2245802 -0.01875281 -0.9740983 -0.2253462 -0.01867479 -0.9740863 -0.2254049 0.05781739 -0.97259 -0.2252243 0.05849736 -0.9724296 -0.2257409 0.1336672 -0.965233 -0.2246295 0.1350414 -0.9648002 -0.2256641 0.208594 -0.9520881 -0.2236449 0.2104476 -0.9513509 -0.2250404 0.2819456 -0.9333626 -0.2221285 0.2842191 -0.9322575 -0.2238651 0.3532029 -0.9092921 -0.2200812 0.3557734 -0.9078004 -0.2220897 0.42214 -0.8800689 -0.2174318 0.4249042 -0.878182 -0.2196657 0.4882634 -0.8460133 -0.2141509 0.4910439 -0.8438043 -0.2164957 0.5513592 -0.8073765 -0.2101101 0.5540471 -0.8049056 -0.2125061 0.611104 -0.7644777 -0.2052463 0.6136646 -0.7617623 -0.2076872 0.6671357 -0.7177057 -0.1995714 0.669457 -0.7148672 -0.201971 0.7194001 -0.6672554 -0.1929604 0.7214828 -0.6643095 -0.1953345 0.7677178 -0.6133753 -0.1854189 0.7694767 -0.6104795 -0.1876709 0.8118706 -0.5564154 -0.1768277 0.5432267 -0.839502 -0.01188409 0.4694921 -0.8829323 0.00279659 0.4793638 -0.8776121 0.00273621 0.7640704 -0.6449657 -0.0146923 0.6945618 -0.7193779 -0.00891155 0.714331 -0.6997495 -0.009044885 0.6946358 -0.7193295 0.006801187 0.6946487 -0.7193171 0.006801664 0.6608695 -0.750376 -0.01369804 0.5878548 -0.8089618 -0.002761185 0.6035305 -0.7973347 -0.002869606 0.5877515 -0.8090038 0.007825016 0.5877783 -0.8089842 0.00782454 -0.4527102 -0.8821634 -0.1297745 -0.454795 -0.8813725 -0.1278445 -0.3850117 -0.9136116 -0.1306899 -0.3869408 -0.9130354 -0.1290082 -0.3148782 -0.9400001 -0.1313457 -0.3165988 -0.9396204 -0.1299179 -0.242808 -0.9610847 -0.1317599 -0.244228 -0.9608787 -0.1306321 -0.1690203 -0.9767342 -0.131994 -0.1699819 -0.9766669 -0.1312552 -0.09419548 -0.9867448 -0.1321437 -0.09464162 -0.9867468 -0.1318099 -0.01868003 -0.9910422 -0.1322362 -0.01858305 -0.991034 -0.1323111 0.05704665 -0.9895694 -0.1322807 0.05777978 -0.9894548 -0.1328191 0.1322481 -0.9823427 -0.1323384 0.1334637 -0.9820581 -0.1332272 0.2065542 -0.9694495 -0.1322983 0.208284 -0.9689055 -0.1335668 0.279465 -0.9510128 -0.1321898 0.2816073 -0.9501565 -0.1337912 0.3505029 -0.9272191 -0.1319566 0.3528964 -0.9260469 -0.1337954 0.4194419 -0.8982092 -0.1314868 0.4219444 -0.8967421 -0.1334785 0.485679 -0.8643131 -0.1306862 0.488233 -0.8625478 -0.1328153 0.5489973 -0.8257278 -0.1295207 0.5515408 -0.823675 -0.131766 0.6091576 -0.7826602 -0.1279458 0.6115366 -0.780431 -0.1301939 0.6656403 -0.735587 -0.1258368 0.6678237 -0.733218 -0.1280739 0.7184649 -0.6845757 -0.1231438 0.7203441 -0.6822125 -0.125262 0.767288 -0.6300253 -0.1197395 0.7689126 -0.6276477 -0.121787 0.8119187 -0.5721983 -0.1156592 0.8132863 -0.5698509 -0.117624 0.8522505 -0.5112528 -0.1108596 0.887838 -0.4479414 -0.1053195 0.8533449 -0.509021 -0.1126952 0.8517519 -0.4965586 -0.1671774 0.8133295 -0.553593 -0.1789692 0.8073726 -0.5272824 -0.2648074 0.7652127 -0.5785437 -0.282377 0.7499268 -0.5330258 -0.3917822 0.7037274 -0.5768374 -0.4147606 0.6775181 -0.5133603 -0.5267167 0.6275997 -0.5484489 -0.5525601 0.5948259 -0.4748942 -0.6485813 0.5425993 -0.5013408 -0.6739758 0.5106961 -0.4290181 -0.7450725 0.457701 -0.4483597 -0.7677783 0.4290692 -0.3789897 -0.8199185 0.376904 -0.392707 -0.838883 0.3522714 -0.3263331 -0.8771612 0.3019335 -0.3358094 -0.8922266 0.2820819 -0.274115 -0.9193969 0.2341138 -0.2805052 -0.930864 0.219168 -0.2247171 -0.9494565 0.1736351 -0.2289224 -0.9578338 0.1631559 -0.1793776 -0.9701566 0.1198056 -0.1820431 -0.9759646 0.1101447 -0.1198627 -0.9866616 0.07003164 -0.1212953 -0.990143 0.0638296 -0.05650103 -0.9963601 0.02624899 -0.05712103 -0.9980222 0.02425861 -0.008218407 -0.9996719 -0.01134341 -0.008317112 -0.9999011 -0.01094949 0.0364539 -0.9992754 -0.04443895 0.03671437 -0.9983373 -0.06077271 0.04331415 -0.9972115 -0.07764214 0.03745543 -0.9962776 -0.1108021 0.03838664 -0.993101 -0.1175093 -0.005953371 -0.993054 -0.116958 -0.005775094 -0.9931201 -0.1247529 -0.05433219 -0.9906992 -0.1240659 -0.05411577 -0.9907972 -0.1349675 -0.1185678 -0.9837304 -0.1340605 -0.118285 -0.9838885 -0.1451072 -0.1807287 -0.9727699 -0.1444791 -0.1803253 -0.9729382 -0.1535274 -0.2312422 -0.9607062 -0.1527431 -0.2307396 -0.9609521 -0.1632566 -0.2896485 -0.9431071 -0.1623319 -0.2890579 -0.9434479 -0.1743661 -0.3567335 -0.9177896 -0.1732443 -0.3560116 -0.9182822 -0.1867343 -0.4328901 -0.8818937 -0.1854736 -0.4320969 -0.8825485 -0.2002304 -0.518291 -0.831434 -0.1988112 -0.5174315 -0.8323094 -0.2148673 -0.6154934 -0.7582876 -0.2132903 -0.6146293 -0.7594327 -0.22571 -0.6949986 -0.6826655 -0.2913933 -0.6807463 -0.6720674 -0.3009776 -0.7320853 -0.6111168 -0.3664668 -0.7123577 -0.5985388 -0.3762709 -0.7587336 -0.5317364 -0.4405848 -0.7331645 -0.5180297 -0.4493492 -0.772591 -0.4485407 -0.51156 -0.741189 -0.4346785 -0.5207454 -0.7876585 -0.3292697 -0.5179634 -0.7881686 -0.3324217 -0.5223399 -0.8267207 -0.2090316 -0.5198685 -0.8276121 -0.2116487 -0.5196526 -0.8449748 -0.1264073 -0.5175686 -0.8459416 -0.128474 0.9903487 0.007720947 -0.1383831 0.9956706 -0.01391273 -0.09190535 0.9932022 -0.1073788 -0.04493623 0.9829331 -0.1771983 -0.04942893 0.9820091 -0.1727154 -0.07633805 0.9663852 -0.2421695 -0.08633518 0.9647525 -0.2347793 -0.1188758 0.9441918 -0.3007355 -0.1343883 0.9396871 -0.2845183 -0.1898351 0.9140514 -0.3452575 -0.2128553 0.9031917 -0.3169436 -0.289468 0.8718457 -0.3706616 -0.3201487 0.8521745 -0.330644 -0.4055533 0.8146067 -0.3759792 -0.4416509 0.7874106 -0.3278296 -0.5220273 0.7440223 -0.3645076 -0.5599688 0.7142598 -0.3144713 -0.6252526 0.6669616 -0.3430892 -0.6614016 0.6368455 -0.2921658 -0.7134892 0.5872791 -0.3140305 -0.7459813 0.5579487 -0.2623307 -0.7873221 0.5078313 -0.2786273 -0.815153 0.481051 -0.2280722 -0.8465064 0.4318227 -0.2399876 -0.8694453 0.4087545 -0.1921735 -0.8921823 0.361265 -0.2008104 -0.9105839 0.3423719 -0.1567561 -0.9263957 0.2971202 -0.1629813 -0.9408277 0.275641 -0.1055917 -0.9554436 0.2345797 -0.1096398 -0.9658942 0.2156905 -0.04798799 -0.9752819 0.1778404 -0.0505883 -0.9827582 0.1663817 -0.00311774 -0.9860565 0.130867 -0.004851758 -0.9913882 0.1229136 0.03918224 -0.9916436 0.9934691 -0.003948152 -0.1140332 0.9934857 -0.003994703 -0.1138873 0.2850359 0.008113026 -0.9584826 0.3257887 0.01174706 -0.9453697 0.3447476 -0.03203541 -0.9381487 0.3881356 -0.02699488 -0.921207 0.4158045 -0.08190065 -0.9057588 0.4616038 -0.07457494 -0.8839461 0.4895706 -0.1231581 -0.8632224 0.5395387 -0.1122863 -0.8344399 0.5612446 -0.1472907 -0.8144385 0.6118576 -0.132986 -0.7797083 0.6356297 -0.1689631 -0.7532772 0.6857012 -0.1501772 -0.7122224 0.7101968 -0.1857799 -0.6790482 0.7580316 -0.1613875 -0.6319354 0.7814999 -0.1951104 -0.5926128 0.8250177 -0.1641203 -0.54075 0.8457418 -0.1946696 -0.4968145 0.8827987 -0.1566334 -0.4428685 0.9002268 -0.1840907 -0.3945912 0.929284 -0.138915 -0.3422484 0.9429 -0.1629432 -0.2904981 0.9636697 -0.1100362 -0.2433781 0.9721335 -0.1277335 -0.1965723 0.9850347 -0.0681141 -0.1583268 0.989125 -0.07865172 -0.1242815 0.9952386 -0.01421278 -0.09642827 0.9956701 -0.01391339 -0.09190964 0.8882849 -0.4537763 -0.07097244 0.8875429 -0.4554619 -0.06944167 0.8525294 -0.5175209 -0.07325226 0.8515786 -0.5193125 -0.07161289 0.8120012 -0.5788151 -0.07501518 0.8108541 -0.5806385 -0.07331281 0.7671639 -0.6368967 -0.07630312 0.7657824 -0.6387695 -0.07450526 0.71814 -0.6916133 -0.07711017 0.7165299 -0.6934875 -0.07523453 0.6651341 -0.7426936 -0.0774784 0.6632918 -0.74454 -0.07552701 0.608489 -0.7897754 -0.07743448 0.6064758 -0.7915123 -0.07546919 0.5482071 -0.8327839 -0.07707303 0.546029 -0.8343942 -0.07509148 0.4848123 -0.8712736 -0.07641583 0.4825891 -0.8726723 -0.07450431 0.4185503 -0.9050438 -0.07557374 0.4164083 -0.9061758 -0.07382148 0.3496468 -0.9339019 -0.07466214 0.3475977 -0.9347935 -0.07305389 0.2787058 -0.9575456 -0.07368499 0.2768723 -0.958184 -0.07228577 0.2059488 -0.975856 -0.07273352 0.2044542 -0.9762529 -0.07161676 0.1318488 -0.9886595 -0.07189071 0.1307131 -0.9888707 -0.07105571 0.05689644 -0.9958401 -0.07117247 0.05620551 -0.9959158 -0.07066005 -0.01854902 -0.9973304 -0.07062774 -0.01872998 -0.9973366 -0.07048994 -0.09378939 -0.9931069 -0.07030189 -0.0934782 -0.99312 -0.07053172 -0.1683667 -0.9832224 -0.07018721 -0.1676436 -0.9833064 -0.0707404 -0.2419553 -0.9677426 -0.07022875 -0.2408835 -0.9679485 -0.07106941 -0.3138717 -0.946853 -0.07038497 -0.3125185 -0.9472177 -0.07149052 -0.3839201 -0.9206629 -0.07060545 -0.3823768 -0.921203 -0.07192498 -0.4515928 -0.8894088 -0.0708242 -0.4499679 -0.8901137 -0.0722956 -0.5164844 -0.8533517 -0.07095807 -0.5148476 -0.8542073 -0.07253944 -0.5784576 -0.8126222 -0.07093787 -0.5768949 -0.8135888 -0.0725646 -0.6370655 -0.7675629 -0.07067376 -0.6355885 -0.7686309 -0.07234567 -0.692087 -0.7183976 -0.07014662 -0.69077 -0.7195022 -0.07178759 -0.7421408 -0.6666502 -0.06931519 -0.7416175 -0.6697598 -0.0377559 -0.788222 -0.6142733 -0.0370745 -0.7873874 -0.6164472 0.003766834 -0.7880086 -0.6156488 0.004378795 0.9182512 -0.3919631 -0.05639004 0.887082 -0.4611974 -0.01955866 0.8660185 -0.4999861 0.00511229 0.8501088 -0.5265821 0.005141794 0.944813 -0.3233047 -0.05293756 0.9702951 -0.2418804 0.004635393 0.9665258 -0.256529 0.004562616 0.9662483 -0.2526244 -0.05045062 0.9455682 -0.3208873 -0.05415016 0.9448307 -0.3143489 -0.09208649 0.9193865 -0.3802312 -0.1007622 0.9176452 -0.3699947 -0.1450211 0.8879702 -0.431686 -0.1586069 0.8824756 -0.4102551 -0.2300603 0.8483195 -0.4665791 -0.2503156 0.8347044 -0.4297202 -0.3443969 0.795478 -0.4789429 -0.3712527 0.7715803 -0.4272787 -0.4712715 0.7274139 -0.4677062 -0.5021156 0.6961222 -0.4068604 -0.5915053 0.6479346 -0.4384461 -0.6228531 0.6156501 -0.3770208 -0.6919757 0.5651805 -0.4009473 -0.7209801 0.5343849 -0.34037 -0.7736803 0.4834129 -0.3580124 -0.7988362 0.4552119 -0.2985135 -0.8388515 0.4049601 -0.3112544 -0.8597256 0.3806344 -0.2545372 -0.8890042 0.3322141 -0.2635459 -0.9056364 0.3124849 -0.2112588 -0.9261334 0.2664133 -0.2175439 -0.9389882 0.2512222 -0.1703174 -0.9528272 0.2076492 -0.1746501 -0.962486 0.1916396 -0.1143957 -0.9747759 0.1515878 -0.1170946 -0.9814836 0.1387616 -0.05350083 -0.9888797 0.1016565 -0.05509567 -0.9932927 0.09481352 -0.006639957 -0.9954729 0.05987942 -0.007553994 -0.9981771 0.05605667 0.03701668 -0.9977412 0.9983125 -0.03491294 -0.04640394 0.9702776 -0.2419075 -0.006494402 0.9702712 -0.2419332 -0.006494402 0.9452395 -0.32559 -0.02266407 0.927158 -0.3746389 0.004876315 0.9181451 -0.3962147 0.004837512 0.9271312 -0.3745795 -0.0108664 0.9271584 -0.3745123 -0.01086604 0.2046157 1.39756e-4 -0.9788424 0.2420076 0.002760052 -0.9702705 0.2576125 -0.04323142 -0.9652808 0.2979163 -0.0394746 -0.9537755 0.3218964 -0.09824556 -0.9416638 0.3651328 -0.09265321 -0.9263334 0.3907821 -0.1461868 -0.9088008 0.4382953 -0.1377958 -0.8882058 0.4594774 -0.1777459 -0.8702223 0.5087296 -0.1664196 -0.8446885 0.5332649 -0.2088059 -0.8197736 0.5832225 -0.1936328 -0.7888967 0.6101463 -0.237158 -0.7559615 0.6595805 -0.2170034 -0.7196271 0.6873245 -0.2599584 -0.678238 0.7345807 -0.2336443 -0.6370256 0.7613629 -0.2745236 -0.5873359 0.8044992 -0.2410632 -0.5428349 0.8290865 -0.2796592 -0.4841555 0.8663577 -0.2381562 -0.438983 0.8872231 -0.2740815 -0.3710991 0.9171953 -0.2242417 -0.3293458 0.9313707 -0.2531694 -0.261637 0.9540417 -0.1956459 -0.2269958 0.961614 -0.2151142 -0.1703659 0.9778807 -0.1511005 -0.1446307 0.9810597 -0.1613221 -0.1072247 0.9915363 -0.09354543 -0.09002888 0.99271 -0.09765815 -0.07063883 0.9980263 -0.02266782 -0.05856591 0.9971174 -0.0281704 -0.07045114 0.8659411 -0.4999461 -0.01414602 0.8660205 -0.4998086 -0.01414638 0.8095279 -0.5868805 -0.01536577 0.7879918 -0.615658 0.005852937 0.7880012 -0.6156459 0.005852878 0.9865415 0.0205605 -0.1622135 0.9865204 0.02061092 -0.1623358 0.7371594 -0.1192033 -0.6651215 0.7860766 -0.0964148 -0.6105636 0.8053781 -0.1233926 -0.5797761 0.8490231 -0.09491318 -0.519761 0.8657274 -0.1189373 -0.4861791 0.9017938 -0.08465242 -0.4237948 0.9150934 -0.104817 -0.3893808 0.9430302 -0.06390297 -0.3265126 0.9528773 -0.08023029 -0.2925544 0.9720245 -0.03235214 -0.2326409 0.9785061 -0.04489105 -0.2012725 0.9887884 0.009495556 -0.1490217 0.9903393 0.00773549 -0.1384497 0.4694494 -0.8829172 0.008642077 0.4694526 -0.8829155 0.008642554 0.4135536 -0.9104284 -0.009676694 0.3420332 -0.9396576 0.007546067 0.344641 -0.9387043 0.007535517 0.3419812 -0.939664 0.008977174 0.3420745 -0.93963 0.008977115 -0.6857388 0.01047003 -0.7277725 -0.6686611 0.01365488 -0.743442 -0.6686341 0.01365494 -0.7434663 -0.6304879 -0.006623566 -0.7761709 -0.5780701 0.01137441 -0.8159078 -0.5780462 0.01137363 -0.8159248 -0.5769618 0.007548332 -0.8167363 -0.6344599 -0.001744508 -0.7729539 -0.6354728 -4.83696e-4 -0.7721232 -0.6891668 -0.01030361 -0.7245296 -0.690382 -0.008728682 -0.7233924 -0.741432 -0.01925498 -0.6707518 -0.5780859 0.002853095 -0.815971 -0.5780834 0.002853333 -0.8159727 -0.5126377 -0.001348197 -0.858604 -0.4796847 0.008887946 -0.8773961 -0.4796887 0.008887708 -0.8773939 -0.4478456 0.002029418 -0.8941087 -0.2649083 0.01203531 -0.9641986 -0.3108955 0.004115521 -0.9504352 -0.2647744 -0.003495991 -0.9643042 -0.4799187 -0.002777755 -0.8773087 -0.3747508 0.006805062 -0.9271006 -0.3804213 0.006813585 -0.9247882 -0.3748168 0.008758783 -0.9270576 -0.3748684 0.008758842 -0.9270367 -0.3128054 0.04282975 -0.9488511 -0.310962 0.04406338 -0.9494004 -0.382611 0.0369907 -0.9231687 -0.3800834 0.03877145 -0.9241393 -0.4501029 0.03034096 -0.8924612 -0.446992 0.03266221 -0.8939415 -0.5149269 0.02295535 -0.8569267 -0.4290697 0.08777296 -0.8989968 -0.4464209 0.07437008 -0.8917274 -0.3643067 0.08921313 -0.9269961 -0.3795683 0.07821154 -0.9218519 -0.297661 0.09015864 -0.9504049 -0.3105236 0.08147668 -0.9470675 -0.3273592 0.1901667 -0.9255661 -0.2895087 0.2154375 -0.9326153 -0.3873381 0.1932241 -0.901462 -0.3440307 0.2241593 -0.911809 -0.266518 0.1873178 -0.9454523 -0.1942576 0.005829572 -0.9809333 -0.1946704 0.00582993 -0.9808515 -0.1231292 -0.00101906 -0.9923902 -0.007587075 0.008470058 -0.9999354 -0.007659375 0.008470058 -0.9999349 0.0550723 0.02866852 -0.9980708 0.2228383 0.0122109 -0.974779 0.2735819 0.01071816 -0.961789 0.2735154 0.02101111 -0.9616382 0.2227564 -0.004739642 -0.9748626 0.3274048 0.00901544 -0.9448412 0.3274295 0.0090155 -0.9448326 0.346021 0.0413686 -0.9373143 0.3462193 0.01819133 -0.9379773 0.3439241 0.01684862 -0.9388464 0.3440058 0.003407716 -0.9389615 0.3280448 0.003337204 -0.9446564 0.05487793 0.05458468 -0.997 0.05241 0.08881801 -0.9946681 -0.1234581 0.241133 -0.9626074 -0.1246205 0.1933417 -0.9731849 -0.14231 0.1837092 -0.9726248 -0.1430804 0.1406983 -0.9796592 -0.1594615 0.1312908 -0.9784349 -0.1599639 0.09069532 -0.9829476 -0.1671581 0.08639818 -0.9821373 -0.1674044 0.05183655 -0.9845247 -0.1681714 0.05136626 -0.9844186 -0.1683148 0.0256946 -0.9853984 -0.1669186 0.02655917 -0.9856129 -0.1670055 0.004552841 -0.9859455 -0.1233189 0.01325422 -0.9922786 0.04675644 0.1315791 -0.9902024 0.04645401 0.186313 -0.9813917 0.09574657 0.184094 -0.9782342 0.09508663 0.2229017 -0.9701926 -0.2347205 0.2071666 -0.9497306 -0.232869 0.2451142 -0.9411116 -0.2883107 0.2353489 -0.9281637 -0.2879421 0.235584 -0.9282184 -0.342146 0.2488836 -0.9060868 -0.2966011 0.1340323 -0.9455491 -0.2677676 0.1529638 -0.9512637 -0.3628893 0.1361857 -0.921827 -0.3287683 0.1601849 -0.9307268 -0.4272232 0.1385285 -0.893471 -0.3888333 0.1675165 -0.9059509 -0.4490537 0.1518309 -0.8805102 -0.4461762 0.1961929 -0.8731755 -0.3985444 0.2326392 -0.8871535 -0.3983983 0.2342886 -0.8867851 -0.3630521 0.2596253 -0.8948675 -0.3600103 0.2863133 -0.8879286 -0.3541571 0.2902297 -0.8890104 -0.3438814 0.355629 -0.8690649 -0.4223485 0.3343952 -0.8424974 -0.2300687 0.3240794 -0.917628 0.9945173 -0.104558 -0.001757919 0.9829725 -0.1819827 -0.02544897 0.9824392 -0.180372 -0.04774141 0.9668701 -0.2499533 -0.051822 0.965998 -0.244364 -0.08446377 0.9453455 -0.3122876 -0.09379988 0.943631 -0.3033724 -0.1323851 0.918376 -0.3674104 -0.1469526 0.9133325 -0.3485066 -0.2106347 0.8833982 -0.4070333 -0.2322319 0.8710429 -0.3744671 -0.3178977 0.8357315 -0.4259324 -0.3466044 0.8137433 -0.3801872 -0.439636 0.7726416 -0.4232506 -0.4731639 0.7430742 -0.3687512 -0.5584473 0.6972645 -0.4028183 -0.5929247 0.6658856 -0.3470408 -0.6604233 0.6168877 -0.3733077 -0.692886 0.5860909 -0.3174893 -0.7454516 0.535663 -0.3372383 -0.7741678 0.5065746 -0.2815361 -0.8149354 0.4564763 -0.2959781 -0.8390629 0.4306435 -0.2422116 -0.8694134 0.381773 -0.2526456 -0.8890556 0.3601818 -0.2025086 -0.9106369 0.3134207 -0.2099398 -0.926117 0.296227 -0.1641829 -0.9409005 0.2519582 -0.1694254 -0.9527918 0.2330659 -0.1104696 -0.9661661 0.1927644 -0.1138162 -0.974622 0.1768171 -0.05108892 -0.9829169 0.1394528 -0.05318021 -0.9887997 0.1302437 -0.005138635 -0.9914688 0.09522926 -0.006456553 -0.9954345 0.08928596 0.03807801 -0.9952779 0.07243174 0.04379802 -0.9964113 0.06838077 0.08288764 -0.9942101 0.005414187 0.08220928 -0.9966004 0.004794895 0.1291454 -0.9916141 -0.05523848 0.1294296 -0.9900489 -0.05200952 0.1773734 -0.9827684 -0.1116336 0.1780288 -0.9776726 -0.1047191 0.2277327 -0.9680763 -0.1709347 0.2280024 -0.9585386 -0.1615939 0.2742547 -0.9479831 -0.1681329 0.2806482 -0.9449698 -0.1606988 0.3190456 -0.9340161 -0.1689848 0.3269284 -0.9298183 -0.1629803 0.3591386 -0.9189435 0.9969504 -0.02190643 -0.0749011 0.9915784 -0.09012013 -0.09300971 0.9892114 -0.08284074 -0.1208239 0.9780237 -0.147241 -0.1476135 0.9721783 -0.1323603 -0.1932621 0.9542297 -0.1913369 -0.2298609 0.9429212 -0.1680514 -0.2875038 0.9174109 -0.219533 -0.3319079 0.9001654 -0.1895572 -0.3921355 0.8666588 -0.2331828 -0.4410538 0.8454841 -0.200136 -0.495078 0.8050001 -0.2360322 -0.544301 0.78096 -0.200327 -0.5915831 0.7353332 -0.2289633 -0.6378566 0.7093554 -0.1905459 -0.6786068 0.6605935 -0.2127565 -0.719966 0.6345375 -0.1730821 -0.7532628 0.5844216 -0.1900123 -0.7888895 0.5599902 -0.1507384 -0.8146711 0.5099769 -0.1635167 -0.8445034 0.4882892 -0.1259149 -0.8635503 0.4395133 -0.1355122 -0.8879553 0.4124469 -0.08431893 -0.9070711 0.3679634 -0.09075474 -0.9254007 0.3419272 -0.03379058 -0.9391188 0.3001412 -0.03817498 -0.9531307 0.2827396 0.006807982 -0.9591726 0.2437328 0.003689408 -0.9698354 0.2299432 0.04686129 -0.9720752 0.2112071 0.05243831 -0.9760338 0.2009612 0.08902043 -0.975546 0.1335324 0.08616977 -0.9872912 0.125235 0.1318937 -0.9833211 0.06532138 0.1306401 -0.9892757 0.06104433 0.1770944 -0.9822989 0.004785001 0.1767745 -0.9842398 0.004244863 0.2235934 -0.9746733 -0.05133175 0.2236295 -0.9733216 -0.04853749 0.2697311 -0.9617117 -0.05037111 0.2712632 -0.9611863 -0.0478661 0.314428 -0.9480738 -0.0503444 0.3164911 -0.9472586 -0.04822093 0.3545344 -0.9337988 -0.05137586 0.3571469 -0.9326344 -0.05024653 0.3780794 -0.9244087 -0.05420899 0.3813394 -0.9228444 -0.05441206 0.3773452 -0.9244728 0.6699525 -0.08705204 -0.7372826 0.6489287 -0.07811188 -0.756829 0.6195001 -0.03541749 -0.7841972 0.5702748 -0.04556655 -0.8201892 0.5410171 0.001207232 -0.8410108 0.492612 -0.005889356 -0.8702291 0.4709998 0.03294736 -0.8815178 0.4242691 0.02772414 -0.9051117 0.4059225 0.06543648 -0.9115619 0.3614177 0.06163179 -0.9303649 0.3440591 0.1028465 -0.9332985 0.2816508 0.09893137 -0.9544032 0.2670682 0.1415536 -0.9532247 0.1940039 0.138752 -0.9711387 0.1830188 0.1829352 -0.9659394 0.1220892 0.1817805 -0.9757305 0.1149077 0.2261914 -0.9672816 0.06074815 0.2259367 -0.972246 0.05691134 0.2726953 -0.9604158 0.06026607 0.2701644 -0.9609263 0.05652934 0.3181532 -0.9463525 0.06080639 0.3148625 -0.9471875 0.05752515 0.3590174 -0.9315565 0.06275951 0.3549089 -0.9327921 0.06073546 0.3834641 -0.9215566 0.06714683 0.3783355 -0.9232299 0.06750494 0.3728555 -0.9254307 0.008381545 0.3743186 -0.9272623 0.00863558 0.331723 -0.9433373 0.009900033 0.3306767 -0.9436922 0.01010602 0.2876122 -0.9576936 0.992467 -0.003435075 -0.1224644 0.9847373 -0.06311643 -0.1622001 0.9790644 -0.05070763 -0.1971336 0.9633853 -0.1045996 -0.246876 0.9533956 -0.08647316 -0.2890662 0.9290702 -0.1331173 -0.3451206 0.9154255 -0.1112397 -0.3868099 0.8827823 -0.1507125 -0.4449509 0.8657463 -0.1253641 -0.484528 0.8252982 -0.158394 -0.5420281 0.8050087 -0.1294741 -0.5789625 0.7586555 -0.1560898 -0.632517 0.7363906 -0.1246888 -0.6649674 0.6866564 -0.1454362 -0.712286 0.6641644 -0.112977 -0.7390006 0.6130683 -0.1289067 -0.7794424 0.5918524 -0.09670507 -0.8002244 0.54089 -0.1088921 -0.8340148 0.5126164 -0.06323212 -0.8562863 0.4656062 -0.0714721 -0.8821014 0.4368134 -0.018947 -0.8993526 0.3916209 -0.02468466 -0.9197955 0.3714145 0.01767069 -0.9282991 0.3286998 0.01349997 -0.944338 0.3115902 0.05549299 -0.9485948 0.2910566 0.06139582 -0.9547338 0.2787353 0.09523874 -0.9556341 0.2028819 0.09112572 -0.9749539 0.1911506 0.1356776 -0.9721384 0.1270789 0.1336615 -0.9828457 0.1192967 0.1791371 -0.9765645 0.0625323 0.1783735 -0.9819738 0.05856549 0.2240654 -0.9728128 0.004673004 0.2239328 -0.9745934 0.004177927 0.2702587 -0.9627787 0.004744708 0.2698138 -0.9629009 0.00429368 0.3152195 -0.9490091 0.005003094 0.3146547 -0.9491931 0.00462532 0.3555855 -0.9346324 0.005447745 0.3549307 -0.9348767 0.005233228 0.3794171 -0.9252109 0.006152212 0.3786799 -0.9255073 0.006190419 0.37343 -0.9276378 -0.06624323 0.372146 -0.9258073 -0.06802743 0.3290749 -0.9418504 0.99871 -0.02921479 -0.04153031 0.993484 -0.1038851 -0.0468772 0.9926127 -0.1004739 -0.06800776 0.9822733 -0.170189 -0.07858008 0.9808184 -0.1644563 -0.1046391 0.9651595 -0.2319571 -0.1210915 0.9612681 -0.2186698 -0.1677714 0.9402139 -0.2812024 -0.1921537 0.9309738 -0.2572113 -0.2590949 0.9037868 -0.3130651 -0.2918215 0.8867846 -0.2786173 -0.3687622 0.8528205 -0.32633 -0.4076839 0.8285548 -0.2843799 -0.4823124 0.7881467 -0.3234099 -0.5236707 0.7606515 -0.2791249 -0.5860875 0.7151637 -0.3102253 -0.6263396 0.6863715 -0.2642779 -0.6775333 0.6379396 -0.2882771 -0.7140935 0.6090399 -0.2408169 -0.7556969 0.5591673 -0.2590039 -0.7875587 0.5320349 -0.2119047 -0.8197776 0.4822688 -0.2254378 -0.8465192 0.4582273 -0.180252 -0.870366 0.4098804 -0.1901859 -0.8920916 0.3896425 -0.1480739 -0.9089845 0.3433243 -0.1553415 -0.9262816 0.3195516 -0.09971719 -0.9423075 0.2774831 -0.1045133 -0.9550289 0.2559001 -0.04417556 -0.9656934 0.2169493 -0.04733431 -0.9750347 0.2033333 -5.14432e-4 -0.9791095 0.1673147 -0.002663731 -0.9859 0.1573044 0.04133492 -0.9866848 0.1397594 0.04686778 -0.9890757 0.132391 0.08506923 -0.9875403 0.068892 0.08333313 -0.9941376 0.06435942 0.1298104 -0.989448 0.005007028 0.1293096 -0.9915916 0.004423201 0.176487 -0.9842931 -0.0529825 0.1766498 -0.9828468 -0.04991298 0.2246979 -0.9731494 -0.1086484 0.2248926 -0.9683073 -0.1025797 0.2709912 -0.9571005 -0.1068877 0.2748541 -0.9555262 -0.1017454 0.3157023 -0.9433876 -0.1072609 0.3205723 -0.9411315 -0.1029983 0.3557611 -0.928884 -0.109858 0.3617147 -0.9257937 -0.107822 0.3792386 -0.9189954 0.052226 0.1341577 -0.9895829 0.1100317 0.1316915 -0.9851652 0.1092529 0.1895562 -0.9757726 0.1509897 0.1861215 -0.9708558 0.1493647 0.2421976 -0.9586609 0.2104334 0.2349691 -0.9489507 0.2074563 0.2823242 -0.9366189 0.1858857 0.3025255 -0.9348395 0.1836869 0.3286147 -0.9264295 0.163753 0.3463906 -0.9236875 0.1597529 0.3850025 -0.9089842 0.2012708 0.3802713 -0.9027092 0.2006422 0.383725 -0.9013866 0.05479121 0.09002608 -0.9944311 0.1230834 0.08756434 -0.9885256 0.1226013 0.1372156 -0.9829247 0.1730835 0.1332695 -0.9758491 0.171755 0.1938248 -0.9658842 0.2063442 0.189649 -0.9599247 0.2047548 0.2304906 -0.9512885 0.5300554 0.006672024 -0.8479369 0.5300354 0.006670296 -0.8479493 0.5301259 0.00197041 -0.8479168 0.5301236 0.001970589 -0.8479181 0.7876166 -0.00785911 -0.6161158 0.7876726 -0.007832527 -0.6160445 0.8300521 -0.002277016 -0.5576812 0.4113444 0.08543872 -0.907467 0.4121101 0.03417819 -0.9104929 0.4148789 0.03553873 -0.9091823 0.4150635 0.01344233 -0.9096931 0.4125825 0.01197099 -0.9108416 0.4126356 0.003450512 -0.9108898 0.4283475 0.00907737 -0.9035685 0.4558125 0.159976 -0.8755814 0.4592875 0.07595413 -0.8850345 0.4768721 0.0826894 -0.8750746 0.4777312 0.02731764 -0.8780813 0.4811056 0.02896678 -0.8761841 0.4812439 0.008061349 -0.8765497 0.478798 0.006575345 -0.8779006 0.4787791 0.009142458 -0.8778879 0.4283841 -0.009229362 -0.9035497 0.5423598 0.006692647 -0.8401197 0.5423903 7.69205e-4 -0.8401263 0.5447151 0.002218782 -0.8386182 0.5446332 0.02179223 -0.8383913 0.5406137 0.01982486 -0.8410373 0.5401672 0.06182724 -0.8392835 0.5445297 0.06643468 -0.8361064 0.5200675 0.1019293 -0.8480214 0.5180889 0.1416404 -0.8435176 0.5178515 0.1414221 -0.8437 0.4735043 0.1997295 -0.8578473 0.471672 0.2206233 -0.8537278 0.4813981 0.2172256 -0.8491579 0.4779094 0.2498944 -0.8421137 -0.007692694 0.01233404 -0.9998944 0.05465298 0.003296732 -0.9985 0.05461984 0.02840054 -0.9981033 0.1294342 0.02754878 -0.9912053 0.129316 0.0530917 -0.9901811 0.2019778 0.04976433 -0.978125 0.2016268 0.08987331 -0.9753304 0.2621144 0.08405041 -0.9613696 0.2607772 0.145611 -0.9543546 0.2973788 0.1399695 -0.944444 0.2947328 0.2044378 -0.9334548 0.316486 0.2000234 -0.9272687 0.3141161 0.2373557 -0.9192353 0.5850287 0.2118689 -0.7828493 0.6129302 0.1719496 -0.7712003 0.6148299 0.1496522 -0.774331 0.6343909 0.1192682 -0.7637562 0.6356263 0.09631043 -0.7659658 0.6485567 0.07505762 -0.7574567 0.6491659 0.0521562 -0.7588566 0.6569609 0.03899252 -0.7529158 0.6570975 0.01753044 -0.7536018 0.6608872 0.0111339 -0.7504026 0.6608038 -0.004155039 -0.7505473 0.6618922 -0.005976557 -0.7495752 0.6618608 -0.01034033 -0.7495554 0.638454 0.2141053 -0.7392805 0.6662455 0.1718776 -0.7256549 0.6684938 0.1478227 -0.728879 0.6877905 0.115586 -0.7166478 0.6891623 0.09121006 -0.7188435 0.7018093 0.06865203 -0.7090491 0.7024115 0.04489672 -0.7103538 0.7100271 0.0308867 -0.7034968 0.7100717 0.009322822 -0.7040678 0.7139777 0.002149045 -0.7001652 0.7138085 -0.0124076 -0.700231 0.7150468 -0.01464372 -0.6989232 0.715018 -0.01679104 -0.6989045 0.6600198 -0.01158517 -0.7511589 0.6600301 -0.00409758 -0.751228 0.5275216 -0.00314033 -0.849536 0.6246481 0.01471257 -0.7807678 0.8680973 0.01196122 -0.4962502 0.8681433 0.01196283 -0.4961695 0.9197537 0.008057773 -0.3924136 0.9197502 0.008055925 -0.3924217 0.9590405 -0.004641711 -0.2832309 0.9587915 -0.004649043 -0.2840726 0.9853691 0.00984013 -0.1701498 0.9853669 0.00984168 -0.1701627 0.9923534 -0.02891898 -0.119993 0.9926882 -0.01153826 -0.1201545 0.9980618 0.004959464 -0.06203353 0.9955897 -0.08296465 -0.0437963 0.9955866 -0.0830025 -0.04379546 0.9941772 -0.09543222 -0.05004531 0.985414 -0.006103575 -0.1700654 0.9813074 -0.001554727 -0.1924408 0.9809586 -0.02800995 -0.1921865 0.9924914 -0.02829641 -0.1189963 0.9909031 -0.06367743 -0.1185594 0.996983 -0.06780451 -0.03778392 0.9964148 -0.05009132 -0.06818068 0.9980719 0.004957914 -0.06187146 0.999263 0.001812398 -0.03834295 0.9988475 -0.02918046 -0.03810882 0.9977436 -0.01180893 -0.06609404 0.9979869 -0.05081206 -0.03795325 0.8300999 -0.002275884 -0.5576102 0.8473368 -0.00825566 -0.5309917 0.8472605 -0.01794826 -0.5308743 0.8854932 -0.01839733 -0.4642881 0.8849456 -0.04149389 -0.463842 0.9162837 -0.04656594 -0.397814 0.9157861 -0.05670112 -0.3976441 0.9147975 -0.05318397 -0.4003961 0.9150654 -0.04805696 -0.4004321 0.9130544 -0.04055362 -0.4058166 0.9135921 -0.02698922 -0.4057354 0.9100744 -0.01361709 -0.4142215 0.9103499 0.005825996 -0.4137987 0.9044309 0.02707576 -0.4257602 0.9038397 0.05138528 -0.4247748 0.8941005 0.08202475 -0.4402912 0.8920708 0.1093019 -0.4384779 0.8764078 0.1504739 -0.4574571 0.8766773 0.1482403 -0.4576699 0.7876179 0.01300716 -0.6160268 0.8059446 0.01332366 -0.5918412 0.8060199 -0.01520258 -0.5916932 0.8492455 -0.01566517 -0.5277659 0.8488628 -0.03601622 -0.5273848 0.8851933 -0.04124283 -0.4633917 0.8848863 -0.04855507 -0.4632695 0.8837172 -0.04512357 -0.4658409 0.8840608 -0.03713381 -0.4658946 0.8814682 -0.02923917 -0.4713375 0.8819409 -0.01258534 -0.4711922 0.8772688 0.001799702 -0.4799962 0.8772858 0.0237981 -0.4793781 0.8695141 0.04651677 -0.4917128 0.8685076 0.07230794 -0.4903736 0.8558709 0.1052588 -0.5063651 0.8533583 0.1331113 -0.5040449 0.8337919 0.1766662 -0.5230489 0.8338032 0.1765952 -0.5230548 0.8507484 0.1582924 -0.5011694 0.8516543 0.1510589 -0.5018628 0.8680877 0.01199835 -0.496266 0.883954 -0.007310867 -0.4675168 0.8838289 -0.02055716 -0.4673584 0.9169183 -0.02098506 -0.3985227 0.9161854 -0.04667931 -0.3980269 0.9424801 -0.05154854 -0.3302638 0.9417423 -0.06462568 -0.3300681 0.9410071 -0.06126564 -0.3327946 0.9411118 -0.05958396 -0.3328039 0.9397231 -0.05279225 -0.3378363 0.9402233 -0.04328364 -0.3377968 0.9378463 -0.03127992 -0.3456386 0.9383348 -0.01549828 -0.3453802 0.934367 0.00333327 -0.3562968 0.9342876 0.02493983 -0.355647 0.9275112 0.05250293 -0.3700898 0.9262084 0.07815724 -0.3688217 0.919811 0.001109659 -0.3923602 0.9158108 0.001004159 -0.4016088 0.9156318 -0.02291613 -0.4013643 0.9434526 -0.02331519 -0.3306866 0.9425175 -0.05149614 -0.3301654 0.9636672 -0.05610835 -0.2611469 0.9626315 -0.07243877 -0.2609469 0.9621634 -0.06939989 -0.263487 0.9619892 -0.07180792 -0.2634773 0.9611611 -0.06585061 -0.2680168 0.9614589 -0.06144261 -0.2679958 0.9601473 -0.05137544 -0.2747325 0.9607053 -0.04054147 -0.2745938 0.9585068 -0.02465456 -0.2840015 0.9589114 -0.007039785 -0.2836183 0.9903441 -0.127928 -0.05341517 0.9895205 -0.1349478 -0.05136454 0.9895229 -0.1349294 -0.05136561 0.9889461 -0.1378417 -0.0546379 0.9245247 0.08879667 -0.3706334 0.9262772 0.06607043 -0.371006 0.9362266 0.06128895 -0.3460109 0.9354406 0.07503479 -0.3454284 0.948072 0.06433141 -0.311482 0.9664028 0.01600837 -0.2565334 0.9590011 0.009555697 -0.2832412 0.9645467 0.009747564 -0.2637323 0.9643144 -0.0266633 -0.2634142 0.9813002 -0.02699106 -0.1905819 0.9799318 -0.0600025 -0.1900877 0.9908004 -0.06401127 -0.119235 0.9889737 -0.08797073 -0.1191309 0.9889361 -0.08594673 -0.1209071 0.9877579 -0.09851098 -0.1209542 0.9877574 -0.09504437 -0.1237012 0.9868083 -0.1043205 -0.1238006 0.9868884 -0.09919714 -0.1273237 0.9865547 -0.1024045 -0.1273701 0.9867114 -0.09468203 -0.1320456 0.9872092 -0.08946323 -0.1319636 0.9873143 -0.07827067 -0.1381458 0.9883124 -0.06497621 -0.1379016 0.9880396 -0.04904192 -0.1461946 0.9873934 -0.06007546 -0.146442 0.9890131 -0.137319 -0.05474203 0.9890186 -0.1372798 -0.05474269 0.9888387 -0.1380037 -0.05615144 0.9904842 -0.1249179 -0.05776333 0.9901438 -0.1275691 -0.05780571 0.9935434 -0.1037216 -0.04597347 0.9935354 -0.1037971 -0.04597359 0.9923197 -0.1123176 -0.05183172 0.9913715 -0.1218079 -0.04843121 0.9913821 -0.1217205 -0.04843306 0.1083251 0.01284033 -0.9940327 0.1283637 0.01161289 -0.9916592 0.1283112 0.02689605 -0.9913693 0.2031271 0.02535814 -0.978824 0.2029685 0.05027472 -0.9778938 0.2738698 0.04556065 -0.9606871 0.2733774 0.08898425 -0.9577821 0.3296042 0.08178049 -0.9405707 0.3276636 0.1504902 -0.9327322 0.3582198 0.1445048 -0.9223865 0.354802 0.2102596 -0.9109922 0.3715704 0.2061027 -0.9052388 0.3681329 0.2497944 -0.8955897 0.3895586 0.2439328 -0.8881109 0.3837345 0.2926095 -0.8758583 0.4124383 0.344906 -0.8431693 0.4049459 0.3767858 -0.8330974 0.4026622 0.3747827 -0.8351055 0.3289312 0.3930252 -0.8586824 0.3345177 0.3661179 -0.8683639 0.3714938 0.3297154 -0.8679172 0.378119 0.2884069 -0.879686 0.1893438 0.360782 -0.9132279 0.1826836 0.2763702 -0.9435287 0.3666545 0.4116004 -0.834356 0.1735142 0.3731204 -0.9114133 0.2668539 0.3653495 -0.8918008 0.2453873 0.382337 -0.8908444 0.312479 0.3748639 -0.8728311 0.3232365 0.3414159 -0.8825833 0.3566248 0.3380573 -0.8709397 0.3703628 0.3002455 -0.8790245 0.4095008 0.2971342 -0.8625661 0.4252336 0.2584111 -0.8674101 0.4702169 0.255843 -0.8446541 0.4875223 0.2174006 -0.8456116 0.537861 0.2157467 -0.8149595 0.55606 0.1788436 -0.8116725 0.6107048 0.1785372 -0.7714688 0.6286665 0.144784 -0.7640786 0.6863727 0.1462776 -0.7123871 0.7020547 0.118494 -0.7021955 0.7583048 0.1219717 -0.6403881 0.7711631 0.1002514 -0.6286948 0.8217663 0.1055247 -0.5599686 0.8338541 0.08590632 -0.5452591 0.8786839 0.09359443 -0.4681397 0.8907011 0.07431143 -0.4484744 0.9285662 0.08633732 -0.3609858 0.9384416 0.06951916 -0.3383702 0.9663832 0.08872395 -0.2413125 0.9626096 0.09585756 -0.2533659 0.3781363 0.383373 -0.8426377 0.4129242 0.3773259 -0.8289263 0.424658 0.3468304 -0.8362861 0.4660679 0.3404105 -0.8166403 0.4804477 0.3063627 -0.8217737 0.5281808 0.2998982 -0.7944094 0.543778 0.2658496 -0.7960085 0.5973154 0.2596786 -0.7588027 0.6133702 0.226888 -0.7565043 0.6717174 0.2214201 -0.7069435 0.6871792 0.1912768 -0.7008552 0.7461766 0.1872302 -0.6388782 0.7597796 0.1614394 -0.6298193 0.8143531 0.159411 -0.5580477 0.8245349 0.1404713 -0.5480967 0.8737464 0.1404206 -0.4656708 0.8804624 0.1279759 -0.4565177 0.9233039 0.129727 -0.3614982 0.9280694 0.1204493 -0.3523906 0.9621928 0.1247059 -0.2421435 0.964529 0.1201497 -0.2350487 0.9362632 0.05818933 -0.3464467 0.9024498 0.03936868 -0.4289926 0.8864071 0.06388241 -0.4584774 0.8443915 0.05151641 -0.5332441 0.8279224 0.07659482 -0.555588 0.7794283 0.06809329 -0.6227799 0.7642819 0.09199345 -0.638287 0.7100042 0.08571052 -0.6989619 0.6946712 0.1112331 -0.7106752 0.6381171 0.1069131 -0.7624803 0.6206185 0.1381017 -0.7718554 0.5659336 0.1357795 -0.8131932 0.5470172 0.1724011 -0.8191766 0.4957808 0.1717745 -0.8512902 0.4773295 0.2110708 -0.8529981 0.4307224 0.2117401 -0.8772938 0.4136938 0.2521092 -0.8748133 0.3724613 0.2536846 -0.892702 0.3573307 0.2939583 -0.8865119 0.3216229 0.2961097 -0.8993763 0.3086929 0.3351785 -0.8901485 0.2423599 0.3400742 -0.9086315 0.2606608 0.326216 -0.9086468 0.171037 0.3309338 -0.9280244 0.1842068 0.3210522 -0.9289745 0.1719827 0.2841006 -0.9432438 0.2587193 0.2819149 -0.9238985 0.2434889 0.2929457 -0.9246059 0.3094188 0.2903319 -0.9055206 0.3236591 0.2488455 -0.9128641 0.3615929 0.2479371 -0.8987646 0.3779801 0.2060673 -0.9025893 0.421112 0.2060248 -0.8832999 0.4392743 0.1648655 -0.8830955 0.4872385 0.1660413 -0.8573383 0.5064303 0.1270925 -0.8528634 0.5581911 0.1298399 -0.8194903 0.5767191 0.09585207 -0.8112999 0.6307961 0.1004388 -0.7694208 0.6479811 0.07164472 -0.7582794 0.7029054 0.07828867 -0.7069618 0.7207155 0.05054563 -0.6913859 0.7729562 0.05962884 -0.6316511 0.7934228 0.0292477 -0.6079679 0.8391803 0.04181766 -0.5422433 0.8609074 0.01017254 -0.50866 0.8991308 0.02853786 -0.4367486 0.9127326 0.008611798 -0.4084669 0.9482929 0.03833115 -0.3150736 0.9490893 0.03783959 -0.3127264 0.9741796 0.06975281 -0.2147298 0.9683068 0.071141 -0.2394183 0.7109553 0.008029937 -0.7031915 0.7605025 -0.007308721 -0.649294 0.7604842 -0.01233315 -0.6492393 0.8083383 -0.01279979 -0.5885791 0.8080952 -0.03018277 -0.5882782 0.849409 -0.03551983 -0.5265386 0.8492439 -0.04033291 -0.5264581 0.8479036 -0.03696507 -0.5288603 0.8482518 -0.02669715 -0.5289201 0.845157 -0.01868188 -0.5341916 0.8455079 2.49673e-4 -0.5339629 0.8398268 0.01507002 -0.5426453 0.839602 0.03860145 -0.5418288 0.8300938 0.06228226 -0.5541349 0.8287992 0.08864873 -0.5524794 0.813756 0.1225477 -0.5681402 0.81103 0.150228 -0.5653866 0.7881439 0.1950643 -0.583763 0.7878247 0.197284 -0.5834479 0.8017388 0.1848803 -0.5683612 0.8021163 0.1822031 -0.5686931 0.8308119 0.1552433 -0.5344635 0.8224213 0.2070075 -0.5298783 0.897352 0.1448857 -0.4168543 0.8916229 0.1784554 -0.4161278 0.944197 0.08105915 -0.3192517 0.9420898 0.08219921 -0.3251312 0.9635215 0.03386306 -0.2654799 0.9678769 0.02601665 -0.2500751 0.9776868 -0.006431758 -0.2099696 0.9799522 -0.01217162 -0.1988606 0.9870064 -0.04954767 -0.1528509 0.9911941 -0.09825897 -0.08876651 0.9866199 -0.1595922 -0.03333914 0.9951187 -0.09084284 -0.03855311 0.9329492 0.1226409 -0.3384749 0.9406576 0.1133843 -0.319855 0.9557026 0.08296686 -0.282399 0.960765 0.07513415 -0.2669934 0.9738712 0.03971928 -0.2236011 0.9767003 0.03367501 -0.2119495 0.9867202 -0.007095217 -0.1622742 0.9878396 -0.01088219 -0.1550952 0.9934568 -0.05739754 -0.09873771 0.9550384 0.01605892 -0.2960468 0.9546223 0.0389983 -0.2952548 0.9149087 0.1154282 -0.3868055 0.9153139 0.1110925 -0.3871164 0.8960472 0.12203 -0.4268587 0.897117 0.1110504 -0.4276083 0.8816944 0.1158739 -0.4573711 0.8765684 0.1559508 -0.4553101 0.8737985 0.1530468 -0.4615765 0.8544102 0.1966926 -0.4809317 0.8491102 0.2216826 -0.4794464 0.8781079 0.189403 -0.4393779 0.8693354 0.2271316 -0.438939 0.8879121 0.2055518 -0.4115347 0.9181495 0.1698552 -0.3579814 0.9264763 0.1613647 -0.3400048 0.9450859 0.1294998 -0.300071 0.9507851 0.1220554 -0.2847989 0.9674462 0.08478575 -0.2384516 0.9707611 0.07890892 -0.2267081 0.9841926 0.03573828 -0.1734583 0.9856333 0.03185254 -0.1658685 0.9942436 -0.01728904 -0.1057395 0.9945456 -0.01894468 -0.1025683 0.9966827 -0.07159817 -0.03869682 0.8989849 0.196402 -0.3914748 0.9067361 0.158162 -0.3909151 0.9173025 0.1478896 -0.3697093 0.918949 0.1371432 -0.369763 0.9148129 0.1317565 -0.3817823 0.9172144 0.1127185 -0.3821156 0.9528287 0.04656523 -0.2999153 0.9536759 0.02418524 -0.2998626 0.968297 -9.55949e-4 -0.2498005 0.9664465 5.57331e-4 -0.2568676 0.979041 -0.04692548 -0.1981837 0.9865575 -0.07386362 -0.1457685 0.9878266 -0.05299472 -0.1462541 0.9909645 -0.09530943 -0.09436941 0.9935979 -0.05851489 -0.09663975 0.9936416 -0.05929195 -0.09571307 0.9944281 -0.04039245 -0.09737187 0.05502194 0.05466443 -0.9969877 0.1287701 0.05280005 -0.9902679 0.1285592 0.0902031 -0.987591 0.1931056 0.08596169 -0.9774051 0.1922545 0.1411036 -0.9711478 0.2356488 0.1361077 -0.9622601 0.2336995 0.1988747 -0.9517528 0.261558 0.194396 -0.9454087 0.2588272 0.2463246 -0.9339876 0.3122233 0.2359173 -0.9202498 0.3079906 0.2815443 -0.9087765 0.2768607 0.3124924 -0.9086785 0.2747012 0.3296681 -0.9032487 0.2456293 0.3568067 -0.9013076 0.2401076 0.3923631 -0.8879187 0.313068 0.3797606 -0.8705 0.2740547 0.4139425 -0.8680702 0.398917 0.3882523 -0.8307379 0.363941 0.4200984 -0.8313029 0.4483522 0.3982231 -0.8002493 0.4462299 0.4042072 -0.7984333 0.4833517 0.3943555 -0.7815721 0.4882724 0.3820805 -0.7846047 0.5328244 0.3707712 -0.7606754 0.5439934 0.3451396 -0.7648202 0.5954481 0.3327009 -0.7312672 0.6082966 0.3048247 -0.7328418 0.6663042 0.2914016 -0.6863846 0.6789699 0.2648879 -0.6847148 0.7393514 0.2514312 -0.6246135 0.7508229 0.2277749 -0.6199869 0.8086282 0.2153859 -0.5474757 0.8180861 0.1958633 -0.540715 0.8715313 0.1848792 -0.4541508 0.8781093 0.170936 -0.4468836 0.9247695 0.1615908 -0.3445139 0.9276088 0.1550776 -0.3398424 0.9649859 0.1468564 -0.2173373 0.9614083 0.1566419 -0.2261803 0.5352342 0.2280148 -0.8133472 0.4938279 0.2634096 -0.8287035 0.4879186 0.3004935 -0.8195359 0.5081346 0.2928534 -0.8099607 0.4962051 0.3480309 -0.7953961 0.5202126 0.3388776 -0.7839266 0.5078981 0.3824706 -0.7718523 0.5389697 0.3706343 -0.7564007 0.5296978 0.3974826 -0.7492849 0.5692644 0.3824837 -0.7277668 0.5655951 0.3917128 -0.7257158 0.6137375 0.3734431 -0.6956052 0.6167374 0.3665282 -0.6966292 0.673243 0.3447989 -0.6541084 0.6811959 0.3271511 -0.6549385 0.7422641 0.3030377 -0.5976722 0.7502676 0.2853022 -0.5964071 0.8106855 0.2603219 -0.5244253 0.8169559 0.2461385 -0.5215351 0.8743892 0.2204871 -0.4322373 0.8782198 0.2113571 -0.4290202 0.9288579 0.1854885 -0.3206512 0.9300049 0.1824288 -0.3190778 0.9590336 0.1649812 -0.2302952 0.9658468 0.1433081 -0.2158768 0.9761257 0.1551715 -0.1519885 0.3687606 0.4103944 -0.8340216 0.4256408 0.3980368 -0.8126479 0.430906 0.3839307 -0.81665 0.4703363 0.3756697 -0.7985337 0.4820432 0.3473085 -0.8043701 0.5282735 0.3383837 -0.778732 0.5422387 0.3070666 -0.7821045 0.5947754 0.2977939 -0.7467001 0.6093685 0.2670096 -0.7465762 0.6676734 0.2576593 -0.6984441 0.6818637 0.2289277 -0.694733 0.7416626 0.2203572 -0.6335451 0.7544902 0.194934 -0.6266939 0.8107391 0.1880415 -0.5543848 0.8211415 0.1675868 -0.5455653 0.87253 0.1626183 -0.4607024 0.8791724 0.1493994 -0.4524773 0.9238498 0.1462299 -0.3537209 0.9270736 0.1394101 -0.3479936 0.9658625 0.1373429 -0.2196512 0.9638026 0.1400902 -0.2268463 0.996803 0.008565664 -0.07943856 0.9994302 -0.002915441 -0.03362721 0.990525 0.06259471 -0.1222385 0.9896643 0.06500911 -0.1278217 0.9749073 0.1119109 -0.1924365 0.9724184 0.1160355 -0.2023324 0.9531661 0.1563447 -0.2589033 0.9487027 0.161473 -0.2718267 0.9265897 0.1958999 -0.3210218 0.9198457 0.201703 -0.3364521 0.8960602 0.2310193 -0.3790859 0.597103 0.289834 -0.7479735 0.6216825 0.2775253 -0.7324552 0.608213 0.3327727 -0.7206521 0.6399694 0.3165336 -0.7001755 0.6262858 0.3608034 -0.6910767 0.6674195 0.3392196 -0.6629339 0.6566811 0.3687114 -0.6578919 0.7080779 0.3406997 -0.6185058 0.7022613 0.3552353 -0.6169578 0.7615316 0.3209099 -0.5631044 0.760663 0.3230178 -0.5630731 0.8225547 0.2838867 -0.4927598 0.824277 0.2795802 -0.4923439 0.884855 0.2361587 -0.4015728 0.8851512 0.2353507 -0.4013946 0.9386962 0.1886387 -0.288557 0.9368906 0.1943775 -0.2906091 0.9675081 0.1601529 -0.1956506 0.9661048 0.1654384 -0.1981709 0.979722 0.1469274 -0.1362246 0.9786078 0.1517952 -0.1388707 0.9934678 0.08834195 -0.0722332 0.9908021 0.09490245 -0.09646165 0.9808348 0.1249675 -0.1494871 0.9789569 0.1276254 -0.1592333 0.9611607 0.1625738 -0.2230243 0.957496 0.1658291 -0.2360133 0.9364355 0.1951935 -0.291527 0.5903998 0.2221636 -0.7759327 0.5482482 0.2611656 -0.7944913 0.5420548 0.2967397 -0.7862075 0.5639051 0.2872498 -0.774273 0.551081 0.3425123 -0.7609174 0.5785994 0.3304049 -0.7456912 0.5654627 0.3743031 -0.7349484 0.601417 0.358323 -0.7140744 0.5913364 0.3863487 -0.7078531 0.6365281 0.3659818 -0.6788883 0.6318178 0.3775721 -0.6769384 0.6864842 0.3522294 -0.6361399 0.6877847 0.3492235 -0.6363923 0.7485421 0.3196735 -0.5809422 0.7537071 0.3077976 -0.5806775 0.8151048 0.2758375 -0.5094289 0.8194914 0.265439 -0.5079134 0.878676 0.2312502 -0.4176745 0.8807558 0.22597 -0.4161815 0.9330901 0.1901421 -0.3052687 0.9327425 0.1911487 -0.3057019 0.9627465 0.1657817 -0.2136252 0.9627143 0.165889 -0.2136866 0.9785711 0.1499114 -0.1411566 0.9761205 0.1551916 -0.1520013 0.9954597 0.05526936 -0.07749408 0.9968222 0.04952245 -0.06239527 0.9860137 0.09759116 -0.1351036 0.9846616 0.1003348 -0.1427391 0.9678128 0.1421496 -0.2076827 0.9647908 0.1459292 -0.2188229 0.9440509 0.1814294 -0.2754113 0.9389774 0.1858734 -0.2894349 0.9158317 0.2159212 -0.3385711 0.8885548 0.2324294 -0.3955338 0.8871006 0.2370268 -0.3960695 0.8451052 0.2780239 -0.4566181 0.8528275 0.2546847 -0.4558741 0.7954389 0.3045993 -0.5239239 0.8063853 0.271116 -0.5255843 0.7556198 0.3107006 -0.5766316 0.7689543 0.2656944 -0.5814772 0.7280154 0.2952645 -0.6187184 0.7414181 0.2406153 -0.6264212 0.7100319 0.2621081 -0.6535703 0.7202568 0.2072199 -0.6620348 0.6965862 0.2228541 -0.6819852 0.6977884 0.2147268 -0.6833622 0.6890879 0.2203024 -0.6903802 0.6901413 0.2127228 -0.6917037 0.7171059 0.1687977 -0.6762149 0.7196372 0.1432205 -0.6794191 0.7381178 0.1096637 -0.6656996 0.7395688 0.08416163 -0.6677984 0.7515633 0.06066119 -0.6568659 0.7521048 0.03640055 -0.6580374 0.7592921 0.02181231 -0.6503845 0.7592135 5.6774e-4 -0.6508415 0.7629771 -0.007037281 -0.6463872 0.7627305 -0.02061462 -0.6463879 0.764101 -0.02334117 -0.6446743 0.7641057 -0.02321916 -0.6446731 0.7134745 -0.01789462 -0.7004526 0.7135329 -0.006971776 -0.7005871 0.6570857 -0.006517887 -0.7537878 0.6570855 -0.006009221 -0.7537921 0.6246759 0.01471292 -0.7807455 0.1082874 0.006292104 -0.9940998 0.2015783 0.00542736 -0.9794574 0.2014918 0.0244078 -0.9791861 0.2755777 0.02220821 -0.9610223 0.2753815 0.04632401 -0.9602184 0.3439294 0.04033052 -0.9381291 0.3432935 0.08750981 -0.9351426 0.3954376 0.07907414 -0.9150828 0.3927853 0.1554124 -0.9064032 0.418044 0.1493214 -0.8960705 0.41381 0.2158094 -0.8844138 0.4265373 0.2120378 -0.8792645 0.4229749 0.2504813 -0.8708338 0.4427261 0.2441675 -0.8627722 0.4347625 0.3018786 -0.8484403 0.4541689 0.2955025 -0.8404814 0.4433146 0.3504646 -0.8250133 0.4648816 0.3433132 -0.8161012 0.4535344 0.3866709 -0.8029896 0.4805432 0.3777931 -0.7914233 0.4721294 0.4037578 -0.7836284 0.5064822 0.3926845 -0.7676424 0.5036783 0.4000672 -0.7656726 0.5460767 0.38668 -0.7431547 0.550257 0.3767735 -0.7451571 0.6004443 0.3611997 -0.7134433 0.6103965 0.3390701 -0.7158545 0.6677569 0.3214941 -0.6713736 0.6786574 0.2979937 -0.6712853 0.7394861 0.2793372 -0.6124795 0.7493337 0.2582723 -0.6097496 0.8085465 0.2398341 -0.5373381 0.8165287 0.2225835 -0.5326701 0.872044 0.2046719 -0.444577 0.8774466 0.1925354 -0.4393376 0.9261427 0.1755258 -0.333842 0.9285608 0.1695435 -0.3301967 0.9669913 0.1533611 -0.2034904 0.9665247 0.1545218 -0.2048247 0.9950267 -0.09301251 -0.03564596 0.9986214 -0.03436869 -0.03967702 0.9935378 0.02250957 -0.1112478 0.9930126 0.02455288 -0.1154264 0.9811962 0.07389628 -0.1783071 0.9792873 0.07795763 -0.1868662 0.9625949 0.1210068 -0.2424218 0.9586967 0.1266455 -0.2546798 0.938822 0.1636521 -0.3030369 0.9326401 0.1703131 -0.3180816 0.910876 0.201946 -0.359893 0.9021365 0.2093116 -0.3772777 0.8799977 0.2356176 -0.4124176 0.8504378 0.2548491 -0.4602254 0.8557336 0.2364792 -0.4602148 0.8213686 0.2697701 -0.5025711 0.8334342 0.2245065 -0.5049598 0.7892978 0.2639098 -0.5544013 0.8016613 0.2100448 -0.559661 0.7666969 0.2388046 -0.5959431 0.7763039 0.1852453 -0.6025252 0.7501096 0.2056593 -0.628522 0.7504745 0.2032064 -0.628884 0.7394628 0.2114779 -0.6391181 0.7401588 0.2066621 -0.6398873 0.7654625 0.1618717 -0.6227879 0.7681802 0.1350052 -0.6258376 0.7851914 0.100922 -0.610974 0.7866403 0.074656 -0.6128813 0.7975431 0.05081838 -0.6011177 0.7979575 0.02659082 -0.6021268 0.8045386 0.01161843 -0.5937868 0.8043247 -0.008781731 -0.5941252 0.8077939 -0.0166344 -0.5892304 0.8074819 -0.02882039 -0.589188 0.80887 -0.03189587 -0.5871217 0.808937 -0.02948462 -0.5871556 0.7629178 -0.02412581 -0.6460454 0.7630522 -0.00989741 -0.6462613 0.7107306 -0.009432315 -0.7034011 0.7106763 0.007939398 -0.7034744 0.711026 0.007710695 -0.7031235 0.1818081 0.398976 -0.8987569 0.2806386 0.3875245 -0.8781042 0.2555682 0.4082777 -0.8763529 0.3242073 0.3979297 -0.8582201 0.3293914 0.3812847 -0.8637843 0.3605434 0.3767812 -0.8532552 0.3719147 0.3446473 -0.8619152 0.4089149 0.3400264 -0.8468593 0.4231735 0.3038535 -0.8535792 0.4664342 0.2993558 -0.8323614 0.4823725 0.2626926 -0.8356492 0.531476 0.2586647 -0.8066139 0.5485131 0.2226988 -0.8059397 0.6027204 0.2195377 -0.7671581 0.6199759 0.1856195 -0.7623487 0.6781817 0.1837919 -0.7115407 0.6943677 0.1535869 -0.7030395 0.7522189 0.1536284 -0.6407536 0.7653952 0.1299277 -0.6303086 0.8180756 0.1319314 -0.5597735 0.8280725 0.1145184 -0.5488002 0.8751387 0.1183994 -0.469163 0.883713 0.1036649 -0.4564043 0.9245033 0.1101366 -0.3649159 0.9316014 0.09732973 -0.3502084 0.9629296 0.1083351 -0.247043 0.9671556 0.09936487 -0.2339588 0.9906147 -0.1226071 -0.06041574 0.9907655 -0.1213907 -0.06039923 0.9886175 -0.1375313 -0.06099784 0.9885325 -0.1384087 -0.06038677 0.9885138 -0.1385409 -0.06039094 0.9197074 0.008097827 -0.3925213 0.9427474 -0.01116174 -0.3333212 0.9425423 -0.02494251 -0.3331543 0.9649236 -0.02530634 -0.2613083 0.9637757 -0.05592441 -0.2607852 0.9798181 -0.06025552 -0.190593 0.9784191 -0.0802375 -0.1904159 0.978188 -0.07759881 -0.1926831 0.9775975 -0.08473515 -0.1926738 0.9772624 -0.08000081 -0.1963623 0.9771077 -0.08184039 -0.1963741 0.9766509 -0.07405227 -0.2016662 0.9769979 -0.06948512 -0.2016114 0.976266 -0.05754905 -0.2087891 0.9769509 -0.045363 -0.2085886 0.9754968 -0.02770906 -0.2182619 0.9759494 -0.008875966 -0.2178167 0.9729739 0.01560652 -0.2303874 0.9730085 0.006948888 -0.230665 0.9852356 -0.05399811 -0.1624656 0.9842025 -0.06998348 -0.1626275 0.9867181 -0.1486639 -0.06547039 0.9895563 -0.1138671 -0.08838975 0.984687 0.02313697 -0.1727899 0.9712113 -0.02573716 -0.2368257 0.9650564 -0.01473045 -0.261628 0.9423511 -0.05699849 -0.3297358 0.93287 -0.04207527 -0.3577476 0.9014193 -0.07773071 -0.4259122 0.8884173 -0.05866044 -0.4552734 0.84906 -0.08821511 -0.5208793 0.8331798 -0.06580752 -0.5490728 0.7865694 -0.09024131 -0.6108724 0.7587028 -0.05223584 -0.6493393 0.7106129 -0.0688768 -0.7002038 0.675292 -0.0186544 -0.7373147 0.6250233 -0.02981698 -0.7800364 0.5965785 0.01355057 -0.8024403 0.5465487 0.005783498 -0.8374075 0.5249133 0.04239732 -0.8500992 0.476136 0.0366882 -0.878606 0.4573467 0.07268381 -0.8863131 0.4106228 0.06854104 -0.9092257 0.3923753 0.1084461 -0.9133899 0.348778 0.1056944 -0.9312264 0.3315346 0.1490815 -0.9315899 0.2711341 0.1465823 -0.9513149 0.2574946 0.1887511 -0.9476653 0.1871747 0.187336 -0.9642981 0.1771144 0.2301291 -0.9569072 0.1188551 0.2298713 -0.9659362 0.1115773 0.2772833 -0.9542875 0.1183322 0.2723333 -0.9548991 0.1108828 0.3234288 -0.9397335 0.119368 0.3170264 -0.9408749 0.112679 0.364966 -0.9241771 0.1229916 0.3569439 -0.9259937 0.1185562 0.3901597 -0.9130826 0.1309961 0.3801922 -0.915584 0.1315947 0.3753646 -0.917488 0.08307254 0.3786677 -0.9217971 0.08529478 0.3376244 -0.9374085 0.09574425 0.3286717 -0.9395787 0.09727787 0.2938153 -0.9508994 0.1087011 0.2836843 -0.9527369 0.1103032 0.2354853 -0.9655983 0.04013079 0.2387269 -0.9702572 0.04053938 0.1837249 -0.9821414 -0.05797237 0.01207119 0.9982452 -0.2861666 0.001454353 0.9581788 -0.3950479 0.02541536 0.9183089 -0.3951977 0.02541548 0.9182446 -0.1731953 0.01285523 0.9848036 -0.1730495 0.01285511 0.9848293 -0.2859987 0.03314745 0.9576566 -0.07027602 -0.2254835 0.9717091 -0.07020503 -0.2253471 0.9717459 -0.02560871 -0.116725 0.992834 -0.02561336 -0.1166322 0.9928449 -0.02327835 -0.2260244 0.9738436 -0.04302734 -0.3056098 0.9511842 -0.01955538 -0.3655508 0.930586 -0.01955276 -0.3657054 0.9305254 -0.04017513 -0.4057415 0.9131045 -0.02434432 -0.5076209 0.8612366 -0.05798685 0.01835107 0.9981487 -0.1110767 0.007740199 0.9937817 -0.1109843 -0.03246885 0.9932917 -0.1851291 -0.03271877 0.9821694 -0.1844676 -0.08869141 0.9788287 -0.2577633 -0.08886218 0.9621131 -0.2543976 -0.1861194 0.9490213 -0.3246983 -0.1850799 0.9275324 -0.3160175 -0.2977927 0.9008066 -0.3156841 -0.2971455 0.9011371 -0.3047041 -0.3932811 0.8674591 -0.3039931 -0.3919081 0.8683295 -0.2877238 -0.4971098 0.8185945 -0.1731656 0.01680743 0.9847493 -0.18448 0.0153203 0.982717 -0.1843281 -0.03358018 0.9822911 -0.2578042 -0.03394359 0.9656007 -0.2568663 -0.08970552 0.9622747 -0.3285895 -0.08990114 0.9401844 -0.3243752 -0.1853608 0.9275894 -0.3928321 -0.1840286 0.9010086 -0.3827112 -0.2936851 0.8759459 -0.3822957 -0.2928171 0.8764178 -0.3695145 -0.3867735 0.8449056 -0.4989361 0.00721091 0.8666087 -0.5605305 0.01295244 0.8280325 -0.5607078 0.01295328 0.8279125 -0.6196045 0.003809154 0.7849049 -0.7060986 0.01426845 0.7079698 -0.7061108 0.02216476 0.7077544 -0.7060905 0.02216589 0.7077746 -0.7835036 0.006641626 0.6213518 -0.8500806 0.01955854 0.5262895 -0.9022663 4.80725e-4 0.4311792 -0.9089604 0.004197537 0.4168616 -0.9022567 0.01200526 0.4310321 -0.9022412 0.01200467 0.4310646 -0.7835731 0.006640255 0.6212641 -0.8382762 0.003767728 0.5452328 -0.8380365 -0.01997357 0.5452484 -0.8774774 -0.02008026 0.4791975 -0.8759865 -0.05943942 0.4786593 -0.9090658 -0.05917984 0.4124286 -0.9064562 -0.09550428 0.411359 -0.6193212 0.02776753 0.7846466 -0.6440778 0.02780979 0.7644544 -0.644168 -0.009417414 0.7648262 -0.7015261 -0.009605944 0.7125791 -0.7004757 -0.05158847 0.7118092 -0.7520972 -0.05201077 0.6569969 -0.7494204 -0.09793508 0.6548113 -0.7958586 -0.09717553 0.5976337 -0.7891867 -0.1623834 0.5922974 -0.8302926 -0.1580089 0.5344599 -0.8196096 -0.2258802 0.5265154 -0.8049184 -0.2845042 0.5207338 -0.02433574 -0.5078956 0.8610748 -0.02841991 -0.5137141 0.8574905 -0.02854812 -0.5076881 0.8610679 -0.032696 -0.6126289 0.7896941 -0.01151931 -0.6399046 0.7683681 -0.01151984 -0.6398916 0.7683789 -0.03541785 -0.6945206 0.7186006 -0.005947709 -0.7523005 0.6587933 -0.1475746 -0.6059197 0.7817181 -0.1486113 -0.6074322 0.7803466 -0.1603462 -0.5078763 0.8463752 -0.1611388 -0.5091495 0.8454591 -0.1707861 -0.4015579 0.8997685 -0.1712125 -0.402279 0.8993653 -0.1777465 -0.303045 0.9362531 -0.1779482 -0.3033962 0.9361011 -0.1830845 -0.1863205 0.9652797 -0.110093 -0.1868212 0.9762057 -0.1115661 -0.08747738 0.9898994 -0.04611885 -0.08744335 0.9951013 -0.02749216 -0.03894102 0.9988632 -0.3385308 -0.0367065 0.9402391 -0.03415518 0.01403188 0.9993181 -0.03412079 -0.03177297 0.9989125 -0.1115086 -0.03191 0.9932511 -0.1111114 -0.08789771 0.9899133 -0.185187 -0.08802443 0.978753 -0.1827427 -0.1866096 0.9652885 -0.2547305 -0.1858431 0.9489862 -0.2477291 -0.3009708 0.9208947 -0.247499 -0.3005527 0.921093 -0.2386031 -0.3984836 0.8855955 -0.2379871 -0.3973728 0.8862602 -0.224846 -0.5039797 0.8339357 -0.223896 -0.502335 0.8351827 -0.2078297 -0.6015924 0.7712934 -0.02357393 -0.1868171 0.9821119 -0.1103196 -0.1866331 0.976216 -0.1071871 -0.3049192 0.9463273 -0.107097 -0.3047732 0.9463844 -0.1031087 -0.4047274 0.9086058 -0.1028519 -0.4043218 0.9088155 -0.09696322 -0.5124213 0.8532424 -0.0965051 -0.5117329 0.8537074 -0.08936482 -0.6112419 0.7863824 -0.08864903 -0.6102603 0.7872254 -0.08113563 -0.6932151 0.7161493 -0.08024531 -0.692175 0.7172548 -0.07325965 -0.7557709 0.6507253 -0.005949676 -0.7522559 0.6588443 -0.01113152 -0.7570996 0.6532047 -0.01132583 -0.7521803 0.6588602 -0.03303468 -0.8186118 0.5733965 -0.01687848 -0.8251304 0.5646902 -0.01688742 -0.8250864 0.5647541 -0.02056843 -0.861884 0.5066882 -8.46281e-4 -0.8669811 0.4983406 -0.3686546 -0.3849341 0.8461204 -0.3497215 -0.4882987 0.799537 -0.2865447 -0.4948663 0.8203654 -0.2665657 -0.5936043 0.7593265 -0.20646 -0.5994228 0.7733477 -0.1893476 -0.6833533 0.705107 -0.1338349 -0.6876834 0.7135685 -0.1222221 -0.7521219 0.6475913 -0.07222384 -0.7547644 0.6520081 -0.06407213 -0.8166984 0.5734968 -0.06115394 -0.8177731 0.5722826 -0.05465131 -0.8602427 0.5069476 -0.05141013 -0.861132 0.5057755 -0.04823464 -0.880465 0.4716511 -0.04136919 -0.8815211 0.4703288 -0.0250957 -0.8852537 0.4644309 -0.2959553 -0.6609993 0.6895582 -0.2716125 -0.7283648 0.6290559 -0.2189476 -0.7355878 0.6410715 -0.1955748 -0.7994121 0.5680588 -0.1862427 -0.8034183 0.5655376 -0.1678616 -0.8462202 0.5057014 -0.1575295 -0.8497287 0.5031359 -0.1490349 -0.8680295 0.4736173 -0.1283188 -0.8724799 0.4715011 -0.1261238 -0.8773979 0.4628885 -0.348411 -0.4855344 0.8017895 -0.325021 -0.5834617 0.7442674 -0.2649966 -0.5908473 0.7620211 -0.2435646 -0.6751395 0.6963211 -0.1876427 -0.6810154 0.7078194 -0.1715255 -0.7463724 0.6430453 -0.1206078 -0.7504357 0.6498463 -0.1071635 -0.8128392 0.5725455 -0.102178 -0.8147594 0.5707249 -0.09153604 -0.8571246 0.5069108 -0.08598673 -0.8587583 0.5051144 -0.0808711 -0.8776997 0.472338 -0.06952315 -0.8796609 0.4704928 -0.06812292 -0.8851223 0.4603455 -0.04068738 -0.8859304 0.4620301 -0.004437625 -0.8923571 0.4513084 -0.004978954 -0.8820065 0.4712111 -0.03187453 -0.8850863 0.4643345 -8.4505e-4 -0.8669957 0.4983151 -0.8226808 -0.2487814 0.5111793 -0.8510072 -0.2399224 0.4671446 -0.8297739 -0.3255335 0.4533247 -0.8295897 -0.3200981 0.457513 -0.8081834 -0.3872392 0.4437179 -0.808214 -0.3804342 0.4495109 -0.782689 -0.4469941 0.4331215 -0.7829582 -0.4391909 0.4405539 -0.7548912 -0.5016234 0.4225083 -0.7552771 -0.4934226 0.4313822 -0.7231112 -0.5554531 0.4105875 -0.7871292 -0.3505125 0.5075122 -0.7867288 -0.3448728 0.5119772 -0.7623198 -0.4182811 0.4938721 -0.7620848 -0.4113757 0.4999969 -0.7332452 -0.4829834 0.4786216 -0.7331736 -0.4752674 0.4863922 -0.7018806 -0.5411917 0.4631147 -0.7018461 -0.5331187 0.4724367 -0.6658109 -0.5985486 0.4454609 -0.7016388 -0.5772023 0.4177806 -0.6740478 -0.6214275 0.399359 -0.2708498 -0.8346248 0.4796269 -0.2693139 -0.8348681 0.4800679 -0.2826341 -0.8169055 0.5027757 -0.5607913 0.01294761 0.827856 -0.5863095 0.005843758 0.8100661 -0.5862596 -0.006754934 0.8100951 -0.6472203 -0.006948351 0.7622714 -0.6463049 -0.04910391 0.7614979 -0.7018582 -0.0496205 0.7105863 -0.699294 -0.09759104 0.7081412 -0.7500746 -0.09707397 0.6541902 -0.7431871 -0.1672671 0.6478385 -0.7884396 -0.1633577 0.5930239 -0.7768472 -0.237612 0.5831372 -0.7763692 -0.2351053 0.5847874 -0.7622844 -0.3014352 0.5727646 -0.7616658 -0.2974178 0.5756804 -0.7408528 -0.3739652 0.5579312 -0.7402411 -0.3684939 0.562366 -0.7133923 -0.4471781 0.5395399 -0.7128649 -0.4404523 0.5457338 -0.681393 -0.516144 0.5189404 -0.6809435 -0.5085742 0.5269424 -0.6472772 -0.5769408 0.4981684 -0.6467655 -0.5691944 0.5076538 -0.6080214 -0.6367088 0.4742487 -0.6431184 -0.6188745 0.4509914 -0.6125555 -0.6649707 0.4273054 -0.6467183 -0.6454644 0.4063634 -0.6375327 -0.6585291 0.3998647 -0.3950524 0.02482336 0.9183231 -0.3943402 0.02482241 0.9186294 -0.3943912 2.11216e-4 0.9189426 -0.4637993 4.4004e-5 0.8859403 -0.4632759 -0.04143667 0.8852449 -0.5288604 -0.0420506 0.8476665 -0.5268684 -0.09481167 0.8446422 -0.5888907 -0.09481465 0.8026319 -0.5822942 -0.1781763 0.7932129 -0.6390841 -0.1754959 0.7488477 -0.626226 -0.2675777 0.7322863 -0.6256039 -0.2656127 0.7335324 -0.6096574 -0.3462052 0.7130638 -0.6087293 -0.3429226 0.7154389 -0.5850019 -0.4341678 0.6850337 -0.5838258 -0.4295763 0.6889207 -0.5537485 -0.5199719 0.6503782 -0.5523806 -0.5143436 0.6559928 -0.5183106 -0.5970999 0.6122303 -0.5167472 -0.5909599 0.6194666 -0.4821146 -0.6612675 0.5747093 -0.4802677 -0.6552381 0.5831004 -0.4405634 -0.7236717 0.5312279 -0.4733601 -0.713118 0.5171006 -0.4403311 -0.7599619 0.4780864 -0.4683599 -0.7500179 0.4670248 -0.4559991 -0.7657649 0.4535074 -0.458525 -0.7648711 0.4524678 -0.4714556 -0.74865 0.466104 -0.4747543 -0.7475533 0.4645133 -0.497193 -0.7191191 0.4854553 -0.3383638 -0.7870964 0.5157414 -0.3785464 -0.7779274 0.5015295 -0.360943 -0.8000709 0.479173 -0.3622537 -0.7997696 0.4786866 -0.3541308 -0.8100898 0.467275 -0.3529798 -0.810384 0.4676356 -0.3658236 -0.7935649 0.4862385 -0.3397573 -0.800335 0.4939929 -0.3699881 -0.7548584 0.5415696 -0.3373304 -0.76253 0.5520474 -0.3725315 -0.6957476 0.61413 -0.3749423 -0.7005789 0.6071306 -0.4057533 -0.6313583 0.6608714 -0.4077441 -0.6361958 0.6549807 -0.4389689 -0.5518926 0.7090281 -0.4406583 -0.5564602 0.704395 -0.4689341 -0.4612989 0.753196 -0.4702901 -0.4650267 0.7500516 -0.4928662 -0.3667353 0.7890425 -0.4938531 -0.3693362 0.7872102 -0.5090529 -0.2811827 0.8135118 -0.5096269 -0.2826264 0.8126517 -0.5217651 -0.1807388 0.8337234 -0.4585376 -0.1827037 0.8696911 -0.4641955 -0.09236478 0.8809038 -0.3964478 -0.0921992 0.9134159 -0.3979325 -0.03746157 0.9166496 -0.3275164 -0.03692567 0.9441237 -0.327833 0.003537833 0.9447292 -0.7061581 0.01426875 0.7079105 -0.6987046 0.01425719 0.7152683 -0.6986269 -0.012106 0.7153838 -0.7520183 -0.01228618 0.6590276 -0.7508342 -0.05393826 0.6582846 -0.7980372 -0.05422973 0.6001632 -0.7953028 -0.09797948 0.5982421 -0.8373499 -0.09692955 0.5380055 -0.8310173 -0.1569684 0.5336395 -0.8678266 -0.1521032 0.4730135 -0.8538841 -0.2355498 0.4641102 -0.8862959 -0.2236244 0.4055511 -0.8683037 -0.2994917 0.3954155 -0.8683001 -0.2943279 0.3992821 -0.8502053 -0.3545017 0.389204 -0.8504449 -0.347952 0.3945544 -0.8287875 -0.4083626 0.382559 -0.8279908 -0.4181013 0.3736612 -0.8007791 -0.4618802 0.3813392 -0.7785666 -0.5075844 0.3690422 -0.7593723 -0.5299016 0.3775687 -0.7357832 -0.5709986 0.3641204 -0.7105301 -0.5966799 0.3729882 -0.7028161 -0.6085853 0.368339 -0.6511877 -0.6504228 0.3910304 -0.6682012 -0.625913 0.4021694 -0.9436568 0.01464927 0.3306013 -0.975615 0.01073127 0.2192268 -0.9441139 -0.02350276 0.3287805 -0.9370494 3.30526e-4 0.3491969 -0.936667 -0.02621489 0.3492386 -0.9377084 -0.02443397 0.3465632 -0.9756647 0.003044247 0.2192472 -0.9918621 0.01041883 -0.1268907 -0.9918475 0.01041686 -0.1270041 -0.8500738 0.01956576 0.5263001 -0.8759771 -0.003923535 0.4823369 -0.8757097 -0.02230113 0.482323 -0.9100257 -0.02237451 0.4139478 -0.908485 -0.06051933 0.4135125 -0.9362159 -0.06004136 0.3462584 -0.9437568 -0.09245014 0.3174527 -0.9354923 -0.07836055 0.3445488 -0.9295194 -0.1378135 0.3420543 -0.7834247 0.02178084 0.6211051 -0.7958547 0.02179104 0.6050955 -0.7957875 -0.01744568 0.6053247 -0.8401767 -0.01758277 0.5420278 -0.8387657 -0.05790787 0.5414047 -0.8767657 -0.05785804 0.4774247 -0.8740647 -0.096744 0.4760793 -0.906691 -0.09503209 0.4109505 -0.9013223 -0.144675 0.4082739 -0.9290792 -0.138752 0.3428699 -0.9189473 -0.2029831 0.3381329 -0.9630197 0.01048582 -0.2692266 -0.9629988 0.01048612 -0.2693018 -0.9254034 0.008886396 -0.3788793 -0.9254125 0.008886098 -0.3788572 -0.8752849 0.01008749 -0.4835025 -0.8752686 0.01008623 -0.4835321 -0.8672173 -0.001254796 -0.4979283 -0.7850105 -0.008159756 -0.6194287 -0.8749145 -0.001293718 -0.4842759 -0.8755381 -0.001278758 -0.4831476 -0.8283652 -0.004621744 -0.5601693 -0.8133289 0.01238065 -0.5816726 -0.8133192 0.01238012 -0.5816861 -0.7454078 0.007153332 -0.6665704 -0.7456176 0.007131755 -0.666336 -0.7374193 0.007001996 -0.675399 -0.7454581 -9.9946e-4 -0.6665517 -0.6686784 -0.002124905 -0.7435487 -0.7882202 -0.02783393 -0.6147637 -0.7400836 -0.01669126 -0.6723078 -0.7402957 -0.00258392 -0.6722765 -0.6893287 0.01226276 -0.7243449 -0.6854342 0.007569491 -0.7280952 -0.634501 0.02049529 -0.7726503 -0.6307233 0.01611125 -0.7758406 -0.5912144 0.02491658 -0.8061296 -0.5726134 0.01571208 -0.819675 -0.5111964 0.02591037 -0.8590733 -0.310798 0.02027779 -0.9502596 -0.3129978 0.01883393 -0.9495671 -0.3803588 0.01589792 -0.9247025 -0.382789 0.01424163 -0.923726 -0.4477955 0.0108186 -0.8940706 -0.4502451 0.009076416 -0.8928589 -0.5126111 0.005223512 -0.858605 -0.5150112 0.003432989 -0.8571767 -0.5747201 -8.06452e-4 -0.8183497 -0.5769504 -0.002560257 -0.8167752 -0.6334359 -0.00709778 -0.7737628 -0.635428 -0.008766889 -0.7721105 -0.6886445 -0.0135582 -0.7249723 -0.6903131 -0.01505619 -0.7233541 -0.7400694 -0.02004283 -0.6722319 -0.7413989 -0.02133369 -0.6707254 -0.7872515 -0.02642762 -0.6160655 -0.7882289 -0.02746647 -0.614769 -0.8301644 -0.03262913 -0.5565631 -0.5658584 0.004354357 -0.8244909 -0.5747277 -0.002416312 -0.8183413 -0.6304877 -0.00279814 -0.7761943 -0.6334336 -0.005192995 -0.7737796 -0.6858225 -0.005595207 -0.7277474 -0.6886678 -0.008058965 -0.7250322 -0.7374664 -0.008472084 -0.6753307 -0.7401399 -0.01097881 -0.6723634 -0.784997 -0.01139867 -0.6193947 -0.787408 -0.01387178 -0.6162762 -0.828322 -0.01428931 -0.56007 -0.8304389 -0.01670068 -0.5568595 -0.8671394 -0.01710945 -0.4977717 -0.9253271 -8.25508e-4 -0.3791689 -0.9306591 -6.86723e-4 -0.3658869 -0.9304804 -0.02223175 -0.3656664 -0.9026075 -0.02185541 -0.4299096 -0.9020052 -0.04409396 -0.4294675 -0.8688263 -0.03901666 -0.4935772 -0.8686053 -0.04470473 -0.4934838 -0.8293398 -0.03312063 -0.5577621 -0.8296765 -0.02193653 -0.5578133 -0.7834994 -0.004316389 -0.6213776 -0.7836433 0.01660764 -0.6209892 -0.7290607 0.04061603 -0.6832429 -0.7284851 0.06467115 -0.6820023 -0.6763364 0.08862453 -0.731242 -0.6649193 0.07684367 -0.7429519 -0.6216057 0.09363967 -0.7777134 -0.6099321 0.0818957 -0.7882107 -0.5636926 0.09717619 -0.8202484 -0.5520908 0.08571791 -0.8293662 -0.9800707 -0.004662036 -0.1985943 -0.9740087 -0.01085996 -0.2262504 -0.9737542 -0.0262376 -0.2260852 -0.9553586 -0.02591264 -0.2943104 -0.9543372 -0.05405974 -0.2937994 -0.9307091 -0.04930478 -0.3624221 -0.9300881 -0.06097203 -0.3622412 -0.9006696 -0.04942882 -0.4316841 -0.9009823 -0.04286646 -0.4317332 -0.8648667 -0.02419281 -0.5014182 -0.8652877 -0.006363034 -0.5012353 -0.8205645 0.02070993 -0.5711788 -0.8202427 0.04462671 -0.5702722 -0.7648224 0.07944458 -0.639324 -0.7633578 0.1054598 -0.6373093 -0.6957544 0.1458244 -0.7033215 -0.6933519 0.1706793 -0.7000941 -0.6382369 0.2008371 -0.7431811 -0.61659 0.1841079 -0.7654548 -0.5841927 0.1988982 -0.7868663 -0.5619618 0.1813696 -0.8070343 -0.5279628 0.1945807 -0.8266763 -0.963015 0.01049548 -0.2692437 -0.9548969 -0.00744301 -0.2968447 -0.9546723 -0.0243873 -0.2966584 -0.9314939 -0.02403557 -0.3629619 -0.9306912 -0.04927337 -0.3624722 -0.9021505 -0.04431849 -0.429139 -0.9017545 -0.05294001 -0.4289945 -0.8673684 -0.04133617 -0.495947 -0.8677186 -0.03221005 -0.496011 -0.8263898 -0.01396572 -0.5629253 -0.8266746 0.005803942 -0.5626503 -0.7767443 0.03145736 -0.62903 -0.7762597 0.05575281 -0.6279431 -0.7161301 0.08780229 -0.6924222 -0.7146986 0.112801 -0.6902768 -0.6612653 0.1403963 -0.736897 -0.64513 0.1256518 -0.7536703 -0.6066845 0.1422859 -0.7821053 -0.5901169 0.1272745 -0.7972222 -0.5493261 0.1422652 -0.8234085 -0.5328459 0.1273876 -0.836569 -0.9044093 0.1085441 -0.4126282 -0.9536654 0.01895219 -0.3002716 -0.9522492 0.0621398 -0.2989318 -0.981682 -0.03748446 -0.1868035 -0.9823353 -0.01740229 -0.1863181 -0.9906589 -0.09750771 -0.09532701 -0.9896186 -0.1073881 -0.09551364 -0.9858167 -0.1672332 -0.01409047 -0.9871625 -0.1591159 -0.01386678 -0.9777684 -0.2009304 0.05996799 -0.9832494 -0.1716946 0.06117004 -0.9711991 -0.1988276 0.1313012 -0.978992 -0.1541526 0.1334605 -0.9944481 -0.01083981 0.1046688 -0.9906099 3.82922e-4 0.1367186 -0.9901534 -0.02940171 0.136865 -0.9975436 -0.02926498 0.06364417 -0.995376 -0.0718007 0.06380742 -0.9976009 -0.06861239 -0.009214043 -0.9949338 -0.1000975 -0.00934422 -0.9924404 -0.09051948 -0.08287543 -0.990872 -0.106239 -0.08298283 -0.9834922 -0.08797711 -0.1581239 -0.9829628 -0.09362816 -0.1581708 -0.9695753 -0.06315827 -0.2365053 -0.9700743 -0.05536967 -0.2364106 -0.9478419 -0.01093477 -0.3185535 -0.9480335 0.008773744 -0.3180499 -0.9124009 0.06721895 -0.4037402 -0.9107245 0.09384846 -0.4022107 -0.8566799 0.1639562 -0.4890992 -0.8597621 0.1378657 -0.4917337 -0.7732527 0.2225478 -0.5937616 -0.7806481 0.1727362 -0.6006255 -0.6895135 0.2380671 -0.6840287 -0.687255 0.2501137 -0.6819998 -0.5895621 0.3028416 -0.7488014 -0.9999212 0.005660891 -0.01121449 -0.9965781 -0.01094442 -0.08192902 -0.9962352 -0.0287767 -0.08177703 -0.9878213 -0.02852255 -0.1529563 -0.9863349 -0.06236398 -0.1524941 -0.9728195 -0.05812996 -0.22415 -0.9715792 -0.07667756 -0.2239516 -0.9527851 -0.06567072 -0.2964591 -0.9527589 -0.06605833 -0.2964575 -0.9277365 -0.04699635 -0.3702656 -0.9282741 -0.03542649 -0.3702055 -0.8951545 -0.00611186 -0.445714 -0.8953086 0.01468086 -0.4452046 -0.8514114 0.05437666 -0.5216723 -0.8502444 0.08058273 -0.5201838 -0.7925958 0.1290309 -0.595939 -0.7898487 0.1563927 -0.5930266 -0.7167157 0.2101972 -0.664933 -0.7195704 0.1884531 -0.6683591 -0.6146995 0.2509875 -0.7477633 -0.6193637 0.2177408 -0.7543061 -0.5618282 0.2450394 -0.7901296 -0.5256021 0.2411065 -0.8158494 -0.5068811 0.2485654 -0.825401 -0.4711866 0.2433961 -0.8477863 -0.708043 0.2724805 -0.6514825 -0.799821 0.2038705 -0.5645558 -0.8018299 0.1922355 -0.5657865 -0.8781512 0.1126883 -0.4649212 -0.8722205 0.1644605 -0.4606348 -0.9346381 0.06849426 -0.3489416 -0.9330201 0.09315478 -0.347557 -0.9668412 0.01491802 -0.2549421 -0.9667832 -0.00607711 -0.2555255 -0.9833864 -0.06794852 -0.1683282 -0.982712 -0.07679915 -0.1684609 -0.9886879 -0.1213889 -0.08809679 -0.9896432 -0.1134431 -0.08796036 -0.9896648 -0.1428752 -0.01226437 -0.9927169 -0.1198965 -0.01174563 -0.9886931 -0.1368671 0.06126534 -0.9922981 -0.1072684 0.06195199 -0.9842298 -0.115604 0.1338936 -0.9881641 -0.07351738 0.1346369 -0.9918611 0.01043999 -0.1268967 -0.9879826 -0.007439732 -0.1543862 -0.9876509 -0.02774548 -0.1541945 -0.9741618 -0.02745449 -0.2241763 -0.9729112 -0.05842441 -0.2236745 -0.9542718 -0.05390781 -0.2940399 -0.9533738 -0.06884819 -0.293834 -0.9292367 -0.05753993 -0.3649773 -0.9294275 -0.05419743 -0.3650031 -0.8987118 -0.03521752 -0.4371235 -0.89923 -0.02005523 -0.4370162 -0.8601374 0.008242249 -0.5099958 -0.8600344 0.03109067 -0.5092881 -0.810023 0.06849259 -0.5823845 -0.8086397 0.09493774 -0.5805934 -0.7455721 0.139401 -0.6516821 -0.7429265 0.1656762 -0.6485458 -0.6658959 0.2138994 -0.7147236 -0.6682138 0.1952395 -0.7178941 -0.6118943 0.2254846 -0.7581176 -0.5647462 0.2219867 -0.7948483 -0.5575261 0.2251788 -0.7990365 -0.5102089 0.2193363 -0.8316121 -0.9689593 -0.01159054 -0.2469485 -0.9776983 -0.03159362 -0.2076247 -0.9782512 -0.008145749 -0.207264 -0.9894291 -0.1035922 -0.1014835 -0.9911142 -0.08641201 -0.1011222 -0.9863209 -0.1642097 -0.01436793 -0.9859178 -0.1666073 -0.01443433 -0.9728519 -0.2231475 0.06135451 -0.9768505 -0.2046848 0.06218683 -0.9607719 -0.2442194 0.1314318 -0.9700261 -0.2027544 0.1339405 -0.9253905 0.00888437 -0.3789111 -0.9013056 -0.01055747 -0.4330551 -0.9012054 -0.01976567 -0.4329414 -0.8688966 -0.01937109 -0.4946148 -0.8684725 -0.03854227 -0.4942369 -0.8308073 -0.03338938 -0.5555579 -0.8307165 -0.03636044 -0.555507 -0.7868283 -0.02492433 -0.6166684 -0.7871157 -0.01206797 -0.6166874 -0.7364872 0.004760503 -0.6764348 -0.7365033 0.02621972 -0.6759257 -0.6852058 0.04575389 -0.7269111 -0.6777837 0.03739833 -0.7343097 -0.6303767 0.05284208 -0.7744889 -0.623009 0.0448262 -0.7809292 -0.5721973 0.05904364 -0.8179879 -0.5649781 0.05138295 -0.8235045 -0.5107347 0.06434077 -0.8573274 -0.535398 0.09048318 -0.8397393 -0.4920529 0.07416033 -0.8674008 -0.4894169 0.1408598 -0.8605985 -0.5222343 0.1710561 -0.8354707 -0.5057113 0.1766921 -0.8444146 -0.5039397 0.1984311 -0.8406367 -0.4530081 0.2402631 -0.8585205 -0.4537876 0.2326073 -0.8602156 -0.4152978 0.2621569 -0.8710922 -0.4100424 0.3012286 -0.8608871 -0.4654934 0.2836996 -0.8383499 -0.4263777 0.3129591 -0.8486806 -0.5195719 0.2800095 -0.8072422 -0.02643972 -0.8572382 0.5142408 -0.02635902 -0.8582155 0.5126124 -0.009230196 -0.8776564 0.4792017 -0.0285983 -0.8823859 0.4696568 -0.02859789 -0.8823917 0.4696457 0.001730203 -0.8178788 0.575388 -0.02436935 -0.8582523 0.5126492 -0.02436846 -0.8582606 0.5126352 -0.2747101 -0.7840792 0.5565558 -0.2496333 -0.8280118 0.5020754 -0.2343089 -0.834062 0.4994395 -0.2232694 -0.8518286 0.4738553 -0.1928222 -0.8598958 0.4726511 -0.1938136 -0.858244 0.4752405 -0.1629873 -0.8665798 0.4716722 -0.1679508 -0.8580206 0.4853795 -0.4986933 0.03023713 0.8662509 -0.5248517 0.03028059 0.850655 -0.5249753 -0.004251241 0.8511069 -0.5892909 -0.004442632 0.8079088 -0.5885094 -0.04657179 0.807148 -0.647766 -0.04715412 0.7603787 -0.6453516 -0.09689497 0.7577155 -0.700103 -0.096592 0.7074785 -0.6931616 -0.1714836 0.7000861 -0.7425833 -0.1679991 0.6483413 -0.7302629 -0.2486057 0.6363264 -0.729697 -0.2460981 0.6379483 -0.7146083 -0.3176731 0.6232326 -0.7138547 -0.3138248 0.6260396 -0.6915494 -0.3957274 0.6042841 -0.6907203 -0.3904864 0.6086263 -0.6620154 -0.4738782 0.5806679 -0.6611795 -0.4673544 0.5868744 -0.6279329 -0.5461385 0.5544664 -0.6270986 -0.5390366 0.562305 -0.5921147 -0.608763 0.5280225 -0.5911184 -0.6014963 0.5373837 -0.5509031 -0.6700118 0.4975842 -0.5850139 -0.6551505 0.478055 -0.5525695 -0.7021569 0.4490464 -0.584379 -0.6867329 0.4323185 -0.5738689 -0.7008387 0.4236739 -0.5826942 -0.6964613 0.4188188 -0.5992433 -0.6742229 0.4316608 -0.6120061 -0.6679853 0.4233724 -0.6197934 -0.6574743 0.4284669 -0.5899515 -0.6592792 0.4661633 -0.2859036 0.03314733 0.9576849 -0.3255687 0.02445232 0.9452022 -0.325614 0.002077817 0.9455005 -0.3969395 0.001931905 0.9178428 -0.3965191 -0.03905969 0.9171952 -0.4648017 -0.03965216 0.8845266 -0.4630561 -0.09351611 0.8813818 -0.528005 -0.09362101 0.8440651 -0.5218109 -0.1806983 0.8337036 -0.5820825 -0.1783819 0.7933221 -0.5694093 -0.2755917 0.774482 -0.5688037 -0.2738798 0.7755335 -0.5530106 -0.358482 0.7521104 -0.5520139 -0.3554949 0.7542573 -0.5285429 -0.4505362 0.7194857 -0.5272549 -0.4463586 0.7230258 -0.4976697 -0.5393819 0.6792585 -0.4961225 -0.5343048 0.6843836 -0.4630348 -0.6180664 0.6352896 -0.4612184 -0.6125788 0.6418916 -0.4281057 -0.68247 0.5924189 -0.4259063 -0.676985 0.600246 -0.3879904 -0.7447753 0.5429301 -0.4205799 -0.73579 0.5307784 -0.3886061 -0.7820024 0.4872962 -0.4153745 -0.7738688 0.4781123 -0.4025849 -0.7902196 0.4620372 -0.4039379 -0.7898126 0.461552 -0.4144807 -0.7766326 0.4743919 -0.4148139 -0.7765408 0.4742507 -0.4347897 -0.7515753 0.4960772 -0.3954627 -0.7625433 0.5119934 -0.1821307 -0.8088228 0.5591371 -0.2022615 -0.8250686 0.5275909 -0.1929072 -0.8385595 0.5095144 -0.236483 -0.8389135 0.4902041 -0.2302938 -0.8476775 0.47792 -0.0293681 -0.8373581 0.5458653 -0.03128987 -0.8122075 0.582529 -0.02326577 -0.8176656 0.5752233 -0.02326524 -0.8176782 0.5752053 -0.004083037 -0.7548686 0.6558635 -0.03198403 -0.7803881 0.6244769 -0.03485006 -0.7402279 0.6714523 -0.03825002 -0.6885583 0.7241715 -0.01820904 -0.6604479 0.7506511 -0.0199992 -0.7546273 0.6558489 -0.2691384 -0.724806 0.6342089 -0.241306 -0.7895757 0.5642178 -0.2297584 -0.7948403 0.5616405 -0.2078773 -0.8381343 0.5042995 -0.1950587 -0.8428211 0.5016021 -0.1851732 -0.8608596 0.4739533 -0.1596372 -0.8669529 0.4721322 -0.1596819 -0.8668672 0.4722743 -0.1198418 -0.8765583 0.4661371 -0.1268439 -0.8612682 0.4920649 -0.08580732 -0.8714184 0.4829773 -0.09731137 -0.8437722 0.5278058 -0.08033072 -0.8516918 0.5178496 -0.09061145 -0.8252291 0.5574824 -0.07709258 -0.8323538 0.548857 -0.08867758 -0.8010638 0.591974 -0.07819974 -0.8074152 0.5847782 -0.09160614 -0.7697056 0.6317924 -0.08340942 -0.7754844 0.6258329 -0.09924387 -0.7293069 0.6769506 -0.09270113 -0.7347018 0.6720266 -0.1116654 -0.6774126 0.7270785 -0.1070117 -0.6819105 0.7235652 -0.128921 -0.6131888 0.7793452 -0.07729828 -0.6189228 0.781639 -0.09377914 -0.5328595 0.8409914 -0.04672664 -0.5365899 0.8425486 -0.03563559 -0.5291067 0.8478067 -0.02186238 -0.6226655 0.7821828 -0.07756137 -0.6194866 0.7811662 -0.06396907 -0.6872904 0.7235606 -0.06580477 -0.685359 0.7252261 -0.05458217 -0.7394859 0.6709557 -0.05751752 -0.7368906 0.6735607 -0.04833322 -0.7799168 0.6240141 -0.05234622 -0.7769281 0.6274096 -0.04465138 -0.8118982 0.5820889 -0.05016678 -0.8084194 0.5864652 -0.04362601 -0.8370893 0.5453243 -0.05093652 -0.8331438 0.5507059 -0.04524964 -0.8569267 0.5134482 -0.05480951 -0.852443 0.5199393 -0.04842209 -0.8773304 0.4774377 -0.07260328 -0.8718858 0.4842975 -0.06878656 -0.8852221 0.4600546 -0.09750473 -0.8791624 0.4664403 -0.09837549 -0.8766869 0.4708953 -0.1145076 -0.8735718 0.4730332 -0.1214076 -0.854969 0.5042701 -0.1292225 -0.8524979 0.5065065 -0.1438516 -0.8099982 0.5685154 -0.1509572 -0.8071181 0.5707647 -0.1695195 -0.744089 0.6462157 -0.2212535 -0.7385048 0.6369126 -0.2416363 -0.6721853 0.699842 -0.2980514 -0.664644 0.6851378 -0.3233506 -0.5801514 0.7475753 -0.4632324 -0.618107 0.635106 -0.4121243 -0.6851677 0.6005821 -0.462368 -0.6554952 0.5971114 -0.2457962 -0.8225296 0.5128639 -0.2676342 -0.793592 0.5464283 -0.1714369 -0.805841 0.5667715 -0.1931412 -0.7706112 0.6073343 -0.1673823 -0.7861422 0.5949484 -0.1956194 -0.7385143 0.6452362 -0.1729286 -0.7538769 0.6338497 -0.2059209 -0.6955382 0.6883482 -0.1852579 -0.7113734 0.6779583 -0.2233656 -0.6405957 0.7346734 -0.20521 -0.6564103 0.7259577 -0.2426373 -0.5839048 0.7747144 -0.1807143 -0.5966008 0.7819271 -0.2136139 -0.5140269 0.8307499 -0.2980338 -0.7364266 0.6073317 -0.3376839 -0.6827088 0.6479802 -0.3015316 -0.7021558 0.6450241 -0.3488823 -0.6346418 0.6895731 -0.3142266 -0.6552689 0.6869385 -0.3679739 -0.5741137 0.7314293 -0.3358042 -0.5954612 0.7298367 -0.3950576 -0.5003417 0.7704465 -0.3668282 -0.5212572 0.7705375 -0.4300012 -0.4129666 0.8028434 -0.4076866 -0.4313717 0.8048045 -0.4277089 -0.5974138 0.6783524 -0.4938222 -0.5008587 0.7108308 -0.4495007 -0.5333576 0.7165744 -0.5074077 -0.4449565 0.7379372 -0.4129831 -0.3495316 0.8409951 -0.4234703 -0.3399538 0.839705 -0.4567185 -0.327332 0.8272013 -0.4715233 -0.3138559 0.8241118 -0.5199946 -0.2940953 0.8019438 -0.4592714 -0.4020276 0.7921136 -0.4865328 -0.3791291 0.7871131 -0.4188543 -0.4922775 0.763036 -0.4528807 -0.4662903 0.7599162 -0.3878502 -0.5680468 0.7258755 -0.4261154 -0.5415515 0.7246708 -0.3660198 -0.6299078 0.6850152 -0.4069567 -0.6041511 0.6851189 -0.3531697 -0.6787706 0.6438491 -0.2322376 -0.7929255 0.5633248 -0.2690171 -0.7419763 0.6140854 -0.231668 -0.7653606 0.6004607 -0.2707184 -0.7085082 0.6517114 -0.2361726 -0.732335 0.6386767 -0.2815955 -0.6627759 0.6938531 -0.2488399 -0.6879307 0.6817845 -0.300255 -0.6047464 0.7376509 -0.2699227 -0.630807 0.7274781 -0.3281746 -0.5306888 0.7814544 -0.2848213 -0.562483 0.7762022 -0.3377096 -0.4630783 0.8194577 -0.3247877 -0.4736373 0.8186457 -0.3805801 -0.3611459 0.8513123 -0.373795 -0.3673921 0.8516457 -0.4270845 -0.251555 0.8685154 -0.427038 -0.251609 0.8685225 -0.469829 -0.1520489 0.8695642 -0.4285798 -0.1682074 0.8877081 -0.4038816 -0.1953817 0.8937034 -0.3920097 -0.171255 0.9038806 -0.3343595 -0.1915852 0.9227669 -0.3339109 -0.1778532 0.9256737 -0.2690011 -0.1975517 0.9426621 -0.2414922 -0.2986927 0.92329 -0.2250663 -0.2709103 0.9359235 -0.1856963 -0.4215274 0.8875988 -0.1848891 -0.417034 0.8898869 -0.1538901 -0.525957 0.8364729 -0.5540041 -0.5165227 0.6529042 -0.4883942 -0.6088305 0.6251373 -0.5422248 -0.5713902 0.6160402 -0.485883 -0.6470166 0.5876114 -0.5408226 -0.6105263 0.5785918 -0.03696411 -0.3790783 0.9246261 -0.03523147 -0.4305139 0.9018961 -0.05719769 -0.4293891 0.9013065 -0.05610686 -0.4306398 0.9007784 -0.1139659 -0.4250648 0.8979597 -0.09422379 -0.5341266 0.8401374 -0.1538151 -0.5256673 0.8366689 -0.1280551 -0.6108439 0.7813269 -0.1822832 -0.6022089 0.7772499 -0.1525291 -0.672388 0.724313 -0.1624356 -0.6634114 0.7304108 -0.1348322 -0.7259424 0.6744094 -0.1469618 -0.7164141 0.6820214 -0.1235025 -0.7673571 0.6292141 -0.1377011 -0.7576619 0.6379552 -0.1176929 -0.7993324 0.5892506 -0.1347788 -0.7891296 0.5992572 -0.1173796 -0.8238214 0.5545633 -0.1382908 -0.8127658 0.5659395 -0.1226765 -0.8424493 0.5246235 -0.1482397 -0.8302562 0.5373079 -0.1335991 -0.8566288 0.4983356 -0.2046662 -0.8430069 0.4974446 -0.1950119 -0.8581144 0.4749845 -0.230665 -0.8476291 0.477827 -0.2283927 -0.8510465 0.4728177 -0.263615 -0.8406769 0.4730429 -0.2755386 -0.8232034 0.4964018 -0.5812772 -0.6312395 0.5134721 -0.4820806 -0.6857274 0.5453222 -0.5034242 -0.6778544 0.5357961 -0.4091588 -0.7219041 0.5580713 -0.4342714 -0.7144235 0.5486416 -0.3473131 -0.749566 0.5634931 -0.3734484 -0.7432458 0.5550873 -0.7833729 -0.01784229 0.6212959 -0.749373 0.01679188 0.6619351 -0.7492795 -0.0148248 0.6620879 -0.7982193 -0.01498407 0.6021806 -0.7969141 -0.0560947 0.6014828 -0.8396857 -0.05623096 0.5401539 -0.8369445 -0.09757512 0.5385193 -0.8743683 -0.09620976 0.4756301 -0.8684757 -0.1510587 0.4721561 -0.9007713 -0.1456862 0.4091292 -0.8887232 -0.2194431 0.4025121 -0.9171075 -0.2066462 0.340898 -0.9024141 -0.2724609 0.3337873 -0.9018288 -0.286132 0.32378 -0.8860308 -0.3217986 0.3337591 -0.86681 -0.3784065 0.3247294 -0.8567999 -0.3941298 0.3324994 -0.8308062 -0.4551755 0.3202755 -0.8147358 -0.4770401 0.3296033 -0.7959383 -0.513527 0.3205812 -0.7742021 -0.5396082 0.3308085 -0.7678903 -0.5504654 0.3276165 -0.7224921 -0.5944101 0.3531031 -0.7385127 -0.5689536 0.3617885 -0.6876814 -0.6142059 0.3870989 -0.7103088 -0.579879 0.3990011 -0.6552024 -0.6260029 0.4228832 -0.6812258 -0.5881308 0.4359285 -0.8491099 -0.4420757 0.289105 -0.9166409 -0.3638833 0.1654038 -0.9214488 -0.3509675 0.1665954 -0.9022608 -0.3866307 0.1908981 -0.9179508 -0.346298 0.1935054 -0.8811109 -0.4050812 0.2440348 -0.7318072 -0.539553 0.4163422 -0.7140915 -0.5669975 0.4105938 -0.7646515 -0.5178002 0.3836548 -0.7390934 -0.5599934 0.3743639 -0.7862058 -0.5117372 0.3464182 -0.7642 -0.5496211 0.3375132 -0.8065603 -0.5036199 0.3095602 -0.7931046 -0.5279828 0.3036763 -0.8297509 -0.4845212 0.2770431 -0.8348289 -0.474478 0.2791622 -0.8518183 -0.4497917 0.2685016 -0.8655063 -0.4193529 0.2739381 -0.8778053 -0.3992911 0.2646214 -0.897126 -0.3479437 0.2722134 -0.9046138 -0.3339735 0.2648314 -0.9244323 -0.2665282 0.2727407 -0.9280378 -0.2588364 0.2678616 -0.9429283 -0.1893628 0.2739123 -0.9442463 -0.1862499 0.2714959 -0.9525092 -0.1313291 0.2747345 -0.9527733 -0.1306554 0.2741395 -0.9581099 -0.07669323 0.2759414 -0.9577122 -0.07737922 0.2771281 -0.9603592 -0.02620661 0.2775315 -0.9596678 -0.02765887 0.2797725 -0.960014 0.01449525 0.2795767 -0.9434753 -0.02413046 0.3305636 -0.9796236 -0.1987169 0.02914232 -0.965026 -0.2469478 0.08798629 -0.9629069 -0.2517476 0.09712684 -0.941494 -0.304755 0.1439224 -0.9170005 -0.3475003 0.1958414 -0.987402 -0.05074936 -0.149873 -0.9908198 -0.06776916 -0.1169769 -0.9875344 -0.1063454 -0.1160464 -0.9819291 -0.1886826 -0.01463174 -0.9838197 -0.1785786 -0.01443696 -0.9646863 -0.2545905 0.06755846 -0.9676885 -0.2427552 0.06818377 -0.9411717 -0.3080706 0.1388837 -0.9456618 -0.2934542 0.1400302 -0.9889549 -0.1448505 -0.03141051 -0.9875889 -0.1568278 -0.008562982 -0.9801616 -0.1980441 -0.007874488 -0.9597453 -0.2693883 0.07949155 -0.9590291 -0.2719627 0.07937061 -0.9313197 -0.3338752 0.1455031 -0.9348368 -0.3234787 0.1464297 -0.3948316 0.02546507 0.9184005 -0.4610304 0.007863283 0.8873496 -0.4610117 -0.001905739 0.8873921 -0.5279438 -0.002087593 0.8492768 -0.5272943 -0.04395151 0.8485452 -0.590085 -0.04456788 0.8061101 -0.587871 -0.09593355 0.8032463 -0.6463015 -0.09580338 0.7570444 -0.6394493 -0.1751124 0.7486256 -0.6926565 -0.172044 0.7004483 -0.6799209 -0.258581 0.6861804 -0.6793148 -0.2563713 0.6876084 -0.6636199 -0.3325928 0.6700677 -0.6627696 -0.3290419 0.6726573 -0.6394388 -0.4159374 0.6466175 -0.6383962 -0.4108354 0.6508952 -0.6085839 -0.4981226 0.6176565 -0.6074817 -0.4920892 0.6235497 -0.5733771 -0.5731369 0.5854511 -0.5721579 -0.566462 0.5930904 -0.5368418 -0.636835 0.5533915 -0.5353882 -0.6301611 0.562367 -0.4948776 -0.6989103 0.5163533 -0.5282833 -0.6864001 0.4997716 -0.495048 -0.7335782 0.4656077 -0.5246539 -0.7213178 0.4521495 -0.5130677 -0.7363118 0.4411424 -0.5181782 -0.7341767 0.4387209 -0.5332245 -0.7148553 0.4523866 -0.5406094 -0.7118887 0.4482811 -0.5520178 -0.6972632 0.457275 -0.498831 -0.7094756 0.4978072 -0.4799733 -0.7083132 0.5176081 -0.5851861 -0.6656509 0.463105 -0.5558897 -0.665755 0.4977518 -0.6240077 -0.6335731 0.4573833 -0.6523247 -0.5939828 0.4708045 -0.6350516 -0.6000202 0.4865032 -0.9447835 0.08560758 -0.3163158 -0.9372476 0.1074805 -0.3316849 -0.9232357 0.1137896 -0.3669984 -0.8878305 0.1435158 -0.4372188 -0.9079582 0.1370316 -0.3960232 -0.9019393 0.1300397 -0.4118195 -0.9410847 0.06623435 -0.3316212 -0.9443357 0.07056528 -0.3213266 -0.9544535 0.04869931 -0.2943587 -0.9686062 0.02477341 -0.2473629 -0.9804654 -0.01653361 -0.195996 -0.9796817 -0.04497206 -0.1954512 -0.9873839 -0.1120048 -0.1119294 -0.9897528 -0.08892971 -0.1117177 -0.9840956 -0.1769573 -0.01556092 -0.9865555 -0.1627249 -0.01513123 -0.9698288 -0.2351471 0.06432735 -0.971227 -0.2292237 0.06461131 -0.9501721 -0.2815313 0.13384 -0.9581414 -0.2519803 0.1359085 -0.7685729 0.2460169 -0.5905689 -0.8536025 0.1686896 -0.4928557 -0.8555298 0.1557652 -0.4937673 -0.919667 0.07058495 -0.3863037 -0.915728 0.1195631 -0.3835975 -0.9626253 0.02034783 -0.2700716 -0.9621152 0.04303431 -0.2692254 -0.9836947 -0.03750926 -0.1758913 -0.98289 -0.05366265 -0.1762038 -0.9891581 -0.1150298 -0.09129309 -0.9890345 -0.1160752 -0.09130913 -0.9870697 -0.1597226 -0.01349741 -0.9898132 -0.1417763 -0.01301926 -0.983583 -0.1701487 0.06011605 -0.9886969 -0.1368464 0.06124949 -0.9792911 -0.153025 0.1325605 -0.9842503 -0.1155182 0.1338171 -0.647985 0.290961 -0.7038873 -0.7439619 0.2304861 -0.6272137 -0.7460802 0.2190093 -0.6288078 -0.8311427 0.1464474 -0.536428 -0.8240355 0.1984177 -0.5306563 -0.8998677 0.1073011 -0.4227584 -0.8973667 0.1330656 -0.4207454 -0.9419867 0.05853551 -0.3305065 -0.9428318 0.03409755 -0.33152 -0.9693132 -0.02653509 -0.2443931 -0.9687158 -0.04156208 -0.244668 -0.9828938 -0.086555 -0.1625671 -0.9828354 -0.08720016 -0.1625756 -0.9894292 -0.1172449 -0.08534437 -0.9909765 -0.1035119 -0.08515286 -0.9925678 -0.1212221 -0.01068824 -0.9950382 -0.09895229 -0.01037216 -0.9921913 -0.107917 0.06253397 -0.995469 -0.0712887 0.06292468 -0.9879844 -0.07409226 0.1356368 -0.9903444 -0.02863323 0.1356402 -0.994434 0.01234006 0.1046366 -0.9978962 -0.009425282 0.06414473 -0.9974926 -0.02965003 0.06426137 -0.9995274 -0.02947342 -0.00873351 -0.9975767 -0.06906163 -0.00843954 -0.9945275 -0.06550151 -0.0813927 -0.9924075 -0.09224808 -0.08134925 -0.9845079 -0.08214175 -0.1549102 -0.9836289 -0.0920515 -0.1549214 -0.9703133 -0.07330411 -0.230475 -0.9704065 -0.072093 -0.2304649 -0.9502857 -0.04172295 -0.3085712 -0.9508437 -0.02827614 -0.3083776 -0.9209079 0.01502144 -0.3894907 -0.9205865 0.03803485 -0.3886823 -0.8765599 0.09373605 -0.4720765 -0.8742628 0.1214824 -0.4700073 -0.8125262 0.1863154 -0.5523477 -0.8158468 0.1607758 -0.5554686 -0.7211379 0.2382945 -0.6505197 -0.728072 0.1925636 -0.6578986 -0.6329713 0.2508242 -0.7324169 -0.6305077 0.2642533 -0.7298152 -0.5330729 0.3097339 -0.7873362 -0.529155 0.3271397 -0.782927 -0.4891813 0.3584038 -0.7951405 -0.5857339 0.3188539 -0.7451497 -0.5454935 0.3528931 -0.7601996 -0.6442355 0.3061054 -0.7008996 -0.6051966 0.3422821 -0.7187351 -0.7043333 0.2873996 -0.6490887 -0.667611 0.3253322 -0.6696676 -0.7648664 0.2614904 -0.5887293 -0.7320926 0.3001446 -0.6115176 -0.8249137 0.2261672 -0.5180402 -0.7976557 0.2642456 -0.5421436 -0.8816264 0.1799704 -0.436286 -0.8616168 0.2150101 -0.4597686 -0.919574 0.1402646 -0.3670279 -0.9068241 0.1641155 -0.3882477 -0.9425308 0.1064805 -0.3166983 -0.9335705 0.1270247 -0.3351282 -0.962153 0.06916797 -0.2635861 -0.9565207 0.08592367 -0.278721 -0.9775589 0.02904057 -0.208651 -0.9745902 0.0416432 -0.2200907 -0.9882876 -0.0139141 -0.1519674 -0.9872375 -0.00602436 -0.1591412 -0.9938185 -0.05982166 -0.09352111 -0.9937564 -0.05753993 -0.09559005 -0.9935138 -0.1086221 -0.03363996 -0.993162 -0.1128785 -0.0297935 -0.9867495 -0.1599899 0.0269919 -0.9844166 -0.1717869 0.0375927 -0.9732774 -0.212699 0.08654654 -0.9670283 -0.2324287 0.1040835 -0.9534766 -0.2653077 0.1431586 -0.941991 -0.2916085 0.1661855 -0.927945 -0.3169451 0.1961228 -0.9107307 -0.3478322 0.222671 -0.8969934 -0.3674293 0.2457612 -0.8729258 -0.4026458 0.2754578 -0.8613505 -0.4161598 0.2913528 -0.8308511 -0.453668 0.3222917 -0.9017252 -0.256788 0.347781 -0.8776379 -0.2919048 0.3801885 -0.8555692 -0.3156896 0.4102945 -0.823458 -0.3538817 0.4434914 -0.8059757 -0.3693847 0.4625563 -0.7678412 -0.407979 0.4939365 -0.9542655 -0.2048378 0.2177588 -0.9646599 -0.1789829 0.1933817 -0.9825071 -0.131096 0.1322643 -0.9867209 -0.1140599 0.1156387 -0.9976356 -0.05607134 0.03974056 -0.9982219 -0.0495094 0.03319597 -0.9989107 0.00932753 -0.04572075 -0.998968 0.008277356 -0.04466056 -0.9899392 0.06672203 -0.1247749 -0.9911339 0.06040084 -0.1183444 -0.9734083 0.1167384 -0.1971001 -0.9764584 0.1070866 -0.187247 -0.9508089 0.1613501 -0.2644402 -0.9562696 0.1489137 -0.2517405 -0.9227396 0.2018835 -0.3283212 -0.911244 -0.2005482 0.3597427 -0.8903924 -0.2319877 0.3916417 -0.866216 -0.2581232 0.4278345 -0.8373786 -0.2933661 0.4612305 -0.8175576 -0.3109806 0.484655 -0.7821929 -0.3477579 0.5169516 -0.8945743 -0.3030117 0.3285132 -0.8687245 -0.3397796 0.3603717 -0.8489764 -0.3610683 0.3858354 -0.8154388 -0.4002691 0.4181437 -0.8001138 -0.413905 0.4341665 -0.7607058 -0.4531385 0.4647495 -0.7145223 -0.4861788 0.5030787 -0.7547278 -0.4178463 0.5057572 -0.7119203 -0.4556886 0.5343384 -0.7667042 -0.3594599 0.5319335 -0.7263935 -0.3961651 0.5616101 -0.6572549 -0.3590689 0.6626353 -0.6445916 -0.3804462 0.6631459 -0.683122 -0.3592304 0.6358441 -0.4865598 0.3680098 -0.7923562 -0.4497966 0.3942306 -0.8014145 -0.5430526 0.3612573 -0.7580152 -0.5057112 0.3898917 -0.7695719 -0.6028391 0.3500034 -0.7169957 -0.5660338 0.3807521 -0.7311864 -0.6652354 0.3329789 -0.6682716 -0.6298682 0.365688 -0.6852287 -0.7294955 0.3086536 -0.6103846 -0.6969063 0.3427818 -0.6299384 -0.7946525 0.274794 -0.5413092 -0.7666059 0.3091986 -0.5627715 -0.8581423 0.2291646 -0.4594295 -0.8366594 0.261699 -0.4811598 -0.901827 0.1889114 -0.3886136 -0.8879843 0.2111195 -0.408549 -0.9291244 0.1540437 -0.3361525 -0.9190013 0.1736804 -0.3539378 -0.9529115 0.115387 -0.2804382 -0.9463008 0.1316429 -0.295271 -0.9721526 0.07357621 -0.2224994 -0.9683628 0.0862919 -0.2341525 -0.9863408 0.02850121 -0.1622332 -0.9847576 0.0369274 -0.1699677 -0.9948502 -0.02029275 -0.09930455 -0.9945933 -0.01682919 -0.1024744 -0.9967705 -0.0727483 -0.0340054 -0.9966227 -0.07604968 -0.03098183 -0.9910965 -0.1289513 0.03315585 -0.9892576 -0.1397311 0.04294914 -0.9772102 -0.1872696 0.09995257 -0.9711697 -0.2072352 0.1178265 -0.9556074 -0.2453895 0.1630911 -0.9437597 -0.2726675 0.1870029 -0.9273991 -0.3017111 0.2211366 -0.9513492 -0.2513523 0.1782047 -0.9008355 -0.3354275 0.2756515 -0.8533292 -0.39809 0.3366804 -0.8620071 -0.3885294 0.3255593 -0.8015485 -0.4545384 0.3884776 -0.7315188 -0.5094808 0.453111 -0.7621568 -0.4820755 0.4321114 -0.6964929 -0.528289 0.4856013 -0.7256655 -0.4815125 0.4914829 -0.6528599 -0.539621 0.5315856 -0.7034783 -0.4611824 0.5407672 -0.6577619 -0.4971637 0.5658424 -0.7156188 -0.4032375 0.5703414 -0.6722465 -0.4385667 0.5964429 -0.7126693 -0.3714972 0.5950567 -0.6333469 -0.4170455 0.6518779 -0.6450373 -0.3979286 0.6523647 -0.9701636 -0.09988111 0.2209217 -0.9763588 -0.08167159 0.2001335 -0.9925164 -0.02982562 0.1184129 -0.9938933 -0.02137041 0.1082565 -0.9992451 0.03694599 0.01201522 -0.9992737 0.03553199 0.01377183 -0.9931111 0.08823674 -0.07710272 -0.9942539 0.08183842 -0.06900525 -0.9789319 0.1307926 -0.1567986 -0.9819031 0.1216642 -0.1451353 -0.959177 0.1665577 -0.2285566 -0.3516333 0.3863338 -0.8527018 -0.3453521 0.4077969 -0.8452419 -0.4252648 0.3913378 -0.8160911 -0.3965116 0.408644 -0.8220636 -0.4812126 0.3880303 -0.7860452 -0.4511606 0.4073445 -0.7940558 -0.541832 0.3811817 -0.7490786 -0.5113505 0.4023703 -0.7593542 -0.6062799 0.3696238 -0.7041327 -0.5758738 0.3928206 -0.7169807 -0.6737045 0.3520579 -0.6497519 -0.6443408 0.3771089 -0.6652923 -0.7440688 0.3260218 -0.5831566 -0.7169746 0.3526514 -0.6013189 -0.8156877 0.2886398 -0.5013388 -0.7933442 0.3151673 -0.5208404 -0.867169 0.2540262 -0.4283557 -0.8754776 0.2433551 -0.4175131 -0.8991978 0.2281156 -0.3733723 -0.9308876 0.1874075 -0.3135709 -0.9641414 0.1558758 -0.2147887 -0.9405785 0.1904556 -0.2811383 -0.9243372 0.1997866 -0.3250939 -0.9146668 0.2135974 -0.3431631 -0.8506017 0.2671321 -0.4528989 -0.8664782 0.2474234 -0.4335865 -0.7724589 0.304197 -0.5574689 -0.794277 0.2830759 -0.5375798 -0.6966817 0.3264813 -0.6387837 -0.7215881 0.3062629 -0.6208975 -0.6257866 0.3390151 -0.702467 -0.6515089 0.3207063 -0.6875199 -0.558755 0.3456834 -0.753854 -0.5842347 0.3293595 -0.7417494 -0.4948329 0.3485358 -0.7960298 -0.5197986 0.3338981 -0.7863343 -0.43515 0.3484416 -0.8302006 -0.4589266 0.3355061 -0.8226921 -0.3809396 0.3462793 -0.8573073 -0.4031882 0.3348956 -0.8516362 -0.3253734 0.3434605 -0.8810034 -0.3173291 0.3686335 -0.8737343 -0.2457759 0.3765199 -0.8932117 -0.2431337 0.3873556 -0.8892929 -0.1828954 0.393696 -0.9008622 -0.1827756 0.3944095 -0.9005745 -0.2236126 0.3732821 -0.9003655 -0.2291823 0.3323201 -0.9148982 -0.161887 0.3413882 -0.9258762 -0.1661272 0.2840872 -0.9442968 -0.08544522 0.2911367 -0.9528581 -0.08710128 0.2277362 -0.9698194 -0.06881326 0.2365803 -0.9691721 -0.06944519 0.1884636 -0.9796218 -0.07953488 0.183342 -0.9798265 -0.07998669 0.1361967 -0.9874475 -0.08930838 0.1311891 -0.9873265 -0.0895918 0.09041208 -0.9918664 -0.09368306 0.08809924 -0.9916965 -0.09382778 0.05404949 -0.9941202 -0.09426093 0.05379372 -0.9940931 -0.0943486 0.02773565 -0.9951528 -0.09350562 0.02824568 -0.995218 -0.09354859 0.0132333 -0.9955269 -0.1233237 0.003588974 -0.9923601 -0.9621832 -0.155484 0.2236699 -0.9707743 -0.132456 0.2001321 -0.9882588 -0.08152019 0.129225 -0.9909913 -0.06835329 0.1151697 -0.9995468 -0.008512198 0.0288766 -0.9996433 -0.005919456 0.02604538 -0.9968969 0.05148524 -0.05954855 -0.9973223 0.04774647 -0.0553959 -0.9848105 0.1027774 -0.1399468 -0.9868201 0.09488153 -0.1310868 -0.9661095 0.1464881 -0.2125412 -0.9701043 0.1361649 -0.20089 -0.9419814 0.1850784 -0.2800308 -0.9482099 0.1730306 -0.2663804 -0.912696 0.220097 -0.3443014 -0.9214684 0.206586 -0.3289651 -0.858204 0.2700597 -0.4365249 -0.8737899 0.2485188 -0.4180068 -0.7798535 0.3171324 -0.5396812 -0.8019491 0.2934932 -0.5203263 -0.7030566 0.3474233 -0.6204906 -0.7292065 0.3240855 -0.6026828 -0.6310102 0.3659672 -0.684028 -0.6585333 0.3445184 -0.6690598 -0.563074 0.3772192 -0.7352914 -0.5908666 0.3577781 -0.7230986 -0.4988221 0.3834816 -0.7772506 -0.5263226 0.3659096 -0.7675252 -0.43883 0.3859974 -0.8114397 -0.4655303 0.3701962 -0.8038883 -0.3845043 0.3855902 -0.8387353 -0.4097917 0.3715415 -0.8330833 -0.3311676 0.3838896 -0.8619496 -0.3289644 0.390999 -0.8595942 -0.2581871 0.4015644 -0.878684 -0.257402 0.4049254 -0.877371 -0.3111159 0.3745654 -0.8734459 -0.3182937 0.3356416 -0.8865855 -0.2505927 0.3490054 -0.9029942 -0.2578445 0.2857978 -0.9229495 -0.1830638 0.2972969 -0.9370711 -0.1868392 0.2309968 -0.9548463 -0.1784948 0.2356352 -0.9553093 -0.1797648 0.1996697 -0.9632325 -0.2047888 0.1850745 -0.9611499 -0.2058158 0.146374 -0.9675819 -0.228739 0.1323075 -0.9644549 -0.2295005 0.09063845 -0.9690791 -0.2397039 0.08416849 -0.9671906 -0.2400492 0.04847025 -0.9695499 -0.2413393 0.04764437 -0.9692705 -0.241518 0.02266687 -0.9701316 -0.2396032 0.0238862 -0.9705771 -0.2396754 0.0120061 -0.9707788 -0.2649632 0.003602921 -0.9642518 -0.2493628 0.008581757 0.9683721 -0.2569736 0.003655612 0.9664116 -0.2567426 -0.03509336 0.9658426 -0.3287557 -0.03555226 0.9437456 -0.3275447 -0.09090214 0.9404528 -0.3975741 -0.09110015 0.9130365 -0.3925788 -0.1842484 0.9010741 -0.4586484 -0.1826072 0.8696529 -0.4473653 -0.288661 0.8464865 -0.4468544 -0.2874934 0.8471533 -0.4326527 -0.3787674 0.8181363 -0.4317014 -0.3765321 0.8196693 -0.4106573 -0.4775946 0.7767009 -0.4092952 -0.474353 0.7794017 -0.3831036 -0.5711426 0.7259669 -0.3813676 -0.5671687 0.7299853 -0.3527671 -0.6516849 0.6714627 -0.3506629 -0.6474168 0.6766735 -0.3228068 -0.7157674 0.6192519 -0.3203208 -0.7116141 0.6252999 -0.2885165 -0.777368 0.5589789 -0.3212915 -0.7708762 0.5500196 -0.2933983 -0.8155691 0.4987631 -0.3192312 -0.8098723 0.4921364 -0.3066961 -0.827036 0.4711146 -0.3086109 -0.8266216 0.4705912 -0.3145061 -0.8188624 0.4801566 -0.3127396 -0.8191998 0.4807345 -0.3281114 -0.799363 0.5033507 -0.2888746 -0.8066961 0.5155512 -0.3205075 -0.7660378 0.5571904 -0.2945863 -0.7711369 0.5644175 -0.3365506 -0.7174004 0.6099758 -0.3503395 -0.7140731 0.6061038 -0.3956538 -0.6543 0.6444761 -0.4147067 -0.6484925 0.6383384 -0.474878 -0.5655646 0.6742609 -0.5017392 -0.5552095 0.6633252 -0.5576309 -0.4738062 0.6815831 -0.6917653 -0.09599715 0.7157132 -0.6914799 -0.1026532 0.7150651 -0.6743137 -0.1372854 0.7255713 -0.6739628 -0.1459045 0.7242141 -0.6554132 -0.1821649 0.7329732 -0.6549778 -0.1931393 0.7305486 -0.6363767 -0.2282336 0.7368407 -0.6359198 -0.2411901 0.7330986 -0.617968 -0.2738636 0.7369629 -0.6175556 -0.2883489 0.731765 -0.6002313 -0.3187941 0.7335481 -0.5999471 -0.3344006 0.7268011 -0.583692 -0.3619971 0.7268163 -0.5836178 -0.3784926 0.7184244 -0.5685114 -0.403277 0.7170513 -0.5687381 -0.4201042 0.7071418 -0.5548835 -0.4420909 0.7047411 -0.5557883 -0.4727922 0.6837887 -0.6341159 -0.4345256 0.6395973 -0.5913302 -0.4991036 0.6334226 -0.6454225 -0.4537107 0.6144725 -0.5773854 -0.5554299 0.5984344 -0.6334526 -0.5106888 0.5813216 -0.5739897 -0.5956264 0.5619298 -0.6307629 -0.5518867 0.54549 -0.5986324 -0.5978025 0.5331712 -0.7184125 -0.527735 0.453188 -0.7092987 -0.5419788 0.4507265 -0.8034725 -0.4693539 0.3662498 -0.786239 -0.5002216 0.3627762 -0.8226342 -0.4617284 0.3317832 -0.8044015 -0.4959462 0.3270713 -0.8558963 -0.4363797 0.2775148 -0.8376701 -0.4734528 0.2723075 -0.8690046 -0.4302837 0.2443095 -0.8595359 -0.4506314 0.2411003 -0.8853377 -0.4116598 0.2161327 -0.8894814 -0.4018782 0.2175245 -0.9011099 -0.3806316 0.2076552 -0.9098397 -0.3576243 0.2104676 -0.9180936 -0.3409132 0.202194 -0.9312594 -0.3002308 0.2064401 -0.9361978 -0.2889143 0.2001556 -0.9502691 -0.2345977 0.2048235 -0.9525762 -0.2285794 0.2008737 -0.963654 -0.1717534 0.204626 -0.9644165 -0.1695388 0.2028735 -0.970938 -0.1235704 0.2049631 -0.9710425 -0.1232392 0.2046674 -0.9756734 -0.07532799 0.2058815 -0.9753972 -0.0759449 0.206961 -0.9779186 -0.0276066 0.2071551 -0.9775109 -0.02872866 0.2089188 -0.9779152 0.01069492 0.2087286 -0.9756821 0.003042042 0.2191693 -0.9999285 0.004131555 -0.0112279 -0.999948 0.004728913 -0.009038865 -0.999528 -0.0294348 -0.008796811 -0.9962803 -0.02921926 -0.08106714 -0.9945581 -0.06592571 -0.08067202 -0.9862681 -0.06201851 -0.1530659 -0.9846256 -0.08442872 -0.1529192 -0.9712353 -0.07380366 -0.2263959 -0.9708619 -0.07860732 -0.2263804 -0.9516645 -0.05964028 -0.3012936 -0.9520804 -0.05276221 -0.3012627 -0.9253886 -0.02281016 -0.3783327 -0.9257897 -0.005064129 -0.378005 -0.8884927 0.03674626 -0.4574173 -0.8876883 0.06189739 -0.4562656 -0.8364265 0.1140785 -0.5360755 -0.833781 0.1419547 -0.5335336 -0.7657144 0.2013329 -0.6108573 -0.7689319 0.1772858 -0.6142584 -0.6681041 0.2473965 -0.701735 -0.6740614 0.2072405 -0.7090083 -0.577269 0.2584372 -0.7745778 -0.5745984 0.2738018 -0.7712777 -0.4788127 0.3126969 -0.8203408 -0.4712045 0.3484646 -0.8102707 -0.4157521 0.3390086 -0.8439333 -0.4026697 0.3938211 -0.8262941 -0.410998 0.4010123 -0.8187002 -0.4510396 0.3902353 -0.8026704 -0.4183798 0.4115825 -0.8096656 -0.5073242 0.3850865 -0.7709284 -0.4736452 0.4086567 -0.7801666 -0.5677753 0.375818 -0.732388 -0.5339394 0.4015123 -0.744108 -0.6314499 0.3613384 -0.6860799 -0.5985414 0.3888581 -0.7003839 -0.6979615 0.3398641 -0.6303508 -0.6667325 0.3692316 -0.6474071 -0.766611 0.3091873 -0.5627709 -0.7387075 0.3396471 -0.5821951 -0.8351331 0.266671 -0.4810814 -0.8130077 0.2961243 -0.501327 -0.8835528 0.2280561 -0.4090538 -0.8689283 0.2484201 -0.4280785 -0.9144374 0.194184 -0.3551011 -0.9035775 0.2122732 -0.3721396 -0.9419564 0.156073 -0.2972534 -0.9345172 0.1714906 -0.3118791 -0.9646779 0.1148196 -0.2370929 -0.9601526 0.12718 -0.2488623 -0.9822672 0.06982994 -0.1739976 -0.9799504 0.07912421 -0.1828565 -0.9939644 0.02085918 -0.1077028 -0.9933733 0.02546614 -0.1120756 -0.9987483 -0.03318679 -0.03742581 -0.9987501 -0.03452461 -0.03614509 -0.9951579 -0.0916596 0.03548902 -0.9939411 -0.1007233 0.04399979 -0.9818596 -0.1543478 0.1101294 -0.9764804 -0.1735948 0.127871 -0.9593884 -0.2168925 0.180365 -0.9477789 -0.2443352 0.2049766 -0.9149195 -0.2993367 0.2707768 -0.934302 -0.2409358 0.2627354 -0.9170041 -0.2724925 0.2912928 -0.9414538 -0.1941109 0.2756549 -0.9261925 -0.2231634 0.3039169 -0.9493746 -0.1399073 0.2812722 -0.9369854 -0.1647821 0.3080669 0.9945211 -0.104522 -0.001757502 0.9938573 -0.1106233 0.003200888 0.994515 -0.1045424 0.003285288 0.9990341 -0.03385895 -0.02801054 0.9996362 -0.01746082 -0.02055674 -0.5877586 -0.8089692 0.0104267 -0.5877581 -0.8089696 0.01042807 -0.6333499 -0.7737797 -0.01153802 -0.6946079 -0.7193843 0.002474486 -0.6882904 -0.7254307 0.002569258 -0.6946573 -0.7193012 0.00756675 -0.6946207 -0.7193364 0.007567405 -0.239363 0.2885072 -0.9270755 -0.2308925 0.2793142 -0.9320259 -0.2434424 0.2329809 -0.9415178 -0.1639255 0.2329299 -0.9585782 -0.1749772 0.181092 -0.9677752 -0.1089187 0.1799422 -0.9776286 -0.1161304 0.1309011 -0.9845704 -0.05470013 0.1298219 -0.9900274 -0.05807191 0.08250498 -0.9948973 0.005278229 0.08210128 -0.9966101 0.005829989 0.04279303 -0.999067 0.02264416 0.03659009 -0.9990738 0.02437138 -0.008173286 -0.9996696 0.05962228 -0.007661163 -0.9981917 0.06406354 -0.05640643 -0.9963505 0.101192 -0.05529922 -0.9933288 0.1107636 -0.1195856 -0.9866259 0.150697 -0.1175248 -0.9815694 0.1636256 -0.1788889 -0.9701678 0.2069807 -0.1754003 -0.9624935 0.2199066 -0.2238603 -0.9494882 0.2655624 -0.2186422 -0.9389741 0.2830508 -0.2728083 -0.9194879 0.3311344 -0.2651475 -0.9055643 0.3534447 -0.324502 -0.8773685 0.4037275 -0.3134269 -0.859516 0.4304287 -0.376497 -0.8203543 0.4820702 -0.360827 -0.798381 0.5121334 -0.4259245 -0.7458604 0.563833 -0.404341 -0.7201395 0.5963008 -0.4712802 -0.6498618 0.6466326 -0.4422279 -0.6215311 0.6790327 -0.5094732 -0.5285375 0.726116 -0.4717041 -0.5002508 0.7514308 -0.529289 -0.3939608 0.7942156 -0.4827151 -0.3690634 0.8088124 -0.5239153 -0.2670871 0.8471602 -0.4698479 -0.2481179 0.8529647 -0.4937596 -0.169271 0.8870114 -0.4343801 -0.1566036 0.8887163 -0.4457753 -0.1070876 0.9187151 -0.3822907 -0.09907776 0.9192976 -0.3878808 -0.06663793 0.9279124 -0.3704316 -0.0419448 0.8876418 -0.4583986 -0.04430246 0.8870974 -0.4595668 -0.04308867 0.8515478 -0.5223826 -0.04452788 0.850823 -0.5236758 -0.04317432 0.8106829 -0.5838029 -0.04435795 0.8097796 -0.5851634 -0.04290455 0.7654708 -0.6419752 -0.04384535 0.7644027 -0.6433476 -0.04233723 0.7160892 -0.6966796 -0.04305589 0.7148531 -0.6980426 -0.04149305 0.66274 -0.7476696 -0.04202294 0.6612898 -0.7490441 -0.04035848 0.6058385 -0.7945451 -0.04071813 0.6042464 -0.7958407 -0.03903794 0.5453338 -0.8372991 -0.03925943 0.5436688 -0.8384563 -0.03762239 0.4818676 -0.8754312 -0.03773331 0.4801459 -0.8764439 -0.03613859 0.4157001 -0.9087824 -0.0361669 0.4139511 -0.9096404 -0.03462558 0.3469382 -0.9372498 -0.03459167 0.3453364 -0.9378901 -0.0332421 0.2763031 -0.9604979 -0.03317481 0.2748717 -0.9609482 -0.03200525 0.2040071 -0.9784488 -0.03192543 0.2027592 -0.9787402 -0.03092706 0.1304189 -0.9909788 -0.03085309 0.1294383 -0.9911311 -0.03008246 0.05608886 -0.9979743 -0.03002417 0.05553179 -0.9980184 -0.02958941 -0.01865136 -0.9993892 -0.02955526 -0.01890361 -0.9993902 -0.02935981 -0.09320604 -0.9952141 -0.02935481 -0.09311389 -0.9952204 -0.02942961 -0.1671908 -0.9854845 -0.02945429 -0.1667448 -0.9855495 -0.02981024 -0.2402754 -0.9702455 -0.02985894 -0.2395572 -0.9704048 -0.03044521 -0.3117849 -0.9496631 -0.03050011 -0.3108933 -0.9499306 -0.03126186 -0.3815531 -0.9238169 -0.03129982 -0.3804832 -0.9242253 -0.03225386 -0.4490966 -0.8929004 -0.03226625 -0.447965 -0.8934296 -0.0333299 -0.5139648 -0.8571654 -0.03328227 -0.5128487 -0.8577896 -0.03440046 -0.5760425 -0.8167009 -0.03427737 -0.5749406 -0.8174265 -0.03545939 -0.6348068 -0.7718675 -0.03523117 -0.6338071 -0.7726345 -0.03639441 -0.6900857 -0.72283 -0.03603643 -0.689179 -0.7236357 -0.03719735 -0.7408177 -0.6707035 -0.03668648 -0.7404804 -0.6719197 -0.01458692 -0.7880128 -0.6156475 0.003756642 0.9897097 0.1033324 -0.09898048 0.9911223 0.1053531 -0.08110231 0.9755387 0.1451792 -0.1650673 0.9730786 0.1474338 -0.1771484 0.9550511 0.1754199 -0.2389669 0.9346339 0.1856436 -0.3033086 0.9307507 0.1986896 -0.3069617 0.891295 0.2387525 -0.3854745 0.8931628 0.233243 -0.3845232 0.8320199 0.2861106 -0.4752721 0.8352797 0.2773339 -0.4747565 0.7745181 0.3227406 -0.5440225 0.7814387 0.3043456 -0.544727 0.725463 0.3421744 -0.5971769 0.7365572 0.3108726 -0.6007011 0.689785 0.3403794 -0.6390138 0.7035977 0.2957235 -0.6461408 0.6674021 0.3175107 -0.6736181 0.6811054 0.2624704 -0.6835237 0.6532756 0.2786617 -0.7039735 0.6636245 0.2227957 -0.7141181 0.642322 0.2348824 -0.7295566 0.6443269 0.2207456 -0.7321982 0.5864863 0.2511746 -0.7700293 0.6404364 0.1974822 -0.7421873 0.5327007 0.2486932 -0.8089387 0.5863665 0.1994627 -0.7851044 0.5283086 0.2241425 -0.8189325 0.5300889 0.206755 -0.8223491 0.5572788 0.1698618 -0.8127653 0.5588405 0.1492921 -0.8157263 0.57814 0.1211795 -0.8068889 0.5791975 0.0997855 -0.8090571 0.5920677 0.08011227 -0.8018965 0.5926529 0.05833566 -0.8033427 0.6003649 0.04625648 -0.7983875 0.6005595 0.02536499 -0.7991777 0.6102416 0.01006799 -0.7921514 0.6051033 0.003759622 -0.7961382 0.6050834 -0.003954946 -0.7961523 0.6029381 -0.005343019 -0.7977702 0.6029341 -0.0025056 -0.7977871 0.6247542 0.005064427 -0.7808051 -0.03352779 -0.08683842 0.9956582 -0.04802083 -0.05691927 0.9972233 -0.09222322 -0.05382251 0.9942827 -0.09086269 -0.05640429 0.9942649 -0.1603906 -0.04697287 0.9859353 -0.1576043 -0.05183225 0.9861412 -0.2166326 -0.0402556 0.975423 -0.2125698 -0.04696363 0.9760167 -0.2745797 -0.03147614 0.961049 -0.2689082 -0.04030984 0.9623219 -0.3284369 -0.02272611 0.9442525 -0.3211227 -0.0335347 0.9464437 -0.3778713 -0.01467537 0.9257419 -0.3693083 -0.02675092 0.9289219 -0.4247319 -0.006748378 0.9052941 -0.4149685 -0.01992732 0.9096175 -0.4683799 4.7039e-4 0.8835271 -0.4580624 -0.01287442 0.8888269 -0.5097692 0.007582664 0.8602778 -0.4992889 -0.00542736 0.8664187 -0.5498073 0.0149371 0.835158 -0.5397325 0.002915561 0.8418316 -0.5894235 0.02306562 0.8074949 -0.5800607 0.01233613 0.8144799 -0.6300567 0.03251582 0.7758681 -0.6219196 0.02352249 0.7827278 -0.6731702 0.0439791 0.7381787 -0.6664867 0.03682208 0.744607 -0.7196829 0.05772727 0.6918989 -0.7142011 0.05199474 0.6980067 -0.7704857 0.07376265 0.6331752 -0.7660171 0.06912881 0.6390924 -0.8232294 0.09095734 0.560375 -0.8009636 0.04043138 0.5973464 -0.8016896 0.0412122 0.5963183 -0.7768915 -0.01399171 0.6294791 -0.7829685 -0.007394433 0.6220176 -0.7617937 -0.05504006 0.6454772 -0.8177469 -0.0253188 0.5750209 -0.8020133 -0.06196188 0.5940837 -0.8087276 -0.05417627 0.585683 -0.7882472 -0.100658 0.6070704 -0.7971861 -0.09040969 0.5969259 -0.7739298 -0.1413649 0.6172915 -0.785288 -0.1285615 0.6056358 -0.759517 -0.1830132 0.6242116 -0.7734124 -0.1676232 0.6113393 -0.745359 -0.2248327 0.6276068 -0.7618303 -0.2069513 0.6138287 -0.7318055 -0.2660849 0.6274231 -0.750439 -0.2463247 0.6133233 -0.7188955 -0.3063153 0.6239874 -0.7395551 -0.2849158 0.6098207 -0.7009973 -0.355048 0.6185013 -0.7459431 -0.326475 0.5805025 -0.7817206 -0.2928196 0.5506086 -0.8004012 -0.2786714 0.5307545 -0.8310458 -0.2458726 0.4989084 -0.853488 -0.2259841 0.4695629 -0.8779749 -0.1951902 0.4371051 -0.9041457 -0.166975 0.393243 -0.9207715 -0.141029 0.363718 -0.9473274 -0.103947 0.3029287 -0.9563338 -0.08485835 0.279687 -0.9767999 -0.04428851 0.2095247 -0.9806022 -0.03188431 0.1933982 -0.9948 0.01912289 0.1000366 -0.9951574 0.02224576 0.09574455 -0.9969931 0.07682836 -0.01010733 -0.9974279 0.07162755 -0.002651631 -0.9882322 0.1179063 -0.09744399 -0.9903273 0.1095229 -0.0851866 -0.972834 0.1513437 -0.1751831 -0.9769058 0.1412802 -0.1602972 -0.9528962 0.1788733 -0.2449348 -0.9587621 0.168258 -0.2290515 -0.9136375 0.216928 -0.3438154 -0.9240321 0.2008002 -0.3253369 -0.8455415 0.2567126 -0.4681433 -0.861626 0.2387818 -0.4478659 -0.7685505 0.2837874 -0.5734063 -0.7897019 0.2653024 -0.5531595 -0.6941289 0.2985739 -0.6550104 -0.7178102 0.2811567 -0.6369454 -0.6247892 0.3054141 -0.7185825 -0.6486066 0.2899997 -0.7037114 -0.5587734 0.3079005 -0.7700453 -0.5819872 0.294336 -0.7580615 -0.4955319 0.3075775 -0.812308 -0.5176804 0.2957115 -0.8028461 -0.435988 0.3053062 -0.846583 -0.456967 0.2948527 -0.8391919 -0.3820223 0.3015868 -0.8735585 -0.4012241 0.2925608 -0.8680021 -0.3240583 0.2977206 -0.8979692 -0.3135635 0.3296523 -0.8905096 -0.2405233 0.3349823 -0.911008 -0.2331944 0.3639714 -0.9017457 -0.1731038 0.3684796 -0.9133773 -0.1705455 0.3827291 -0.9079828 -0.1163874 0.3865126 -0.9149109 -0.1166023 0.3845721 -0.915701 -0.1430709 0.3719655 -0.9171546 -0.1468272 0.3295259 -0.9326599 -0.07539349 0.334999 -0.9391973 -0.07712888 0.2844131 -0.9555943 0.01143711 0.2864919 -0.9580144 0.01160603 0.2385277 -0.9710664 -0.01437097 0.2158138 -0.9763288 -0.01445168 0.1851834 -0.9825978 -0.01653158 0.1841986 -0.98275 -0.01663732 0.1331259 -0.9909596 -0.01868534 0.1320986 -0.9910604 -0.01874113 0.08977204 -0.9957861 -0.01961308 0.08930951 -0.9958109 -0.0196405 0.0549587 -0.9982954 -0.01966619 0.05494534 -0.9982957 -0.01968038 0.02876406 -0.9993926 -0.01957303 0.02883154 -0.9993926 -0.01957875 0.009581565 -0.9997624 -0.007590651 0.0123341 -0.9998952 -0.5780868 -0.002613365 -0.8159711 0.6247201 -0.002970278 -0.7808432 0.8094709 -0.003093957 0.587152 0.2442651 -0.003089189 0.9697036 -0.5608283 -1.97563e-4 0.8279322 -0.9999332 -0.002989828 -0.01117557 -0.9999325 -0.002989947 -0.01122808 -0.9999338 -0.002984523 -0.01110994 -0.9944853 0.007005631 0.1046417 -0.9975633 4.98093e-4 0.0697667 -0.994506 -0.001978754 0.1046614 -0.9945046 -0.001978635 0.1046744 -0.9756648 0.002994596 0.2192472 -0.9756823 0.002989113 0.2191692 -0.9781475 6.90919e-4 0.2079114 -0.9756711 2.75771e-5 0.2192395 -0.9443907 -3.12374e-5 0.3288257 -0.9437505 -3.0915e-5 0.3306587 -0.9437581 -3.30582e-5 0.3306367 -0.9396939 0.002538084 0.3420073 -0.9022659 -0.001695156 0.431177 -0.9023213 -0.001695156 0.431061 -0.8829447 0.002236306 0.4694718 -0.9022685 0.009336531 0.4310737 -0.8502334 -0.003088295 0.5263971 -0.8502597 -0.003087043 0.5263544 -0.8502399 -0.003086686 0.5263865 -0.7835463 0.008410811 0.6212766 -0.7834952 0.008422613 0.6213408 -0.8090128 -0.001682817 0.5877886 -0.7836115 -0.002390205 0.6212468 -0.7834944 -0.002390444 0.6213943 -0.7062591 0.004087924 0.7079418 -0.7062797 0.004084825 0.7079212 -0.7193425 -6.31876e-4 0.6946553 -0.7062247 -6.93756e-4 0.7079874 -0.7061836 -6.93636e-4 0.7080284 -0.6156625 8.34835e-4 0.7880097 -0.6196073 0.002058863 0.7849094 -0.6195577 0.002051055 0.7849485 -0.5607728 -1.97605e-4 0.8279698 -0.5605791 -1.95465e-4 0.8281009 -0.4999926 0.001513361 0.8660285 -0.498949 0.001232743 0.8666304 -0.4989211 0.001229107 0.8666466 -0.3949711 -0.001030504 0.9186931 -0.3953124 -0.001030504 0.9185463 -0.3746127 -4.98719e-4 0.9271814 -0.3951711 0.004690349 0.9185956 -0.3951688 0.00469011 0.9185966 -0.2861412 0.009200096 0.9581434 -0.2419065 -8.59652e-4 0.9702992 -0.2860688 -0.002565562 0.9582057 -0.2861698 -0.002565622 0.9581755 -0.1730633 -0.003108561 0.9849059 -0.1732106 -0.003094911 0.98488 -0.1731889 -0.003094971 0.9848839 -0.1731567 -0.003093183 0.9848895 -0.05799478 0.009373247 0.9982729 -0.1045357 7.09779e-4 0.9945209 0.03636753 0.00307995 0.9993337 0.03490495 0.003361225 0.9993851 -0.05798625 -0.002602756 0.998314 -0.05802148 -0.002602756 0.9983119 0.1301747 -0.002474367 0.991488 0.1307024 -0.002479434 0.9914186 0.1736406 -0.002477049 0.984806 0.1302394 0.008785188 0.9914437 0.2442121 -0.003084838 0.969717 0.3548887 -0.002690732 0.9349047 0.3090102 0.004395008 0.9510486 0.2445207 -0.00306046 0.9696393 0.2442291 -0.003089189 0.9697127 0.3550112 -0.002690792 0.9348583 0.3548453 -0.002694249 0.9349212 0.4383695 0.003488481 0.898788 0.4608369 -0.001259684 0.887484 0.460907 -0.001264095 0.8874475 0.4607564 -0.001264154 0.8875258 0.5605548 0.001593708 0.8281158 0.5592022 0.001384735 0.8290302 0.560553 0.001174569 0.8281177 0.652742 -9.80946e-4 0.7575798 0.652715 -9.81026e-4 0.7576029 0.6526704 -9.84157e-4 0.7576413 0.669123 0.003287434 0.7431445 0.7361296 -0.002551972 0.6768359 0.7359529 -0.002545654 0.677028 0.7660448 -0.00254321 0.6427821 0.7360445 0.00910449 0.676872 0.8093798 -0.003074586 0.5872776 0.8720681 -0.002619743 0.4893777 0.8480361 0.004376888 0.5299205 0.8095194 -0.003089129 0.5870851 0.8094851 -0.003094017 0.5871323 0.8722158 -0.002619981 0.4891143 0.872065 -0.002622485 0.4893833 0.9135407 0.003385007 0.4067335 0.922881 -0.00113666 0.3850835 0.9228935 -0.001138746 0.3850536 0.922831 -0.001138687 0.3852035 0.9612736 0.001396656 0.2755923 0.9612798 0.001398861 0.2755711 0.9612621 0.001384556 0.2756327 0.9867252 -0.001118719 0.1623953 0.9867292 -0.001118659 0.1623711 0.9902655 -1.39992e-4 0.1391914 0.9867244 0.004889488 0.16233 0.9988828 -0.002615928 0.04718357 0.9988949 -0.002624809 0.04692637 0.9988888 -0.002624928 0.04705625 0.9999905 0.004368007 0 0.9980757 -0.002340257 -0.06196337 0.9980814 -0.002339839 -0.061872 0.9980713 -0.002336084 -0.06203413 0.985395 0.006302714 -0.1701675 0.9902648 0.001229166 -0.1391912 0.9854152 -0.001742362 -0.1701586 0.985431 -0.001742243 -0.1700674 0.9612606 0.002177953 -0.2756325 0.9588038 2.35368e-4 -0.2840692 0.9590506 4.28378e-4 -0.2832345 0.9590452 4.26895e-4 -0.2832528 0.9197412 -4.0015e-4 -0.3925254 0.9198058 0.003609061 -0.3923575 0.9135429 0.002545297 -0.4067347 0.9197832 -4.00802e-4 -0.3924264 0.9197801 -4.00011e-4 -0.3924342 0.8681479 -0.002228438 -0.4963006 0.8682031 -0.002228558 -0.4962042 0.8480442 4.08188e-4 -0.5299255 0.8681344 0.007833957 -0.4962674 0.8300985 0.00106728 -0.5576159 0.8300494 0.001062333 -0.557689 0.7876988 -0.001934409 -0.6160575 0.7876394 -0.001934409 -0.6161334 0.7660478 8.2584e-4 -0.6427832 0.7876655 0.006878554 -0.6160647 0.7109797 -0.002973318 -0.7032064 0.7109864 -0.00297296 -0.7031995 0.711044 -0.0029729 -0.7031413 0.6691249 0.00246632 -0.7431459 0.7108936 0.01186555 -0.7031995 0.6247404 -0.002969443 -0.7808269 0.6247595 -0.002970218 -0.7808116 0.530102 0.006936311 -0.8479055 0.5591998 0.003225684 -0.8290266 0.5301257 -0.001961231 -0.8479168 0.530076 -0.001961946 -0.8479478 0.5300458 -0.001962006 -0.8479667 0.4284029 0.002916455 -0.9035831 0.4383704 0.00158441 -0.8987932 0.428368 7.2106e-5 -0.9036045 0.3278718 -5.53726e-5 -0.9447222 0.3090134 -5.53492e-5 -0.9510578 0.32744 0.004933357 -0.9448592 0.3274118 0.0049299 -0.944869 0.2227144 0.01010465 -0.9748314 0.1736438 -0.002128243 -0.9848062 0.2228648 -0.002743422 -0.9748455 0.2227551 -0.002743482 -0.9748706 0.1083199 -0.003072142 -0.9941114 0.108206 -0.003083825 -0.9941238 0.1083388 -0.003083825 -0.9941093 -0.007591128 -0.002417743 -0.9999683 0.03490507 0.001670718 -0.9993893 -0.00768435 0.008501887 -0.9999344 0.1082269 -0.003081083 -0.9941214 -0.123326 -7.05756e-4 -0.992366 -0.1045367 0.003078639 -0.9945163 -0.007586896 -0.002420306 -0.9999683 -0.007653951 -0.002417743 -0.9999679 -0.1233296 -7.06247e-4 -0.9923656 -0.123121 -7.06253e-4 -0.9923914 -0.1946855 2.4e-4 -0.9808657 -0.2649253 -0.001150369 -0.9642683 -0.2419082 5.01478e-4 -0.970299 -0.264964 0.004963278 -0.9642456 -0.1942242 2.17598e-4 -0.9809572 -0.2647783 -0.001150369 -0.9643087 -0.3748804 0.001411199 -0.9270722 -0.374612 0.001392543 -0.9271807 -0.374833 0.001347303 -0.9270915 -0.3747599 0.001351475 -0.9271209 -0.4799197 -0.001105308 -0.8773118 -0.4797066 -0.001105368 -0.8774283 -0.4999924 7.32879e-4 -0.8660295 -0.4796994 0.004866302 -0.8774195 -0.5780863 -0.002612948 -0.8159715 -0.6686942 -0.003100216 -0.7435311 -0.6156568 0.004362344 -0.7880024 -0.5781065 -0.002610146 -0.8159572 -0.5780802 -0.002613365 -0.8159759 -0.6687194 -0.003101229 -0.7435085 -0.6686787 -0.003100991 -0.7435451 -0.7193358 0.004342913 -0.694649 -0.7454595 -0.001451432 -0.6665495 -0.7456312 -0.001455724 -0.6663573 -0.7454274 -0.001455724 -0.6665853 -0.8133825 0.00238794 -0.5817244 -0.8090131 0.001498699 -0.5877887 -0.8133906 4.68755e-4 -0.5817178 -0.8755272 -4.37612e-4 -0.4831689 -0.874951 -4.34037e-4 -0.4842116 -0.8753125 -4.34056e-4 -0.4835575 -0.8829457 0.001687765 -0.4694722 -0.8753235 0.00367254 -0.4835239 -0.925425 -0.002257525 -0.3789241 -0.9254494 -0.002257645 -0.3788645 -0.9254387 -0.002257823 -0.3788911 -0.939691 0.003508985 -0.3420066 -0.9252991 0.007921159 -0.3791555 -0.9630636 -0.003044366 -0.2692569 -0.9630476 -0.003043889 -0.2693146 -0.9630684 -0.003042161 -0.2692397 -0.978138 0.004461705 -0.2079095 -0.9800766 0.00315082 -0.1985953 -0.9800174 0.003178596 -0.1988865 -0.9919108 -0.002955079 -0.1269024 -0.991897 -0.002955019 -0.1270107 -0.9975631 -7.90065e-4 -0.06976664 -0.9918471 0.01177442 -0.1268891 -0.9999327 -0.002987205 -0.01121473</float_array>
          <technique_common>
            <accessor source="#shape0_003-mesh-normals-array" count="7732" stride="3">
              <param name="X" type="float"/>
              <param name="Y" type="float"/>
              <param name="Z" type="float"/>
            </accessor>
          </technique_common>
        </source>
        <vertices id="shape0_003-mesh-vertices">
          <input semantic="POSITION" source="#shape0_003-mesh-positions"/>
        </vertices>
        <triangles material="Material_001-material" count="7746">
          <input semantic="VERTEX" source="#shape0_003-mesh-vertices" offset="0"/>
          <input semantic="NORMAL" source="#shape0_003-mesh-normals" offset="1"/>
          <p>3869 0 3870 0 3 0 3 1 3870 1 3766 1 3 2 3766 2 3767 2 3861 0 3863 0 3 0 3 3 3863 3 3864 3 3 4 3864 4 3869 4 3855 0 0 0 3 0 3 5 0 5 1 5 3 6 1 6 3861 6 3846 0 3850 0 3 0 3 7 3850 7 2 7 3 8 2 8 3855 8 3839 9 3840 9 3 9 3 10 3840 10 3844 10 3 0 3844 0 3846 0 3834 11 3764 11 3 11 3 12 3764 12 3837 12 3 13 3837 13 3839 13 3825 0 4 0 3 0 3 14 4 14 3831 14 3 15 3831 15 3834 15 3819 0 3821 0 3 0 3 16 3821 16 5 16 3 17 5 17 3825 17 3812 0 3816 0 3 0 3 18 3816 18 3818 18 3 19 3818 19 3819 19 3803 20 6 20 3 20 3 21 6 21 3807 21 3 22 3807 22 3812 22 3799 0 7 0 3 0 3 23 7 23 8 23 3 24 8 24 3803 24 3790 25 9 25 3 25 3 0 9 0 10 0 3 26 10 26 3799 26 3785 0 3788 0 3 0 3 27 3788 27 11 27 3 28 11 28 3790 28 3777 0 3779 0 3 0 3 29 3779 29 3781 29 3 30 3781 30 3785 30 3767 0 3770 0 3 0 3 31 3770 31 3775 31 3 32 3775 32 3777 32 126 33 127 33 18 33 18 34 127 34 90 34 18 35 90 35 24 35 121 36 123 36 18 36 18 37 123 37 12 37 18 38 12 38 126 38 117 39 13 39 18 39 18 40 13 40 119 40 18 41 119 41 121 41 115 42 14 42 18 42 18 43 14 43 15 43 18 44 15 44 117 44 36 45 30 45 18 45 18 46 30 46 16 46 18 47 16 47 115 47 49 48 42 48 18 48 18 49 42 49 43 49 18 50 43 50 36 50 20 51 17 51 18 51 18 52 17 52 46 52 18 53 46 53 49 53 61 54 19 54 18 54 18 55 19 55 55 55 18 56 55 56 20 56 70 57 63 57 18 57 18 58 63 58 64 58 18 59 64 59 61 59 75 60 72 60 18 60 18 53 72 53 73 53 18 61 73 61 70 61 82 62 80 62 18 62 18 63 80 63 79 63 18 64 79 64 75 64 21 65 89 65 18 65 18 66 89 66 85 66 18 67 85 67 82 67 103 68 104 68 18 68 18 69 104 69 22 69 18 70 22 70 21 70 99 36 23 36 18 36 18 71 23 71 101 71 18 72 101 72 103 72 24 73 25 73 18 73 18 74 25 74 95 74 18 75 95 75 99 75 16 76 26 76 27 76 16 77 27 77 115 77 115 78 27 78 28 78 115 79 28 79 113 79 1480 80 16 80 33 80 33 81 16 81 30 81 1480 82 29 82 16 82 16 83 29 83 1479 83 16 84 1479 84 26 84 36 85 1575 85 34 85 35 86 31 86 30 86 30 87 31 87 32 87 30 88 32 88 33 88 36 89 34 89 30 89 30 90 34 90 1574 90 30 91 1574 91 35 91 1090 92 37 92 36 92 36 93 37 93 38 93 36 94 38 94 1575 94 44 95 1336 95 43 95 1336 96 39 96 43 96 43 97 39 97 1334 97 43 98 1334 98 36 98 36 99 1334 99 1091 99 36 100 1091 100 1090 100 42 101 49 101 45 101 45 102 1318 102 42 102 42 103 1318 103 1317 103 42 104 1317 104 1344 104 1344 105 40 105 42 105 42 106 40 106 41 106 42 107 41 107 43 107 43 108 41 108 1338 108 43 109 1338 109 44 109 50 110 1332 110 49 110 1332 111 1323 111 49 111 49 112 1323 112 1322 112 49 113 1322 113 45 113 17 114 47 114 46 114 46 115 47 115 48 115 46 116 48 116 1346 116 1346 117 1345 117 46 117 46 118 1345 118 1309 118 46 119 1309 119 49 119 49 120 1309 120 1310 120 49 121 1310 121 50 121 51 122 17 122 53 122 53 123 17 123 20 123 51 124 1246 124 17 124 17 125 1246 125 1245 125 17 126 1245 126 47 126 55 127 59 127 54 127 1252 128 52 128 20 128 20 129 52 129 1249 129 20 130 1249 130 53 130 55 131 54 131 20 131 20 132 54 132 1183 132 20 133 1183 133 1252 133 56 134 55 134 1168 134 1168 135 55 135 19 135 56 136 57 136 55 136 55 137 57 137 58 137 55 138 58 138 59 138 60 139 1165 139 19 139 19 140 1165 140 1166 140 19 141 1166 141 1168 141 60 142 19 142 983 142 983 143 19 143 61 143 983 144 61 144 988 144 64 145 489 145 62 145 62 146 482 146 64 146 64 147 482 147 985 147 64 148 985 148 61 148 61 149 985 149 987 149 61 150 987 150 988 150 457 151 546 151 63 151 63 152 546 152 501 152 63 153 501 153 64 153 64 154 501 154 500 154 64 155 500 155 489 155 508 156 507 156 70 156 70 157 507 157 65 157 70 158 65 158 63 158 63 159 65 159 66 159 63 160 66 160 457 160 73 161 1022 161 67 161 67 162 68 162 73 162 73 163 68 163 410 163 73 164 410 164 70 164 70 165 410 165 69 165 70 166 69 166 508 166 71 167 418 167 72 167 72 168 418 168 416 168 72 169 416 169 73 169 73 170 416 170 415 170 73 171 415 171 1022 171 75 172 989 172 74 172 74 173 76 173 75 173 75 174 76 174 77 174 75 175 77 175 72 175 72 176 77 176 140 176 72 177 140 177 71 177 81 178 285 178 79 178 79 179 285 179 78 179 79 180 78 180 75 180 75 181 78 181 990 181 75 182 990 182 989 182 295 183 294 183 80 183 80 184 294 184 293 184 293 185 292 185 80 185 80 186 292 186 283 186 80 187 283 187 79 187 79 188 283 188 286 188 79 189 286 189 81 189 88 190 291 190 82 190 82 191 291 191 83 191 82 192 83 192 80 192 80 193 83 193 84 193 80 194 84 194 295 194 176 195 205 195 85 195 85 196 205 196 204 196 204 197 202 197 85 197 85 198 202 198 86 198 85 199 86 199 82 199 82 200 86 200 87 200 82 201 87 201 88 201 176 202 85 202 177 202 177 203 85 203 89 203 177 204 89 204 111 204 92 205 24 205 1979 205 1979 206 24 206 90 206 1976 207 25 207 91 207 91 208 25 208 24 208 91 209 24 209 1977 209 1977 210 24 210 92 210 1976 211 1974 211 25 211 25 212 1974 212 2309 212 25 213 2309 213 95 213 95 214 2309 214 93 214 95 215 93 215 94 215 2125 216 99 216 96 216 96 217 99 217 95 217 96 218 95 218 97 218 97 219 95 219 94 219 98 220 23 220 2123 220 2123 221 23 221 99 221 2123 222 99 222 2124 222 2124 223 99 223 2125 223 98 224 100 224 23 224 23 225 100 225 2121 225 23 226 2121 226 101 226 2121 227 102 227 101 227 101 228 102 228 2300 228 101 229 2300 229 103 229 103 230 2300 230 2299 230 103 231 2299 231 104 231 104 232 2299 232 2298 232 104 233 2298 233 107 233 2281 234 22 234 105 234 105 235 22 235 104 235 105 236 104 236 106 236 106 237 104 237 107 237 2281 238 2279 238 22 238 22 239 2279 239 108 239 22 240 108 240 21 240 21 241 108 241 2258 241 21 242 2258 242 2372 242 2372 243 2371 243 21 243 21 244 2371 244 109 244 21 245 109 245 89 245 89 246 109 246 110 246 89 247 110 247 111 247 112 248 1562 248 14 248 113 249 114 249 115 249 115 250 114 250 116 250 115 251 116 251 14 251 14 252 116 252 1564 252 14 253 1564 253 112 253 1562 254 1561 254 14 254 14 255 1561 255 1528 255 14 256 1528 256 15 256 1512 257 117 257 1525 257 1525 258 117 258 15 258 1525 259 15 259 1527 259 1527 260 15 260 1528 260 1554 261 13 261 1556 261 1556 262 13 262 117 262 1556 263 117 263 1557 263 1557 264 117 264 1512 264 118 265 119 265 120 265 120 266 119 266 13 266 120 267 13 267 1551 267 1551 268 13 268 1554 268 3653 269 121 269 3654 269 3654 270 121 270 119 270 3654 271 119 271 3655 271 3655 272 119 272 118 272 3653 273 3652 273 121 273 121 274 3652 274 122 274 121 275 122 275 123 275 123 276 122 276 1947 276 123 277 1947 277 1946 277 1946 278 1945 278 123 278 123 279 1945 279 124 279 123 280 124 280 12 280 124 281 1943 281 12 281 12 282 1943 282 125 282 12 283 125 283 126 283 1981 284 127 284 1982 284 1982 285 127 285 126 285 1982 286 126 286 1983 286 1983 287 126 287 125 287 1981 288 1980 288 127 288 127 289 1980 289 1972 289 127 290 1972 290 90 290 90 291 1972 291 1971 291 90 292 1971 292 1979 292 863 293 897 293 128 293 774 294 907 294 129 294 782 295 781 295 130 295 760 296 725 296 724 296 2862 297 864 297 704 297 2861 298 131 298 701 298 940 299 693 299 694 299 687 300 132 300 689 300 686 301 133 301 969 301 609 302 134 302 616 302 588 303 2907 303 135 303 580 304 2906 304 598 304 2908 305 2909 305 642 305 1063 306 773 306 136 306 556 307 555 307 665 307 553 308 3800 308 137 308 976 309 635 309 625 309 524 310 1200 310 525 310 476 311 475 311 487 311 66 312 65 312 458 312 138 313 1158 313 139 313 139 314 1158 314 473 314 527 315 525 315 431 315 510 316 411 316 458 316 406 317 1027 317 405 317 140 318 77 318 991 318 358 319 429 319 141 319 1032 320 357 320 142 320 143 321 997 321 884 321 884 322 997 322 996 322 211 323 206 323 1007 323 201 324 180 324 144 324 194 325 305 325 306 325 252 326 306 326 253 326 228 327 145 327 146 327 233 328 146 328 875 328 232 329 875 329 147 329 854 330 147 330 873 330 890 331 891 331 312 331 2771 332 150 332 149 332 819 333 816 333 148 333 149 334 150 334 816 334 816 335 150 335 1087 335 816 336 1087 336 148 336 886 337 2823 337 887 337 887 338 2823 338 152 338 888 339 887 339 151 339 151 340 887 340 152 340 151 341 152 341 2738 341 158 342 2647 342 185 342 185 343 2647 343 153 343 185 344 153 344 2727 344 890 345 154 345 155 345 155 346 154 346 156 346 155 347 156 347 184 347 890 348 312 348 154 348 154 349 312 349 309 349 154 350 309 350 156 350 188 351 157 351 187 351 187 352 157 352 158 352 187 353 158 353 186 353 186 354 158 354 185 354 188 355 159 355 157 355 157 356 159 356 160 356 157 357 160 357 158 357 158 358 160 358 2648 358 158 359 2648 359 2647 359 165 360 161 360 166 360 166 361 161 361 190 361 166 362 190 362 191 362 161 363 1085 363 190 363 190 364 1085 364 162 364 190 365 162 365 159 365 159 366 162 366 2634 366 159 367 2634 367 160 367 163 368 165 368 164 368 164 369 165 369 166 369 164 370 166 370 200 370 200 371 166 371 191 371 170 372 171 372 199 372 199 373 171 373 167 373 199 374 167 374 168 374 169 375 2427 375 170 375 170 376 2427 376 2186 376 170 377 2186 377 171 377 2296 378 2398 378 181 378 181 379 2398 379 173 379 2398 380 172 380 173 380 173 381 172 381 2208 381 173 382 2208 382 169 382 169 383 2208 383 174 383 169 384 174 384 2427 384 2296 385 181 385 175 385 175 386 181 386 179 386 175 387 179 387 1084 387 205 388 176 388 203 388 203 389 176 389 177 389 1084 390 179 390 178 390 178 391 179 391 203 391 178 392 203 392 3650 392 3650 393 203 393 177 393 3650 394 177 394 111 394 201 395 203 395 180 395 180 396 203 396 179 396 180 397 179 397 195 397 195 398 179 398 181 398 195 399 181 399 196 399 196 400 181 400 173 400 196 401 173 401 182 401 182 402 173 402 169 402 182 403 169 403 183 403 183 404 169 404 170 404 183 405 170 405 197 405 197 406 170 406 199 406 2727 407 184 407 185 407 185 408 184 408 156 408 185 409 156 409 186 409 186 410 156 410 309 410 186 411 309 411 187 411 187 412 309 412 308 412 187 413 308 413 188 413 188 414 308 414 189 414 188 415 189 415 159 415 159 416 189 416 307 416 159 417 307 417 190 417 190 418 307 418 192 418 190 419 192 419 191 419 191 420 192 420 193 420 191 421 193 421 200 421 200 422 193 422 304 422 200 423 304 423 198 423 306 424 252 424 194 424 194 425 252 425 251 425 194 426 251 426 303 426 303 427 251 427 249 427 303 428 249 428 248 428 144 429 180 429 296 429 296 430 180 430 195 430 296 431 195 431 298 431 298 432 195 432 196 432 298 433 196 433 301 433 301 434 196 434 182 434 301 435 182 435 302 435 302 436 182 436 183 436 302 437 183 437 198 437 198 438 183 438 197 438 198 439 197 439 200 439 200 440 197 440 199 440 200 441 199 441 164 441 164 442 199 442 168 442 164 443 168 443 163 443 144 444 290 444 201 444 201 445 290 445 88 445 201 446 88 446 87 446 87 447 86 447 201 447 201 448 86 448 202 448 201 449 202 449 203 449 203 450 202 450 204 450 203 451 204 451 205 451 214 452 206 452 207 452 207 453 206 453 211 453 207 454 211 454 209 454 208 455 209 455 210 455 210 456 209 456 211 456 210 457 211 457 871 457 871 458 211 458 1007 458 871 459 1007 459 212 459 208 460 966 460 209 460 209 461 966 461 213 461 209 462 213 462 207 462 207 463 213 463 967 463 207 464 967 464 214 464 214 465 967 465 1006 465 968 466 215 466 388 466 388 467 215 467 227 467 226 468 224 468 217 468 217 469 224 469 216 469 217 470 216 470 1036 470 1036 471 216 471 218 471 1036 472 218 472 1038 472 1038 473 218 473 219 473 1038 474 219 474 1040 474 226 475 220 475 390 475 390 476 220 476 391 476 1042 477 1040 477 221 477 221 478 1040 478 219 478 221 479 219 479 222 479 222 480 219 480 218 480 222 481 218 481 965 481 965 482 218 482 216 482 965 483 216 483 223 483 223 484 216 484 224 484 223 485 224 485 225 485 225 486 224 486 226 486 225 487 226 487 227 487 227 488 226 488 390 488 227 489 390 489 388 489 145 490 228 490 229 490 229 491 228 491 240 491 229 492 240 492 230 492 230 493 240 493 231 493 230 494 231 494 880 494 880 495 231 495 241 495 880 496 241 496 882 496 875 497 232 497 233 497 233 498 232 498 234 498 233 499 234 499 239 499 239 500 234 500 235 500 239 501 235 501 236 501 236 502 235 502 237 502 236 503 237 503 238 503 238 504 237 504 243 504 238 505 243 505 883 505 146 506 233 506 228 506 228 507 233 507 239 507 228 508 239 508 240 508 240 509 239 509 236 509 240 510 236 510 231 510 231 511 236 511 238 511 231 512 238 512 241 512 241 513 238 513 883 513 241 514 883 514 882 514 147 515 854 515 232 515 232 516 854 516 852 516 232 517 852 517 234 517 234 518 852 518 850 518 234 519 850 519 235 519 235 520 850 520 849 520 235 521 849 521 237 521 237 522 849 522 242 522 237 523 242 523 243 523 243 524 242 524 885 524 243 525 885 525 883 525 289 526 297 526 268 526 268 527 297 527 245 527 268 528 245 528 244 528 244 529 245 529 299 529 244 530 299 530 246 530 246 531 299 531 300 531 246 532 300 532 247 532 247 533 300 533 248 533 247 534 248 534 879 534 879 535 248 535 249 535 879 536 249 536 250 536 250 537 249 537 251 537 250 538 251 538 878 538 878 539 251 539 252 539 878 540 252 540 877 540 877 541 252 541 253 541 877 542 253 542 876 542 876 543 253 543 254 543 876 544 254 544 874 544 874 545 254 545 255 545 874 546 255 546 256 546 256 547 255 547 310 547 256 548 310 548 257 548 257 549 310 549 311 549 257 550 311 550 258 550 258 551 311 551 259 551 258 552 259 552 260 552 260 553 259 553 893 553 260 554 893 554 262 554 262 555 893 555 261 555 262 556 261 556 264 556 264 557 261 557 263 557 264 558 263 558 897 558 265 559 288 559 266 559 266 560 288 560 287 560 277 561 289 561 267 561 267 562 289 562 268 562 267 563 268 563 269 563 269 564 268 564 244 564 269 565 244 565 279 565 279 566 244 566 246 566 279 567 246 567 282 567 282 568 246 568 247 568 282 569 247 569 881 569 1003 570 270 570 271 570 271 571 270 571 272 571 271 572 272 572 1001 572 1001 573 272 573 999 573 270 574 389 574 272 574 272 575 389 575 273 575 272 576 273 576 999 576 999 577 273 577 393 577 999 578 393 578 998 578 284 579 274 579 275 579 275 580 274 580 277 580 275 581 277 581 276 581 276 582 277 582 267 582 276 583 267 583 278 583 278 584 267 584 269 584 278 585 269 585 280 585 280 586 269 586 279 586 280 587 279 587 995 587 995 588 279 588 282 588 995 589 282 589 281 589 281 590 282 590 881 590 281 591 881 591 996 591 990 592 78 592 284 592 286 593 283 593 287 593 284 594 78 594 274 594 274 595 78 595 285 595 274 596 285 596 81 596 81 597 286 597 274 597 274 598 286 598 287 598 274 599 287 599 277 599 277 600 287 600 288 600 277 601 288 601 289 601 289 602 288 602 265 602 289 603 265 603 297 603 1033 604 392 604 391 604 84 605 83 605 290 605 290 606 83 606 291 606 290 607 291 607 88 607 283 608 292 608 287 608 287 609 292 609 293 609 287 610 293 610 266 610 266 611 293 611 294 611 266 612 294 612 295 612 295 613 84 613 266 613 266 614 84 614 290 614 266 615 290 615 265 615 265 616 290 616 144 616 265 617 144 617 297 617 297 618 144 618 296 618 297 619 296 619 245 619 245 620 296 620 298 620 245 621 298 621 299 621 299 622 298 622 301 622 299 623 301 623 300 623 300 624 301 624 302 624 300 625 302 625 248 625 248 626 302 626 198 626 248 627 198 627 303 627 303 628 198 628 304 628 303 629 304 629 194 629 194 630 304 630 193 630 194 631 193 631 305 631 305 632 193 632 192 632 305 633 192 633 306 633 306 634 192 634 307 634 306 635 307 635 253 635 253 636 307 636 189 636 253 637 189 637 254 637 254 638 189 638 308 638 254 639 308 639 255 639 255 640 308 640 309 640 255 641 309 641 310 641 310 642 309 642 312 642 310 643 312 643 311 643 311 644 312 644 891 644 1041 645 1015 645 1039 645 1039 646 1015 646 313 646 1039 647 313 647 1037 647 1037 648 313 648 314 648 1037 649 314 649 1035 649 1035 650 314 650 381 650 1035 651 381 651 315 651 315 652 381 652 316 652 315 653 316 653 1034 653 1034 654 316 654 317 654 1034 655 317 655 318 655 318 656 317 656 379 656 318 657 379 657 319 657 319 658 379 658 377 658 370 659 359 659 320 659 362 660 321 660 364 660 364 661 321 661 323 661 364 662 323 662 322 662 322 663 323 663 343 663 322 664 343 664 366 664 366 665 343 665 345 665 366 666 345 666 324 666 324 667 345 667 326 667 324 668 326 668 325 668 325 669 326 669 346 669 325 670 346 670 369 670 369 671 346 671 350 671 369 672 350 672 327 672 328 673 330 673 333 673 3322 674 354 674 329 674 329 675 354 675 336 675 338 676 330 676 331 676 331 677 330 677 328 677 331 678 328 678 332 678 332 679 328 679 336 679 332 680 336 680 341 680 341 681 336 681 354 681 341 682 354 682 352 682 333 683 334 683 328 683 328 684 334 684 335 684 328 685 335 685 336 685 336 686 335 686 337 686 336 687 337 687 329 687 1018 688 338 688 339 688 339 689 338 689 331 689 339 690 331 690 344 690 344 691 331 691 332 691 344 692 332 692 340 692 340 693 332 693 341 693 340 694 341 694 342 694 342 695 341 695 352 695 342 696 352 696 351 696 321 697 1018 697 323 697 323 698 1018 698 339 698 323 699 339 699 343 699 343 700 339 700 344 700 343 701 344 701 345 701 345 702 344 702 340 702 345 703 340 703 326 703 326 704 340 704 342 704 326 705 342 705 346 705 346 706 342 706 351 706 346 707 351 707 350 707 347 708 526 708 456 708 1102 709 526 709 3707 709 3707 710 526 710 347 710 3707 711 347 711 1107 711 371 712 348 712 424 712 424 713 348 713 327 713 424 714 327 714 518 714 518 715 327 715 350 715 518 716 350 716 349 716 349 717 350 717 351 717 349 718 351 718 520 718 520 719 351 719 352 719 520 720 352 720 353 720 353 721 352 721 354 721 353 722 354 722 523 722 523 723 354 723 3322 723 392 724 1033 724 356 724 356 725 1033 725 355 725 356 726 355 726 394 726 358 727 141 727 142 727 142 728 357 728 358 728 358 729 357 729 430 729 358 730 430 730 429 730 359 731 370 731 375 731 375 732 370 732 360 732 375 733 360 733 361 733 361 734 360 734 372 734 361 735 372 735 373 735 382 736 362 736 363 736 363 737 362 737 364 737 363 738 364 738 365 738 365 739 364 739 322 739 365 740 322 740 367 740 367 741 322 741 366 741 367 742 366 742 368 742 368 743 366 743 324 743 368 744 324 744 380 744 380 745 324 745 325 745 380 746 325 746 378 746 378 747 325 747 369 747 378 748 369 748 320 748 320 749 369 749 327 749 320 750 327 750 370 750 370 751 327 751 348 751 370 752 348 752 360 752 360 753 348 753 371 753 360 754 371 754 372 754 373 755 426 755 361 755 361 756 426 756 374 756 361 757 374 757 375 757 375 758 374 758 428 758 375 759 428 759 359 759 359 760 428 760 376 760 359 761 376 761 320 761 320 762 376 762 377 762 320 763 377 763 378 763 378 764 377 764 379 764 378 765 379 765 380 765 380 766 379 766 317 766 380 767 317 767 368 767 368 768 317 768 316 768 368 769 316 769 367 769 367 770 316 770 381 770 367 771 381 771 365 771 365 772 381 772 314 772 365 773 314 773 363 773 363 774 314 774 313 774 363 775 313 775 382 775 382 776 313 776 1015 776 405 777 1027 777 383 777 383 778 1027 778 384 778 383 779 384 779 385 779 385 780 384 780 386 780 385 781 386 781 387 781 387 782 386 782 1030 782 387 783 1030 783 427 783 140 784 991 784 71 784 1003 785 388 785 270 785 270 786 388 786 390 786 270 787 390 787 389 787 389 788 390 788 391 788 389 789 391 789 273 789 273 790 391 790 392 790 273 791 392 791 393 791 393 792 392 792 356 792 393 793 356 793 998 793 998 794 356 794 394 794 998 795 394 795 395 795 395 796 394 796 1031 796 395 797 1031 797 397 797 397 798 1031 798 396 798 397 799 396 799 994 799 994 800 396 800 1029 800 994 801 1029 801 993 801 993 802 1029 802 1028 802 993 803 1028 803 398 803 398 804 1028 804 399 804 398 805 399 805 400 805 400 806 399 806 401 806 400 807 401 807 402 807 402 808 401 808 1026 808 402 809 1026 809 992 809 992 810 1026 810 1025 810 992 811 1025 811 991 811 991 812 1025 812 417 812 991 813 417 813 71 813 406 814 408 814 403 814 403 815 408 815 404 815 403 816 404 816 1024 816 1024 817 404 817 1023 817 405 818 511 818 406 818 406 819 511 819 407 819 406 820 407 820 408 820 408 821 407 821 409 821 408 822 409 822 404 822 404 823 409 823 509 823 404 824 509 824 1023 824 509 825 410 825 68 825 411 826 510 826 459 826 459 827 510 827 412 827 459 828 412 828 460 828 460 829 412 829 413 829 460 830 413 830 414 830 509 831 68 831 1023 831 1023 832 68 832 67 832 1023 833 67 833 1022 833 415 834 416 834 417 834 417 835 416 835 418 835 417 836 418 836 71 836 445 837 512 837 419 837 419 838 512 838 420 838 419 839 420 839 421 839 421 840 420 840 423 840 421 841 423 841 422 841 422 842 423 842 513 842 518 843 517 843 424 843 424 844 517 844 515 844 424 845 515 845 371 845 371 846 515 846 514 846 371 847 514 847 372 847 372 848 514 848 425 848 372 849 425 849 373 849 373 850 425 850 387 850 373 851 387 851 426 851 426 852 387 852 427 852 426 853 427 853 374 853 374 854 427 854 141 854 374 855 141 855 428 855 428 856 141 856 429 856 428 857 429 857 376 857 376 858 429 858 430 858 376 859 430 859 377 859 377 860 430 860 357 860 377 861 357 861 319 861 319 862 357 862 1032 862 1200 863 1156 863 525 863 525 864 1156 864 462 864 525 865 462 865 431 865 431 866 462 866 432 866 431 867 432 867 490 867 490 868 432 868 465 868 490 869 465 869 433 869 433 870 465 870 491 870 463 871 436 871 464 871 464 872 436 872 1097 872 464 873 1097 873 466 873 461 874 434 874 463 874 463 875 434 875 435 875 463 876 435 876 436 876 436 877 435 877 1098 877 436 878 1098 878 1097 878 437 879 454 879 438 879 438 880 454 880 439 880 438 881 439 881 516 881 516 882 439 882 441 882 516 883 441 883 440 883 440 884 441 884 452 884 440 885 452 885 442 885 442 886 452 886 443 886 442 887 443 887 513 887 513 888 443 888 449 888 513 889 449 889 422 889 422 890 449 890 448 890 422 891 448 891 421 891 421 892 448 892 444 892 421 893 444 893 419 893 419 894 444 894 446 894 419 895 446 895 445 895 445 896 446 896 447 896 542 897 447 897 540 897 540 898 447 898 446 898 540 899 446 899 537 899 537 900 446 900 444 900 537 901 444 901 536 901 536 902 444 902 448 902 536 903 448 903 534 903 534 904 448 904 449 904 534 905 449 905 450 905 450 906 449 906 443 906 450 907 443 907 451 907 451 908 443 908 452 908 451 909 452 909 531 909 531 910 452 910 441 910 531 911 441 911 453 911 453 912 441 912 439 912 453 913 439 913 529 913 529 914 439 914 454 914 529 915 454 915 455 915 455 916 454 916 437 916 455 917 437 917 456 917 456 918 437 918 519 918 456 919 519 919 347 919 347 920 519 920 521 920 347 921 521 921 1107 921 1107 922 521 922 522 922 66 923 458 923 457 923 546 924 457 924 545 924 545 925 457 925 458 925 545 926 458 926 543 926 543 927 458 927 411 927 543 928 411 928 542 928 542 929 411 929 459 929 542 930 459 930 447 930 447 931 459 931 460 931 447 932 460 932 445 932 445 933 460 933 414 933 445 934 414 934 512 934 1156 935 461 935 462 935 462 936 461 936 463 936 462 937 463 937 432 937 432 938 463 938 464 938 432 939 464 939 465 939 465 940 464 940 466 940 465 941 466 941 491 941 491 942 466 942 474 942 491 943 474 943 467 943 467 944 474 944 469 944 467 945 469 945 468 945 468 946 469 946 470 946 468 947 470 947 494 947 494 948 470 948 471 948 494 949 471 949 495 949 495 950 471 950 484 950 495 951 484 951 496 951 485 952 484 952 505 952 505 953 484 953 471 953 505 954 471 954 472 954 472 955 471 955 470 955 472 956 470 956 503 956 503 957 470 957 469 957 503 958 469 958 473 958 473 959 469 959 474 959 473 960 474 960 139 960 139 961 474 961 466 961 139 962 466 962 138 962 138 963 466 963 1097 963 475 964 480 964 483 964 480 965 475 965 481 965 481 966 475 966 476 966 481 967 476 967 479 967 487 968 477 968 476 968 476 969 477 969 478 969 476 970 478 970 479 970 479 971 478 971 985 971 496 972 483 972 497 972 497 973 483 973 480 973 497 974 480 974 498 974 498 975 480 975 481 975 498 976 481 976 488 976 488 977 481 977 479 977 488 978 479 978 482 978 482 979 479 979 985 979 496 980 484 980 483 980 483 981 484 981 485 981 483 982 485 982 475 982 475 983 485 983 486 983 475 984 486 984 487 984 482 985 62 985 488 985 488 986 62 986 489 986 488 987 489 987 500 987 527 988 431 988 528 988 528 989 431 989 490 989 528 990 490 990 530 990 530 991 490 991 433 991 530 992 433 992 532 992 532 993 433 993 491 993 532 994 491 994 533 994 533 995 491 995 467 995 533 996 467 996 492 996 492 997 467 997 468 997 492 998 468 998 493 998 493 999 468 999 494 999 493 1000 494 1000 535 1000 535 1001 494 1001 495 1001 535 1002 495 1002 538 1002 538 1003 495 1003 496 1003 538 1004 496 1004 539 1004 539 1005 496 1005 497 1005 539 1006 497 1006 541 1006 541 1007 497 1007 498 1007 541 1008 498 1008 499 1008 499 1009 498 1009 488 1009 499 1010 488 1010 544 1010 544 1011 488 1011 500 1011 544 1012 500 1012 501 1012 1158 1013 502 1013 473 1013 473 1014 502 1014 1159 1014 473 1015 1159 1015 503 1015 503 1016 1159 1016 504 1016 503 1017 504 1017 472 1017 472 1018 504 1018 1161 1018 472 1019 1161 1019 505 1019 505 1020 1161 1020 506 1020 505 1021 506 1021 485 1021 485 1022 506 1022 1163 1022 485 1023 1163 1023 486 1023 507 1024 508 1024 509 1024 509 1025 508 1025 69 1025 509 1026 69 1026 410 1026 65 1027 507 1027 458 1027 458 1028 507 1028 509 1028 458 1029 509 1029 510 1029 510 1030 509 1030 409 1030 510 1031 409 1031 412 1031 412 1032 409 1032 407 1032 412 1033 407 1033 413 1033 413 1034 407 1034 511 1034 413 1035 511 1035 414 1035 414 1036 511 1036 405 1036 414 1037 405 1037 512 1037 512 1038 405 1038 383 1038 512 1039 383 1039 420 1039 420 1040 383 1040 385 1040 420 1041 385 1041 423 1041 423 1042 385 1042 387 1042 423 1043 387 1043 513 1043 513 1044 387 1044 425 1044 513 1045 425 1045 442 1045 442 1046 425 1046 514 1046 442 1047 514 1047 440 1047 440 1048 514 1048 515 1048 440 1049 515 1049 516 1049 516 1050 515 1050 517 1050 516 1051 517 1051 438 1051 438 1052 517 1052 518 1052 438 1053 518 1053 437 1053 437 1054 518 1054 349 1054 437 1055 349 1055 519 1055 519 1056 349 1056 520 1056 519 1057 520 1057 521 1057 521 1058 520 1058 353 1058 521 1059 353 1059 522 1059 522 1060 353 1060 523 1060 1102 1061 524 1061 526 1061 526 1062 524 1062 525 1062 526 1063 525 1063 456 1063 456 1064 525 1064 527 1064 456 1065 527 1065 455 1065 455 1066 527 1066 528 1066 455 1067 528 1067 529 1067 529 1068 528 1068 530 1068 529 1069 530 1069 453 1069 453 1070 530 1070 532 1070 453 1071 532 1071 531 1071 531 1072 532 1072 533 1072 531 1073 533 1073 451 1073 451 1074 533 1074 492 1074 451 1075 492 1075 450 1075 450 1076 492 1076 493 1076 450 1077 493 1077 534 1077 534 1078 493 1078 535 1078 534 1079 535 1079 536 1079 536 1080 535 1080 538 1080 536 1081 538 1081 537 1081 537 1082 538 1082 539 1082 537 1083 539 1083 540 1083 540 1084 539 1084 541 1084 540 1085 541 1085 542 1085 542 1086 541 1086 499 1086 542 1087 499 1087 543 1087 543 1088 499 1088 544 1088 543 1089 544 1089 545 1089 545 1090 544 1090 501 1090 545 1091 501 1091 546 1091 547 1092 548 1092 3804 1092 3804 1093 548 1093 741 1093 552 1094 739 1094 549 1094 549 1095 739 1095 548 1095 549 1096 548 1096 550 1096 550 1097 548 1097 547 1097 551 1098 976 1098 624 1098 552 1099 3802 1099 752 1099 752 1100 3802 1100 3801 1100 752 1101 3801 1101 554 1101 553 1102 137 1102 554 1102 555 1103 1043 1103 672 1103 1041 1104 556 1104 664 1104 773 1105 1063 1105 771 1105 771 1106 1063 1106 1060 1106 771 1107 1060 1107 1059 1107 557 1108 785 1108 772 1108 773 1109 558 1109 566 1109 596 1110 589 1110 1062 1110 1062 1111 589 1111 590 1111 1062 1112 590 1112 1061 1112 1061 1113 590 1113 559 1113 1061 1114 559 1114 560 1114 560 1115 559 1115 591 1115 560 1116 591 1116 561 1116 561 1117 591 1117 592 1117 561 1118 592 1118 562 1118 562 1119 592 1119 563 1119 562 1120 563 1120 1057 1120 1057 1121 563 1121 564 1121 1057 1122 564 1122 565 1122 565 1123 564 1123 593 1123 773 1124 566 1124 136 1124 136 1125 566 1125 3765 1125 136 1126 3765 1126 567 1126 2907 1127 568 1127 135 1127 135 1128 568 1128 569 1128 135 1129 569 1129 570 1129 570 1130 569 1130 572 1130 570 1131 572 1131 571 1131 571 1132 572 1132 573 1132 571 1133 573 1133 575 1133 575 1134 573 1134 574 1134 575 1135 574 1135 577 1135 577 1136 574 1136 576 1136 577 1137 576 1137 579 1137 579 1138 576 1138 578 1138 579 1139 578 1139 594 1139 594 1140 578 1140 585 1140 594 1141 585 1141 595 1141 595 1142 585 1142 586 1142 568 1143 580 1143 569 1143 569 1144 580 1144 598 1144 569 1145 598 1145 572 1145 572 1146 598 1146 581 1146 572 1147 581 1147 573 1147 573 1148 581 1148 582 1148 573 1149 582 1149 574 1149 574 1150 582 1150 583 1150 574 1151 583 1151 576 1151 576 1152 583 1152 584 1152 576 1153 584 1153 578 1153 578 1154 584 1154 602 1154 578 1155 602 1155 585 1155 585 1156 602 1156 604 1156 585 1157 604 1157 586 1157 586 1158 604 1158 980 1158 587 1159 588 1159 589 1159 589 1160 588 1160 135 1160 589 1161 135 1161 590 1161 590 1162 135 1162 570 1162 590 1163 570 1163 559 1163 559 1164 570 1164 571 1164 559 1165 571 1165 591 1165 591 1166 571 1166 575 1166 591 1167 575 1167 592 1167 592 1168 575 1168 577 1168 592 1169 577 1169 563 1169 563 1170 577 1170 579 1170 563 1171 579 1171 564 1171 564 1172 579 1172 594 1172 564 1173 594 1173 593 1173 593 1174 594 1174 595 1174 3798 1175 3797 1175 596 1175 596 1176 3797 1176 597 1176 587 1177 589 1177 1075 1177 1075 1178 589 1178 596 1178 1075 1179 596 1179 2898 1179 2898 1180 596 1180 597 1180 2898 1181 597 1181 3795 1181 2906 1182 2908 1182 598 1182 598 1183 2908 1183 642 1183 598 1184 642 1184 581 1184 581 1185 642 1185 599 1185 581 1186 599 1186 582 1186 582 1187 599 1187 600 1187 582 1188 600 1188 583 1188 583 1189 600 1189 644 1189 583 1190 644 1190 584 1190 584 1191 644 1191 601 1191 584 1192 601 1192 602 1192 602 1193 601 1193 603 1193 602 1194 603 1194 604 1194 604 1195 603 1195 646 1195 604 1196 646 1196 980 1196 980 1197 646 1197 605 1197 606 1198 607 1198 643 1198 643 1199 607 1199 609 1199 643 1200 609 1200 608 1200 608 1201 609 1201 616 1201 608 1202 616 1202 615 1202 636 1203 611 1203 610 1203 610 1204 611 1204 620 1204 610 1205 620 1205 638 1205 638 1206 620 1206 623 1206 638 1207 623 1207 612 1207 612 1208 623 1208 613 1208 612 1209 613 1209 614 1209 614 1210 613 1210 634 1210 614 1211 634 1211 640 1211 645 1212 615 1212 621 1212 621 1213 615 1213 616 1213 621 1214 616 1214 622 1214 622 1215 616 1215 134 1215 622 1216 134 1216 618 1216 618 1217 134 1217 617 1217 618 1218 617 1218 633 1218 607 1219 2934 1219 609 1219 609 1220 2934 1220 2935 1220 609 1221 2935 1221 134 1221 134 1222 2935 1222 619 1222 134 1223 619 1223 617 1223 611 1224 645 1224 620 1224 620 1225 645 1225 621 1225 620 1226 621 1226 623 1226 623 1227 621 1227 622 1227 623 1228 622 1228 613 1228 613 1229 622 1229 618 1229 613 1230 618 1230 634 1230 634 1231 618 1231 633 1231 631 1232 641 1232 632 1232 976 1233 625 1233 624 1233 624 1234 625 1234 627 1234 624 1235 627 1235 626 1235 626 1236 627 1236 637 1236 626 1237 637 1237 679 1237 679 1238 637 1238 628 1238 679 1239 628 1239 680 1239 680 1240 628 1240 639 1240 680 1241 639 1241 682 1241 682 1242 639 1242 630 1242 682 1243 630 1243 629 1243 629 1244 630 1244 631 1244 629 1245 631 1245 685 1245 685 1246 631 1246 632 1246 685 1247 632 1247 2973 1247 633 1248 2958 1248 634 1248 634 1249 2958 1249 2960 1249 634 1250 2960 1250 640 1250 640 1251 2960 1251 2961 1251 640 1252 2961 1252 2962 1252 635 1253 647 1253 625 1253 625 1254 647 1254 636 1254 625 1255 636 1255 627 1255 627 1256 636 1256 610 1256 627 1257 610 1257 637 1257 637 1258 610 1258 638 1258 637 1259 638 1259 628 1259 628 1260 638 1260 612 1260 628 1261 612 1261 639 1261 639 1262 612 1262 614 1262 639 1263 614 1263 630 1263 630 1264 614 1264 640 1264 630 1265 640 1265 631 1265 631 1266 640 1266 2962 1266 631 1267 2962 1267 641 1267 2909 1268 606 1268 642 1268 642 1269 606 1269 643 1269 642 1270 643 1270 599 1270 599 1271 643 1271 608 1271 599 1272 608 1272 600 1272 600 1273 608 1273 615 1273 600 1274 615 1274 644 1274 644 1275 615 1275 645 1275 644 1276 645 1276 601 1276 601 1277 645 1277 611 1277 601 1278 611 1278 603 1278 603 1279 611 1279 636 1279 603 1280 636 1280 646 1280 646 1281 636 1281 647 1281 646 1282 647 1282 605 1282 605 1283 647 1283 635 1283 973 1284 648 1284 649 1284 649 1285 648 1285 972 1285 649 1286 972 1286 650 1286 650 1287 972 1287 971 1287 650 1288 971 1288 651 1288 651 1289 971 1289 970 1289 651 1290 970 1290 913 1290 913 1291 970 1291 652 1291 913 1292 652 1292 654 1292 654 1293 652 1293 653 1293 654 1294 653 1294 655 1294 656 1295 657 1295 658 1295 658 1296 657 1296 677 1296 658 1297 677 1297 659 1297 659 1298 677 1298 676 1298 659 1299 676 1299 660 1299 660 1300 676 1300 661 1300 660 1301 661 1301 914 1301 914 1302 661 1302 674 1302 914 1303 674 1303 912 1303 912 1304 674 1304 663 1304 912 1305 663 1305 662 1305 662 1306 663 1306 672 1306 662 1307 672 1307 911 1307 911 1308 672 1308 1043 1308 911 1309 1043 1309 910 1309 556 1310 665 1310 664 1310 664 1311 665 1311 666 1311 664 1312 666 1312 1016 1312 1016 1313 666 1313 673 1313 1016 1314 673 1314 667 1314 667 1315 673 1315 675 1315 667 1316 675 1316 1017 1316 1017 1317 675 1317 668 1317 1017 1318 668 1318 1019 1318 1019 1319 668 1319 669 1319 1019 1320 669 1320 670 1320 670 1321 669 1321 671 1321 670 1322 671 1322 1020 1322 555 1323 672 1323 665 1323 665 1324 672 1324 663 1324 665 1325 663 1325 666 1325 666 1326 663 1326 674 1326 666 1327 674 1327 673 1327 673 1328 674 1328 661 1328 673 1329 661 1329 675 1329 675 1330 661 1330 676 1330 675 1331 676 1331 668 1331 668 1332 676 1332 677 1332 668 1333 677 1333 669 1333 669 1334 677 1334 657 1334 669 1335 657 1335 671 1335 133 1336 3215 1336 653 1336 653 1337 3215 1337 3213 1337 653 1338 3213 1338 655 1338 655 1339 3213 1339 3217 1339 655 1340 3217 1340 3216 1340 551 1341 624 1341 975 1341 975 1342 624 1342 626 1342 975 1343 626 1343 974 1343 974 1344 626 1344 679 1344 974 1345 679 1345 678 1345 678 1346 679 1346 680 1346 678 1347 680 1347 681 1347 681 1348 680 1348 682 1348 681 1349 682 1349 683 1349 683 1350 682 1350 629 1350 683 1351 629 1351 684 1351 684 1352 629 1352 685 1352 684 1353 685 1353 969 1353 969 1354 685 1354 2973 1354 969 1355 2973 1355 686 1355 3820 1356 687 1356 1080 1356 1080 1357 687 1357 689 1357 1080 1358 689 1358 688 1358 688 1359 689 1359 690 1359 691 1360 943 1360 2542 1360 2542 1361 2541 1361 691 1361 691 1362 2541 1362 692 1362 691 1363 692 1363 690 1363 690 1364 692 1364 2546 1364 690 1365 2546 1365 688 1365 944 1366 2607 1366 943 1366 943 1367 2607 1367 2606 1367 943 1368 2606 1368 2542 1368 693 1369 3817 1369 694 1369 694 1370 3817 1370 696 1370 694 1371 696 1371 744 1371 3814 1372 711 1372 3815 1372 3815 1373 711 1373 744 1373 3815 1374 744 1374 695 1374 695 1375 744 1375 696 1375 945 1376 700 1376 944 1376 944 1377 700 1377 697 1377 944 1378 697 1378 2607 1378 705 1379 2858 1379 698 1379 705 1380 698 1380 946 1380 698 1381 2604 1381 946 1381 946 1382 2604 1382 699 1382 946 1383 699 1383 945 1383 945 1384 699 1384 2593 1384 945 1385 2593 1385 700 1385 2861 1386 701 1386 864 1386 702 1387 1011 1387 703 1387 703 1388 1011 1388 1012 1388 703 1389 1012 1389 704 1389 704 1390 1012 1390 2874 1390 704 1391 2874 1391 2862 1391 707 1392 803 1392 705 1392 1049 1393 706 1393 798 1393 798 1394 706 1394 799 1394 803 1395 707 1395 708 1395 708 1396 707 1396 919 1396 708 1397 919 1397 920 1397 3813 1398 709 1398 710 1398 710 1399 709 1399 711 1399 710 1400 711 1400 712 1400 712 1401 711 1401 3814 1401 3813 1402 713 1402 709 1402 709 1403 713 1403 3809 1403 709 1404 3809 1404 714 1404 715 1405 717 1405 716 1405 716 1406 717 1406 718 1406 716 1407 718 1407 735 1407 735 1408 718 1408 723 1408 735 1409 723 1409 719 1409 719 1410 723 1410 720 1410 719 1411 720 1411 737 1411 737 1412 720 1412 942 1412 737 1413 942 1413 721 1413 718 1414 722 1414 723 1414 723 1415 722 1415 724 1415 723 1416 724 1416 720 1416 720 1417 724 1417 725 1417 720 1418 725 1418 942 1418 3808 1419 742 1419 3811 1419 3811 1420 742 1420 714 1420 3811 1421 714 1421 3810 1421 3810 1422 714 1422 3809 1422 3808 1423 3806 1423 742 1423 742 1424 3806 1424 726 1424 742 1425 726 1425 741 1425 741 1426 726 1426 3805 1426 741 1427 3805 1427 3804 1427 740 1428 734 1428 727 1428 727 1429 734 1429 728 1429 727 1430 728 1430 729 1430 729 1431 728 1431 731 1431 729 1432 731 1432 730 1432 730 1433 731 1433 736 1433 730 1434 736 1434 732 1434 732 1435 736 1435 733 1435 732 1436 733 1436 743 1436 743 1437 733 1437 738 1437 734 1438 715 1438 728 1438 728 1439 715 1439 716 1439 728 1440 716 1440 731 1440 731 1441 716 1441 735 1441 731 1442 735 1442 736 1442 736 1443 735 1443 719 1443 736 1444 719 1444 733 1444 733 1445 719 1445 737 1445 733 1446 737 1446 738 1446 738 1447 737 1447 721 1447 738 1448 721 1448 941 1448 739 1449 740 1449 548 1449 548 1450 740 1450 727 1450 548 1451 727 1451 741 1451 741 1452 727 1452 729 1452 741 1453 729 1453 742 1453 742 1454 729 1454 730 1454 742 1455 730 1455 714 1455 714 1456 730 1456 732 1456 714 1457 732 1457 709 1457 709 1458 732 1458 743 1458 709 1459 743 1459 711 1459 711 1460 743 1460 738 1460 711 1461 738 1461 744 1461 744 1462 738 1462 941 1462 744 1463 941 1463 694 1463 552 1464 752 1464 739 1464 739 1465 752 1465 745 1465 739 1466 745 1466 740 1466 740 1467 745 1467 746 1467 740 1468 746 1468 734 1468 734 1469 746 1469 747 1469 734 1470 747 1470 715 1470 715 1471 747 1471 748 1471 715 1472 748 1472 717 1472 717 1473 748 1473 749 1473 717 1474 749 1474 718 1474 718 1475 749 1475 757 1475 718 1476 757 1476 722 1476 722 1477 757 1477 750 1477 722 1478 750 1478 724 1478 724 1479 750 1479 751 1479 724 1480 751 1480 760 1480 554 1481 137 1481 752 1481 752 1482 137 1482 753 1482 752 1483 753 1483 745 1483 745 1484 753 1484 787 1484 745 1485 787 1485 746 1485 746 1486 787 1486 754 1486 746 1487 754 1487 747 1487 747 1488 754 1488 755 1488 747 1489 755 1489 748 1489 748 1490 755 1490 756 1490 748 1491 756 1491 749 1491 749 1492 756 1492 791 1492 749 1493 791 1493 757 1493 757 1494 791 1494 758 1494 757 1495 758 1495 750 1495 750 1496 758 1496 793 1496 750 1497 793 1497 751 1497 751 1498 793 1498 759 1498 751 1499 759 1499 760 1499 760 1500 759 1500 796 1500 760 1501 796 1501 947 1501 947 1502 796 1502 797 1502 947 1503 797 1503 902 1503 1052 1504 761 1504 1050 1504 782 1505 764 1505 762 1505 762 1506 764 1506 763 1506 762 1507 763 1507 783 1507 761 1508 783 1508 1050 1508 1050 1509 783 1509 763 1509 1050 1510 763 1510 1048 1510 1048 1511 763 1511 764 1511 1048 1512 764 1512 765 1512 765 1513 764 1513 782 1513 765 1514 782 1514 1047 1514 1047 1515 782 1515 130 1515 1049 1516 795 1516 1051 1516 1051 1517 795 1517 794 1517 1051 1518 794 1518 766 1518 766 1519 794 1519 767 1519 766 1520 767 1520 1054 1520 1054 1521 767 1521 792 1521 1054 1522 792 1522 1056 1522 1056 1523 792 1523 768 1523 1056 1524 768 1524 769 1524 769 1525 768 1525 790 1525 769 1526 790 1526 770 1526 770 1527 790 1527 789 1527 770 1528 789 1528 1058 1528 1058 1529 789 1529 788 1529 1058 1530 788 1530 1059 1530 1059 1531 788 1531 786 1531 1059 1532 786 1532 771 1532 771 1533 786 1533 557 1533 771 1534 557 1534 773 1534 773 1535 557 1535 772 1535 773 1536 772 1536 558 1536 977 1537 907 1537 978 1537 978 1538 907 1538 774 1538 978 1539 774 1539 776 1539 776 1540 774 1540 775 1540 776 1541 775 1541 979 1541 979 1542 775 1542 784 1542 979 1543 784 1543 777 1543 777 1544 784 1544 778 1544 777 1545 778 1545 981 1545 981 1546 778 1546 779 1546 981 1547 779 1547 982 1547 982 1548 779 1548 1053 1548 982 1549 1053 1549 1055 1549 780 1550 130 1550 129 1550 129 1551 130 1551 781 1551 129 1552 781 1552 774 1552 774 1553 781 1553 782 1553 774 1554 782 1554 775 1554 775 1555 782 1555 762 1555 775 1556 762 1556 784 1556 784 1557 762 1557 783 1557 784 1558 783 1558 778 1558 778 1559 783 1559 761 1559 778 1560 761 1560 779 1560 779 1561 761 1561 1052 1561 779 1562 1052 1562 1053 1562 3800 1563 785 1563 137 1563 137 1564 785 1564 557 1564 137 1565 557 1565 753 1565 753 1566 557 1566 786 1566 753 1567 786 1567 787 1567 787 1568 786 1568 788 1568 787 1569 788 1569 754 1569 754 1570 788 1570 789 1570 754 1571 789 1571 755 1571 755 1572 789 1572 790 1572 755 1573 790 1573 756 1573 756 1574 790 1574 768 1574 756 1575 768 1575 791 1575 791 1576 768 1576 792 1576 791 1577 792 1577 758 1577 758 1578 792 1578 767 1578 758 1579 767 1579 793 1579 793 1580 767 1580 794 1580 793 1581 794 1581 759 1581 759 1582 794 1582 795 1582 759 1583 795 1583 796 1583 796 1584 795 1584 1049 1584 796 1585 1049 1585 797 1585 797 1586 1049 1586 798 1586 797 1587 798 1587 800 1587 800 1588 798 1588 799 1588 800 1589 799 1589 1046 1589 2689 1590 1013 1590 801 1590 2689 1591 801 1591 1079 1591 1079 1592 801 1592 812 1592 1079 1593 812 1593 2824 1593 2858 1594 705 1594 927 1594 927 1595 705 1595 803 1595 927 1596 803 1596 802 1596 802 1597 803 1597 708 1597 802 1598 708 1598 929 1598 929 1599 708 1599 920 1599 929 1600 920 1600 930 1600 950 1601 899 1601 921 1601 921 1602 899 1602 804 1602 921 1603 804 1603 922 1603 922 1604 804 1604 900 1604 805 1605 806 1605 807 1605 807 1606 806 1606 808 1606 807 1607 808 1607 809 1607 809 1608 808 1608 810 1608 809 1609 810 1609 811 1609 811 1610 810 1610 1078 1610 811 1611 1078 1611 812 1611 812 1612 1078 1612 2825 1612 812 1613 2825 1613 2824 1613 812 1614 813 1614 811 1614 811 1615 813 1615 814 1615 811 1616 814 1616 809 1616 809 1617 814 1617 844 1617 809 1618 844 1618 807 1618 807 1619 844 1619 843 1619 807 1620 843 1620 805 1620 805 1621 843 1621 841 1621 805 1622 841 1622 819 1622 819 1623 841 1623 815 1623 819 1624 815 1624 816 1624 816 1625 815 1625 817 1625 816 1626 817 1626 149 1626 148 1627 818 1627 819 1627 819 1628 818 1628 3689 1628 819 1629 3689 1629 805 1629 805 1630 3689 1630 820 1630 805 1631 820 1631 806 1631 846 1632 834 1632 821 1632 821 1633 834 1633 836 1633 821 1634 836 1634 845 1634 845 1635 836 1635 822 1635 845 1636 822 1636 823 1636 823 1637 822 1637 824 1637 823 1638 824 1638 842 1638 842 1639 824 1639 825 1639 842 1640 825 1640 826 1640 826 1641 825 1641 838 1641 826 1642 838 1642 840 1642 840 1643 838 1643 889 1643 840 1644 889 1644 888 1644 835 1645 827 1645 828 1645 828 1646 827 1646 896 1646 828 1647 896 1647 837 1647 837 1648 896 1648 829 1648 837 1649 829 1649 830 1649 830 1650 829 1650 895 1650 830 1651 895 1651 831 1651 831 1652 895 1652 894 1652 831 1653 894 1653 832 1653 832 1654 894 1654 892 1654 832 1655 892 1655 839 1655 847 1656 833 1656 846 1656 846 1657 833 1657 835 1657 846 1658 835 1658 834 1658 834 1659 835 1659 828 1659 834 1660 828 1660 836 1660 836 1661 828 1661 837 1661 836 1662 837 1662 822 1662 822 1663 837 1663 830 1663 822 1664 830 1664 824 1664 824 1665 830 1665 831 1665 824 1666 831 1666 825 1666 825 1667 831 1667 832 1667 825 1668 832 1668 838 1668 838 1669 832 1669 839 1669 838 1670 839 1670 889 1670 2738 1671 2771 1671 151 1671 151 1672 2771 1672 149 1672 151 1673 149 1673 888 1673 888 1674 149 1674 817 1674 888 1675 817 1675 840 1675 840 1676 817 1676 815 1676 840 1677 815 1677 826 1677 826 1678 815 1678 841 1678 826 1679 841 1679 842 1679 842 1680 841 1680 843 1680 842 1681 843 1681 823 1681 823 1682 843 1682 844 1682 823 1683 844 1683 845 1683 845 1684 844 1684 814 1684 845 1685 814 1685 821 1685 821 1686 814 1686 813 1686 821 1687 813 1687 846 1687 846 1688 813 1688 812 1688 846 1689 812 1689 847 1689 847 1690 812 1690 801 1690 1000 1691 885 1691 848 1691 848 1692 885 1692 242 1692 848 1693 242 1693 1002 1693 1002 1694 242 1694 849 1694 1002 1695 849 1695 851 1695 851 1696 849 1696 850 1696 851 1697 850 1697 1004 1697 1004 1698 850 1698 852 1698 1004 1699 852 1699 1005 1699 1005 1700 852 1700 854 1700 1005 1701 854 1701 853 1701 853 1702 854 1702 873 1702 853 1703 873 1703 855 1703 855 1704 873 1704 856 1704 855 1705 856 1705 857 1705 857 1706 856 1706 858 1706 857 1707 858 1707 859 1707 859 1708 858 1708 860 1708 859 1709 860 1709 861 1709 861 1710 860 1710 872 1710 861 1711 872 1711 1009 1711 1009 1712 872 1712 863 1712 1009 1713 863 1713 862 1713 862 1714 863 1714 128 1714 862 1715 128 1715 898 1715 864 1716 701 1716 704 1716 704 1717 701 1717 865 1717 704 1718 865 1718 703 1718 703 1719 865 1719 866 1719 703 1720 866 1720 702 1720 702 1721 866 1721 928 1721 702 1722 928 1722 867 1722 867 1723 928 1723 868 1723 867 1724 868 1724 1010 1724 1010 1725 868 1725 931 1725 1010 1726 931 1726 1008 1726 1008 1727 931 1727 932 1727 1008 1728 932 1728 869 1728 869 1729 932 1729 934 1729 869 1730 934 1730 212 1730 212 1731 934 1731 870 1731 212 1732 870 1732 871 1732 871 1733 870 1733 936 1733 871 1734 936 1734 210 1734 210 1735 936 1735 937 1735 210 1736 937 1736 208 1736 897 1737 863 1737 264 1737 264 1738 863 1738 872 1738 264 1739 872 1739 262 1739 262 1740 872 1740 860 1740 262 1741 860 1741 260 1741 260 1742 860 1742 858 1742 260 1743 858 1743 258 1743 258 1744 858 1744 856 1744 258 1745 856 1745 257 1745 257 1746 856 1746 873 1746 257 1747 873 1747 256 1747 256 1748 873 1748 147 1748 256 1749 147 1749 874 1749 874 1750 147 1750 875 1750 874 1751 875 1751 876 1751 876 1752 875 1752 146 1752 876 1753 146 1753 877 1753 877 1754 146 1754 145 1754 877 1755 145 1755 878 1755 878 1756 145 1756 229 1756 878 1757 229 1757 250 1757 250 1758 229 1758 230 1758 250 1759 230 1759 879 1759 879 1760 230 1760 880 1760 879 1761 880 1761 247 1761 247 1762 880 1762 882 1762 247 1763 882 1763 881 1763 881 1764 882 1764 883 1764 881 1765 883 1765 996 1765 996 1766 883 1766 885 1766 996 1767 885 1767 884 1767 884 1768 885 1768 1000 1768 884 1769 1000 1769 143 1769 2727 1770 886 1770 184 1770 184 1771 886 1771 887 1771 184 1772 887 1772 155 1772 155 1773 887 1773 888 1773 155 1774 888 1774 890 1774 890 1775 888 1775 889 1775 890 1776 889 1776 891 1776 891 1777 889 1777 839 1777 891 1778 839 1778 311 1778 311 1779 839 1779 892 1779 311 1780 892 1780 259 1780 259 1781 892 1781 894 1781 259 1782 894 1782 893 1782 893 1783 894 1783 895 1783 893 1784 895 1784 261 1784 261 1785 895 1785 829 1785 261 1786 829 1786 263 1786 263 1787 829 1787 896 1787 263 1788 896 1788 897 1788 897 1789 896 1789 827 1789 897 1790 827 1790 128 1790 128 1791 827 1791 835 1791 128 1792 835 1792 898 1792 898 1793 835 1793 833 1793 899 1794 952 1794 804 1794 804 1795 952 1795 954 1795 804 1796 954 1796 900 1796 900 1797 954 1797 901 1797 900 1798 901 1798 924 1798 902 1799 797 1799 948 1799 948 1800 797 1800 800 1800 948 1801 800 1801 949 1801 949 1802 800 1802 1046 1802 949 1803 1046 1803 903 1803 903 1804 1046 1804 904 1804 903 1805 904 1805 951 1805 951 1806 904 1806 905 1806 951 1807 905 1807 953 1807 780 1808 129 1808 906 1808 906 1809 129 1809 907 1809 906 1810 907 1810 1045 1810 1045 1811 907 1811 977 1811 1045 1812 977 1812 908 1812 908 1813 977 1813 909 1813 908 1814 909 1814 910 1814 910 1815 909 1815 973 1815 910 1816 973 1816 911 1816 911 1817 973 1817 649 1817 911 1818 649 1818 662 1818 662 1819 649 1819 650 1819 662 1820 650 1820 912 1820 912 1821 650 1821 651 1821 912 1822 651 1822 914 1822 914 1823 651 1823 913 1823 914 1824 913 1824 660 1824 660 1825 913 1825 654 1825 660 1826 654 1826 659 1826 659 1827 654 1827 655 1827 659 1828 655 1828 658 1828 658 1829 655 1829 3216 1829 658 1830 3216 1830 656 1830 956 1831 915 1831 916 1831 916 1832 915 1832 955 1832 916 1833 955 1833 939 1833 961 1834 962 1834 917 1834 917 1835 962 1835 918 1835 917 1836 918 1836 924 1836 919 1837 950 1837 920 1837 920 1838 950 1838 921 1838 920 1839 921 1839 930 1839 930 1840 921 1840 922 1840 930 1841 922 1841 923 1841 923 1842 922 1842 900 1842 923 1843 900 1843 925 1843 925 1844 900 1844 924 1844 925 1845 924 1845 933 1845 933 1846 924 1846 918 1846 933 1847 918 1847 926 1847 926 1848 918 1848 962 1848 926 1849 962 1849 935 1849 935 1850 962 1850 963 1850 935 1851 963 1851 964 1851 131 1852 2858 1852 701 1852 701 1853 2858 1853 927 1853 701 1854 927 1854 865 1854 865 1855 927 1855 802 1855 865 1856 802 1856 866 1856 866 1857 802 1857 929 1857 866 1858 929 1858 928 1858 928 1859 929 1859 930 1859 928 1860 930 1860 868 1860 868 1861 930 1861 923 1861 868 1862 923 1862 931 1862 931 1863 923 1863 925 1863 931 1864 925 1864 932 1864 932 1865 925 1865 933 1865 932 1866 933 1866 934 1866 934 1867 933 1867 926 1867 934 1868 926 1868 870 1868 870 1869 926 1869 935 1869 870 1870 935 1870 936 1870 936 1871 935 1871 964 1871 936 1872 964 1872 937 1872 957 1873 956 1873 1044 1873 1044 1874 956 1874 916 1874 1044 1875 916 1875 938 1875 938 1876 916 1876 939 1876 938 1877 939 1877 953 1877 132 1878 940 1878 689 1878 689 1879 940 1879 694 1879 689 1880 694 1880 690 1880 690 1881 694 1881 941 1881 690 1882 941 1882 691 1882 691 1883 941 1883 721 1883 691 1884 721 1884 943 1884 943 1885 721 1885 942 1885 943 1886 942 1886 944 1886 944 1887 942 1887 725 1887 944 1888 725 1888 945 1888 945 1889 725 1889 760 1889 945 1890 760 1890 946 1890 946 1891 760 1891 947 1891 946 1892 947 1892 705 1892 705 1893 947 1893 902 1893 705 1894 902 1894 707 1894 707 1895 902 1895 948 1895 707 1896 948 1896 919 1896 919 1897 948 1897 949 1897 919 1898 949 1898 950 1898 950 1899 949 1899 903 1899 950 1900 903 1900 899 1900 899 1901 903 1901 951 1901 899 1902 951 1902 952 1902 952 1903 951 1903 953 1903 952 1904 953 1904 954 1904 954 1905 953 1905 939 1905 954 1906 939 1906 901 1906 901 1907 939 1907 955 1907 901 1908 955 1908 924 1908 924 1909 955 1909 915 1909 924 1910 915 1910 917 1910 917 1911 915 1911 956 1911 917 1912 956 1912 961 1912 961 1913 956 1913 957 1913 1042 1914 221 1914 958 1914 958 1915 221 1915 960 1915 958 1916 960 1916 959 1916 957 1917 959 1917 961 1917 961 1918 959 1918 960 1918 961 1919 960 1919 962 1919 962 1920 960 1920 221 1920 962 1921 221 1921 963 1921 963 1922 221 1922 222 1922 963 1923 222 1923 964 1923 964 1924 222 1924 965 1924 964 1925 965 1925 937 1925 937 1926 965 1926 223 1926 937 1927 223 1927 208 1927 208 1928 223 1928 225 1928 208 1929 225 1929 966 1929 966 1930 225 1930 227 1930 966 1931 227 1931 213 1931 213 1932 227 1932 215 1932 213 1933 215 1933 967 1933 967 1934 215 1934 968 1934 967 1935 968 1935 1006 1935 133 1936 653 1936 969 1936 969 1937 653 1937 652 1937 969 1938 652 1938 684 1938 684 1939 652 1939 970 1939 684 1940 970 1940 683 1940 683 1941 970 1941 971 1941 683 1942 971 1942 681 1942 681 1943 971 1943 972 1943 681 1944 972 1944 678 1944 678 1945 972 1945 648 1945 678 1946 648 1946 974 1946 974 1947 648 1947 973 1947 974 1948 973 1948 975 1948 975 1949 973 1949 909 1949 975 1950 909 1950 551 1950 551 1951 909 1951 977 1951 551 1952 977 1952 976 1952 976 1953 977 1953 978 1953 976 1954 978 1954 635 1954 635 1955 978 1955 776 1955 635 1956 776 1956 605 1956 605 1957 776 1957 979 1957 605 1958 979 1958 980 1958 980 1959 979 1959 777 1959 980 1960 777 1960 586 1960 586 1961 777 1961 981 1961 586 1962 981 1962 595 1962 595 1963 981 1963 982 1963 595 1964 982 1964 593 1964 593 1965 982 1965 1055 1965 593 1966 1055 1966 565 1966 988 1967 986 1967 983 1967 983 1968 986 1968 60 1968 477 1969 984 1969 478 1969 478 1970 984 1970 1167 1970 478 1971 1167 1971 985 1971 985 1972 1167 1972 986 1972 985 1973 986 1973 987 1973 987 1974 986 1974 988 1974 76 1975 74 1975 284 1975 284 1976 74 1976 989 1976 284 1977 989 1977 990 1977 77 1978 76 1978 991 1978 991 1979 76 1979 284 1979 991 1980 284 1980 992 1980 992 1981 284 1981 275 1981 992 1982 275 1982 402 1982 402 1983 275 1983 276 1983 402 1984 276 1984 400 1984 400 1985 276 1985 278 1985 400 1986 278 1986 398 1986 398 1987 278 1987 280 1987 398 1988 280 1988 993 1988 993 1989 280 1989 995 1989 993 1990 995 1990 994 1990 994 1991 995 1991 281 1991 994 1992 281 1992 397 1992 397 1993 281 1993 996 1993 397 1994 996 1994 395 1994 395 1995 996 1995 997 1995 395 1996 997 1996 998 1996 998 1997 997 1997 143 1997 998 1998 143 1998 999 1998 999 1999 143 1999 1000 1999 999 2000 1000 2000 1001 2000 1001 2001 1000 2001 848 2001 1001 2002 848 2002 271 2002 271 2003 848 2003 1002 2003 271 2004 1002 2004 1003 2004 1003 2005 1002 2005 851 2005 1003 2006 851 2006 388 2006 388 2007 851 2007 1004 2007 388 2008 1004 2008 968 2008 968 2009 1004 2009 1005 2009 968 2010 1005 2010 1006 2010 1006 2011 1005 2011 853 2011 1006 2012 853 2012 214 2012 214 2013 853 2013 855 2013 214 2014 855 2014 206 2014 206 2015 855 2015 857 2015 206 2016 857 2016 1007 2016 1007 2017 857 2017 859 2017 1007 2018 859 2018 212 2018 212 2019 859 2019 861 2019 212 2020 861 2020 869 2020 869 2021 861 2021 1009 2021 869 2022 1009 2022 1008 2022 1008 2023 1009 2023 862 2023 1008 2024 862 2024 1010 2024 1010 2025 862 2025 898 2025 1010 2026 898 2026 867 2026 867 2027 898 2027 833 2027 867 2028 833 2028 702 2028 702 2029 833 2029 847 2029 702 2030 847 2030 1011 2030 1011 2031 847 2031 801 2031 1011 2032 801 2032 1012 2032 1012 2033 801 2033 1013 2033 1012 2034 1013 2034 2874 2034 656 2035 3252 2035 657 2035 657 2036 3252 2036 1014 2036 657 2037 1014 2037 671 2037 671 2038 1014 2038 3253 2038 671 2039 3253 2039 1020 2039 1020 2040 3253 2040 3256 2040 1020 2041 3256 2041 1021 2041 1041 2042 664 2042 1015 2042 1015 2043 664 2043 1016 2043 1015 2044 1016 2044 382 2044 382 2045 1016 2045 667 2045 382 2046 667 2046 362 2046 362 2047 667 2047 1017 2047 362 2048 1017 2048 321 2048 321 2049 1017 2049 1019 2049 321 2050 1019 2050 1018 2050 1018 2051 1019 2051 670 2051 1018 2052 670 2052 338 2052 338 2053 670 2053 1020 2053 338 2054 1020 2054 330 2054 330 2055 1020 2055 1021 2055 330 2056 1021 2056 333 2056 1022 2057 415 2057 1023 2057 1023 2058 415 2058 417 2058 1023 2059 417 2059 1024 2059 1024 2060 417 2060 1025 2060 1024 2061 1025 2061 403 2061 403 2062 1025 2062 1026 2062 403 2063 1026 2063 406 2063 406 2064 1026 2064 401 2064 406 2065 401 2065 1027 2065 1027 2066 401 2066 399 2066 1027 2067 399 2067 384 2067 384 2068 399 2068 1028 2068 384 2069 1028 2069 386 2069 386 2070 1028 2070 1029 2070 386 2071 1029 2071 1030 2071 1030 2072 1029 2072 396 2072 1030 2073 396 2073 427 2073 427 2074 396 2074 1031 2074 427 2075 1031 2075 141 2075 141 2076 1031 2076 394 2076 141 2077 394 2077 142 2077 142 2078 394 2078 355 2078 142 2079 355 2079 1032 2079 1032 2080 355 2080 1033 2080 1032 2081 1033 2081 319 2081 319 2082 1033 2082 391 2082 319 2083 391 2083 318 2083 318 2084 391 2084 220 2084 318 2085 220 2085 1034 2085 1034 2086 220 2086 226 2086 1034 2087 226 2087 315 2087 315 2088 226 2088 217 2088 315 2089 217 2089 1035 2089 1035 2090 217 2090 1036 2090 1035 2091 1036 2091 1037 2091 1037 2092 1036 2092 1038 2092 1037 2093 1038 2093 1039 2093 1039 2094 1038 2094 1040 2094 1039 2095 1040 2095 1041 2095 1041 2096 1040 2096 1042 2096 1041 2097 1042 2097 556 2097 556 2098 1042 2098 958 2098 556 2099 958 2099 555 2099 555 2100 958 2100 959 2100 555 2101 959 2101 1043 2101 1043 2102 959 2102 957 2102 1043 2103 957 2103 910 2103 910 2104 957 2104 1044 2104 910 2105 1044 2105 908 2105 908 2106 1044 2106 938 2106 908 2107 938 2107 1045 2107 1045 2108 938 2108 953 2108 1045 2109 953 2109 906 2109 906 2110 953 2110 905 2110 906 2111 905 2111 780 2111 780 2112 905 2112 904 2112 780 2113 904 2113 130 2113 130 2114 904 2114 1046 2114 130 2115 1046 2115 1047 2115 1047 2116 1046 2116 799 2116 1047 2117 799 2117 765 2117 765 2118 799 2118 706 2118 765 2119 706 2119 1048 2119 1048 2120 706 2120 1049 2120 1048 2121 1049 2121 1050 2121 1050 2122 1049 2122 1051 2122 1050 2123 1051 2123 1052 2123 1052 2124 1051 2124 766 2124 1052 2125 766 2125 1053 2125 1053 2126 766 2126 1054 2126 1053 2127 1054 2127 1055 2127 1055 2128 1054 2128 1056 2128 1055 2129 1056 2129 565 2129 565 2130 1056 2130 769 2130 565 2131 769 2131 1057 2131 1057 2132 769 2132 770 2132 1057 2133 770 2133 562 2133 562 2134 770 2134 1058 2134 562 2135 1058 2135 561 2135 561 2136 1058 2136 1059 2136 561 2137 1059 2137 560 2137 560 2138 1059 2138 1060 2138 560 2139 1060 2139 1061 2139 1061 2140 1060 2140 1063 2140 1061 2141 1063 2141 1062 2141 1062 2142 1063 2142 136 2142 1062 2143 136 2143 596 2143 596 2144 136 2144 567 2144 596 2145 567 2145 3798 2145 3689 2146 818 2146 3690 2146 3437 2147 3439 2147 3407 2147 1064 2148 3442 2148 1066 2148 1065 2149 3445 2149 3370 2149 1066 2150 3444 2150 3369 2150 3338 2151 3336 2151 1067 2151 3255 2152 3256 2152 3253 2152 1068 2153 3193 2153 3194 2153 3366 2154 3368 2154 3375 2154 3176 2155 3872 2155 3177 2155 3608 2156 3152 2156 3153 2156 3426 2157 3607 2157 1069 2157 3140 2158 3425 2158 3141 2158 2999 2159 1070 2159 3333 2159 1071 2160 1072 2160 2949 2160 3066 2161 2921 2161 3067 2161 1073 2162 1074 2162 2925 2162 2941 2163 587 2163 1075 2163 3794 2164 3793 2164 1076 2164 1077 2165 3796 2165 2940 2165 2825 2166 1078 2166 2826 2166 810 2167 808 2167 2750 2167 2688 2168 2689 2168 1079 2168 2870 2169 2871 2169 2696 2169 3822 2170 3820 2170 1080 2170 2757 2171 2776 2171 3695 2171 2848 2172 2671 2172 2672 2172 3835 2173 2849 2173 2847 2173 1081 2174 2368 2174 2358 2174 2805 2175 3842 2175 2339 2175 3845 2176 3843 2176 1082 2176 3848 2177 1083 2177 2608 2177 2646 2178 2648 2178 160 2178 175 2179 1084 2179 2457 2179 178 2180 3650 2180 2456 2180 2398 2181 2296 2181 2399 2181 2115 2182 2051 2182 2069 2182 2024 2183 1085 2183 161 2183 2097 2184 2048 2184 2096 2184 1959 2185 2185 2185 2184 2185 1840 2186 1746 2186 2182 2186 1940 2187 1548 2187 1553 2187 1086 2188 2823 2188 886 2188 2419 2189 1598 2189 2420 2189 2209 2190 2409 2190 2412 2190 2411 2191 2282 2191 2472 2191 2770 2192 1087 2192 150 2192 1088 2193 2028 2193 1596 2193 2086 2194 2171 2194 2084 2194 3659 2195 2168 2195 1089 2195 1090 2196 1091 2196 1092 2196 1093 2197 1555 2197 1559 2197 1823 2198 1822 2198 1475 2198 1600 2199 1579 2199 1601 2199 1501 2200 3736 2200 1504 2200 1377 2201 1407 2201 1406 2201 40 2202 1344 2202 1333 2202 1917 2203 1915 2203 1094 2203 1095 2204 1096 2204 1341 2204 1907 2205 1905 2205 1477 2205 1348 2206 1313 2206 1316 2206 1347 2207 1247 2207 1349 2207 56 2208 1168 2208 1184 2208 1097 2209 1098 2209 1157 2209 1157 2210 1098 2210 1099 2210 3582 2211 3581 2211 1137 2211 1100 2212 1136 2212 1101 2212 524 2213 1102 2213 1103 2213 334 2214 333 2214 3269 2214 335 2215 3268 2215 3323 2215 3322 2216 329 2216 3323 2216 3323 2217 329 2217 337 2217 3323 2218 337 2218 335 2218 1104 2219 3318 2219 3324 2219 1119 2220 1108 2220 1105 2220 1105 2221 1108 2221 1109 2221 1105 2222 1109 2222 1114 2222 1114 2223 1109 2223 1106 2223 1114 2224 1106 2224 1113 2224 1113 2225 1106 2225 1110 2225 1113 2226 1110 2226 1111 2226 1111 2227 1110 2227 1107 2227 1111 2228 1107 2228 522 2228 1108 2229 3711 2229 1109 2229 1109 2230 3711 2230 3710 2230 1109 2231 3710 2231 1106 2231 1106 2232 3710 2232 3708 2232 1106 2233 3708 2233 1110 2233 1110 2234 3708 2234 3707 2234 1110 2235 3707 2235 1107 2235 522 2236 523 2236 1111 2236 1111 2237 523 2237 1112 2237 1111 2238 1112 2238 1113 2238 1113 2239 1112 2239 3324 2239 1113 2240 3324 2240 1114 2240 1114 2241 3324 2241 3318 2241 1114 2242 3318 2242 1105 2242 1105 2243 3318 2243 1115 2243 1105 2244 1115 2244 1119 2244 1119 2245 1115 2245 1117 2245 1116 2246 1118 2246 1117 2246 1117 2247 1118 2247 1120 2247 1117 2248 1120 2248 1119 2248 1119 2249 1120 2249 1121 2249 1119 2250 1121 2250 1108 2250 1108 2251 1121 2251 1122 2251 1108 2252 1122 2252 3711 2252 3292 2253 3312 2253 3293 2253 1123 2254 1124 2254 1128 2254 1128 2255 1124 2255 3293 2255 1128 2256 3293 2256 1125 2256 1125 2257 3293 2257 3312 2257 1125 2258 3312 2258 1126 2258 1126 2259 1127 2259 1125 2259 1125 2260 1127 2260 1129 2260 1125 2261 1129 2261 1128 2261 1128 2262 1129 2262 1130 2262 1128 2263 1130 2263 1123 2263 1123 2264 1130 2264 3317 2264 1127 2265 1131 2265 1129 2265 1129 2266 1131 2266 3315 2266 1129 2267 3315 2267 1130 2267 1130 2268 3315 2268 3316 2268 1130 2269 3316 2269 3317 2269 3310 2270 3298 2270 3311 2270 3311 2271 3298 2271 1132 2271 3311 2272 1132 2272 3313 2272 3580 2273 3589 2273 3303 2273 3303 2274 3589 2274 1133 2274 3303 2275 1133 2275 3301 2275 1100 2276 1101 2276 3301 2276 1133 2277 1134 2277 3301 2277 3301 2278 1134 2278 1135 2278 3301 2279 1135 2279 1100 2279 1100 2280 1135 2280 3586 2280 1100 2281 3586 2281 1136 2281 3582 2282 1137 2282 3584 2282 3586 2283 3584 2283 1136 2283 1136 2284 3584 2284 1137 2284 1136 2285 1137 2285 1101 2285 1101 2286 1137 2286 1144 2286 1101 2287 1144 2287 1138 2287 1138 2288 1144 2288 1139 2288 1138 2289 1139 2289 3314 2289 3314 2290 1139 2290 1140 2290 1141 2291 3714 2291 1116 2291 1116 2292 3714 2292 1142 2292 1116 2293 1142 2293 1118 2293 1153 2294 1155 2294 1141 2294 1141 2295 1155 2295 1143 2295 1141 2296 1143 2296 3714 2296 3721 2297 1148 2297 3581 2297 3581 2298 1148 2298 1151 2298 3581 2299 1151 2299 1137 2299 1137 2300 1151 2300 1145 2300 1137 2301 1145 2301 1144 2301 1144 2302 1145 2302 1146 2302 1144 2303 1146 2303 1139 2303 1139 2304 1146 2304 1153 2304 1139 2305 1153 2305 1140 2305 1140 2306 1153 2306 1141 2306 3719 2307 1451 2307 3718 2307 3718 2308 1451 2308 1147 2308 3718 2309 1147 2309 3716 2309 1148 2310 1149 2310 1151 2310 1151 2311 1149 2311 1150 2311 1151 2312 1150 2312 1145 2312 1145 2313 1150 2313 1152 2313 1145 2314 1152 2314 1146 2314 1146 2315 1152 2315 3717 2315 1146 2316 3717 2316 1153 2316 1153 2317 3717 2317 1154 2317 1153 2318 1154 2318 1155 2318 1200 2319 1199 2319 1156 2319 1156 2320 1199 2320 1197 2320 1156 2321 1197 2321 461 2321 461 2322 1197 2322 1196 2322 461 2323 1196 2323 434 2323 434 2324 1196 2324 1099 2324 434 2325 1099 2325 435 2325 435 2326 1099 2326 1098 2326 1097 2327 1157 2327 138 2327 138 2328 1157 2328 1194 2328 138 2329 1194 2329 1158 2329 1158 2330 1194 2330 1192 2330 1158 2331 1192 2331 502 2331 502 2332 1192 2332 1191 2332 502 2333 1191 2333 1159 2333 1159 2334 1191 2334 504 2334 504 2335 1191 2335 1160 2335 504 2336 1160 2336 1161 2336 1161 2337 1160 2337 1190 2337 1161 2338 1190 2338 506 2338 506 2339 1190 2339 1162 2339 506 2340 1162 2340 1163 2340 1163 2341 1162 2341 1187 2341 1163 2342 1187 2342 486 2342 486 2343 1187 2343 487 2343 487 2344 1187 2344 1164 2344 487 2345 1164 2345 477 2345 477 2346 1164 2346 1186 2346 477 2347 1186 2347 984 2347 984 2348 1186 2348 1184 2348 984 2349 1184 2349 1167 2349 60 2350 986 2350 1165 2350 1165 2351 986 2351 1166 2351 1167 2352 1184 2352 986 2352 986 2353 1184 2353 1168 2353 986 2354 1168 2354 1166 2354 1103 2355 3709 2355 1198 2355 1198 2356 3709 2356 1170 2356 1198 2357 1170 2357 1169 2357 1169 2358 1170 2358 1171 2358 1169 2359 1171 2359 1195 2359 1195 2360 1171 2360 1202 2360 1195 2361 1202 2361 1172 2361 1172 2362 1202 2362 1173 2362 1172 2363 1173 2363 1193 2363 1193 2364 1173 2364 1203 2364 1193 2365 1203 2365 1174 2365 1174 2366 1203 2366 1206 2366 1174 2367 1206 2367 1175 2367 1175 2368 1206 2368 1207 2368 1175 2369 1207 2369 1176 2369 1176 2370 1207 2370 1208 2370 1176 2371 1208 2371 1177 2371 1177 2372 1208 2372 1209 2372 1177 2373 1209 2373 1189 2373 1189 2374 1209 2374 1211 2374 1189 2375 1211 2375 1188 2375 1188 2376 1211 2376 1212 2376 1188 2377 1212 2377 1178 2377 1178 2378 1212 2378 1179 2378 1178 2379 1179 2379 1180 2379 1180 2380 1179 2380 1181 2380 1180 2381 1181 2381 1185 2381 1185 2382 1181 2382 1182 2382 1185 2383 1182 2383 1216 2383 1183 2384 54 2384 1215 2384 1215 2385 54 2385 59 2385 1215 2386 59 2386 58 2386 57 2387 56 2387 1216 2387 1216 2388 56 2388 1184 2388 1216 2389 1184 2389 1185 2389 1185 2390 1184 2390 1186 2390 1185 2391 1186 2391 1180 2391 1180 2392 1186 2392 1164 2392 1180 2393 1164 2393 1178 2393 1178 2394 1164 2394 1187 2394 1178 2395 1187 2395 1188 2395 1188 2396 1187 2396 1162 2396 1188 2397 1162 2397 1189 2397 1189 2398 1162 2398 1190 2398 1189 2399 1190 2399 1177 2399 1177 2400 1190 2400 1160 2400 1177 2401 1160 2401 1176 2401 1176 2402 1160 2402 1191 2402 1176 2403 1191 2403 1175 2403 1175 2404 1191 2404 1192 2404 1175 2405 1192 2405 1174 2405 1174 2406 1192 2406 1194 2406 1174 2407 1194 2407 1193 2407 1193 2408 1194 2408 1157 2408 1193 2409 1157 2409 1172 2409 1172 2410 1157 2410 1099 2410 1172 2411 1099 2411 1195 2411 1195 2412 1099 2412 1196 2412 1195 2413 1196 2413 1169 2413 1169 2414 1196 2414 1197 2414 1169 2415 1197 2415 1198 2415 1198 2416 1197 2416 1199 2416 1198 2417 1199 2417 1103 2417 1103 2418 1199 2418 1200 2418 1103 2419 1200 2419 524 2419 3709 2420 1231 2420 1170 2420 1170 2421 1231 2421 1201 2421 1170 2422 1201 2422 1171 2422 1171 2423 1201 2423 1228 2423 1171 2424 1228 2424 1202 2424 1202 2425 1228 2425 1227 2425 1202 2426 1227 2426 1173 2426 1173 2427 1227 2427 1204 2427 1173 2428 1204 2428 1203 2428 1203 2429 1204 2429 1205 2429 1203 2430 1205 2430 1206 2430 1206 2431 1205 2431 1224 2431 1206 2432 1224 2432 1207 2432 1207 2433 1224 2433 1223 2433 1207 2434 1223 2434 1208 2434 1208 2435 1223 2435 1210 2435 1208 2436 1210 2436 1209 2436 1209 2437 1210 2437 1221 2437 1209 2438 1221 2438 1211 2438 1211 2439 1221 2439 1213 2439 1211 2440 1213 2440 1212 2440 1212 2441 1213 2441 1218 2441 1212 2442 1218 2442 1179 2442 1179 2443 1218 2443 1214 2443 1179 2444 1214 2444 1181 2444 1181 2445 1214 2445 1251 2445 1181 2446 1251 2446 1182 2446 1182 2447 1251 2447 1215 2447 1182 2448 1215 2448 1216 2448 1216 2449 1215 2449 58 2449 1216 2450 58 2450 57 2450 1233 2451 1251 2451 1235 2451 1235 2452 1251 2452 1214 2452 1235 2453 1214 2453 1217 2453 1217 2454 1214 2454 1218 2454 1217 2455 1218 2455 1219 2455 1219 2456 1218 2456 1213 2456 1219 2457 1213 2457 1220 2457 1220 2458 1213 2458 1221 2458 1220 2459 1221 2459 1236 2459 1236 2460 1221 2460 1210 2460 1236 2461 1210 2461 1222 2461 1222 2462 1210 2462 1223 2462 1222 2463 1223 2463 1239 2463 1239 2464 1223 2464 1224 2464 1239 2465 1224 2465 1225 2465 1225 2466 1224 2466 1205 2466 1225 2467 1205 2467 1226 2467 1226 2468 1205 2468 1204 2468 1226 2469 1204 2469 1241 2469 1241 2470 1204 2470 1227 2470 1241 2471 1227 2471 1242 2471 1242 2472 1227 2472 1228 2472 1242 2473 1228 2473 1229 2473 1229 2474 1228 2474 1201 2474 1229 2475 1201 2475 1230 2475 1230 2476 1201 2476 1231 2476 1349 2477 1233 2477 1232 2477 1232 2478 1233 2478 1235 2478 1232 2479 1235 2479 1234 2479 1234 2480 1235 2480 1217 2480 1234 2481 1217 2481 1351 2481 1351 2482 1217 2482 1219 2482 1351 2483 1219 2483 1352 2483 1352 2484 1219 2484 1220 2484 1352 2485 1220 2485 1353 2485 1353 2486 1220 2486 1236 2486 1353 2487 1236 2487 1237 2487 1237 2488 1236 2488 1222 2488 1237 2489 1222 2489 1238 2489 1238 2490 1222 2490 1239 2490 1238 2491 1239 2491 1358 2491 1358 2492 1239 2492 1225 2492 1358 2493 1225 2493 1359 2493 1359 2494 1225 2494 1226 2494 1359 2495 1226 2495 1361 2495 1361 2496 1226 2496 1241 2496 1361 2497 1241 2497 1240 2497 1240 2498 1241 2498 1242 2498 1240 2499 1242 2499 1243 2499 1243 2500 1242 2500 1229 2500 1243 2501 1229 2501 3712 2501 3712 2502 1229 2502 1230 2502 1248 2503 1249 2503 1244 2503 1244 2504 1249 2504 52 2504 1244 2505 52 2505 1252 2505 1346 2506 48 2506 1347 2506 1347 2507 48 2507 47 2507 1347 2508 47 2508 1247 2508 1247 2509 47 2509 1245 2509 1245 2510 1246 2510 1247 2510 1247 2511 1246 2511 51 2511 1247 2512 51 2512 1248 2512 1248 2513 51 2513 53 2513 1248 2514 53 2514 1249 2514 1313 2515 1348 2515 1250 2515 1349 2516 1247 2516 1233 2516 1233 2517 1247 2517 1248 2517 1233 2518 1248 2518 1251 2518 1251 2519 1248 2519 1244 2519 1251 2520 1244 2520 1215 2520 1215 2521 1244 2521 1252 2521 1215 2522 1252 2522 1183 2522 1348 2523 1253 2523 1250 2523 1250 2524 1253 2524 1350 2524 1250 2525 1350 2525 1308 2525 1308 2526 1350 2526 1254 2526 1308 2527 1254 2527 1307 2527 1307 2528 1254 2528 1255 2528 1307 2529 1255 2529 1305 2529 1305 2530 1255 2530 1354 2530 1305 2531 1354 2531 1256 2531 1256 2532 1354 2532 1355 2532 1256 2533 1355 2533 1302 2533 1302 2534 1355 2534 1257 2534 1302 2535 1257 2535 1301 2535 1301 2536 1257 2536 1356 2536 1301 2537 1356 2537 1258 2537 1258 2538 1356 2538 1357 2538 1258 2539 1357 2539 1259 2539 1259 2540 1357 2540 1360 2540 1259 2541 1360 2541 1260 2541 1260 2542 1360 2542 1262 2542 1260 2543 1262 2543 1261 2543 1261 2544 1262 2544 1362 2544 1261 2545 1362 2545 1263 2545 1263 2546 1362 2546 1363 2546 1272 2547 1283 2547 1273 2547 1273 2548 1283 2548 1284 2548 1273 2549 1284 2549 1274 2549 1274 2550 1284 2550 1285 2550 1274 2551 1285 2551 1264 2551 1264 2552 1285 2552 1265 2552 1264 2553 1265 2553 1277 2553 1277 2554 1265 2554 1266 2554 1277 2555 1266 2555 1279 2555 1279 2556 1266 2556 1287 2556 1279 2557 1287 2557 1267 2557 1267 2558 1287 2558 1288 2558 1267 2559 1288 2559 1268 2559 1268 2560 1288 2560 1269 2560 1268 2561 1269 2561 1271 2561 1271 2562 1269 2562 1270 2562 1271 2563 1270 2563 1281 2563 3713 2564 1272 2564 1299 2564 1299 2565 1272 2565 1273 2565 1299 2566 1273 2566 1300 2566 1300 2567 1273 2567 1274 2567 1300 2568 1274 2568 1275 2568 1275 2569 1274 2569 1264 2569 1275 2570 1264 2570 1276 2570 1276 2571 1264 2571 1277 2571 1276 2572 1277 2572 1278 2572 1278 2573 1277 2573 1279 2573 1278 2574 1279 2574 1303 2574 1303 2575 1279 2575 1267 2575 1303 2576 1267 2576 1304 2576 1304 2577 1267 2577 1268 2577 1304 2578 1268 2578 1280 2578 1280 2579 1268 2579 1271 2579 1280 2580 1271 2580 1306 2580 1306 2581 1271 2581 1281 2581 1306 2582 1281 2582 1282 2582 1283 2583 3715 2583 1284 2583 1284 2584 3715 2584 1289 2584 1284 2585 1289 2585 1285 2585 1285 2586 1289 2586 1290 2586 1285 2587 1290 2587 1265 2587 1265 2588 1290 2588 1292 2588 1265 2589 1292 2589 1266 2589 1266 2590 1292 2590 1286 2590 1266 2591 1286 2591 1287 2591 1287 2592 1286 2592 1294 2592 1287 2593 1294 2593 1288 2593 1288 2594 1294 2594 1296 2594 1288 2595 1296 2595 1269 2595 1269 2596 1296 2596 1312 2596 1269 2597 1312 2597 1270 2597 1908 2598 1907 2598 1442 2598 3715 2599 1902 2599 1289 2599 1289 2600 1902 2600 1903 2600 1289 2601 1903 2601 1290 2601 1290 2602 1903 2602 1291 2602 1290 2603 1291 2603 1292 2603 1292 2604 1291 2604 1293 2604 1292 2605 1293 2605 1286 2605 1286 2606 1293 2606 1906 2606 1286 2607 1906 2607 1294 2607 1294 2608 1906 2608 1295 2608 1294 2609 1295 2609 1296 2609 1296 2610 1295 2610 1909 2610 1296 2611 1909 2611 1312 2611 1910 2612 1297 2612 1911 2612 1911 2613 1297 2613 1656 2613 1911 2614 1656 2614 1912 2614 1915 2615 1912 2615 1854 2615 1657 2616 1656 2616 1452 2616 1452 2617 1656 2617 1297 2617 1452 2618 1297 2618 1298 2618 1298 2619 1297 2619 1910 2619 1298 2620 1910 2620 1908 2620 1263 2621 3713 2621 1261 2621 1261 2622 3713 2622 1299 2622 1261 2623 1299 2623 1260 2623 1260 2624 1299 2624 1300 2624 1260 2625 1300 2625 1259 2625 1259 2626 1300 2626 1275 2626 1259 2627 1275 2627 1258 2627 1258 2628 1275 2628 1276 2628 1258 2629 1276 2629 1301 2629 1301 2630 1276 2630 1278 2630 1301 2631 1278 2631 1302 2631 1302 2632 1278 2632 1303 2632 1302 2633 1303 2633 1256 2633 1256 2634 1303 2634 1304 2634 1256 2635 1304 2635 1305 2635 1305 2636 1304 2636 1280 2636 1305 2637 1280 2637 1307 2637 1307 2638 1280 2638 1306 2638 1307 2639 1306 2639 1308 2639 1308 2640 1306 2640 1282 2640 1308 2641 1282 2641 1250 2641 1309 2642 1315 2642 1310 2642 1310 2643 1315 2643 50 2643 1909 2644 1311 2644 1312 2644 1312 2645 1311 2645 1324 2645 1312 2646 1324 2646 1270 2646 1270 2647 1324 2647 1326 2647 1270 2648 1326 2648 1281 2648 1281 2649 1326 2649 1327 2649 1281 2650 1327 2650 1282 2650 1282 2651 1327 2651 1329 2651 1282 2652 1329 2652 1250 2652 1250 2653 1329 2653 1314 2653 1250 2654 1314 2654 1313 2654 1313 2655 1314 2655 1315 2655 1313 2656 1315 2656 1316 2656 1316 2657 1315 2657 1309 2657 1316 2658 1309 2658 1345 2658 1317 2659 1318 2659 1343 2659 1343 2660 1318 2660 45 2660 1913 2661 1914 2661 1325 2661 1325 2662 1914 2662 1319 2662 1325 2663 1319 2663 1328 2663 1328 2664 1319 2664 1342 2664 1328 2665 1342 2665 1320 2665 1320 2666 1342 2666 1321 2666 1320 2667 1321 2667 1330 2667 1330 2668 1321 2668 1343 2668 1330 2669 1343 2669 1331 2669 1331 2670 1343 2670 45 2670 45 2671 1322 2671 1331 2671 1331 2672 1322 2672 1323 2672 1331 2673 1323 2673 1332 2673 1311 2674 1913 2674 1324 2674 1324 2675 1913 2675 1325 2675 1324 2676 1325 2676 1326 2676 1326 2677 1325 2677 1328 2677 1326 2678 1328 2678 1327 2678 1327 2679 1328 2679 1320 2679 1327 2680 1320 2680 1329 2680 1329 2681 1320 2681 1330 2681 1329 2682 1330 2682 1314 2682 1314 2683 1330 2683 1331 2683 1314 2684 1331 2684 1315 2684 1315 2685 1331 2685 1332 2685 1315 2686 1332 2686 50 2686 1337 2687 1338 2687 1333 2687 1333 2688 1338 2688 41 2688 1333 2689 41 2689 40 2689 1333 2690 1096 2690 1337 2690 1337 2691 1096 2691 1095 2691 1337 2692 1095 2692 1335 2692 1339 2693 1577 2693 1092 2693 1091 2694 1334 2694 1092 2694 1092 2695 1334 2695 1335 2695 1092 2696 1335 2696 1339 2696 1339 2697 1335 2697 1095 2697 1334 2698 39 2698 1335 2698 1335 2699 39 2699 1336 2699 1335 2700 1336 2700 1337 2700 1337 2701 1336 2701 44 2701 1337 2702 44 2702 1338 2702 1547 2703 1577 2703 1920 2703 1920 2704 1577 2704 1339 2704 1920 2705 1339 2705 1340 2705 1340 2706 1339 2706 1095 2706 1340 2707 1095 2707 1919 2707 1919 2708 1095 2708 1341 2708 1919 2709 1341 2709 1916 2709 1914 2710 1916 2710 1319 2710 1319 2711 1916 2711 1341 2711 1319 2712 1341 2712 1342 2712 1342 2713 1341 2713 1096 2713 1342 2714 1096 2714 1321 2714 1321 2715 1096 2715 1333 2715 1321 2716 1333 2716 1343 2716 1343 2717 1333 2717 1344 2717 1343 2718 1344 2718 1317 2718 1345 2719 1346 2719 1316 2719 1316 2720 1346 2720 1347 2720 1316 2721 1347 2721 1348 2721 1348 2722 1347 2722 1349 2722 1348 2723 1349 2723 1253 2723 1253 2724 1349 2724 1232 2724 1253 2725 1232 2725 1350 2725 1350 2726 1232 2726 1234 2726 1350 2727 1234 2727 1254 2727 1254 2728 1234 2728 1351 2728 1254 2729 1351 2729 1255 2729 1255 2730 1351 2730 1352 2730 1255 2731 1352 2731 1354 2731 1354 2732 1352 2732 1353 2732 1354 2733 1353 2733 1355 2733 1355 2734 1353 2734 1237 2734 1355 2735 1237 2735 1257 2735 1257 2736 1237 2736 1238 2736 1257 2737 1238 2737 1356 2737 1356 2738 1238 2738 1358 2738 1356 2739 1358 2739 1357 2739 1357 2740 1358 2740 1359 2740 1357 2741 1359 2741 1360 2741 1360 2742 1359 2742 1361 2742 1360 2743 1361 2743 1262 2743 1262 2744 1361 2744 1240 2744 1262 2745 1240 2745 1362 2745 1362 2746 1240 2746 1243 2746 1362 2747 1243 2747 1363 2747 1363 2748 1243 2748 3712 2748 1364 2749 1370 2749 3474 2749 1367 2750 3728 2750 1365 2750 1365 2751 3728 2751 3729 2751 1365 2752 3729 2752 1433 2752 1773 2753 1774 2753 1432 2753 1432 2754 1774 2754 1366 2754 1432 2755 1366 2755 1367 2755 1772 2756 1369 2756 1368 2756 1368 2757 1369 2757 3724 2757 1368 2758 3724 2758 1775 2758 3474 2759 1370 2759 3588 2759 3588 2760 1370 2760 3727 2760 3588 2761 3727 2761 3587 2761 3587 2762 3727 2762 3726 2762 3587 2763 3726 2763 1371 2763 1371 2764 3726 2764 3725 2764 1371 2765 3725 2765 3585 2765 3585 2766 3725 2766 1372 2766 3585 2767 1372 2767 3583 2767 3583 2768 1372 2768 1373 2768 3583 2769 1373 2769 1374 2769 1374 2770 1373 2770 1375 2770 1374 2771 1375 2771 3721 2771 1376 2772 1407 2772 3723 2772 3723 2773 1407 2773 1377 2773 3723 2774 1377 2774 3722 2774 1481 2775 1378 2775 1483 2775 1483 2776 1378 2776 1410 2776 1483 2777 1410 2777 1484 2777 1484 2778 1410 2778 1379 2778 1484 2779 1379 2779 1380 2779 1380 2780 1379 2780 1381 2780 1380 2781 1381 2781 1486 2781 1464 2782 1386 2782 1463 2782 1463 2783 1386 2783 1382 2783 1463 2784 1382 2784 1383 2784 1383 2785 1382 2785 1385 2785 1445 2786 1384 2786 1457 2786 1457 2787 1384 2787 1455 2787 1386 2788 1387 2788 1382 2788 1382 2789 1387 2789 1389 2789 1382 2790 1389 2790 1385 2790 1385 2791 1389 2791 3720 2791 1464 2792 1455 2792 1386 2792 1386 2793 1455 2793 1384 2793 1386 2794 1384 2794 1387 2794 1387 2795 1384 2795 1388 2795 1387 2796 1388 2796 1389 2796 1389 2797 1388 2797 1395 2797 1389 2798 1395 2798 3720 2798 3720 2799 1395 2799 1394 2799 1400 2800 1398 2800 1390 2800 1390 2801 1398 2801 1391 2801 1390 2802 1391 2802 1392 2802 1392 2803 1391 2803 1393 2803 1392 2804 1393 2804 1394 2804 1394 2805 1395 2805 1392 2805 1392 2806 1395 2806 1388 2806 1392 2807 1388 2807 1390 2807 1390 2808 1388 2808 1384 2808 1390 2809 1384 2809 1400 2809 1400 2810 1384 2810 1445 2810 1400 2811 1445 2811 1401 2811 3719 2812 1394 2812 1451 2812 1451 2813 1394 2813 1393 2813 1451 2814 1393 2814 1396 2814 1396 2815 1393 2815 1391 2815 1396 2816 1391 2816 1448 2816 1448 2817 1391 2817 1398 2817 1448 2818 1398 2818 1397 2818 1397 2819 1398 2819 1400 2819 1397 2820 1400 2820 1399 2820 1399 2821 1400 2821 1401 2821 1762 2822 1470 2822 1764 2822 1764 2823 1470 2823 1402 2823 1764 2824 1402 2824 1766 2824 1766 2825 1402 2825 1468 2825 1766 2826 1468 2826 1767 2826 1767 2827 1468 2827 1403 2827 1767 2828 1403 2828 1768 2828 1768 2829 1403 2829 1467 2829 1768 2830 1467 2830 1404 2830 1404 2831 1467 2831 1405 2831 1404 2832 1405 2832 1771 2832 1771 2833 1405 2833 1406 2833 1771 2834 1406 2834 1772 2834 1772 2835 1406 2835 1407 2835 1772 2836 1407 2836 1369 2836 1369 2837 1407 2837 1376 2837 1369 2838 1376 2838 3724 2838 1462 2839 1408 2839 1460 2839 1460 2840 1408 2840 1446 2840 1460 2841 1446 2841 1458 2841 1378 2842 1409 2842 1410 2842 1410 2843 1409 2843 1411 2843 1410 2844 1411 2844 1379 2844 1379 2845 1411 2845 1492 2845 1379 2846 1492 2846 1381 2846 1381 2847 1492 2847 1493 2847 1381 2848 1493 2848 1486 2848 1486 2849 1493 2849 1494 2849 1486 2850 1494 2850 1488 2850 1488 2851 1494 2851 1412 2851 1488 2852 1412 2852 1489 2852 1489 2853 1412 2853 1496 2853 1489 2854 1496 2854 1491 2854 1491 2855 1496 2855 1414 2855 1491 2856 1414 2856 1413 2856 1413 2857 1414 2857 1498 2857 1413 2858 1498 2858 1703 2858 1703 2859 1498 2859 1499 2859 1415 2860 3737 2860 1712 2860 1712 2861 3737 2861 1565 2861 1712 2862 1565 2862 1416 2862 1416 2863 1565 2863 1417 2863 1416 2864 1417 2864 1418 2864 1418 2865 1417 2865 1419 2865 1418 2866 1419 2866 1420 2866 1420 2867 1419 2867 1421 2867 1420 2868 1421 2868 1715 2868 1715 2869 1421 2869 1422 2869 1715 2870 1422 2870 1716 2870 1716 2871 1422 2871 1570 2871 1716 2872 1570 2872 1423 2872 1423 2873 1570 2873 1571 2873 1423 2874 1571 2874 1424 2874 1424 2875 1571 2875 1573 2875 1424 2876 1573 2876 1696 2876 3732 2877 3733 2877 1425 2877 1425 2878 3733 2878 1502 2878 1425 2879 1502 2879 1426 2879 1426 2880 1502 2880 1503 2880 1426 2881 1503 2881 1427 2881 1427 2882 1503 2882 1505 2882 1427 2883 1505 2883 1495 2883 1495 2884 1505 2884 1428 2884 1495 2885 1428 2885 1497 2885 1497 2886 1428 2886 1429 2886 1497 2887 1429 2887 1430 2887 1430 2888 1429 2888 1508 2888 1430 2889 1508 2889 1431 2889 1431 2890 1508 2890 1510 2890 1431 2891 1510 2891 1500 2891 1500 2892 1510 2892 1511 2892 1500 2893 1511 2893 1704 2893 1704 2894 1511 2894 1705 2894 1367 2895 1365 2895 1432 2895 1432 2896 1365 2896 1433 2896 1432 2897 1433 2897 1773 2897 1773 2898 1433 2898 1435 2898 1773 2899 1435 2899 1434 2899 1434 2900 1435 2900 1482 2900 1434 2901 1482 2901 1770 2901 1770 2902 1482 2902 1485 2902 1770 2903 1485 2903 1769 2903 1769 2904 1485 2904 1436 2904 1769 2905 1436 2905 1437 2905 1437 2906 1436 2906 1487 2906 1437 2907 1487 2907 1438 2907 1438 2908 1487 2908 1439 2908 1438 2909 1439 2909 1765 2909 1765 2910 1439 2910 1490 2910 1765 2911 1490 2911 1763 2911 1763 2912 1490 2912 1440 2912 1763 2913 1440 2913 1761 2913 1761 2914 1440 2914 1701 2914 1761 2915 1701 2915 1441 2915 1908 2916 1442 2916 1298 2916 1298 2917 1442 2917 1443 2917 1298 2918 1443 2918 1452 2918 1452 2919 1443 2919 1444 2919 1452 2920 1444 2920 1820 2920 1457 2921 1458 2921 1445 2921 1445 2922 1458 2922 1446 2922 1445 2923 1446 2923 1401 2923 1401 2924 1446 2924 1473 2924 1401 2925 1473 2925 1399 2925 1399 2926 1473 2926 1474 2926 1399 2927 1474 2927 1397 2927 1397 2928 1474 2928 1447 2928 1397 2929 1447 2929 1448 2929 1448 2930 1447 2930 1449 2930 1448 2931 1449 2931 1396 2931 1396 2932 1449 2932 1450 2932 1396 2933 1450 2933 1451 2933 1451 2934 1450 2934 1904 2934 1451 2935 1904 2935 1147 2935 1657 2936 1452 2936 1453 2936 1453 2937 1452 2937 1820 2937 1453 2938 1820 2938 1821 2938 1475 2939 1472 2939 1823 2939 1823 2940 1472 2940 1454 2940 1823 2941 1454 2941 1471 2941 1464 2942 1465 2942 1455 2942 1455 2943 1465 2943 1466 2943 1455 2944 1466 2944 1457 2944 1457 2945 1466 2945 1456 2945 1457 2946 1456 2946 1458 2946 1458 2947 1456 2947 1459 2947 1458 2948 1459 2948 1460 2948 1460 2949 1459 2949 1461 2949 1460 2950 1461 2950 1462 2950 1462 2951 1461 2951 1469 2951 1383 2952 3722 2952 1463 2952 1463 2953 3722 2953 1377 2953 1463 2954 1377 2954 1464 2954 1464 2955 1377 2955 1406 2955 1464 2956 1406 2956 1465 2956 1465 2957 1406 2957 1405 2957 1465 2958 1405 2958 1466 2958 1466 2959 1405 2959 1467 2959 1466 2960 1467 2960 1456 2960 1456 2961 1467 2961 1403 2961 1456 2962 1403 2962 1459 2962 1459 2963 1403 2963 1468 2963 1459 2964 1468 2964 1461 2964 1461 2965 1468 2965 1402 2965 1461 2966 1402 2966 1469 2966 1469 2967 1402 2967 1470 2967 1762 2968 1760 2968 1470 2968 1470 2969 1760 2969 1828 2969 1470 2970 1828 2970 1469 2970 1469 2971 1828 2971 1825 2971 1469 2972 1825 2972 1462 2972 1462 2973 1825 2973 1471 2973 1462 2974 1471 2974 1408 2974 1408 2975 1471 2975 1454 2975 1408 2976 1454 2976 1446 2976 1446 2977 1454 2977 1472 2977 1446 2978 1472 2978 1473 2978 1473 2979 1472 2979 1475 2979 1473 2980 1475 2980 1474 2980 1474 2981 1475 2981 1819 2981 1474 2982 1819 2982 1447 2982 1447 2983 1819 2983 1476 2983 1447 2984 1476 2984 1449 2984 1449 2985 1476 2985 1477 2985 1449 2986 1477 2986 1450 2986 1450 2987 1477 2987 1905 2987 1450 2988 1905 2988 1904 2988 33 2989 32 2989 1516 2989 1516 2990 32 2990 1515 2990 1574 2991 1513 2991 35 2991 35 2992 1513 2992 1515 2992 35 2993 1515 2993 31 2993 31 2994 1515 2994 32 2994 114 2995 113 2995 1517 2995 1517 2996 113 2996 28 2996 1517 2997 28 2997 1478 2997 1478 2998 28 2998 27 2998 1478 2999 27 2999 26 2999 26 3000 1479 3000 1478 3000 1478 3001 1479 3001 29 3001 1478 3002 29 3002 1516 3002 1516 3003 29 3003 1480 3003 1516 3004 1480 3004 33 3004 1433 3005 1481 3005 1435 3005 1435 3006 1481 3006 1483 3006 1435 3007 1483 3007 1482 3007 1482 3008 1483 3008 1484 3008 1482 3009 1484 3009 1485 3009 1485 3010 1484 3010 1380 3010 1485 3011 1380 3011 1436 3011 1436 3012 1380 3012 1486 3012 1436 3013 1486 3013 1487 3013 1487 3014 1486 3014 1488 3014 1487 3015 1488 3015 1439 3015 1439 3016 1488 3016 1489 3016 1439 3017 1489 3017 1490 3017 1490 3018 1489 3018 1491 3018 1490 3019 1491 3019 1440 3019 1440 3020 1491 3020 1413 3020 1440 3021 1413 3021 1701 3021 1701 3022 1413 3022 1703 3022 1409 3023 3732 3023 1411 3023 1411 3024 3732 3024 1425 3024 1411 3025 1425 3025 1492 3025 1492 3026 1425 3026 1426 3026 1492 3027 1426 3027 1493 3027 1493 3028 1426 3028 1427 3028 1493 3029 1427 3029 1494 3029 1494 3030 1427 3030 1495 3030 1494 3031 1495 3031 1412 3031 1412 3032 1495 3032 1497 3032 1412 3033 1497 3033 1496 3033 1496 3034 1497 3034 1430 3034 1496 3035 1430 3035 1414 3035 1414 3036 1430 3036 1431 3036 1414 3037 1431 3037 1498 3037 1498 3038 1431 3038 1500 3038 1498 3039 1500 3039 1499 3039 1499 3040 1500 3040 1704 3040 3733 3041 1501 3041 1502 3041 1502 3042 1501 3042 1504 3042 1502 3043 1504 3043 1503 3043 1503 3044 1504 3044 1506 3044 1503 3045 1506 3045 1505 3045 1505 3046 1506 3046 1507 3046 1505 3047 1507 3047 1428 3047 1428 3048 1507 3048 1713 3048 1428 3049 1713 3049 1429 3049 1429 3050 1713 3050 1714 3050 1429 3051 1714 3051 1508 3051 1508 3052 1714 3052 1509 3052 1508 3053 1509 3053 1510 3053 1510 3054 1509 3054 1717 3054 1510 3055 1717 3055 1511 3055 1511 3056 1717 3056 1718 3056 1511 3057 1718 3057 1705 3057 1526 3058 1560 3058 1512 3058 1578 3059 1576 3059 1513 3059 1513 3060 1576 3060 1514 3060 1513 3061 1514 3061 1515 3061 1515 3062 1514 3062 1545 3062 1515 3063 1545 3063 1516 3063 1516 3064 1545 3064 1543 3064 1516 3065 1543 3065 1478 3065 1478 3066 1543 3066 1542 3066 1478 3067 1542 3067 1517 3067 1517 3068 1542 3068 1518 3068 1517 3069 1518 3069 1519 3069 1519 3070 1518 3070 1540 3070 1519 3071 1540 3071 1563 3071 1563 3072 1540 3072 1521 3072 1563 3073 1521 3073 1520 3073 1520 3074 1521 3074 1538 3074 1520 3075 1538 3075 1522 3075 1522 3076 1538 3076 1537 3076 1522 3077 1537 3077 1526 3077 1526 3078 1537 3078 1534 3078 1526 3079 1534 3079 1560 3079 1560 3080 1534 3080 1523 3080 1560 3081 1523 3081 1558 3081 1558 3082 1523 3082 1524 3082 1558 3083 1524 3083 1530 3083 1512 3084 1525 3084 1526 3084 1526 3085 1525 3085 1527 3085 1526 3086 1527 3086 1522 3086 1522 3087 1527 3087 1528 3087 1522 3088 1528 3088 1520 3088 1529 3089 1937 3089 1938 3089 1937 3090 1530 3090 1531 3090 1531 3091 1530 3091 1524 3091 1531 3092 1524 3092 1532 3092 1532 3093 1524 3093 1523 3093 1532 3094 1523 3094 1533 3094 1533 3095 1523 3095 1534 3095 1533 3096 1534 3096 1535 3096 1535 3097 1534 3097 1537 3097 1535 3098 1537 3098 1536 3098 1536 3099 1537 3099 1538 3099 1536 3100 1538 3100 1539 3100 1539 3101 1538 3101 1521 3101 1539 3102 1521 3102 1931 3102 1931 3103 1521 3103 1540 3103 1931 3104 1540 3104 1929 3104 1929 3105 1540 3105 1518 3105 1929 3106 1518 3106 1541 3106 1541 3107 1518 3107 1542 3107 1541 3108 1542 3108 1926 3108 1926 3109 1542 3109 1543 3109 1926 3110 1543 3110 1924 3110 1924 3111 1543 3111 1545 3111 1924 3112 1545 3112 1544 3112 1544 3113 1545 3113 1514 3113 1544 3114 1514 3114 1546 3114 1546 3115 1514 3115 1576 3115 1546 3116 1576 3116 1547 3116 1553 3117 1548 3117 1552 3117 1552 3118 1548 3118 2256 3118 1552 3119 2256 3119 1550 3119 1550 3120 2256 3120 1549 3120 1550 3121 1549 3121 1555 3121 1549 3122 120 3122 1551 3122 1555 3123 1093 3123 1550 3123 1550 3124 1093 3124 1529 3124 1550 3125 1529 3125 1552 3125 1552 3126 1529 3126 1938 3126 1552 3127 1938 3127 1553 3127 1549 3128 1551 3128 1555 3128 1555 3129 1551 3129 1554 3129 1555 3130 1554 3130 1559 3130 1559 3131 1554 3131 1556 3131 1559 3132 1556 3132 1557 3132 1937 3133 1529 3133 1530 3133 1530 3134 1529 3134 1093 3134 1530 3135 1093 3135 1558 3135 1558 3136 1093 3136 1559 3136 1558 3137 1559 3137 1560 3137 1560 3138 1559 3138 1557 3138 1560 3139 1557 3139 1512 3139 1528 3140 1561 3140 1520 3140 1520 3141 1561 3141 1562 3141 1520 3142 1562 3142 1563 3142 1563 3143 1562 3143 112 3143 1563 3144 112 3144 1519 3144 1519 3145 112 3145 1564 3145 1519 3146 1564 3146 1517 3146 1517 3147 1564 3147 116 3147 1517 3148 116 3148 114 3148 3737 3149 3738 3149 1565 3149 1565 3150 3738 3150 1566 3150 1565 3151 1566 3151 1417 3151 1417 3152 1566 3152 1567 3152 1417 3153 1567 3153 1419 3153 1419 3154 1567 3154 1568 3154 1419 3155 1568 3155 1421 3155 1421 3156 1568 3156 1569 3156 1421 3157 1569 3157 1422 3157 1422 3158 1569 3158 1733 3158 1422 3159 1733 3159 1570 3159 1570 3160 1733 3160 1735 3160 1570 3161 1735 3161 1571 3161 1571 3162 1735 3162 1572 3162 1571 3163 1572 3163 1573 3163 1573 3164 1572 3164 1737 3164 1574 3165 34 3165 1513 3165 1513 3166 34 3166 1575 3166 1513 3167 1575 3167 1578 3167 1578 3168 1575 3168 38 3168 1578 3169 38 3169 37 3169 1547 3170 1576 3170 1577 3170 1577 3171 1576 3171 1578 3171 1577 3172 1578 3172 1092 3172 1092 3173 1578 3173 37 3173 1092 3174 37 3174 1090 3174 3749 3175 3656 3175 1579 3175 1579 3176 3656 3176 1580 3176 1579 3177 1580 3177 1601 3177 1601 3178 1580 3178 1604 3178 1586 3179 1581 3179 1582 3179 1582 3180 1581 3180 1604 3180 1582 3181 1604 3181 1585 3181 1585 3182 1604 3182 1580 3182 1585 3183 1580 3183 1583 3183 1583 3184 1580 3184 3656 3184 1583 3185 1584 3185 1585 3185 1585 3186 1584 3186 1593 3186 1585 3187 1593 3187 1582 3187 1582 3188 1593 3188 1592 3188 1582 3189 1592 3189 1586 3189 1586 3190 1592 3190 1591 3190 1586 3191 1591 3191 1587 3191 1587 3192 1591 3192 1590 3192 1588 3193 1590 3193 1589 3193 1589 3194 1590 3194 1591 3194 1589 3195 1591 3195 1594 3195 1594 3196 1591 3196 1592 3196 1584 3197 1089 3197 1593 3197 1593 3198 1089 3198 2168 3198 1593 3199 2168 3199 1592 3199 1592 3200 2168 3200 2169 3200 1592 3201 2169 3201 1594 3201 1594 3202 2169 3202 2170 3202 1594 3203 2170 3203 1589 3203 1589 3204 2170 3204 2172 3204 1589 3205 2172 3205 1588 3205 1588 3206 2172 3206 2174 3206 2663 3207 2664 3207 2025 3207 2025 3208 2664 3208 1595 3208 2025 3209 1595 3209 1596 3209 1597 3210 3690 3210 2770 3210 3690 3211 818 3211 2770 3211 2770 3212 818 3212 148 3212 2770 3213 148 3213 1087 3213 2748 3214 153 3214 2647 3214 1598 3215 2419 3215 2439 3215 2439 3216 2419 3216 1599 3216 2439 3217 1599 3217 2438 3217 2438 3218 1599 3218 2417 3218 2438 3219 2417 3219 2437 3219 2437 3220 2417 3220 2416 3220 2437 3221 2416 3221 2436 3221 3746 3222 1600 3222 1602 3222 1602 3223 1600 3223 1601 3223 1602 3224 1601 3224 1603 3224 1603 3225 1601 3225 1604 3225 1603 3226 1604 3226 1608 3226 1608 3227 1604 3227 1581 3227 1608 3228 1581 3228 1609 3228 1609 3229 1581 3229 1586 3229 1609 3230 1586 3230 1611 3230 1611 3231 1586 3231 1587 3231 1611 3232 1587 3232 1612 3232 1612 3233 1587 3233 1590 3233 1612 3234 1590 3234 1613 3234 1613 3235 1590 3235 1588 3235 1613 3236 1588 3236 1605 3236 1605 3237 1588 3237 2174 3237 1605 3238 2174 3238 2175 3238 3745 3239 3746 3239 1606 3239 1606 3240 3746 3240 1602 3240 1606 3241 1602 3241 1607 3241 1607 3242 1602 3242 1603 3242 1607 3243 1603 3243 1616 3243 1616 3244 1603 3244 1608 3244 1616 3245 1608 3245 1617 3245 1617 3246 1608 3246 1609 3246 1617 3247 1609 3247 1618 3247 1618 3248 1609 3248 1611 3248 1618 3249 1611 3249 1610 3249 1610 3250 1611 3250 1612 3250 1610 3251 1612 3251 1621 3251 1621 3252 1612 3252 1613 3252 1621 3253 1613 3253 1623 3253 1623 3254 1613 3254 1605 3254 1623 3255 1605 3255 1625 3255 1625 3256 1605 3256 2175 3256 1625 3257 2175 3257 2176 3257 3744 3258 3745 3258 1627 3258 1627 3259 3745 3259 1606 3259 1627 3260 1606 3260 1614 3260 1614 3261 1606 3261 1607 3261 1614 3262 1607 3262 1615 3262 1615 3263 1607 3263 1616 3263 1615 3264 1616 3264 1630 3264 1630 3265 1616 3265 1617 3265 1630 3266 1617 3266 1632 3266 1632 3267 1617 3267 1618 3267 1632 3268 1618 3268 1619 3268 1619 3269 1618 3269 1610 3269 1619 3270 1610 3270 1620 3270 1620 3271 1610 3271 1621 3271 1620 3272 1621 3272 1622 3272 1622 3273 1621 3273 1623 3273 1622 3274 1623 3274 1624 3274 1624 3275 1623 3275 1625 3275 1624 3276 1625 3276 1635 3276 1635 3277 1625 3277 2176 3277 1635 3278 2176 3278 1636 3278 3741 3279 3744 3279 1626 3279 1626 3280 3744 3280 1627 3280 1626 3281 1627 3281 1670 3281 1670 3282 1627 3282 1614 3282 1670 3283 1614 3283 1628 3283 1628 3284 1614 3284 1615 3284 1628 3285 1615 3285 1629 3285 1629 3286 1615 3286 1630 3286 1629 3287 1630 3287 1631 3287 1631 3288 1630 3288 1632 3288 1631 3289 1632 3289 1672 3289 1672 3290 1632 3290 1619 3290 1672 3291 1619 3291 1673 3291 1673 3292 1619 3292 1620 3292 1673 3293 1620 3293 1633 3293 1633 3294 1620 3294 1622 3294 1633 3295 1622 3295 1676 3295 1676 3296 1622 3296 1624 3296 1676 3297 1624 3297 1634 3297 1634 3298 1624 3298 1635 3298 1634 3299 1635 3299 1678 3299 1678 3300 1635 3300 1636 3300 1678 3301 1636 3301 1679 3301 1821 3302 1824 3302 1658 3302 1658 3303 1824 3303 1637 3303 1658 3304 1637 3304 1638 3304 1638 3305 1637 3305 1826 3305 1638 3306 1826 3306 1660 3306 1660 3307 1826 3307 1827 3307 1660 3308 1827 3308 1639 3308 1639 3309 1827 3309 1829 3309 1639 3310 1829 3310 1640 3310 1640 3311 1829 3311 1642 3311 1640 3312 1642 3312 1641 3312 1641 3313 1642 3313 1644 3313 1641 3314 1644 3314 1643 3314 1643 3315 1644 3315 1645 3315 1643 3316 1645 3316 1663 3316 1663 3317 1645 3317 1646 3317 1663 3318 1646 3318 1664 3318 1664 3319 1646 3319 1647 3319 1664 3320 1647 3320 1666 3320 1666 3321 1647 3321 1648 3321 1666 3322 1648 3322 1649 3322 1649 3323 1648 3323 1833 3323 1649 3324 1833 3324 1650 3324 1650 3325 1833 3325 1834 3325 1650 3326 1834 3326 1651 3326 1651 3327 1834 3327 1653 3327 1651 3328 1653 3328 1652 3328 1652 3329 1653 3329 1654 3329 1652 3330 1654 3330 1655 3330 1655 3331 1654 3331 1838 3331 1655 3332 1838 3332 1816 3332 1912 3333 1656 3333 1854 3333 1854 3334 1656 3334 1657 3334 1854 3335 1657 3335 1855 3335 1855 3336 1657 3336 1453 3336 1855 3337 1453 3337 1857 3337 1857 3338 1453 3338 1821 3338 1857 3339 1821 3339 1858 3339 1858 3340 1821 3340 1658 3340 1858 3341 1658 3341 1859 3341 1859 3342 1658 3342 1638 3342 1859 3343 1638 3343 1659 3343 1659 3344 1638 3344 1660 3344 1659 3345 1660 3345 1862 3345 1862 3346 1660 3346 1639 3346 1862 3347 1639 3347 1661 3347 1661 3348 1639 3348 1640 3348 1661 3349 1640 3349 1864 3349 1864 3350 1640 3350 1641 3350 1864 3351 1641 3351 1865 3351 1865 3352 1641 3352 1643 3352 1865 3353 1643 3353 1662 3353 1662 3354 1643 3354 1663 3354 1662 3355 1663 3355 1866 3355 1866 3356 1663 3356 1664 3356 1866 3357 1664 3357 1665 3357 1665 3358 1664 3358 1666 3358 1665 3359 1666 3359 1868 3359 1868 3360 1666 3360 1649 3360 1868 3361 1649 3361 1870 3361 1870 3362 1649 3362 1650 3362 1870 3363 1650 3363 1872 3363 1872 3364 1650 3364 1651 3364 1872 3365 1651 3365 1667 3365 1667 3366 1651 3366 1652 3366 1667 3367 1652 3367 1873 3367 1873 3368 1652 3368 1655 3368 1873 3369 1655 3369 1874 3369 1874 3370 1655 3370 1816 3370 1874 3371 1816 3371 1875 3371 1681 3372 3741 3372 1668 3372 1668 3373 3741 3373 1626 3373 1668 3374 1626 3374 1669 3374 1669 3375 1626 3375 1670 3375 1669 3376 1670 3376 1683 3376 1683 3377 1670 3377 1628 3377 1683 3378 1628 3378 1684 3378 1684 3379 1628 3379 1629 3379 1684 3380 1629 3380 1687 3380 1687 3381 1629 3381 1631 3381 1687 3382 1631 3382 1671 3382 1671 3383 1631 3383 1672 3383 1671 3384 1672 3384 1688 3384 1688 3385 1672 3385 1673 3385 1688 3386 1673 3386 1674 3386 1674 3387 1673 3387 1633 3387 1674 3388 1633 3388 1675 3388 1675 3389 1633 3389 1676 3389 1675 3390 1676 3390 1692 3390 1692 3391 1676 3391 1634 3391 1692 3392 1634 3392 1693 3392 1693 3393 1634 3393 1678 3393 1693 3394 1678 3394 1677 3394 1677 3395 1678 3395 1679 3395 1677 3396 1679 3396 2179 3396 3740 3397 1681 3397 1680 3397 1680 3398 1681 3398 1668 3398 1680 3399 1668 3399 1682 3399 1682 3400 1668 3400 1669 3400 1682 3401 1669 3401 1732 3401 1732 3402 1669 3402 1683 3402 1732 3403 1683 3403 1685 3403 1685 3404 1683 3404 1684 3404 1685 3405 1684 3405 1734 3405 1734 3406 1684 3406 1687 3406 1734 3407 1687 3407 1686 3407 1686 3408 1687 3408 1671 3408 1686 3409 1671 3409 1736 3409 1736 3410 1671 3410 1688 3410 1736 3411 1688 3411 1689 3411 1689 3412 1688 3412 1674 3412 1689 3413 1674 3413 1690 3413 1690 3414 1674 3414 1675 3414 1690 3415 1675 3415 1691 3415 1691 3416 1675 3416 1692 3416 1691 3417 1692 3417 1740 3417 1740 3418 1692 3418 1693 3418 1740 3419 1693 3419 1741 3419 1741 3420 1693 3420 1677 3420 1741 3421 1677 3421 1694 3421 1694 3422 1677 3422 2179 3422 1694 3423 2179 3423 1695 3423 1696 3424 1573 3424 1721 3424 1721 3425 1573 3425 1737 3425 1721 3426 1737 3426 1697 3426 1697 3427 1737 3427 1738 3427 1697 3428 1738 3428 1698 3428 1698 3429 1738 3429 1739 3429 1698 3430 1739 3430 1722 3430 1722 3431 1739 3431 1699 3431 1722 3432 1699 3432 1724 3432 1724 3433 1699 3433 1700 3433 1724 3434 1700 3434 1726 3434 1726 3435 1700 3435 1742 3435 1726 3436 1742 3436 1727 3436 1727 3437 1742 3437 1743 3437 1727 3438 1743 3438 1731 3438 1731 3439 1743 3439 1744 3439 1731 3440 1744 3440 2181 3440 1441 3441 1701 3441 1702 3441 1702 3442 1701 3442 1703 3442 1702 3443 1703 3443 1758 3443 1758 3444 1703 3444 1499 3444 1758 3445 1499 3445 1755 3445 1755 3446 1499 3446 1704 3446 1755 3447 1704 3447 1754 3447 1754 3448 1704 3448 1705 3448 1754 3449 1705 3449 1753 3449 1753 3450 1705 3450 1719 3450 1753 3451 1719 3451 1706 3451 1706 3452 1719 3452 1720 3452 1706 3453 1720 3453 1750 3453 1750 3454 1720 3454 1707 3454 1750 3455 1707 3455 1749 3455 1749 3456 1707 3456 1709 3456 1749 3457 1709 3457 1708 3457 1708 3458 1709 3458 1723 3458 1708 3459 1723 3459 1747 3459 1747 3460 1723 3460 1725 3460 1747 3461 1725 3461 1710 3461 1710 3462 1725 3462 1728 3462 1710 3463 1728 3463 1711 3463 1711 3464 1728 3464 1729 3464 1711 3465 1729 3465 1730 3465 3736 3466 1415 3466 1504 3466 1504 3467 1415 3467 1712 3467 1504 3468 1712 3468 1506 3468 1506 3469 1712 3469 1416 3469 1506 3470 1416 3470 1507 3470 1507 3471 1416 3471 1418 3471 1507 3472 1418 3472 1713 3472 1713 3473 1418 3473 1420 3473 1713 3474 1420 3474 1714 3474 1714 3475 1420 3475 1715 3475 1714 3476 1715 3476 1509 3476 1509 3477 1715 3477 1716 3477 1509 3478 1716 3478 1717 3478 1717 3479 1716 3479 1423 3479 1717 3480 1423 3480 1718 3480 1718 3481 1423 3481 1424 3481 1718 3482 1424 3482 1705 3482 1705 3483 1424 3483 1696 3483 1705 3484 1696 3484 1719 3484 1719 3485 1696 3485 1721 3485 1719 3486 1721 3486 1720 3486 1720 3487 1721 3487 1697 3487 1720 3488 1697 3488 1707 3488 1707 3489 1697 3489 1698 3489 1707 3490 1698 3490 1709 3490 1709 3491 1698 3491 1722 3491 1709 3492 1722 3492 1723 3492 1723 3493 1722 3493 1724 3493 1723 3494 1724 3494 1725 3494 1725 3495 1724 3495 1726 3495 1725 3496 1726 3496 1728 3496 1728 3497 1726 3497 1727 3497 1728 3498 1727 3498 1729 3498 1729 3499 1727 3499 1731 3499 1729 3500 1731 3500 1730 3500 1730 3501 1731 3501 2181 3501 3738 3502 3740 3502 1566 3502 1566 3503 3740 3503 1680 3503 1566 3504 1680 3504 1567 3504 1567 3505 1680 3505 1682 3505 1567 3506 1682 3506 1568 3506 1568 3507 1682 3507 1732 3507 1568 3508 1732 3508 1569 3508 1569 3509 1732 3509 1685 3509 1569 3510 1685 3510 1733 3510 1733 3511 1685 3511 1734 3511 1733 3512 1734 3512 1735 3512 1735 3513 1734 3513 1686 3513 1735 3514 1686 3514 1572 3514 1572 3515 1686 3515 1736 3515 1572 3516 1736 3516 1737 3516 1737 3517 1736 3517 1689 3517 1737 3518 1689 3518 1738 3518 1738 3519 1689 3519 1690 3519 1738 3520 1690 3520 1739 3520 1739 3521 1690 3521 1691 3521 1739 3522 1691 3522 1699 3522 1699 3523 1691 3523 1740 3523 1699 3524 1740 3524 1700 3524 1700 3525 1740 3525 1741 3525 1700 3526 1741 3526 1742 3526 1742 3527 1741 3527 1694 3527 1742 3528 1694 3528 1743 3528 1743 3529 1694 3529 1695 3529 1743 3530 1695 3530 1744 3530 1778 3531 1745 3531 1807 3531 2181 3532 2182 3532 1730 3532 1730 3533 2182 3533 1746 3533 1730 3534 1746 3534 1711 3534 1711 3535 1746 3535 1837 3535 1711 3536 1837 3536 1710 3536 1710 3537 1837 3537 1836 3537 1710 3538 1836 3538 1747 3538 1747 3539 1836 3539 1835 3539 1747 3540 1835 3540 1708 3540 1708 3541 1835 3541 1748 3541 1708 3542 1748 3542 1749 3542 1749 3543 1748 3543 1751 3543 1749 3544 1751 3544 1750 3544 1750 3545 1751 3545 1752 3545 1750 3546 1752 3546 1706 3546 1706 3547 1752 3547 1832 3547 1706 3548 1832 3548 1753 3548 1753 3549 1832 3549 1831 3549 1753 3550 1831 3550 1754 3550 1754 3551 1831 3551 1756 3551 1754 3552 1756 3552 1755 3552 1755 3553 1756 3553 1757 3553 1755 3554 1757 3554 1758 3554 1758 3555 1757 3555 1759 3555 1758 3556 1759 3556 1702 3556 1702 3557 1759 3557 1830 3557 1702 3558 1830 3558 1441 3558 1441 3559 1830 3559 1760 3559 1441 3560 1760 3560 1761 3560 1761 3561 1760 3561 1762 3561 1761 3562 1762 3562 1763 3562 1763 3563 1762 3563 1764 3563 1763 3564 1764 3564 1765 3564 1765 3565 1764 3565 1766 3565 1765 3566 1766 3566 1438 3566 1438 3567 1766 3567 1767 3567 1438 3568 1767 3568 1437 3568 1437 3569 1767 3569 1768 3569 1437 3570 1768 3570 1769 3570 1769 3571 1768 3571 1404 3571 1769 3572 1404 3572 1770 3572 1770 3573 1404 3573 1771 3573 1770 3574 1771 3574 1434 3574 1434 3575 1771 3575 1772 3575 1434 3576 1772 3576 1773 3576 1773 3577 1772 3577 1368 3577 1773 3578 1368 3578 1774 3578 1774 3579 1368 3579 1775 3579 1774 3580 1775 3580 1366 3580 1776 3581 1745 3581 1777 3581 1777 3582 1745 3582 1778 3582 1777 3583 1778 3583 2180 3583 1810 3584 1776 3584 1781 3584 1781 3585 1776 3585 1777 3585 1781 3586 1777 3586 1782 3586 1782 3587 1777 3587 2180 3587 1782 3588 2180 3588 1779 3588 1784 3589 1810 3589 1780 3589 1780 3590 1810 3590 1781 3590 1780 3591 1781 3591 1785 3591 1785 3592 1781 3592 1782 3592 1785 3593 1782 3593 1787 3593 1787 3594 1782 3594 1779 3594 1787 3595 1779 3595 2178 3595 1783 3596 1784 3596 1789 3596 1789 3597 1784 3597 1780 3597 1789 3598 1780 3598 1792 3598 1792 3599 1780 3599 1785 3599 1792 3600 1785 3600 1786 3600 1786 3601 1785 3601 1787 3601 1786 3602 1787 3602 1788 3602 1788 3603 1787 3603 2178 3603 1788 3604 2178 3604 2177 3604 1812 3605 1783 3605 1790 3605 1790 3606 1783 3606 1789 3606 1790 3607 1789 3607 1791 3607 1791 3608 1789 3608 1792 3608 1791 3609 1792 3609 1793 3609 1793 3610 1792 3610 1786 3610 1793 3611 1786 3611 1794 3611 1794 3612 1786 3612 1788 3612 1794 3613 1788 3613 1795 3613 1795 3614 1788 3614 2177 3614 1795 3615 2177 3615 1799 3615 1814 3616 1812 3616 1802 3616 1802 3617 1812 3617 1790 3617 1802 3618 1790 3618 1803 3618 1803 3619 1790 3619 1791 3619 1803 3620 1791 3620 1796 3620 1796 3621 1791 3621 1793 3621 1796 3622 1793 3622 1797 3622 1797 3623 1793 3623 1794 3623 1797 3624 1794 3624 1806 3624 1806 3625 1794 3625 1795 3625 1806 3626 1795 3626 1798 3626 1798 3627 1795 3627 1799 3627 1798 3628 1799 3628 1800 3628 1985 3629 1814 3629 1801 3629 1801 3630 1814 3630 1802 3630 1801 3631 1802 3631 1987 3631 1987 3632 1802 3632 1803 3632 1987 3633 1803 3633 1988 3633 1988 3634 1803 3634 1796 3634 1988 3635 1796 3635 1804 3635 1804 3636 1796 3636 1797 3636 1804 3637 1797 3637 1805 3637 1805 3638 1797 3638 1806 3638 1805 3639 1806 3639 1989 3639 1989 3640 1806 3640 1798 3640 1989 3641 1798 3641 1991 3641 1991 3642 1798 3642 1800 3642 1991 3643 1800 3643 2173 3643 2040 3644 1807 3644 1808 3644 1808 3645 1807 3645 1745 3645 1808 3646 1745 3646 1809 3646 1809 3647 1745 3647 1776 3647 1809 3648 1776 3648 2041 3648 2041 3649 1776 3649 1810 3649 2041 3650 1810 3650 1811 3650 1811 3651 1810 3651 1784 3651 1811 3652 1784 3652 2043 3652 2043 3653 1784 3653 1783 3653 2043 3654 1783 3654 2044 3654 2044 3655 1783 3655 1812 3655 2044 3656 1812 3656 2045 3656 2045 3657 1812 3657 1814 3657 2045 3658 1814 3658 1813 3658 1813 3659 1814 3659 1985 3659 1813 3660 1985 3660 2046 3660 1838 3661 1815 3661 1816 3661 1816 3662 1815 3662 1839 3662 1816 3663 1839 3663 1875 3663 1875 3664 1839 3664 1817 3664 1875 3665 1817 3665 1818 3665 1907 3666 1477 3666 1442 3666 1442 3667 1477 3667 1476 3667 1442 3668 1476 3668 1443 3668 1443 3669 1476 3669 1819 3669 1443 3670 1819 3670 1444 3670 1444 3671 1819 3671 1475 3671 1444 3672 1475 3672 1820 3672 1820 3673 1475 3673 1822 3673 1820 3674 1822 3674 1821 3674 1821 3675 1822 3675 1823 3675 1821 3676 1823 3676 1824 3676 1824 3677 1823 3677 1471 3677 1824 3678 1471 3678 1637 3678 1637 3679 1471 3679 1825 3679 1637 3680 1825 3680 1826 3680 1826 3681 1825 3681 1828 3681 1826 3682 1828 3682 1827 3682 1827 3683 1828 3683 1760 3683 1827 3684 1760 3684 1829 3684 1829 3685 1760 3685 1830 3685 1829 3686 1830 3686 1642 3686 1642 3687 1830 3687 1759 3687 1642 3688 1759 3688 1644 3688 1644 3689 1759 3689 1757 3689 1644 3690 1757 3690 1645 3690 1645 3691 1757 3691 1756 3691 1645 3692 1756 3692 1646 3692 1646 3693 1756 3693 1831 3693 1646 3694 1831 3694 1647 3694 1647 3695 1831 3695 1832 3695 1647 3696 1832 3696 1648 3696 1648 3697 1832 3697 1752 3697 1648 3698 1752 3698 1833 3698 1833 3699 1752 3699 1751 3699 1833 3700 1751 3700 1834 3700 1834 3701 1751 3701 1748 3701 1834 3702 1748 3702 1653 3702 1653 3703 1748 3703 1835 3703 1653 3704 1835 3704 1654 3704 1654 3705 1835 3705 1836 3705 1654 3706 1836 3706 1838 3706 1838 3707 1836 3707 1837 3707 1838 3708 1837 3708 1815 3708 1815 3709 1837 3709 1746 3709 1815 3710 1746 3710 1839 3710 1839 3711 1746 3711 1840 3711 1839 3712 1840 3712 1817 3712 1901 3713 2253 3713 1841 3713 1841 3714 2253 3714 1941 3714 1841 3715 1941 3715 1899 3715 1899 3716 1941 3716 1939 3716 1899 3717 1939 3717 1898 3717 1898 3718 1939 3718 1843 3718 1898 3719 1843 3719 1842 3719 1842 3720 1843 3720 1844 3720 1842 3721 1844 3721 1893 3721 1893 3722 1844 3722 1936 3722 1893 3723 1936 3723 1892 3723 1892 3724 1936 3724 1935 3724 1892 3725 1935 3725 1845 3725 1845 3726 1935 3726 1934 3726 1845 3727 1934 3727 1846 3727 1846 3728 1934 3728 1933 3728 1846 3729 1933 3729 1891 3729 1891 3730 1933 3730 1847 3730 1891 3731 1847 3731 1848 3731 1848 3732 1847 3732 1932 3732 1848 3733 1932 3733 1887 3733 1887 3734 1932 3734 1930 3734 1887 3735 1930 3735 1885 3735 1885 3736 1930 3736 1928 3736 1885 3737 1928 3737 1849 3737 1849 3738 1928 3738 1927 3738 1849 3739 1927 3739 1850 3739 1850 3740 1927 3740 1925 3740 1850 3741 1925 3741 1883 3741 1883 3742 1925 3742 1923 3742 1883 3743 1923 3743 1882 3743 1882 3744 1923 3744 1922 3744 1882 3745 1922 3745 1880 3745 1880 3746 1922 3746 1921 3746 1880 3747 1921 3747 1879 3747 1879 3748 1921 3748 1851 3748 1879 3749 1851 3749 1852 3749 1852 3750 1851 3750 1853 3750 1852 3751 1853 3751 1877 3751 1877 3752 1853 3752 1918 3752 1877 3753 1918 3753 1917 3753 1915 3754 1854 3754 1094 3754 1094 3755 1854 3755 1855 3755 1094 3756 1855 3756 1856 3756 1856 3757 1855 3757 1857 3757 1856 3758 1857 3758 1878 3758 1878 3759 1857 3759 1858 3759 1878 3760 1858 3760 1881 3760 1881 3761 1858 3761 1859 3761 1881 3762 1859 3762 1860 3762 1860 3763 1859 3763 1659 3763 1860 3764 1659 3764 1861 3764 1861 3765 1659 3765 1862 3765 1861 3766 1862 3766 1884 3766 1884 3767 1862 3767 1661 3767 1884 3768 1661 3768 1863 3768 1863 3769 1661 3769 1864 3769 1863 3770 1864 3770 1886 3770 1886 3771 1864 3771 1865 3771 1886 3772 1865 3772 1888 3772 1888 3773 1865 3773 1662 3773 1888 3774 1662 3774 1889 3774 1889 3775 1662 3775 1866 3775 1889 3776 1866 3776 1890 3776 1890 3777 1866 3777 1665 3777 1890 3778 1665 3778 1867 3778 1867 3779 1665 3779 1868 3779 1867 3780 1868 3780 1869 3780 1869 3781 1868 3781 1870 3781 1869 3782 1870 3782 1871 3782 1871 3783 1870 3783 1872 3783 1871 3784 1872 3784 1894 3784 1894 3785 1872 3785 1667 3785 1894 3786 1667 3786 1895 3786 1895 3787 1667 3787 1873 3787 1895 3788 1873 3788 1896 3788 1896 3789 1873 3789 1874 3789 1896 3790 1874 3790 1897 3790 1897 3791 1874 3791 1875 3791 1897 3792 1875 3792 1900 3792 1900 3793 1875 3793 1818 3793 1900 3794 1818 3794 1876 3794 1917 3795 1094 3795 1877 3795 1877 3796 1094 3796 1856 3796 1877 3797 1856 3797 1852 3797 1852 3798 1856 3798 1878 3798 1852 3799 1878 3799 1879 3799 1879 3800 1878 3800 1881 3800 1879 3801 1881 3801 1880 3801 1880 3802 1881 3802 1860 3802 1880 3803 1860 3803 1882 3803 1882 3804 1860 3804 1861 3804 1882 3805 1861 3805 1883 3805 1883 3806 1861 3806 1884 3806 1883 3807 1884 3807 1850 3807 1850 3808 1884 3808 1863 3808 1850 3809 1863 3809 1849 3809 1849 3810 1863 3810 1886 3810 1849 3811 1886 3811 1885 3811 1885 3812 1886 3812 1888 3812 1885 3813 1888 3813 1887 3813 1887 3814 1888 3814 1889 3814 1887 3815 1889 3815 1848 3815 1848 3816 1889 3816 1890 3816 1848 3817 1890 3817 1891 3817 1891 3818 1890 3818 1867 3818 1891 3819 1867 3819 1846 3819 1846 3820 1867 3820 1869 3820 1846 3821 1869 3821 1845 3821 1845 3822 1869 3822 1871 3822 1845 3823 1871 3823 1892 3823 1892 3824 1871 3824 1894 3824 1892 3825 1894 3825 1893 3825 1893 3826 1894 3826 1895 3826 1893 3827 1895 3827 1842 3827 1842 3828 1895 3828 1896 3828 1842 3829 1896 3829 1898 3829 1898 3830 1896 3830 1897 3830 1898 3831 1897 3831 1899 3831 1899 3832 1897 3832 1900 3832 1899 3833 1900 3833 1841 3833 1841 3834 1900 3834 1876 3834 1841 3835 1876 3835 1901 3835 1902 3836 3716 3836 1903 3836 1903 3837 3716 3837 1147 3837 1903 3838 1147 3838 1291 3838 1291 3839 1147 3839 1904 3839 1291 3840 1904 3840 1293 3840 1293 3841 1904 3841 1905 3841 1293 3842 1905 3842 1906 3842 1906 3843 1905 3843 1907 3843 1906 3844 1907 3844 1295 3844 1295 3845 1907 3845 1908 3845 1295 3846 1908 3846 1909 3846 1909 3847 1908 3847 1910 3847 1909 3848 1910 3848 1311 3848 1311 3849 1910 3849 1911 3849 1311 3850 1911 3850 1913 3850 1913 3851 1911 3851 1912 3851 1913 3852 1912 3852 1914 3852 1914 3853 1912 3853 1915 3853 1914 3854 1915 3854 1916 3854 1916 3855 1915 3855 1917 3855 1916 3856 1917 3856 1919 3856 1919 3857 1917 3857 1918 3857 1919 3858 1918 3858 1340 3858 1340 3859 1918 3859 1853 3859 1340 3860 1853 3860 1920 3860 1920 3861 1853 3861 1851 3861 1920 3862 1851 3862 1547 3862 1547 3863 1851 3863 1921 3863 1547 3864 1921 3864 1546 3864 1546 3865 1921 3865 1922 3865 1546 3866 1922 3866 1544 3866 1544 3867 1922 3867 1923 3867 1544 3868 1923 3868 1924 3868 1924 3869 1923 3869 1925 3869 1924 3870 1925 3870 1926 3870 1926 3871 1925 3871 1927 3871 1926 3872 1927 3872 1541 3872 1541 3873 1927 3873 1928 3873 1541 3874 1928 3874 1929 3874 1929 3875 1928 3875 1930 3875 1929 3876 1930 3876 1931 3876 1931 3877 1930 3877 1932 3877 1931 3878 1932 3878 1539 3878 1539 3879 1932 3879 1847 3879 1539 3880 1847 3880 1536 3880 1536 3881 1847 3881 1933 3881 1536 3882 1933 3882 1535 3882 1535 3883 1933 3883 1934 3883 1535 3884 1934 3884 1533 3884 1533 3885 1934 3885 1935 3885 1533 3886 1935 3886 1532 3886 1532 3887 1935 3887 1936 3887 1532 3888 1936 3888 1531 3888 1531 3889 1936 3889 1844 3889 1531 3890 1844 3890 1937 3890 1937 3891 1844 3891 1843 3891 1937 3892 1843 3892 1938 3892 1938 3893 1843 3893 1939 3893 1938 3894 1939 3894 1553 3894 1553 3895 1939 3895 1941 3895 1553 3896 1941 3896 1940 3896 1940 3897 1941 3897 2253 3897 1984 3898 1943 3898 1942 3898 1942 3899 1943 3899 124 3899 1942 3900 124 3900 1944 3900 124 3901 1945 3901 1944 3901 1944 3902 1945 3902 1946 3902 1944 3903 1946 3903 3684 3903 3684 3904 1946 3904 1947 3904 3684 3905 1947 3905 3651 3905 2053 3906 1949 3906 1948 3906 1948 3907 1949 3907 1950 3907 1948 3908 1950 3908 1951 3908 1951 3909 1950 3909 1966 3909 1951 3910 1966 3910 2065 3910 2065 3911 1966 3911 1965 3911 2065 3912 1965 3912 1952 3912 1952 3913 1965 3913 1963 3913 1952 3914 1963 3914 2063 3914 2063 3915 1963 3915 1962 3915 2063 3916 1962 3916 2060 3916 2060 3917 1962 3917 1953 3917 2060 3918 1953 3918 1954 3918 1954 3919 1953 3919 1955 3919 1954 3920 1955 3920 2058 3920 2058 3921 1955 3921 1956 3921 2058 3922 1956 3922 1957 3922 1957 3923 1956 3923 1960 3923 1957 3924 1960 3924 1958 3924 1958 3925 1960 3925 2054 3925 2184 3926 2054 3926 1959 3926 1959 3927 2054 3927 1960 3927 1959 3928 1960 3928 2100 3928 2100 3929 1960 3929 1956 3929 2100 3930 1956 3930 2101 3930 2101 3931 1956 3931 1955 3931 2101 3932 1955 3932 2103 3932 2103 3933 1955 3933 1953 3933 2103 3934 1953 3934 1961 3934 1961 3935 1953 3935 1962 3935 1961 3936 1962 3936 2106 3936 2106 3937 1962 3937 1963 3937 2106 3938 1963 3938 1964 3938 1964 3939 1963 3939 1965 3939 1964 3940 1965 3940 1967 3940 1967 3941 1965 3941 1966 3941 1967 3942 1966 3942 1968 3942 1968 3943 1966 3943 1950 3943 1968 3944 1950 3944 1969 3944 1969 3945 1950 3945 1949 3945 1970 3946 1971 3946 3677 3946 3677 3947 1971 3947 1972 3947 3677 3948 1972 3948 3678 3948 3673 3949 1974 3949 1973 3949 1973 3950 1974 3950 1976 3950 1973 3951 1976 3951 1975 3951 1976 3952 91 3952 1975 3952 1975 3953 91 3953 1977 3953 1975 3954 1977 3954 1978 3954 1978 3955 1977 3955 92 3955 1978 3956 92 3956 1970 3956 1970 3957 92 3957 1979 3957 1970 3958 1979 3958 1971 3958 1972 3959 1980 3959 3678 3959 3678 3960 1980 3960 1981 3960 3678 3961 1981 3961 3681 3961 3681 3962 1981 3962 1982 3962 3681 3963 1982 3963 3682 3963 3682 3964 1982 3964 1983 3964 3682 3965 1983 3965 1984 3965 1984 3966 1983 3966 125 3966 1984 3967 125 3967 1943 3967 1993 3968 2046 3968 1994 3968 1994 3969 2046 3969 1985 3969 1994 3970 1985 3970 1995 3970 1995 3971 1985 3971 1801 3971 1995 3972 1801 3972 1997 3972 1997 3973 1801 3973 1987 3973 1997 3974 1987 3974 1986 3974 1986 3975 1987 3975 1988 3975 1986 3976 1988 3976 1998 3976 1998 3977 1988 3977 1804 3977 1998 3978 1804 3978 1999 3978 1999 3979 1804 3979 1805 3979 1999 3980 1805 3980 2001 3980 2001 3981 1805 3981 1989 3981 2001 3982 1989 3982 1990 3982 1990 3983 1989 3983 1991 3983 1990 3984 1991 3984 1992 3984 1992 3985 1991 3985 2173 3985 1992 3986 2173 3986 2004 3986 2016 3987 1993 3987 2015 3987 2015 3988 1993 3988 1994 3988 2015 3989 1994 3989 2014 3989 2014 3990 1994 3990 1995 3990 2014 3991 1995 3991 1996 3991 1996 3992 1995 3992 1997 3992 1996 3993 1997 3993 2012 3993 2012 3994 1997 3994 1986 3994 2012 3995 1986 3995 2010 3995 2010 3996 1986 3996 1998 3996 2010 3997 1998 3997 2008 3997 2008 3998 1998 3998 1999 3998 2008 3999 1999 3999 2000 3999 2000 4000 1999 4000 2001 4000 2000 4001 2001 4001 2006 4001 2006 4002 2001 4002 1990 4002 2006 4003 1990 4003 2002 4003 2002 4004 1990 4004 1992 4004 2002 4005 1992 4005 2003 4005 2003 4006 1992 4006 2004 4006 2003 4007 2004 4007 2171 4007 2171 4008 2086 4008 2003 4008 2003 4009 2086 4009 2088 4009 2003 4010 2088 4010 2002 4010 2002 4011 2088 4011 2005 4011 2002 4012 2005 4012 2006 4012 2006 4013 2005 4013 2090 4013 2006 4014 2090 4014 2000 4014 2000 4015 2090 4015 2007 4015 2000 4016 2007 4016 2008 4016 2008 4017 2007 4017 2009 4017 2008 4018 2009 4018 2010 4018 2010 4019 2009 4019 2011 4019 2010 4020 2011 4020 2012 4020 2012 4021 2011 4021 2094 4021 2012 4022 2094 4022 1996 4022 1996 4023 2094 4023 2013 4023 1996 4024 2013 4024 2014 4024 2014 4025 2013 4025 2096 4025 2014 4026 2096 4026 2015 4026 2015 4027 2096 4027 2048 4027 2015 4028 2048 4028 2016 4028 2880 4029 2434 4029 2881 4029 2876 4030 163 4030 168 4030 2028 4031 1088 4031 2029 4031 2029 4032 1088 4032 2017 4032 2029 4033 2017 4033 2031 4033 2031 4034 2017 4034 2667 4034 2031 4035 2667 4035 2018 4035 2018 4036 2667 4036 2019 4036 2018 4037 2019 4037 2033 4037 2033 4038 2019 4038 2020 4038 2033 4039 2020 4039 2036 4039 2036 4040 2020 4040 2022 4040 2036 4041 2022 4041 2021 4041 2021 4042 2022 4042 2669 4042 2021 4043 2669 4043 2023 4043 2023 4044 2669 4044 2670 4044 2023 4045 2670 4045 2037 4045 2037 4046 2670 4046 2024 4046 2037 4047 2024 4047 2039 4047 2039 4048 2024 4048 161 4048 2039 4049 161 4049 165 4049 2890 4050 2663 4050 2889 4050 2889 4051 2663 4051 2025 4051 2889 4052 2025 4052 2026 4052 2026 4053 2025 4053 1596 4053 2026 4054 1596 4054 2027 4054 2027 4055 1596 4055 2028 4055 2027 4056 2028 4056 2885 4056 2885 4057 2028 4057 2029 4057 2885 4058 2029 4058 2030 4058 2030 4059 2029 4059 2031 4059 2030 4060 2031 4060 2882 4060 2882 4061 2031 4061 2018 4061 2882 4062 2018 4062 2032 4062 2032 4063 2018 4063 2033 4063 2032 4064 2033 4064 2034 4064 2034 4065 2033 4065 2036 4065 2034 4066 2036 4066 2035 4066 2035 4067 2036 4067 2021 4067 2035 4068 2021 4068 2879 4068 2879 4069 2021 4069 2023 4069 2879 4070 2023 4070 2877 4070 2877 4071 2023 4071 2037 4071 2877 4072 2037 4072 2038 4072 2038 4073 2037 4073 2039 4073 2038 4074 2039 4074 2876 4074 2876 4075 2039 4075 165 4075 2876 4076 165 4076 163 4076 2183 4077 2040 4077 2055 4077 2055 4078 2040 4078 1808 4078 2055 4079 1808 4079 2056 4079 2056 4080 1808 4080 1809 4080 2056 4081 1809 4081 2057 4081 2057 4082 1809 4082 2041 4082 2057 4083 2041 4083 2059 4083 2059 4084 2041 4084 1811 4084 2059 4085 1811 4085 2042 4085 2042 4086 1811 4086 2043 4086 2042 4087 2043 4087 2061 4087 2061 4088 2043 4088 2044 4088 2061 4089 2044 4089 2062 4089 2062 4090 2044 4090 2045 4090 2062 4091 2045 4091 2064 4091 2064 4092 2045 4092 1813 4092 2064 4093 1813 4093 2066 4093 2066 4094 1813 4094 2046 4094 2066 4095 2046 4095 2067 4095 2067 4096 2046 4096 1993 4096 2067 4097 1993 4097 2068 4097 2068 4098 1993 4098 2016 4098 2068 4099 2016 4099 2047 4099 2047 4100 2016 4100 2048 4100 2047 4101 2048 4101 2049 4101 2049 4102 2048 4102 2097 4102 2049 4103 2097 4103 2070 4103 2070 4104 2097 4104 2098 4104 2070 4105 2098 4105 2050 4105 2050 4106 2098 4106 2117 4106 2069 4107 2051 4107 2052 4107 2052 4108 2051 4108 2114 4108 2052 4109 2114 4109 2053 4109 2053 4110 2114 4110 2112 4110 2053 4111 2112 4111 1949 4111 1949 4112 2112 4112 2111 4112 1949 4113 2111 4113 1969 4113 2184 4114 2183 4114 2054 4114 2054 4115 2183 4115 2055 4115 2054 4116 2055 4116 1958 4116 1958 4117 2055 4117 2056 4117 1958 4118 2056 4118 1957 4118 1957 4119 2056 4119 2057 4119 1957 4120 2057 4120 2058 4120 2058 4121 2057 4121 2059 4121 2058 4122 2059 4122 1954 4122 1954 4123 2059 4123 2042 4123 1954 4124 2042 4124 2060 4124 2060 4125 2042 4125 2061 4125 2060 4126 2061 4126 2063 4126 2063 4127 2061 4127 2062 4127 2063 4128 2062 4128 1952 4128 1952 4129 2062 4129 2064 4129 1952 4130 2064 4130 2065 4130 2065 4131 2064 4131 2066 4131 2065 4132 2066 4132 1951 4132 1951 4133 2066 4133 2067 4133 1951 4134 2067 4134 1948 4134 1948 4135 2067 4135 2068 4135 1948 4136 2068 4136 2053 4136 2053 4137 2068 4137 2047 4137 2053 4138 2047 4138 2052 4138 2052 4139 2047 4139 2049 4139 2052 4140 2049 4140 2069 4140 2069 4141 2049 4141 2070 4141 2069 4142 2070 4142 2115 4142 2115 4143 2070 4143 2050 4143 2085 4144 2167 4144 2087 4144 2087 4145 2167 4145 2165 4145 2087 4146 2165 4146 2089 4146 2089 4147 2165 4147 2164 4147 2089 4148 2164 4148 2091 4148 2091 4149 2164 4149 2161 4149 2091 4150 2161 4150 2092 4150 2092 4151 2161 4151 2072 4151 2092 4152 2072 4152 2071 4152 2071 4153 2072 4153 2073 4153 2071 4154 2073 4154 2093 4154 2093 4155 2073 4155 2074 4155 2093 4156 2074 4156 2076 4156 2076 4157 2074 4157 2075 4157 2076 4158 2075 4158 2077 4158 2077 4159 2075 4159 2157 4159 2077 4160 2157 4160 2095 4160 2095 4161 2157 4161 2155 4161 2095 4162 2155 4162 2078 4162 2078 4163 2155 4163 2153 4163 2078 4164 2153 4164 2079 4164 2079 4165 2153 4165 2080 4165 2079 4166 2080 4166 2081 4166 2081 4167 2080 4167 2083 4167 2081 4168 2083 4168 2082 4168 2082 4169 2083 4169 2150 4169 2084 4170 2085 4170 2086 4170 2086 4171 2085 4171 2087 4171 2086 4172 2087 4172 2088 4172 2088 4173 2087 4173 2089 4173 2088 4174 2089 4174 2005 4174 2005 4175 2089 4175 2091 4175 2005 4176 2091 4176 2090 4176 2090 4177 2091 4177 2092 4177 2090 4178 2092 4178 2007 4178 2007 4179 2092 4179 2071 4179 2007 4180 2071 4180 2009 4180 2009 4181 2071 4181 2093 4181 2009 4182 2093 4182 2011 4182 2011 4183 2093 4183 2076 4183 2011 4184 2076 4184 2094 4184 2094 4185 2076 4185 2077 4185 2094 4186 2077 4186 2013 4186 2013 4187 2077 4187 2095 4187 2013 4188 2095 4188 2096 4188 2096 4189 2095 4189 2078 4189 2096 4190 2078 4190 2097 4190 2097 4191 2078 4191 2079 4191 2097 4192 2079 4192 2098 4192 2098 4193 2079 4193 2081 4193 2098 4194 2081 4194 2117 4194 2117 4195 2081 4195 2082 4195 2126 4196 2185 4196 2127 4196 2127 4197 2185 4197 1959 4197 2127 4198 1959 4198 2128 4198 2128 4199 1959 4199 2100 4199 2128 4200 2100 4200 2099 4200 2099 4201 2100 4201 2101 4201 2099 4202 2101 4202 2102 4202 2102 4203 2101 4203 2103 4203 2102 4204 2103 4204 2104 4204 2104 4205 2103 4205 1961 4205 2104 4206 1961 4206 2105 4206 2105 4207 1961 4207 2106 4207 2105 4208 2106 4208 2107 4208 2107 4209 2106 4209 1964 4209 2107 4210 1964 4210 2133 4210 2133 4211 1964 4211 1967 4211 2133 4212 1967 4212 2108 4212 2108 4213 1967 4213 1968 4213 2108 4214 1968 4214 2135 4214 2135 4215 1968 4215 1969 4215 2135 4216 1969 4216 2109 4216 2109 4217 1969 4217 2111 4217 2109 4218 2111 4218 2110 4218 2110 4219 2111 4219 2112 4219 2110 4220 2112 4220 2113 4220 2113 4221 2112 4221 2114 4221 2113 4222 2114 4222 2138 4222 2138 4223 2114 4223 2051 4223 2138 4224 2051 4224 2140 4224 2140 4225 2051 4225 2115 4225 2140 4226 2115 4226 2116 4226 2116 4227 2115 4227 2050 4227 2116 4228 2050 4228 2142 4228 2142 4229 2050 4229 2117 4229 2142 4230 2117 4230 2144 4230 2144 4231 2117 4231 2082 4231 2144 4232 2082 4232 2146 4232 2146 4233 2082 4233 2150 4233 2146 4234 2150 4234 2147 4234 2118 4235 2125 4235 3671 4235 3671 4236 2125 4236 96 4236 3671 4237 96 4237 3672 4237 2301 4238 102 4238 2119 4238 2119 4239 102 4239 2121 4239 2119 4240 2121 4240 2120 4240 2121 4241 100 4241 2120 4241 2120 4242 100 4242 98 4242 2120 4243 98 4243 2122 4243 2122 4244 98 4244 2123 4244 2122 4245 2123 4245 2118 4245 2118 4246 2123 4246 2124 4246 2118 4247 2124 4247 2125 4247 2251 4248 2126 4248 2249 4248 2249 4249 2126 4249 2127 4249 2249 4250 2127 4250 2247 4250 2247 4251 2127 4251 2128 4251 2247 4252 2128 4252 2246 4252 2246 4253 2128 4253 2099 4253 2246 4254 2099 4254 2129 4254 2129 4255 2099 4255 2102 4255 2129 4256 2102 4256 2130 4256 2130 4257 2102 4257 2104 4257 2130 4258 2104 4258 2131 4258 2131 4259 2104 4259 2105 4259 2131 4260 2105 4260 2132 4260 2132 4261 2105 4261 2107 4261 2132 4262 2107 4262 2242 4262 2242 4263 2107 4263 2133 4263 2242 4264 2133 4264 2134 4264 2134 4265 2133 4265 2108 4265 2134 4266 2108 4266 2240 4266 2240 4267 2108 4267 2135 4267 2240 4268 2135 4268 2239 4268 2239 4269 2135 4269 2109 4269 2239 4270 2109 4270 2136 4270 2136 4271 2109 4271 2110 4271 2136 4272 2110 4272 2137 4272 2137 4273 2110 4273 2113 4273 2137 4274 2113 4274 2139 4274 2139 4275 2113 4275 2138 4275 2139 4276 2138 4276 2235 4276 2235 4277 2138 4277 2140 4277 2235 4278 2140 4278 2141 4278 2141 4279 2140 4279 2116 4279 2141 4280 2116 4280 2231 4280 2231 4281 2116 4281 2142 4281 2231 4282 2142 4282 2143 4282 2143 4283 2142 4283 2144 4283 2143 4284 2144 4284 2145 4284 2145 4285 2144 4285 2146 4285 2145 4286 2146 4286 2227 4286 2227 4287 2146 4287 2147 4287 2227 4288 2147 4288 2225 4288 2224 4289 2225 4289 2148 4289 2148 4290 2225 4290 2147 4290 2148 4291 2147 4291 2149 4291 2149 4292 2147 4292 2150 4292 2149 4293 2150 4293 2151 4293 2151 4294 2150 4294 2083 4294 2151 4295 2083 4295 3667 4295 3667 4296 2083 4296 2080 4296 3667 4297 2080 4297 2152 4297 2152 4298 2080 4298 2153 4298 2152 4299 2153 4299 2154 4299 2154 4300 2153 4300 2155 4300 2154 4301 2155 4301 2156 4301 2156 4302 2155 4302 2157 4302 2156 4303 2157 4303 2158 4303 2158 4304 2157 4304 2075 4304 2158 4305 2075 4305 2159 4305 2159 4306 2075 4306 2074 4306 2159 4307 2074 4307 3663 4307 3663 4308 2074 4308 2073 4308 3663 4309 2073 4309 2160 4309 2160 4310 2073 4310 2072 4310 2160 4311 2072 4311 3661 4311 3661 4312 2072 4312 2161 4312 3661 4313 2161 4313 2162 4313 2162 4314 2161 4314 2164 4314 2162 4315 2164 4315 2163 4315 2163 4316 2164 4316 2165 4316 2163 4317 2165 4317 2166 4317 2166 4318 2165 4318 2167 4318 2166 4319 2167 4319 3659 4319 3659 4320 2167 4320 2085 4320 3659 4321 2085 4321 2168 4321 2168 4322 2085 4322 2084 4322 2168 4323 2084 4323 2169 4323 2169 4324 2084 4324 2171 4324 2169 4325 2171 4325 2170 4325 2170 4326 2171 4326 2004 4326 2170 4327 2004 4327 2172 4327 2172 4328 2004 4328 2173 4328 2172 4329 2173 4329 2174 4329 2174 4330 2173 4330 1800 4330 2174 4331 1800 4331 2175 4331 2175 4332 1800 4332 1799 4332 2175 4333 1799 4333 2176 4333 2176 4334 1799 4334 2177 4334 2176 4335 2177 4335 1636 4335 1636 4336 2177 4336 2178 4336 1636 4337 2178 4337 1679 4337 1679 4338 2178 4338 1779 4338 1679 4339 1779 4339 2179 4339 2179 4340 1779 4340 2180 4340 2179 4341 2180 4341 1695 4341 1695 4342 2180 4342 1778 4342 1695 4343 1778 4343 1744 4343 1744 4344 1778 4344 1807 4344 1744 4345 1807 4345 2181 4345 2181 4346 1807 4346 2040 4346 2181 4347 2040 4347 2182 4347 2182 4348 2040 4348 2183 4348 2182 4349 2183 4349 1840 4349 1840 4350 2183 4350 2184 4350 1840 4351 2184 4351 1817 4351 1817 4352 2184 4352 2185 4352 1817 4353 2185 4353 1818 4353 1818 4354 2185 4354 2126 4354 1818 4355 2126 4355 1876 4355 1876 4356 2126 4356 2251 4356 1876 4357 2251 4357 1901 4357 2307 4358 2186 4358 2427 4358 2223 4359 172 4359 2398 4359 2456 4360 3649 4360 2187 4360 2187 4361 3649 4361 2374 4361 2187 4362 2374 4362 2188 4362 2188 4363 2374 4363 2189 4363 2188 4364 2189 4364 2190 4364 2190 4365 2189 4365 2191 4365 2190 4366 2191 4366 2192 4366 2192 4367 2191 4367 2193 4367 2192 4368 2193 4368 2194 4368 2194 4369 2193 4369 2378 4369 2194 4370 2378 4370 2195 4370 2195 4371 2378 4371 2196 4371 2195 4372 2196 4372 2464 4372 2464 4373 2196 4373 2197 4373 2464 4374 2197 4374 2198 4374 2198 4375 2197 4375 2379 4375 2198 4376 2379 4376 2200 4376 2200 4377 2379 4377 2199 4377 2200 4378 2199 4378 2466 4378 2466 4379 2199 4379 2380 4379 2466 4380 2380 4380 2201 4380 2201 4381 2380 4381 2382 4381 2201 4382 2382 4382 2468 4382 2468 4383 2382 4383 2383 4383 2468 4384 2383 4384 2470 4384 2470 4385 2383 4385 2202 4385 2470 4386 2202 4386 2471 4386 2471 4387 2202 4387 2203 4387 2471 4388 2203 4388 2204 4388 2204 4389 2203 4389 2387 4389 2204 4390 2387 4390 2205 4390 2205 4391 2387 4391 2388 4391 2205 4392 2388 4392 2206 4392 2427 4393 174 4393 2207 4393 2207 4394 174 4394 2208 4394 2409 4395 2209 4395 2210 4395 2210 4396 2209 4396 2440 4396 2210 4397 2440 4397 2211 4397 2211 4398 2440 4398 2212 4398 2211 4399 2212 4399 2407 4399 2407 4400 2212 4400 2213 4400 2407 4401 2213 4401 2214 4401 2214 4402 2213 4402 2435 4402 2214 4403 2435 4403 2215 4403 2215 4404 2435 4404 2217 4404 2215 4405 2217 4405 2216 4405 2216 4406 2217 4406 2433 4406 2216 4407 2433 4407 2219 4407 2219 4408 2433 4408 2218 4408 2219 4409 2218 4409 2405 4409 2405 4410 2218 4410 2430 4410 2405 4411 2430 4411 2220 4411 2220 4412 2430 4412 2221 4412 2220 4413 2221 4413 2404 4413 2404 4414 2221 4414 2428 4414 2404 4415 2428 4415 2402 4415 2402 4416 2428 4416 2222 4416 2402 4417 2222 4417 2401 4417 2401 4418 2222 4418 2207 4418 2401 4419 2207 4419 2223 4419 2223 4420 2207 4420 2208 4420 2223 4421 2208 4421 172 4421 2224 4422 3669 4422 2225 4422 2225 4423 3669 4423 2226 4423 2225 4424 2226 4424 2227 4424 2227 4425 2226 4425 2228 4425 2227 4426 2228 4426 2145 4426 2145 4427 2228 4427 2229 4427 2145 4428 2229 4428 2143 4428 2143 4429 2229 4429 2230 4429 2143 4430 2230 4430 2231 4430 2231 4431 2230 4431 2232 4431 2231 4432 2232 4432 2141 4432 2141 4433 2232 4433 2233 4433 2141 4434 2233 4434 2235 4434 2235 4435 2233 4435 2234 4435 2235 4436 2234 4436 2139 4436 2139 4437 2234 4437 2236 4437 2139 4438 2236 4438 2137 4438 2137 4439 2236 4439 2237 4439 2137 4440 2237 4440 2136 4440 2136 4441 2237 4441 2238 4441 2136 4442 2238 4442 2239 4442 2239 4443 2238 4443 3674 4443 2239 4444 3674 4444 2240 4444 2240 4445 3674 4445 3675 4445 2240 4446 3675 4446 2134 4446 2134 4447 3675 4447 2241 4447 2134 4448 2241 4448 2242 4448 2242 4449 2241 4449 2243 4449 2242 4450 2243 4450 2132 4450 2132 4451 2243 4451 2244 4451 2132 4452 2244 4452 2131 4452 2131 4453 2244 4453 3676 4453 2131 4454 3676 4454 2130 4454 2130 4455 3676 4455 2245 4455 2130 4456 2245 4456 2129 4456 2129 4457 2245 4457 3679 4457 2129 4458 3679 4458 2246 4458 2246 4459 3679 4459 3680 4459 2246 4460 3680 4460 2247 4460 2247 4461 3680 4461 2248 4461 2247 4462 2248 4462 2249 4462 2249 4463 2248 4463 2250 4463 2249 4464 2250 4464 2251 4464 2251 4465 2250 4465 2252 4465 2251 4466 2252 4466 1901 4466 1901 4467 2252 4467 3683 4467 1901 4468 3683 4468 2253 4468 2253 4469 3683 4469 2254 4469 2253 4470 2254 4470 1940 4470 1940 4471 2254 4471 2255 4471 1940 4472 2255 4472 1548 4472 1548 4473 2255 4473 3685 4473 1548 4474 3685 4474 2256 4474 2256 4475 3685 4475 3687 4475 2256 4476 3687 4476 1549 4476 1549 4477 3687 4477 118 4477 1549 4478 118 4478 120 4478 2260 4479 2280 4479 2257 4479 2257 4480 106 4480 3670 4480 3670 4481 106 4481 107 4481 3670 4482 107 4482 2297 4482 2280 4483 2260 4483 2259 4483 2372 4484 2258 4484 2373 4484 2373 4485 2258 4485 2259 4485 2373 4486 2259 4486 2375 4486 2375 4487 2259 4487 2260 4487 2375 4488 2260 4488 2376 4488 2376 4489 2260 4489 2261 4489 2376 4490 2261 4490 2377 4490 2377 4491 2261 4491 2262 4491 2377 4492 2262 4492 2263 4492 2263 4493 2262 4493 2264 4493 2263 4494 2264 4494 2265 4494 2265 4495 2264 4495 3668 4495 2265 4496 3668 4496 2266 4496 2266 4497 3668 4497 2267 4497 2266 4498 2267 4498 2268 4498 2268 4499 2267 4499 3666 4499 2268 4500 3666 4500 2269 4500 2269 4501 3666 4501 2270 4501 2269 4502 2270 4502 2271 4502 2271 4503 2270 4503 3665 4503 2271 4504 3665 4504 2381 4504 2381 4505 3665 4505 2273 4505 2381 4506 2273 4506 2272 4506 2272 4507 2273 4507 3664 4507 2272 4508 3664 4508 2384 4508 2384 4509 3664 4509 2274 4509 2384 4510 2274 4510 2385 4510 2385 4511 2274 4511 3662 4511 2385 4512 3662 4512 2386 4512 2386 4513 3662 4513 2275 4513 2386 4514 2275 4514 2276 4514 2276 4515 2275 4515 2277 4515 2276 4516 2277 4516 2389 4516 2389 4517 2277 4517 2278 4517 2389 4518 2278 4518 3660 4518 178 4519 2456 4519 1084 4519 2258 4520 108 4520 2259 4520 2259 4521 108 4521 2279 4521 2259 4522 2279 4522 2280 4522 2280 4523 2279 4523 2281 4523 2280 4524 2281 4524 2257 4524 2257 4525 2281 4525 105 4525 2257 4526 105 4526 106 4526 2282 4527 2411 4527 2283 4527 2283 4528 2411 4528 2410 4528 2283 4529 2410 4529 2284 4529 2284 4530 2410 4530 2408 4530 2284 4531 2408 4531 2469 4531 2469 4532 2408 4532 2285 4532 2469 4533 2285 4533 2286 4533 2286 4534 2285 4534 2406 4534 2286 4535 2406 4535 2467 4535 2467 4536 2406 4536 2287 4536 2467 4537 2287 4537 2289 4537 2289 4538 2287 4538 2288 4538 2289 4539 2288 4539 2290 4539 2290 4540 2288 4540 2291 4540 2290 4541 2291 4541 2465 4541 2465 4542 2291 4542 2292 4542 2465 4543 2292 4543 2463 4543 2463 4544 2292 4544 2293 4544 2463 4545 2293 4545 2462 4545 2462 4546 2293 4546 2294 4546 2462 4547 2294 4547 2461 4547 2461 4548 2294 4548 2403 4548 2461 4549 2403 4549 2460 4549 2460 4550 2403 4550 2295 4550 2460 4551 2295 4551 2459 4551 2459 4552 2295 4552 2400 4552 2459 4553 2400 4553 2458 4553 2458 4554 2400 4554 2399 4554 2458 4555 2399 4555 2457 4555 2457 4556 2399 4556 2296 4556 2457 4557 2296 4557 175 4557 107 4558 2298 4558 2297 4558 2297 4559 2298 4559 2299 4559 2297 4560 2299 4560 2301 4560 2301 4561 2299 4561 2300 4561 2301 4562 2300 4562 102 4562 168 4563 167 4563 2875 4563 2875 4564 167 4564 171 4564 2434 4565 2880 4565 2432 4565 2432 4566 2880 4566 2302 4566 2432 4567 2302 4567 2431 4567 2431 4568 2302 4568 2878 4568 2431 4569 2878 4569 2303 4569 2303 4570 2878 4570 2304 4570 2303 4571 2304 4571 2429 4571 2429 4572 2304 4572 2305 4572 2429 4573 2305 4573 2306 4573 2306 4574 2305 4574 2875 4574 2306 4575 2875 4575 2307 4575 2307 4576 2875 4576 171 4576 2307 4577 171 4577 2186 4577 96 4578 97 4578 3672 4578 3672 4579 97 4579 94 4579 3672 4580 94 4580 2308 4580 2308 4581 94 4581 93 4581 2308 4582 93 4582 3673 4582 3673 4583 93 4583 2309 4583 3673 4584 2309 4584 1974 4584 2310 4585 2311 4585 3102 4585 2310 4586 3858 4586 2311 4586 2311 4587 3858 4587 2312 4587 2311 4588 2312 4588 3100 4588 3100 4589 2312 4589 3859 4589 3100 4590 3859 4590 2316 4590 3093 4591 3092 4591 2313 4591 2313 4592 3092 4592 3091 4592 2313 4593 3091 4593 3099 4593 3099 4594 3091 4594 2314 4594 3099 4595 2314 4595 2315 4595 2315 4596 2314 4596 3090 4596 2316 4597 3857 4597 2317 4597 2317 4598 3857 4598 2318 4598 2317 4599 2318 4599 2319 4599 2318 4600 3856 4600 2319 4600 2319 4601 3856 4601 2320 4601 2319 4602 2320 4602 2321 4602 3561 4603 2323 4603 2322 4603 2322 4604 2323 4604 3095 4604 2322 4605 3095 4605 2324 4605 2320 4606 3854 4606 2321 4606 2321 4607 3854 4607 2325 4607 2321 4608 2325 4608 3095 4608 3095 4609 2325 4609 2326 4609 3095 4610 2326 4610 2324 4610 2327 4611 2328 4611 3096 4611 3096 4612 2328 4612 2333 4612 3096 4613 2333 4613 2329 4613 2329 4614 2333 4614 2331 4614 2329 4615 2331 4615 2330 4615 2330 4616 2331 4616 2332 4616 2330 4617 2332 4617 3093 4617 2364 4618 2332 4618 2362 4618 2362 4619 2332 4619 2331 4619 2362 4620 2331 4620 2361 4620 2361 4621 2331 4621 2333 4621 2361 4622 2333 4622 2359 4622 2359 4623 2333 4623 2328 4623 2363 4624 2356 4624 2365 4624 2365 4625 2356 4625 2334 4625 2365 4626 2334 4626 2366 4626 2366 4627 2334 4627 2367 4627 2363 4628 2360 4628 2357 4628 3853 4629 2335 4629 2351 4629 2351 4630 2335 4630 2336 4630 2351 4631 2336 4631 3852 4631 3851 4632 2337 4632 3762 4632 3762 4633 2337 4633 3763 4633 2338 4634 3761 4634 2516 4634 3842 4635 2340 4635 2339 4635 2339 4636 2340 4636 2343 4636 2339 4637 2343 4637 2342 4637 2340 4638 2341 4638 2343 4638 2343 4639 2341 4639 3841 4639 2343 4640 3841 4640 2345 4640 2500 4641 2342 4641 2501 4641 2501 4642 2342 4642 2343 4642 2501 4643 2343 4643 2344 4643 2344 4644 2343 4644 2345 4644 2344 4645 2345 4645 3838 4645 2346 4646 3759 4646 3761 4646 2479 4647 3757 4647 3759 4647 3534 4648 2347 4648 3536 4648 3536 4649 2347 4649 2348 4649 3536 4650 2348 4650 3538 4650 3538 4651 2348 4651 3559 4651 3538 4652 3559 4652 3539 4652 3539 4653 3559 4653 3560 4653 3539 4654 3560 4654 3540 4654 3540 4655 3560 4655 2349 4655 3540 4656 2349 4656 2350 4656 2350 4657 2349 4657 2351 4657 2350 4658 2351 4658 2352 4658 2352 4659 2351 4659 3852 4659 2352 4660 3852 4660 3849 4660 2354 4661 2353 4661 3757 4661 2353 4662 2354 4662 2355 4662 2355 4663 2354 4663 2480 4663 2355 4664 2480 4664 2481 4664 2363 4665 2357 4665 2356 4665 2356 4666 2357 4666 2358 4666 2356 4667 2358 4667 2334 4667 2334 4668 2358 4668 2368 4668 2334 4669 2368 4669 2367 4669 2359 4670 2360 4670 2361 4670 2361 4671 2360 4671 2363 4671 2361 4672 2363 4672 2362 4672 2362 4673 2363 4673 2365 4673 2362 4674 2365 4674 2364 4674 2364 4675 2365 4675 2366 4675 2364 4676 2366 4676 3207 4676 3207 4677 2366 4677 2367 4677 3207 4678 2367 4678 3208 4678 3208 4679 2367 4679 2368 4679 3208 4680 2368 4680 2369 4680 2369 4681 2368 4681 1081 4681 2369 4682 1081 4682 3211 4682 3211 4683 1081 4683 3558 4683 3211 4684 3558 4684 3625 4684 2370 4685 2396 4685 3749 4685 2371 4686 2372 4686 3649 4686 3649 4687 2372 4687 2373 4687 3649 4688 2373 4688 2374 4688 2374 4689 2373 4689 2375 4689 2374 4690 2375 4690 2189 4690 2189 4691 2375 4691 2376 4691 2189 4692 2376 4692 2191 4692 2191 4693 2376 4693 2377 4693 2191 4694 2377 4694 2193 4694 2193 4695 2377 4695 2263 4695 2193 4696 2263 4696 2378 4696 2378 4697 2263 4697 2265 4697 2378 4698 2265 4698 2196 4698 2196 4699 2265 4699 2266 4699 2196 4700 2266 4700 2197 4700 2197 4701 2266 4701 2268 4701 2197 4702 2268 4702 2379 4702 2379 4703 2268 4703 2269 4703 2379 4704 2269 4704 2199 4704 2199 4705 2269 4705 2271 4705 2199 4706 2271 4706 2380 4706 2380 4707 2271 4707 2381 4707 2380 4708 2381 4708 2382 4708 2382 4709 2381 4709 2272 4709 2382 4710 2272 4710 2383 4710 2383 4711 2272 4711 2384 4711 2383 4712 2384 4712 2202 4712 2202 4713 2384 4713 2385 4713 2202 4714 2385 4714 2203 4714 2203 4715 2385 4715 2386 4715 2203 4716 2386 4716 2387 4716 2387 4717 2386 4717 2276 4717 2387 4718 2276 4718 2388 4718 2388 4719 2276 4719 2389 4719 2388 4720 2389 4720 2206 4720 2206 4721 2389 4721 3660 4721 2206 4722 3660 4722 2390 4722 2390 4723 3660 4723 3658 4723 2390 4724 3658 4724 2391 4724 2391 4725 3658 4725 3657 4725 2391 4726 3657 4726 2475 4726 2475 4727 3657 4727 2393 4727 2475 4728 2393 4728 2392 4728 2392 4729 2393 4729 2394 4729 2392 4730 2394 4730 2395 4730 2395 4731 2394 4731 2396 4731 2395 4732 2396 4732 2477 4732 2477 4733 2396 4733 2370 4733 2477 4734 2370 4734 2397 4734 2398 4735 2399 4735 2223 4735 2223 4736 2399 4736 2400 4736 2223 4737 2400 4737 2401 4737 2401 4738 2400 4738 2295 4738 2401 4739 2295 4739 2402 4739 2402 4740 2295 4740 2403 4740 2402 4741 2403 4741 2404 4741 2404 4742 2403 4742 2294 4742 2404 4743 2294 4743 2220 4743 2220 4744 2294 4744 2293 4744 2220 4745 2293 4745 2405 4745 2405 4746 2293 4746 2292 4746 2405 4747 2292 4747 2219 4747 2219 4748 2292 4748 2291 4748 2219 4749 2291 4749 2216 4749 2216 4750 2291 4750 2288 4750 2216 4751 2288 4751 2215 4751 2215 4752 2288 4752 2287 4752 2215 4753 2287 4753 2214 4753 2214 4754 2287 4754 2406 4754 2214 4755 2406 4755 2407 4755 2407 4756 2406 4756 2285 4756 2407 4757 2285 4757 2211 4757 2211 4758 2285 4758 2408 4758 2211 4759 2408 4759 2210 4759 2210 4760 2408 4760 2410 4760 2210 4761 2410 4761 2409 4761 2409 4762 2410 4762 2411 4762 2409 4763 2411 4763 2412 4763 2412 4764 2411 4764 2472 4764 2412 4765 2472 4765 2442 4765 2442 4766 2472 4766 2413 4766 2442 4767 2413 4767 2443 4767 2443 4768 2413 4768 2473 4768 2443 4769 2473 4769 2446 4769 2446 4770 2473 4770 2414 4770 2446 4771 2414 4771 2447 4771 2447 4772 2414 4772 2474 4772 2447 4773 2474 4773 2449 4773 2449 4774 2474 4774 2476 4774 2449 4775 2476 4775 2450 4775 2450 4776 2476 4776 2415 4776 2450 4777 2415 4777 2452 4777 2452 4778 2415 4778 2478 4778 2452 4779 2478 4779 2454 4779 2454 4780 2478 4780 3751 4780 2454 4781 3751 4781 2455 4781 2434 4782 2436 4782 2881 4782 2881 4783 2436 4783 2416 4783 2881 4784 2416 4784 2883 4784 2883 4785 2416 4785 2417 4785 2883 4786 2417 4786 2884 4786 2884 4787 2417 4787 1599 4787 2884 4788 1599 4788 2418 4788 2418 4789 1599 4789 2419 4789 2418 4790 2419 4790 2886 4790 2886 4791 2419 4791 2420 4791 2886 4792 2420 4792 2887 4792 2887 4793 2420 4793 2441 4793 2887 4794 2441 4794 2888 4794 2888 4795 2441 4795 2421 4795 2888 4796 2421 4796 2422 4796 2422 4797 2421 4797 2444 4797 2422 4798 2444 4798 2891 4798 2891 4799 2444 4799 2445 4799 2891 4800 2445 4800 2893 4800 2893 4801 2445 4801 2424 4801 2893 4802 2424 4802 2423 4802 2423 4803 2424 4803 2448 4803 2423 4804 2448 4804 2895 4804 2895 4805 2448 4805 2451 4805 2895 4806 2451 4806 2896 4806 2896 4807 2451 4807 2453 4807 2896 4808 2453 4808 2897 4808 2897 4809 2453 4809 2425 4809 2897 4810 2425 4810 2426 4810 2426 4811 2425 4811 3752 4811 2426 4812 3752 4812 3754 4812 2427 4813 2207 4813 2307 4813 2307 4814 2207 4814 2222 4814 2307 4815 2222 4815 2306 4815 2306 4816 2222 4816 2428 4816 2306 4817 2428 4817 2429 4817 2429 4818 2428 4818 2221 4818 2429 4819 2221 4819 2303 4819 2303 4820 2221 4820 2430 4820 2303 4821 2430 4821 2431 4821 2431 4822 2430 4822 2218 4822 2431 4823 2218 4823 2432 4823 2432 4824 2218 4824 2433 4824 2432 4825 2433 4825 2434 4825 2434 4826 2433 4826 2217 4826 2434 4827 2217 4827 2436 4827 2436 4828 2217 4828 2435 4828 2436 4829 2435 4829 2437 4829 2437 4830 2435 4830 2213 4830 2437 4831 2213 4831 2438 4831 2438 4832 2213 4832 2212 4832 2438 4833 2212 4833 2439 4833 2439 4834 2212 4834 2440 4834 2439 4835 2440 4835 1598 4835 1598 4836 2440 4836 2209 4836 1598 4837 2209 4837 2420 4837 2420 4838 2209 4838 2412 4838 2420 4839 2412 4839 2441 4839 2441 4840 2412 4840 2442 4840 2441 4841 2442 4841 2421 4841 2421 4842 2442 4842 2443 4842 2421 4843 2443 4843 2444 4843 2444 4844 2443 4844 2446 4844 2444 4845 2446 4845 2445 4845 2445 4846 2446 4846 2447 4846 2445 4847 2447 4847 2424 4847 2424 4848 2447 4848 2449 4848 2424 4849 2449 4849 2448 4849 2448 4850 2449 4850 2450 4850 2448 4851 2450 4851 2451 4851 2451 4852 2450 4852 2452 4852 2451 4853 2452 4853 2453 4853 2453 4854 2452 4854 2454 4854 2453 4855 2454 4855 2425 4855 2425 4856 2454 4856 2455 4856 2425 4857 2455 4857 3752 4857 1084 4858 2456 4858 2457 4858 2457 4859 2456 4859 2187 4859 2457 4860 2187 4860 2458 4860 2458 4861 2187 4861 2188 4861 2458 4862 2188 4862 2459 4862 2459 4863 2188 4863 2190 4863 2459 4864 2190 4864 2460 4864 2460 4865 2190 4865 2192 4865 2460 4866 2192 4866 2461 4866 2461 4867 2192 4867 2194 4867 2461 4868 2194 4868 2462 4868 2462 4869 2194 4869 2195 4869 2462 4870 2195 4870 2463 4870 2463 4871 2195 4871 2464 4871 2463 4872 2464 4872 2465 4872 2465 4873 2464 4873 2198 4873 2465 4874 2198 4874 2290 4874 2290 4875 2198 4875 2200 4875 2290 4876 2200 4876 2289 4876 2289 4877 2200 4877 2466 4877 2289 4878 2466 4878 2467 4878 2467 4879 2466 4879 2201 4879 2467 4880 2201 4880 2286 4880 2286 4881 2201 4881 2468 4881 2286 4882 2468 4882 2469 4882 2469 4883 2468 4883 2470 4883 2469 4884 2470 4884 2284 4884 2284 4885 2470 4885 2471 4885 2284 4886 2471 4886 2283 4886 2283 4887 2471 4887 2204 4887 2283 4888 2204 4888 2282 4888 2282 4889 2204 4889 2205 4889 2282 4890 2205 4890 2472 4890 2472 4891 2205 4891 2206 4891 2472 4892 2206 4892 2413 4892 2413 4893 2206 4893 2390 4893 2413 4894 2390 4894 2473 4894 2473 4895 2390 4895 2391 4895 2473 4896 2391 4896 2414 4896 2414 4897 2391 4897 2475 4897 2414 4898 2475 4898 2474 4898 2474 4899 2475 4899 2392 4899 2474 4900 2392 4900 2476 4900 2476 4901 2392 4901 2395 4901 2476 4902 2395 4902 2415 4902 2415 4903 2395 4903 2477 4903 2415 4904 2477 4904 2478 4904 2478 4905 2477 4905 2397 4905 2478 4906 2397 4906 3751 4906 3757 4907 2479 4907 2354 4907 2354 4908 2479 4908 2489 4908 2354 4909 2489 4909 2480 4909 2480 4910 2489 4910 2490 4910 2480 4911 2490 4911 2481 4911 2481 4912 2490 4912 2483 4912 2481 4913 2483 4913 2482 4913 2482 4914 2483 4914 2715 4914 2482 4915 2715 4915 2484 4915 2484 4916 2715 4916 2716 4916 2484 4917 2716 4917 2485 4917 2485 4918 2716 4918 2486 4918 2485 4919 2486 4919 2487 4919 3759 4920 2346 4920 2479 4920 2479 4921 2346 4921 2488 4921 2479 4922 2488 4922 2489 4922 2489 4923 2488 4923 2712 4923 2489 4924 2712 4924 2490 4924 2490 4925 2712 4925 2491 4925 2490 4926 2491 4926 2483 4926 2493 4927 2510 4927 2492 4927 2492 4928 2510 4928 2509 4928 2493 4929 2494 4929 3705 4929 3705 4930 2494 4930 2495 4930 3832 4931 2496 4931 2561 4931 2561 4932 2496 4932 2497 4932 2561 4933 2497 4933 2498 4933 2499 4934 2500 4934 2504 4934 2504 4935 2500 4935 2501 4935 2504 4936 2501 4936 2502 4936 2502 4937 2501 4937 2344 4937 2502 4938 2344 4938 2508 4938 2508 4939 2344 4939 3838 4939 2508 4940 3838 4940 2503 4940 2513 4941 2499 4941 2505 4941 2505 4942 2499 4942 2504 4942 2505 4943 2504 4943 2506 4943 2506 4944 2504 4944 2502 4944 2506 4945 2502 4945 2507 4945 2507 4946 2502 4946 2508 4946 2507 4947 2508 4947 2510 4947 2510 4948 2508 4948 2503 4948 2510 4949 2503 4949 2509 4949 2493 4950 3705 4950 2510 4950 2510 4951 3705 4951 3703 4951 2510 4952 3703 4952 2507 4952 2507 4953 3703 4953 2511 4953 2507 4954 2511 4954 2506 4954 2506 4955 2511 4955 2512 4955 2506 4956 2512 4956 2505 4956 2512 4957 3702 4957 2505 4957 2505 4958 3702 4958 3701 4958 2505 4959 3701 4959 2513 4959 2513 4960 3701 4960 2515 4960 2513 4961 2515 4961 2514 4961 2514 4962 2515 4962 3698 4962 2514 4963 3698 4963 2728 4963 3847 4964 3848 4964 2516 4964 2516 4965 3848 4965 2608 4965 2516 4966 2608 4966 2338 4966 2338 4967 2608 4967 2609 4967 2338 4968 2609 4968 2517 4968 2517 4969 2609 4969 2610 4969 2517 4970 2610 4970 2713 4970 2713 4971 2610 4971 2518 4971 2713 4972 2518 4972 2520 4972 2520 4973 2518 4973 2519 4973 2520 4974 2519 4974 2521 4974 2521 4975 2519 4975 2522 4975 2521 4976 2522 4976 2714 4976 3697 4977 3699 4977 2531 4977 2531 4978 3699 4978 3700 4978 2531 4979 3700 4979 2523 4979 2523 4980 3700 4980 2524 4980 2523 4981 2524 4981 2534 4981 2534 4982 2524 4982 2525 4982 2534 4983 2525 4983 2535 4983 2535 4984 2525 4984 2526 4984 2535 4985 2526 4985 2527 4985 2527 4986 2526 4986 2528 4986 2527 4987 2528 4987 2530 4987 2530 4988 2528 4988 2529 4988 2530 4989 2529 4989 3704 4989 2796 4990 3697 4990 2797 4990 2797 4991 3697 4991 2531 4991 2797 4992 2531 4992 2532 4992 2532 4993 2531 4993 2523 4993 2532 4994 2523 4994 2533 4994 2533 4995 2523 4995 2534 4995 2533 4996 2534 4996 2799 4996 2799 4997 2534 4997 2535 4997 2799 4998 2535 4998 2802 4998 2802 4999 2535 4999 2527 4999 2802 5000 2527 5000 2803 5000 2803 5001 2527 5001 2530 5001 2803 5002 2530 5002 2536 5002 2536 5003 2530 5003 3704 5003 2536 5004 3704 5004 2537 5004 2537 5005 3704 5005 3706 5005 2537 5006 3706 5006 3836 5006 3830 5007 3829 5007 2575 5007 2575 5008 3829 5008 2574 5008 2584 5009 3828 5009 2864 5009 2864 5010 3828 5010 3827 5010 2595 5011 3826 5011 2544 5011 2544 5012 3826 5012 3824 5012 2543 5013 2538 5013 2539 5013 2539 5014 2538 5014 2540 5014 2549 5015 2539 5015 2548 5015 2548 5016 2539 5016 2540 5016 2548 5017 2540 5017 3823 5017 692 5018 2541 5018 2547 5018 2547 5019 2541 5019 2542 5019 2547 5020 2542 5020 2599 5020 3824 5021 2543 5021 2544 5021 2544 5022 2543 5022 2539 5022 2544 5023 2539 5023 2545 5023 2545 5024 2539 5024 2549 5024 2545 5025 2549 5025 2547 5025 2547 5026 2549 5026 2546 5026 2547 5027 2546 5027 692 5027 3823 5028 3822 5028 2548 5028 2548 5029 3822 5029 1080 5029 2548 5030 1080 5030 2549 5030 2549 5031 1080 5031 688 5031 2549 5032 688 5032 2546 5032 2498 5033 3830 5033 2561 5033 2561 5034 3830 5034 2575 5034 2561 5035 2575 5035 2565 5035 2565 5036 2575 5036 2550 5036 2565 5037 2550 5037 2551 5037 2551 5038 2550 5038 2552 5038 2551 5039 2552 5039 2553 5039 2553 5040 2552 5040 2578 5040 2553 5041 2578 5041 2567 5041 2567 5042 2578 5042 2554 5042 2567 5043 2554 5043 2555 5043 2555 5044 2554 5044 2581 5044 2555 5045 2581 5045 2556 5045 2556 5046 2581 5046 2557 5046 2556 5047 2557 5047 2571 5047 2571 5048 2557 5048 2558 5048 2571 5049 2558 5049 2572 5049 2572 5050 2558 5050 2559 5050 2572 5051 2559 5051 2560 5051 3833 5052 3832 5052 2562 5052 2562 5053 3832 5053 2561 5053 2562 5054 2561 5054 2563 5054 2563 5055 2561 5055 2565 5055 2563 5056 2565 5056 2564 5056 2564 5057 2565 5057 2551 5057 2564 5058 2551 5058 2566 5058 2566 5059 2551 5059 2553 5059 2566 5060 2553 5060 2568 5060 2568 5061 2553 5061 2567 5061 2568 5062 2567 5062 2569 5062 2569 5063 2567 5063 2555 5063 2569 5064 2555 5064 2677 5064 2677 5065 2555 5065 2556 5065 2677 5066 2556 5066 2570 5066 2570 5067 2556 5067 2571 5067 2570 5068 2571 5068 2680 5068 2680 5069 2571 5069 2572 5069 2680 5070 2572 5070 2573 5070 2573 5071 2572 5071 2560 5071 2573 5072 2560 5072 2682 5072 2574 5073 2576 5073 2575 5073 2575 5074 2576 5074 2585 5074 2575 5075 2585 5075 2550 5075 2550 5076 2585 5076 2577 5076 2550 5077 2577 5077 2552 5077 2552 5078 2577 5078 2579 5078 2552 5079 2579 5079 2578 5079 2578 5080 2579 5080 2580 5080 2578 5081 2580 5081 2554 5081 2554 5082 2580 5082 2588 5082 2554 5083 2588 5083 2581 5083 2581 5084 2588 5084 2582 5084 2581 5085 2582 5085 2557 5085 2557 5086 2582 5086 2583 5086 2557 5087 2583 5087 2558 5087 2558 5088 2583 5088 2590 5088 2558 5089 2590 5089 2559 5089 2576 5090 2584 5090 2585 5090 2585 5091 2584 5091 2864 5091 2585 5092 2864 5092 2577 5092 2577 5093 2864 5093 2586 5093 2577 5094 2586 5094 2579 5094 2579 5095 2586 5095 2587 5095 2579 5096 2587 5096 2580 5096 2580 5097 2587 5097 2866 5097 2580 5098 2866 5098 2588 5098 2588 5099 2866 5099 2867 5099 2588 5100 2867 5100 2582 5100 2582 5101 2867 5101 2868 5101 2582 5102 2868 5102 2583 5102 2583 5103 2868 5103 2589 5103 2583 5104 2589 5104 2590 5104 2592 5105 2591 5105 700 5105 700 5106 2593 5106 2592 5106 2592 5107 2593 5107 699 5107 2592 5108 699 5108 2603 5108 2708 5109 2698 5109 2594 5109 2594 5110 2698 5110 2697 5110 2594 5111 2697 5111 2710 5111 2697 5112 2696 5112 2710 5112 2710 5113 2696 5113 2871 5113 2710 5114 2871 5114 2711 5114 2863 5115 2595 5115 2596 5115 2596 5116 2595 5116 2544 5116 2596 5117 2544 5117 2865 5117 2865 5118 2544 5118 2545 5118 2865 5119 2545 5119 2597 5119 2597 5120 2545 5120 2547 5120 2597 5121 2547 5121 2598 5121 2598 5122 2547 5122 2599 5122 2598 5123 2599 5123 2600 5123 2600 5124 2599 5124 2591 5124 2600 5125 2591 5125 2601 5125 2601 5126 2591 5126 2592 5126 2601 5127 2592 5127 2602 5127 2602 5128 2592 5128 2603 5128 2602 5129 2603 5129 2869 5129 2869 5130 2603 5130 2605 5130 2869 5131 2605 5131 2872 5131 2872 5132 2605 5132 2859 5132 2872 5133 2859 5133 2860 5133 699 5134 2604 5134 2603 5134 2603 5135 2604 5135 698 5135 2603 5136 698 5136 2605 5136 2605 5137 698 5137 2858 5137 2605 5138 2858 5138 2859 5138 2542 5139 2606 5139 2599 5139 2599 5140 2606 5140 2607 5140 2599 5141 2607 5141 2591 5141 2591 5142 2607 5142 697 5142 2591 5143 697 5143 700 5143 1083 5144 3845 5144 2608 5144 2608 5145 3845 5145 1082 5145 2608 5146 1082 5146 2609 5146 2609 5147 1082 5147 2611 5147 2609 5148 2611 5148 2610 5148 2610 5149 2611 5149 2806 5149 2610 5150 2806 5150 2518 5150 2518 5151 2806 5151 2612 5151 2518 5152 2612 5152 2519 5152 2519 5153 2612 5153 2807 5153 2519 5154 2807 5154 2522 5154 2522 5155 2807 5155 2808 5155 2522 5156 2808 5156 2714 5156 2714 5157 2808 5157 2809 5157 2714 5158 2809 5158 2810 5158 2810 5159 2614 5159 2613 5159 2613 5160 2614 5160 2813 5160 2813 5161 2719 5161 2613 5161 2613 5162 2719 5162 2615 5162 2613 5163 2615 5163 2810 5163 2810 5164 2615 5164 2717 5164 2810 5165 2717 5165 2714 5165 2894 5166 2487 5166 2616 5166 2890 5167 2892 5167 2617 5167 2850 5168 2718 5168 2740 5168 2894 5169 2616 5169 2618 5169 2618 5170 2616 5170 2619 5170 2618 5171 2619 5171 2661 5171 2661 5172 2619 5172 2620 5172 2661 5173 2620 5173 2660 5173 2660 5174 2620 5174 2621 5174 2660 5175 2621 5175 2658 5175 2658 5176 2621 5176 2622 5176 2658 5177 2622 5177 2624 5177 2624 5178 2622 5178 2623 5178 2624 5179 2623 5179 2625 5179 2625 5180 2623 5180 2626 5180 2625 5181 2626 5181 2627 5181 2627 5182 2626 5182 2629 5182 2627 5183 2629 5183 2628 5183 2628 5184 2629 5184 2630 5184 2628 5185 2630 5185 2631 5185 2631 5186 2630 5186 2853 5186 2631 5187 2853 5187 2653 5187 2653 5188 2853 5188 2855 5188 2653 5189 2855 5189 2652 5189 2652 5190 2855 5190 2857 5190 2652 5191 2857 5191 2632 5191 2632 5192 2857 5192 2633 5192 2632 5193 2633 5193 2649 5193 2649 5194 2633 5194 2634 5194 2649 5195 2634 5195 162 5195 2850 5196 2739 5196 2635 5196 2635 5197 2739 5197 2741 5197 2635 5198 2741 5198 2851 5198 2851 5199 2741 5199 2636 5199 2851 5200 2636 5200 2637 5200 2637 5201 2636 5201 2638 5201 2637 5202 2638 5202 2639 5202 2639 5203 2638 5203 2640 5203 2639 5204 2640 5204 2642 5204 2642 5205 2640 5205 2641 5205 2642 5206 2641 5206 2852 5206 2852 5207 2641 5207 2643 5207 2852 5208 2643 5208 2644 5208 2644 5209 2643 5209 2645 5209 2644 5210 2645 5210 2854 5210 2854 5211 2645 5211 2747 5211 2854 5212 2747 5212 2856 5212 2856 5213 2747 5213 2748 5213 2856 5214 2748 5214 2646 5214 2646 5215 2748 5215 2647 5215 2646 5216 2647 5216 2648 5216 2649 5217 2650 5217 2632 5217 2632 5218 2650 5218 2651 5218 2632 5219 2651 5219 2652 5219 2652 5220 2651 5220 2668 5220 2652 5221 2668 5221 2653 5221 2653 5222 2668 5222 2654 5222 2653 5223 2654 5223 2631 5223 2631 5224 2654 5224 2655 5224 2631 5225 2655 5225 2628 5225 2628 5226 2655 5226 2656 5226 2628 5227 2656 5227 2627 5227 2627 5228 2656 5228 2666 5228 2627 5229 2666 5229 2625 5229 2625 5230 2666 5230 2657 5230 2625 5231 2657 5231 2624 5231 2624 5232 2657 5232 2665 5232 2624 5233 2665 5233 2658 5233 2658 5234 2665 5234 2659 5234 2658 5235 2659 5235 2660 5235 2660 5236 2659 5236 2662 5236 2660 5237 2662 5237 2661 5237 2661 5238 2662 5238 2617 5238 2661 5239 2617 5239 2618 5239 2618 5240 2617 5240 2892 5240 2618 5241 2892 5241 2894 5241 2890 5242 2617 5242 2663 5242 2663 5243 2617 5243 2662 5243 2663 5244 2662 5244 2664 5244 2664 5245 2662 5245 2659 5245 2664 5246 2659 5246 1595 5246 1595 5247 2659 5247 2665 5247 1595 5248 2665 5248 1596 5248 1596 5249 2665 5249 2657 5249 1596 5250 2657 5250 1088 5250 1088 5251 2657 5251 2666 5251 1088 5252 2666 5252 2017 5252 2017 5253 2666 5253 2656 5253 2017 5254 2656 5254 2667 5254 2667 5255 2656 5255 2655 5255 2667 5256 2655 5256 2019 5256 2019 5257 2655 5257 2654 5257 2019 5258 2654 5258 2020 5258 2020 5259 2654 5259 2668 5259 2020 5260 2668 5260 2022 5260 2022 5261 2668 5261 2651 5261 2022 5262 2651 5262 2669 5262 2669 5263 2651 5263 2650 5263 2669 5264 2650 5264 2670 5264 2670 5265 2650 5265 2649 5265 2670 5266 2649 5266 2024 5266 2024 5267 2649 5267 162 5267 2024 5268 162 5268 1085 5268 2671 5269 3833 5269 2672 5269 2672 5270 3833 5270 2562 5270 2672 5271 2562 5271 2673 5271 2673 5272 2562 5272 2563 5272 2673 5273 2563 5273 2674 5273 2674 5274 2563 5274 2564 5274 2674 5275 2564 5275 2675 5275 2675 5276 2564 5276 2566 5276 2675 5277 2566 5277 2846 5277 2846 5278 2566 5278 2568 5278 2846 5279 2568 5279 2843 5279 2843 5280 2568 5280 2569 5280 2843 5281 2569 5281 2676 5281 2676 5282 2569 5282 2677 5282 2676 5283 2677 5283 2678 5283 2678 5284 2677 5284 2570 5284 2678 5285 2570 5285 2679 5285 2679 5286 2570 5286 2680 5286 2679 5287 2680 5287 2681 5287 2681 5288 2680 5288 2573 5288 2681 5289 2573 5289 2839 5289 2839 5290 2573 5290 2682 5290 2839 5291 2682 5291 2838 5291 2708 5292 2706 5292 2683 5292 2683 5293 2706 5293 2699 5293 2707 5294 2709 5294 2691 5294 2691 5295 2709 5295 2684 5295 2691 5296 2684 5296 2693 5296 2693 5297 2684 5297 2685 5297 2693 5298 2685 5298 2686 5298 2686 5299 2685 5299 2687 5299 2686 5300 2687 5300 2694 5300 2873 5301 2874 5301 2688 5301 2688 5302 2874 5302 1013 5302 2688 5303 1013 5303 2689 5303 2705 5304 2707 5304 2690 5304 2690 5305 2707 5305 2691 5305 2690 5306 2691 5306 2692 5306 2692 5307 2691 5307 2693 5307 2692 5308 2693 5308 2702 5308 2702 5309 2693 5309 2686 5309 2702 5310 2686 5310 2695 5310 2695 5311 2686 5311 2694 5311 2695 5312 2694 5312 2703 5312 2589 5313 2870 5313 2590 5313 2590 5314 2870 5314 2696 5314 2590 5315 2696 5315 2559 5315 2559 5316 2696 5316 2697 5316 2559 5317 2697 5317 2560 5317 2560 5318 2697 5318 2698 5318 2560 5319 2698 5319 2682 5319 2682 5320 2698 5320 2708 5320 2682 5321 2708 5321 2838 5321 2838 5322 2708 5322 2683 5322 2838 5323 2683 5323 2836 5323 2836 5324 2683 5324 2699 5324 2836 5325 2699 5325 2834 5325 2834 5326 2699 5326 2833 5326 2833 5327 2705 5327 2700 5327 2700 5328 2705 5328 2690 5328 2700 5329 2690 5329 2830 5329 2830 5330 2690 5330 2692 5330 2830 5331 2692 5331 2828 5331 2828 5332 2692 5332 2702 5332 2828 5333 2702 5333 2701 5333 2701 5334 2702 5334 2695 5334 2701 5335 2695 5335 2704 5335 2704 5336 2695 5336 2703 5336 2704 5337 2703 5337 2824 5337 2833 5338 2699 5338 2705 5338 2705 5339 2699 5339 2706 5339 2705 5340 2706 5340 2707 5340 2707 5341 2706 5341 2708 5341 2707 5342 2708 5342 2709 5342 2709 5343 2708 5343 2594 5343 2709 5344 2594 5344 2684 5344 2684 5345 2594 5345 2710 5345 2684 5346 2710 5346 2685 5346 2685 5347 2710 5347 2711 5347 2685 5348 2711 5348 2687 5348 2687 5349 2711 5349 2873 5349 2687 5350 2873 5350 2694 5350 2694 5351 2873 5351 2688 5351 2694 5352 2688 5352 2703 5352 2703 5353 2688 5353 1079 5353 2703 5354 1079 5354 2824 5354 3761 5355 2338 5355 2346 5355 2346 5356 2338 5356 2517 5356 2346 5357 2517 5357 2488 5357 2488 5358 2517 5358 2713 5358 2488 5359 2713 5359 2712 5359 2712 5360 2713 5360 2520 5360 2712 5361 2520 5361 2491 5361 2491 5362 2520 5362 2521 5362 2491 5363 2521 5363 2483 5363 2483 5364 2521 5364 2714 5364 2483 5365 2714 5365 2715 5365 2715 5366 2714 5366 2717 5366 2715 5367 2717 5367 2716 5367 2716 5368 2717 5368 2615 5368 2716 5369 2615 5369 2486 5369 2486 5370 2615 5370 2719 5370 2486 5371 2719 5371 2718 5371 2718 5372 2719 5372 2813 5372 2718 5373 2813 5373 2740 5373 2740 5374 2813 5374 2815 5374 2740 5375 2815 5375 2720 5375 2720 5376 2815 5376 2721 5376 2720 5377 2721 5377 2742 5377 2742 5378 2721 5378 2817 5378 2742 5379 2817 5379 2743 5379 2743 5380 2817 5380 2722 5380 2743 5381 2722 5381 2744 5381 2744 5382 2722 5382 2723 5382 2744 5383 2723 5383 2724 5383 2724 5384 2723 5384 2819 5384 2724 5385 2819 5385 2725 5385 2725 5386 2819 5386 2726 5386 2725 5387 2726 5387 2745 5387 2745 5388 2726 5388 2821 5388 2745 5389 2821 5389 2746 5389 2746 5390 2821 5390 1086 5390 2746 5391 1086 5391 2749 5391 2749 5392 1086 5392 886 5392 2749 5393 886 5393 2727 5393 3698 5394 3696 5394 2728 5394 2728 5395 3696 5395 2729 5395 2728 5396 2729 5396 2811 5396 2811 5397 2729 5397 2777 5397 2811 5398 2777 5398 2812 5398 2812 5399 2777 5399 2778 5399 2812 5400 2778 5400 2814 5400 2814 5401 2778 5401 2779 5401 2814 5402 2779 5402 2816 5402 2816 5403 2779 5403 2780 5403 2816 5404 2780 5404 2730 5404 2730 5405 2780 5405 2732 5405 2730 5406 2732 5406 2731 5406 2731 5407 2732 5407 2733 5407 2731 5408 2733 5408 2735 5408 2735 5409 2733 5409 2734 5409 2735 5410 2734 5410 2818 5410 2818 5411 2734 5411 2784 5411 2818 5412 2784 5412 2736 5412 2736 5413 2784 5413 2785 5413 2736 5414 2785 5414 2820 5414 2820 5415 2785 5415 2737 5415 2820 5416 2737 5416 2822 5416 2822 5417 2737 5417 2787 5417 2822 5418 2787 5418 152 5418 152 5419 2787 5419 2738 5419 2850 5420 2740 5420 2739 5420 2739 5421 2740 5421 2720 5421 2739 5422 2720 5422 2741 5422 2741 5423 2720 5423 2742 5423 2741 5424 2742 5424 2636 5424 2636 5425 2742 5425 2743 5425 2636 5426 2743 5426 2638 5426 2638 5427 2743 5427 2744 5427 2638 5428 2744 5428 2640 5428 2640 5429 2744 5429 2724 5429 2640 5430 2724 5430 2641 5430 2641 5431 2724 5431 2725 5431 2641 5432 2725 5432 2643 5432 2643 5433 2725 5433 2745 5433 2643 5434 2745 5434 2645 5434 2645 5435 2745 5435 2746 5435 2645 5436 2746 5436 2747 5436 2747 5437 2746 5437 2749 5437 2747 5438 2749 5438 2748 5438 2748 5439 2749 5439 2727 5439 2748 5440 2727 5440 153 5440 1078 5441 810 5441 2826 5441 2826 5442 810 5442 2750 5442 2826 5443 2750 5443 2752 5443 2752 5444 2750 5444 2751 5444 2752 5445 2751 5445 2827 5445 2827 5446 2751 5446 2753 5446 2827 5447 2753 5447 2829 5447 2829 5448 2753 5448 2754 5448 2829 5449 2754 5449 2831 5449 2831 5450 2754 5450 2755 5450 2831 5451 2755 5451 2832 5451 2776 5452 2757 5452 2756 5452 2756 5453 2757 5453 2758 5453 2756 5454 2758 5454 2759 5454 2759 5455 2758 5455 2760 5455 2759 5456 2760 5456 2781 5456 2781 5457 2760 5457 2761 5457 2781 5458 2761 5458 2762 5458 2762 5459 2761 5459 2763 5459 2762 5460 2763 5460 2782 5460 2782 5461 2763 5461 2764 5461 2782 5462 2764 5462 2765 5462 2765 5463 2764 5463 2766 5463 2765 5464 2766 5464 2783 5464 2783 5465 2766 5465 2767 5465 2783 5466 2767 5466 2768 5466 2768 5467 2767 5467 1597 5467 2768 5468 1597 5468 2769 5468 2769 5469 1597 5469 2770 5469 2769 5470 2770 5470 2786 5470 2786 5471 2770 5471 150 5471 2786 5472 150 5472 2771 5472 806 5473 820 5473 2788 5473 2788 5474 820 5474 2772 5474 2788 5475 2772 5475 2773 5475 2773 5476 2772 5476 2774 5476 2773 5477 2774 5477 2775 5477 2775 5478 2774 5478 3691 5478 2775 5479 3691 5479 3692 5479 3696 5480 3695 5480 2729 5480 2729 5481 3695 5481 2776 5481 2729 5482 2776 5482 2777 5482 2777 5483 2776 5483 2756 5483 2777 5484 2756 5484 2778 5484 2778 5485 2756 5485 2759 5485 2778 5486 2759 5486 2779 5486 2779 5487 2759 5487 2781 5487 2779 5488 2781 5488 2780 5488 2780 5489 2781 5489 2762 5489 2780 5490 2762 5490 2732 5490 2732 5491 2762 5491 2782 5491 2732 5492 2782 5492 2733 5492 2733 5493 2782 5493 2765 5493 2733 5494 2765 5494 2734 5494 2734 5495 2765 5495 2783 5495 2734 5496 2783 5496 2784 5496 2784 5497 2783 5497 2768 5497 2784 5498 2768 5498 2785 5498 2785 5499 2768 5499 2769 5499 2785 5500 2769 5500 2737 5500 2737 5501 2769 5501 2786 5501 2737 5502 2786 5502 2787 5502 2787 5503 2786 5503 2771 5503 2787 5504 2771 5504 2738 5504 808 5505 806 5505 2750 5505 2750 5506 806 5506 2788 5506 2750 5507 2788 5507 2751 5507 2751 5508 2788 5508 2773 5508 2751 5509 2773 5509 2753 5509 2753 5510 2773 5510 2775 5510 2753 5511 2775 5511 2754 5511 2754 5512 2775 5512 3692 5512 2754 5513 3692 5513 2755 5513 2755 5514 3692 5514 2789 5514 2755 5515 2789 5515 2832 5515 2832 5516 2789 5516 2790 5516 2832 5517 2790 5517 2835 5517 2835 5518 2790 5518 2792 5518 2835 5519 2792 5519 2791 5519 2791 5520 2792 5520 3693 5520 2791 5521 3693 5521 2837 5521 2837 5522 3693 5522 2793 5522 2837 5523 2793 5523 2840 5523 2840 5524 2793 5524 2795 5524 2840 5525 2795 5525 2794 5525 2794 5526 2795 5526 3694 5526 2794 5527 3694 5527 2841 5527 2841 5528 3694 5528 2796 5528 2841 5529 2796 5529 2842 5529 2842 5530 2796 5530 2797 5530 2842 5531 2797 5531 2844 5531 2844 5532 2797 5532 2532 5532 2844 5533 2532 5533 2845 5533 2845 5534 2532 5534 2533 5534 2845 5535 2533 5535 2798 5535 2798 5536 2533 5536 2799 5536 2798 5537 2799 5537 2800 5537 2800 5538 2799 5538 2802 5538 2800 5539 2802 5539 2801 5539 2801 5540 2802 5540 2803 5540 2801 5541 2803 5541 2804 5541 2804 5542 2803 5542 2536 5542 2804 5543 2536 5543 2847 5543 2847 5544 2536 5544 2537 5544 2847 5545 2537 5545 3835 5545 3835 5546 2537 5546 3836 5546 3843 5547 2805 5547 1082 5547 1082 5548 2805 5548 2339 5548 1082 5549 2339 5549 2611 5549 2611 5550 2339 5550 2342 5550 2611 5551 2342 5551 2806 5551 2806 5552 2342 5552 2500 5552 2806 5553 2500 5553 2612 5553 2612 5554 2500 5554 2499 5554 2612 5555 2499 5555 2807 5555 2807 5556 2499 5556 2513 5556 2807 5557 2513 5557 2808 5557 2808 5558 2513 5558 2514 5558 2808 5559 2514 5559 2809 5559 2809 5560 2514 5560 2728 5560 2809 5561 2728 5561 2810 5561 2810 5562 2728 5562 2811 5562 2810 5563 2811 5563 2614 5563 2614 5564 2811 5564 2812 5564 2614 5565 2812 5565 2813 5565 2813 5566 2812 5566 2814 5566 2813 5567 2814 5567 2815 5567 2815 5568 2814 5568 2816 5568 2815 5569 2816 5569 2721 5569 2721 5570 2816 5570 2730 5570 2721 5571 2730 5571 2817 5571 2817 5572 2730 5572 2731 5572 2817 5573 2731 5573 2722 5573 2722 5574 2731 5574 2735 5574 2722 5575 2735 5575 2723 5575 2723 5576 2735 5576 2818 5576 2723 5577 2818 5577 2819 5577 2819 5578 2818 5578 2736 5578 2819 5579 2736 5579 2726 5579 2726 5580 2736 5580 2820 5580 2726 5581 2820 5581 2821 5581 2821 5582 2820 5582 2822 5582 2821 5583 2822 5583 1086 5583 1086 5584 2822 5584 152 5584 1086 5585 152 5585 2823 5585 2824 5586 2825 5586 2704 5586 2704 5587 2825 5587 2826 5587 2704 5588 2826 5588 2701 5588 2701 5589 2826 5589 2752 5589 2701 5590 2752 5590 2828 5590 2828 5591 2752 5591 2827 5591 2828 5592 2827 5592 2830 5592 2830 5593 2827 5593 2829 5593 2830 5594 2829 5594 2700 5594 2700 5595 2829 5595 2831 5595 2700 5596 2831 5596 2833 5596 2833 5597 2831 5597 2832 5597 2833 5598 2832 5598 2834 5598 2834 5599 2832 5599 2835 5599 2834 5600 2835 5600 2836 5600 2836 5601 2835 5601 2791 5601 2836 5602 2791 5602 2838 5602 2838 5603 2791 5603 2837 5603 2838 5604 2837 5604 2839 5604 2839 5605 2837 5605 2840 5605 2839 5606 2840 5606 2681 5606 2681 5607 2840 5607 2794 5607 2681 5608 2794 5608 2679 5608 2679 5609 2794 5609 2841 5609 2679 5610 2841 5610 2678 5610 2678 5611 2841 5611 2842 5611 2678 5612 2842 5612 2676 5612 2676 5613 2842 5613 2844 5613 2676 5614 2844 5614 2843 5614 2843 5615 2844 5615 2845 5615 2843 5616 2845 5616 2846 5616 2846 5617 2845 5617 2798 5617 2846 5618 2798 5618 2675 5618 2675 5619 2798 5619 2800 5619 2675 5620 2800 5620 2674 5620 2674 5621 2800 5621 2801 5621 2674 5622 2801 5622 2673 5622 2673 5623 2801 5623 2804 5623 2673 5624 2804 5624 2672 5624 2672 5625 2804 5625 2847 5625 2672 5626 2847 5626 2848 5626 2848 5627 2847 5627 2849 5627 2487 5628 2486 5628 2616 5628 2616 5629 2486 5629 2718 5629 2616 5630 2718 5630 2619 5630 2619 5631 2718 5631 2850 5631 2619 5632 2850 5632 2620 5632 2620 5633 2850 5633 2635 5633 2620 5634 2635 5634 2621 5634 2621 5635 2635 5635 2851 5635 2621 5636 2851 5636 2622 5636 2622 5637 2851 5637 2637 5637 2622 5638 2637 5638 2623 5638 2623 5639 2637 5639 2639 5639 2623 5640 2639 5640 2626 5640 2626 5641 2639 5641 2642 5641 2626 5642 2642 5642 2629 5642 2629 5643 2642 5643 2852 5643 2629 5644 2852 5644 2630 5644 2630 5645 2852 5645 2644 5645 2630 5646 2644 5646 2853 5646 2853 5647 2644 5647 2854 5647 2853 5648 2854 5648 2855 5648 2855 5649 2854 5649 2856 5649 2855 5650 2856 5650 2857 5650 2857 5651 2856 5651 2646 5651 2857 5652 2646 5652 2633 5652 2633 5653 2646 5653 160 5653 2633 5654 160 5654 2634 5654 2858 5655 131 5655 2859 5655 2859 5656 131 5656 2861 5656 2859 5657 2861 5657 2860 5657 2860 5658 2861 5658 864 5658 2860 5659 864 5659 2862 5659 3827 5660 2863 5660 2864 5660 2864 5661 2863 5661 2596 5661 2864 5662 2596 5662 2586 5662 2586 5663 2596 5663 2865 5663 2586 5664 2865 5664 2587 5664 2587 5665 2865 5665 2597 5665 2587 5666 2597 5666 2866 5666 2866 5667 2597 5667 2598 5667 2866 5668 2598 5668 2867 5668 2867 5669 2598 5669 2600 5669 2867 5670 2600 5670 2868 5670 2868 5671 2600 5671 2601 5671 2868 5672 2601 5672 2589 5672 2589 5673 2601 5673 2602 5673 2589 5674 2602 5674 2870 5674 2870 5675 2602 5675 2869 5675 2870 5676 2869 5676 2871 5676 2871 5677 2869 5677 2872 5677 2871 5678 2872 5678 2711 5678 2711 5679 2872 5679 2860 5679 2711 5680 2860 5680 2873 5680 2873 5681 2860 5681 2862 5681 2873 5682 2862 5682 2874 5682 168 5683 2875 5683 2876 5683 2876 5684 2875 5684 2305 5684 2876 5685 2305 5685 2038 5685 2038 5686 2305 5686 2304 5686 2038 5687 2304 5687 2877 5687 2877 5688 2304 5688 2878 5688 2877 5689 2878 5689 2879 5689 2879 5690 2878 5690 2302 5690 2879 5691 2302 5691 2035 5691 2035 5692 2302 5692 2880 5692 2035 5693 2880 5693 2034 5693 2034 5694 2880 5694 2881 5694 2034 5695 2881 5695 2032 5695 2032 5696 2881 5696 2883 5696 2032 5697 2883 5697 2882 5697 2882 5698 2883 5698 2884 5698 2882 5699 2884 5699 2030 5699 2030 5700 2884 5700 2418 5700 2030 5701 2418 5701 2885 5701 2885 5702 2418 5702 2886 5702 2885 5703 2886 5703 2027 5703 2027 5704 2886 5704 2887 5704 2027 5705 2887 5705 2026 5705 2026 5706 2887 5706 2888 5706 2026 5707 2888 5707 2889 5707 2889 5708 2888 5708 2422 5708 2889 5709 2422 5709 2890 5709 2890 5710 2422 5710 2891 5710 2890 5711 2891 5711 2892 5711 2892 5712 2891 5712 2893 5712 2892 5713 2893 5713 2894 5713 2894 5714 2893 5714 2423 5714 2894 5715 2423 5715 2487 5715 2487 5716 2423 5716 2895 5716 2487 5717 2895 5717 2485 5717 2485 5718 2895 5718 2896 5718 2485 5719 2896 5719 2484 5719 2484 5720 2896 5720 2897 5720 2484 5721 2897 5721 2482 5721 2482 5722 2897 5722 2426 5722 2482 5723 2426 5723 2481 5723 2481 5724 2426 5724 3754 5724 2481 5725 3754 5725 2355 5725 2355 5726 3754 5726 3755 5726 2355 5727 3755 5727 2353 5727 2898 5728 3795 5728 1077 5728 2899 5729 3016 5729 3236 5729 2900 5730 2901 5730 2902 5730 2902 5731 2901 5731 3789 5731 3792 5732 3791 5732 2903 5732 2903 5733 3791 5733 2904 5733 2904 5734 2905 5734 3235 5734 2906 5735 580 5735 2939 5735 580 5736 568 5736 2939 5736 2939 5737 568 5737 2907 5737 2939 5738 2907 5738 588 5738 2906 5739 2950 5739 2908 5739 2908 5740 2950 5740 2951 5740 2908 5741 2951 5741 2909 5741 2909 5742 2951 5742 606 5742 606 5743 2951 5743 2910 5743 606 5744 2910 5744 607 5744 3796 5745 3794 5745 2940 5745 2940 5746 3794 5746 1076 5746 2940 5747 1076 5747 2942 5747 2942 5748 1076 5748 2911 5748 2942 5749 2911 5749 2943 5749 2943 5750 2911 5750 2912 5750 2943 5751 2912 5751 2944 5751 2944 5752 2912 5752 2915 5752 2944 5753 2915 5753 2946 5753 2946 5754 2915 5754 2916 5754 2946 5755 2916 5755 2913 5755 2913 5756 2916 5756 2917 5756 2913 5757 2917 5757 2967 5757 3793 5758 3792 5758 1076 5758 1076 5759 3792 5759 2903 5759 1076 5760 2903 5760 2911 5760 2911 5761 2903 5761 2914 5761 2911 5762 2914 5762 2912 5762 2912 5763 2914 5763 3563 5763 2912 5764 3563 5764 2915 5764 2915 5765 3563 5765 3566 5765 2915 5766 3566 5766 2916 5766 2916 5767 3566 5767 2965 5767 2916 5768 2965 5768 2917 5768 3787 5769 3786 5769 2919 5769 2919 5770 3786 5770 2918 5770 2919 5771 2918 5771 3000 5771 3783 5772 3782 5772 2930 5772 2930 5773 3782 5773 3047 5773 3048 5774 3780 5774 3339 5774 3339 5775 3780 5775 2920 5775 3073 5776 2924 5776 3074 5776 1073 5777 2925 5777 3778 5777 3774 5778 2921 5778 2922 5778 2922 5779 2921 5779 3066 5779 2922 5780 3066 5780 2923 5780 2923 5781 3066 5781 3776 5781 2924 5782 3778 5782 3074 5782 3074 5783 3778 5783 2925 5783 3074 5784 2925 5784 2926 5784 2926 5785 2925 5785 2928 5785 2926 5786 2928 5786 2927 5786 2927 5787 2928 5787 3068 5787 2927 5788 3068 5788 3077 5788 3784 5789 3783 5789 2929 5789 2929 5790 3783 5790 2930 5790 2929 5791 2930 5791 2931 5791 2931 5792 2930 5792 2932 5792 2931 5793 2932 5793 3003 5793 3003 5794 2932 5794 3050 5794 3003 5795 3050 5795 3005 5795 3005 5796 3050 5796 3051 5796 3005 5797 3051 5797 3007 5797 3007 5798 3051 5798 2988 5798 3007 5799 2988 5799 3008 5799 2933 5800 3009 5800 3008 5800 607 5801 2910 5801 2934 5801 2934 5802 2910 5802 2954 5802 2934 5803 2954 5803 2935 5803 2935 5804 2954 5804 2956 5804 2935 5805 2956 5805 619 5805 619 5806 2956 5806 617 5806 617 5807 2956 5807 2957 5807 617 5808 2957 5808 633 5808 2949 5809 1072 5809 2948 5809 2948 5810 1072 5810 2955 5810 2948 5811 2955 5811 2947 5811 2947 5812 2955 5812 2936 5812 2947 5813 2936 5813 2945 5813 2945 5814 2936 5814 2953 5814 2945 5815 2953 5815 2937 5815 2937 5816 2953 5816 2952 5816 2937 5817 2952 5817 2938 5817 2938 5818 2952 5818 2939 5818 2938 5819 2939 5819 2941 5819 2941 5820 2939 5820 588 5820 2941 5821 588 5821 587 5821 2898 5822 1077 5822 1075 5822 1075 5823 1077 5823 2940 5823 1075 5824 2940 5824 2941 5824 2941 5825 2940 5825 2942 5825 2941 5826 2942 5826 2938 5826 2938 5827 2942 5827 2943 5827 2938 5828 2943 5828 2937 5828 2937 5829 2943 5829 2944 5829 2937 5830 2944 5830 2945 5830 2945 5831 2944 5831 2946 5831 2945 5832 2946 5832 2947 5832 2947 5833 2946 5833 2913 5833 2947 5834 2913 5834 2948 5834 2948 5835 2913 5835 2967 5835 2948 5836 2967 5836 2949 5836 2906 5837 2939 5837 2950 5837 2950 5838 2939 5838 2952 5838 2950 5839 2952 5839 2951 5839 2951 5840 2952 5840 2953 5840 2951 5841 2953 5841 2910 5841 2910 5842 2953 5842 2936 5842 2910 5843 2936 5843 2954 5843 2954 5844 2936 5844 2955 5844 2954 5845 2955 5845 2956 5845 2956 5846 2955 5846 1072 5846 2956 5847 1072 5847 2957 5847 2957 5848 1072 5848 1071 5848 2957 5849 1071 5849 2959 5849 633 5850 2957 5850 2958 5850 2958 5851 2957 5851 2959 5851 2958 5852 2959 5852 2960 5852 2960 5853 2959 5853 2963 5853 2960 5854 2963 5854 2961 5854 2961 5855 2963 5855 2962 5855 2962 5856 2963 5856 2964 5856 2962 5857 2964 5857 641 5857 2965 5858 2981 5858 2917 5858 2917 5859 2981 5859 2966 5859 2917 5860 2966 5860 2967 5860 2967 5861 2966 5861 2968 5861 2967 5862 2968 5862 2949 5862 2949 5863 2968 5863 2969 5863 2949 5864 2969 5864 1071 5864 1071 5865 2969 5865 2985 5865 1071 5866 2985 5866 2959 5866 2959 5867 2985 5867 2970 5867 2959 5868 2970 5868 2963 5868 2963 5869 2970 5869 2971 5869 2963 5870 2971 5870 2964 5870 2964 5871 2971 5871 2986 5871 2964 5872 2986 5872 2972 5872 2987 5873 686 5873 2973 5873 3283 5874 2975 5874 2974 5874 2974 5875 2975 5875 2976 5875 2974 5876 2976 5876 3282 5876 3282 5877 2976 5877 2977 5877 3282 5878 2977 5878 2979 5878 2979 5879 2977 5879 2978 5879 2979 5880 2978 5880 3279 5880 3279 5881 2978 5881 2980 5881 3279 5882 2980 5882 3276 5882 3276 5883 2980 5883 3275 5883 2981 5884 2982 5884 2966 5884 2966 5885 2982 5885 2983 5885 2966 5886 2983 5886 2968 5886 2968 5887 2983 5887 2984 5887 2968 5888 2984 5888 2969 5888 2969 5889 2984 5889 3281 5889 2969 5890 3281 5890 2985 5890 2985 5891 3281 5891 3280 5891 2985 5892 3280 5892 2970 5892 2970 5893 3280 5893 3278 5893 2970 5894 3278 5894 2971 5894 2971 5895 3278 5895 3277 5895 2971 5896 3277 5896 2986 5896 2986 5897 3277 5897 2987 5897 2986 5898 2987 5898 2972 5898 2972 5899 2987 5899 2973 5899 2972 5900 2973 5900 2964 5900 2964 5901 2973 5901 632 5901 2964 5902 632 5902 641 5902 3008 5903 2988 5903 2933 5903 2933 5904 2988 5904 3055 5904 2933 5905 3055 5905 2996 5905 2996 5906 3055 5906 3057 5906 2996 5907 3057 5907 2989 5907 2989 5908 3057 5908 2990 5908 2989 5909 2990 5909 2991 5909 2991 5910 2990 5910 2993 5910 2991 5911 2993 5911 2992 5911 2992 5912 2993 5912 2994 5912 2992 5913 2994 5913 2995 5913 3009 5914 2933 5914 3010 5914 3010 5915 2933 5915 2996 5915 3010 5916 2996 5916 3011 5916 3011 5917 2996 5917 2989 5917 3011 5918 2989 5918 2997 5918 2997 5919 2989 5919 2991 5919 2997 5920 2991 5920 2998 5920 2998 5921 2991 5921 2992 5921 2998 5922 2992 5922 3014 5922 3014 5923 2992 5923 2995 5923 3014 5924 2995 5924 3015 5924 1070 5925 2999 5925 3250 5925 3250 5926 2999 5926 3284 5926 3250 5927 3284 5927 3285 5927 3000 5928 3784 5928 2919 5928 2919 5929 3784 5929 2929 5929 2919 5930 2929 5930 3001 5930 3001 5931 2929 5931 2931 5931 3001 5932 2931 5932 3002 5932 3002 5933 2931 5933 3003 5933 3002 5934 3003 5934 3004 5934 3004 5935 3003 5935 3005 5935 3004 5936 3005 5936 3006 5936 3006 5937 3005 5937 3007 5937 3006 5938 3007 5938 3225 5938 3225 5939 3007 5939 3008 5939 3225 5940 3008 5940 3226 5940 3226 5941 3008 5941 3009 5941 3226 5942 3009 5942 3227 5942 3227 5943 3009 5943 3010 5943 3227 5944 3010 5944 3228 5944 3228 5945 3010 5945 3011 5945 3228 5946 3011 5946 3012 5946 3012 5947 3011 5947 2997 5947 3012 5948 2997 5948 3013 5948 3013 5949 2997 5949 2998 5949 3013 5950 2998 5950 3229 5950 3229 5951 2998 5951 3014 5951 3229 5952 3014 5952 3231 5952 3231 5953 3014 5953 3015 5953 3231 5954 3015 5954 3061 5954 3016 5955 2900 5955 3236 5955 3236 5956 2900 5956 2902 5956 3236 5957 2902 5957 3017 5957 3017 5958 2902 5958 3019 5958 3017 5959 3019 5959 3018 5959 3018 5960 3019 5960 3380 5960 3018 5961 3380 5961 3239 5961 3239 5962 3380 5962 3020 5962 3239 5963 3020 5963 3240 5963 3240 5964 3020 5964 3022 5964 3240 5965 3022 5965 3021 5965 3021 5966 3022 5966 3023 5966 3021 5967 3023 5967 3242 5967 3242 5968 3023 5968 3382 5968 3242 5969 3382 5969 3243 5969 3243 5970 3382 5970 3024 5970 3243 5971 3024 5971 3244 5971 3244 5972 3024 5972 3386 5972 3244 5973 3386 5973 3025 5973 3025 5974 3386 5974 3389 5974 3025 5975 3389 5975 3026 5975 3026 5976 3389 5976 3390 5976 3026 5977 3390 5977 3027 5977 3027 5978 3390 5978 3392 5978 3027 5979 3392 5979 3028 5979 3028 5980 3392 5980 3029 5980 3028 5981 3029 5981 3030 5981 3030 5982 3029 5982 3394 5982 3030 5983 3394 5983 3247 5983 3247 5984 3394 5984 3395 5984 3247 5985 3395 5985 3396 5985 3337 5986 3574 5986 3031 5986 3031 5987 3574 5987 3032 5987 3031 5988 3032 5988 3033 5988 3033 5989 3032 5989 3572 5989 3033 5990 3572 5990 3035 5990 3035 5991 3572 5991 3034 5991 3035 5992 3034 5992 3036 5992 3036 5993 3034 5993 3037 5993 3036 5994 3037 5994 3038 5994 3038 5995 3037 5995 3570 5995 3038 5996 3570 5996 3246 5996 3246 5997 3570 5997 3569 5997 3246 5998 3569 5998 3245 5998 3245 5999 3569 5999 3040 5999 3245 6000 3040 6000 3039 6000 3039 6001 3040 6001 3041 6001 3039 6002 3041 6002 3241 6002 3241 6003 3041 6003 3042 6003 3241 6004 3042 6004 3043 6004 3043 6005 3042 6005 3567 6005 3043 6006 3567 6006 3044 6006 3044 6007 3567 6007 3045 6007 3044 6008 3045 6008 3046 6008 3046 6009 3045 6009 3565 6009 3046 6010 3565 6010 3238 6010 3238 6011 3565 6011 3564 6011 3238 6012 3564 6012 3237 6012 3237 6013 3564 6013 3562 6013 3237 6014 3562 6014 3235 6014 3047 6015 3048 6015 2930 6015 2930 6016 3048 6016 3339 6016 2930 6017 3339 6017 2932 6017 2932 6018 3339 6018 3049 6018 2932 6019 3049 6019 3050 6019 3050 6020 3049 6020 3052 6020 3050 6021 3052 6021 3051 6021 3051 6022 3052 6022 3053 6022 3051 6023 3053 6023 2988 6023 2988 6024 3053 6024 3054 6024 2988 6025 3054 6025 3055 6025 3055 6026 3054 6026 3056 6026 3055 6027 3056 6027 3057 6027 3057 6028 3056 6028 3058 6028 3057 6029 3058 6029 2990 6029 2990 6030 3058 6030 3059 6030 2990 6031 3059 6031 2993 6031 2993 6032 3059 6032 3343 6032 2993 6033 3343 6033 2994 6033 2994 6034 3343 6034 3345 6034 2994 6035 3345 6035 2995 6035 2995 6036 3345 6036 3060 6036 2995 6037 3060 6037 3015 6037 3015 6038 3060 6038 3347 6038 3015 6039 3347 6039 3061 6039 3061 6040 3347 6040 3348 6040 3774 6041 3773 6041 3063 6041 3062 6042 3364 6042 3771 6042 3771 6043 3364 6043 3772 6043 3774 6044 3063 6044 2921 6044 2921 6045 3063 6045 3069 6045 2921 6046 3069 6046 3067 6046 3064 6047 3769 6047 3768 6047 3065 6048 3874 6048 3154 6048 3154 6049 3874 6049 3873 6049 1074 6050 3776 6050 2925 6050 2925 6051 3776 6051 3066 6051 2925 6052 3066 6052 2928 6052 2928 6053 3066 6053 3067 6053 2928 6054 3067 6054 3068 6054 3068 6055 3067 6055 3069 6055 3068 6056 3069 6056 3077 6056 3077 6057 3069 6057 3070 6057 3077 6058 3070 6058 3071 6058 3072 6059 3073 6059 3340 6059 3340 6060 3073 6060 3074 6060 3340 6061 3074 6061 3075 6061 3075 6062 3074 6062 2926 6062 3075 6063 2926 6063 3076 6063 3076 6064 2926 6064 2927 6064 3076 6065 2927 6065 3341 6065 3341 6066 2927 6066 3077 6066 3341 6067 3077 6067 3078 6067 3078 6068 3077 6068 3071 6068 3078 6069 3071 6069 3342 6069 3871 6070 3868 6070 3120 6070 3120 6071 3868 6071 3867 6071 3107 6072 3079 6072 3108 6072 3108 6073 3079 6073 3865 6073 3198 6074 3080 6074 3199 6074 3199 6075 3080 6075 3081 6075 3199 6076 3081 6076 3105 6076 3085 6077 3087 6077 3084 6077 3081 6078 3082 6078 3105 6078 3105 6079 3082 6079 3083 6079 3105 6080 3083 6080 3084 6080 3084 6081 3083 6081 3862 6081 3084 6082 3862 6082 3085 6082 3085 6083 3086 6083 3087 6083 3087 6084 3086 6084 3860 6084 3087 6085 3860 6085 3102 6085 3102 6086 3860 6086 3088 6086 3102 6087 3088 6087 2310 6087 3200 6088 3090 6088 3089 6088 3089 6089 3090 6089 2314 6089 3089 6090 2314 6090 3201 6090 3201 6091 2314 6091 3091 6091 3201 6092 3091 6092 3202 6092 3202 6093 3091 6093 3092 6093 3202 6094 3092 6094 3204 6094 3204 6095 3092 6095 3093 6095 3204 6096 3093 6096 3094 6096 3094 6097 3093 6097 2332 6097 2323 6098 2327 6098 3095 6098 3095 6099 2327 6099 3096 6099 3095 6100 3096 6100 2321 6100 2321 6101 3096 6101 2329 6101 2321 6102 2329 6102 2319 6102 2319 6103 2329 6103 2330 6103 2319 6104 2330 6104 2317 6104 2317 6105 2330 6105 3093 6105 2317 6106 3093 6106 3101 6106 3101 6107 3093 6107 2313 6107 3101 6108 2313 6108 3097 6108 3097 6109 2313 6109 3099 6109 3097 6110 3099 6110 3098 6110 3098 6111 3099 6111 2315 6111 3098 6112 2315 6112 3103 6112 3103 6113 2315 6113 3090 6113 3103 6114 3090 6114 3104 6114 3104 6115 3090 6115 3200 6115 3104 6116 3200 6116 3106 6116 2316 6117 2317 6117 3100 6117 3100 6118 2317 6118 3101 6118 3100 6119 3101 6119 2311 6119 2311 6120 3101 6120 3097 6120 2311 6121 3097 6121 3102 6121 3102 6122 3097 6122 3098 6122 3102 6123 3098 6123 3087 6123 3087 6124 3098 6124 3103 6124 3087 6125 3103 6125 3084 6125 3084 6126 3103 6126 3104 6126 3084 6127 3104 6127 3105 6127 3105 6128 3104 6128 3106 6128 3105 6129 3106 6129 3199 6129 3866 6130 3107 6130 3127 6130 3127 6131 3107 6131 3108 6131 3127 6132 3108 6132 3109 6132 3109 6133 3108 6133 3110 6133 3109 6134 3110 6134 3112 6134 3112 6135 3110 6135 3111 6135 3112 6136 3111 6136 3130 6136 3130 6137 3111 6137 3113 6137 3130 6138 3113 6138 3131 6138 3131 6139 3113 6139 3114 6139 3131 6140 3114 6140 3115 6140 3115 6141 3114 6141 3117 6141 3115 6142 3117 6142 3116 6142 3116 6143 3117 6143 3203 6143 3116 6144 3203 6144 3134 6144 3134 6145 3203 6145 3205 6145 3134 6146 3205 6146 3118 6146 3118 6147 3205 6147 3206 6147 3118 6148 3206 6148 3119 6148 3872 6149 3871 6149 3177 6149 3177 6150 3871 6150 3120 6150 3177 6151 3120 6151 3179 6151 3179 6152 3120 6152 3121 6152 3179 6153 3121 6153 3180 6153 3180 6154 3121 6154 3128 6154 3180 6155 3128 6155 3183 6155 3183 6156 3128 6156 3129 6156 3183 6157 3129 6157 3184 6157 3184 6158 3129 6158 3122 6158 3184 6159 3122 6159 3185 6159 3185 6160 3122 6160 3132 6160 3185 6161 3132 6161 3123 6161 3123 6162 3132 6162 3124 6162 3123 6163 3124 6163 3188 6163 3188 6164 3124 6164 3133 6164 3188 6165 3133 6165 3125 6165 3125 6166 3133 6166 3135 6166 3125 6167 3135 6167 3192 6167 3192 6168 3135 6168 3126 6168 3192 6169 3126 6169 3209 6169 3209 6170 3126 6170 3136 6170 3867 6171 3866 6171 3120 6171 3120 6172 3866 6172 3127 6172 3120 6173 3127 6173 3121 6173 3121 6174 3127 6174 3109 6174 3121 6175 3109 6175 3128 6175 3128 6176 3109 6176 3112 6176 3128 6177 3112 6177 3129 6177 3129 6178 3112 6178 3130 6178 3129 6179 3130 6179 3122 6179 3122 6180 3130 6180 3131 6180 3122 6181 3131 6181 3132 6181 3132 6182 3131 6182 3115 6182 3132 6183 3115 6183 3124 6183 3124 6184 3115 6184 3116 6184 3124 6185 3116 6185 3133 6185 3133 6186 3116 6186 3134 6186 3133 6187 3134 6187 3135 6187 3135 6188 3134 6188 3118 6188 3135 6189 3118 6189 3126 6189 3126 6190 3118 6190 3119 6190 3126 6191 3119 6191 3136 6191 3407 6192 1068 6192 3408 6192 3408 6193 1068 6193 3194 6193 3408 6194 3194 6194 3409 6194 3409 6195 3194 6195 3137 6195 3409 6196 3137 6196 3410 6196 3410 6197 3137 6197 3138 6197 3410 6198 3138 6198 3411 6198 3411 6199 3138 6199 3197 6199 3411 6200 3197 6200 3413 6200 3413 6201 3197 6201 3139 6201 3413 6202 3139 6202 3414 6202 3414 6203 3139 6203 3602 6203 3414 6204 3602 6204 3603 6204 3768 6205 3140 6205 3064 6205 3064 6206 3140 6206 3141 6206 3064 6207 3141 6207 3424 6207 3424 6208 3141 6208 3142 6208 3424 6209 3142 6209 3143 6209 3143 6210 3142 6210 3427 6210 3143 6211 3427 6211 3422 6211 3422 6212 3427 6212 3428 6212 3422 6213 3428 6213 3144 6213 3144 6214 3428 6214 3429 6214 3144 6215 3429 6215 3145 6215 3145 6216 3429 6216 3147 6216 3145 6217 3147 6217 3146 6217 3146 6218 3147 6218 3430 6218 3146 6219 3430 6219 3148 6219 3148 6220 3430 6220 3431 6220 3148 6221 3431 6221 3149 6221 3149 6222 3431 6222 3432 6222 3149 6223 3432 6223 3418 6223 3418 6224 3432 6224 3150 6224 3418 6225 3150 6225 3417 6225 3417 6226 3150 6226 3434 6226 3417 6227 3434 6227 3151 6227 3151 6228 3434 6228 3435 6228 3152 6229 3065 6229 3153 6229 3153 6230 3065 6230 3154 6230 3153 6231 3154 6231 3610 6231 3610 6232 3154 6232 3178 6232 3610 6233 3178 6233 3613 6233 3613 6234 3178 6234 3181 6234 3613 6235 3181 6235 3614 6235 3614 6236 3181 6236 3182 6236 3614 6237 3182 6237 3155 6237 3155 6238 3182 6238 3156 6238 3155 6239 3156 6239 3157 6239 3157 6240 3156 6240 3186 6240 3157 6241 3186 6241 3617 6241 3617 6242 3186 6242 3187 6242 3617 6243 3187 6243 3158 6243 3158 6244 3187 6244 3159 6244 3158 6245 3159 6245 3160 6245 3160 6246 3159 6246 3189 6246 3160 6247 3189 6247 3161 6247 3161 6248 3189 6248 3190 6248 3161 6249 3190 6249 3622 6249 3622 6250 3190 6250 3191 6250 3622 6251 3191 6251 3162 6251 3162 6252 3191 6252 3210 6252 3162 6253 3210 6253 3212 6253 3416 6254 3163 6254 3164 6254 3164 6255 3163 6255 3165 6255 3164 6256 3165 6256 3419 6256 3419 6257 3165 6257 3166 6257 3419 6258 3166 6258 3167 6258 3167 6259 3166 6259 3168 6259 3167 6260 3168 6260 3420 6260 3420 6261 3168 6261 3169 6261 3420 6262 3169 6262 3170 6262 3170 6263 3169 6263 3171 6263 3170 6264 3171 6264 3172 6264 3172 6265 3171 6265 3173 6265 3172 6266 3173 6266 3421 6266 3421 6267 3173 6267 3412 6267 3421 6268 3412 6268 3423 6268 3423 6269 3412 6269 3415 6269 3423 6270 3415 6270 3174 6270 3174 6271 3415 6271 3175 6271 3174 6272 3175 6272 3606 6272 3873 6273 3176 6273 3154 6273 3154 6274 3176 6274 3177 6274 3154 6275 3177 6275 3178 6275 3178 6276 3177 6276 3179 6276 3178 6277 3179 6277 3181 6277 3181 6278 3179 6278 3180 6278 3181 6279 3180 6279 3182 6279 3182 6280 3180 6280 3183 6280 3182 6281 3183 6281 3156 6281 3156 6282 3183 6282 3184 6282 3156 6283 3184 6283 3186 6283 3186 6284 3184 6284 3185 6284 3186 6285 3185 6285 3187 6285 3187 6286 3185 6286 3123 6286 3187 6287 3123 6287 3159 6287 3159 6288 3123 6288 3188 6288 3159 6289 3188 6289 3189 6289 3189 6290 3188 6290 3125 6290 3189 6291 3125 6291 3190 6291 3190 6292 3125 6292 3192 6292 3190 6293 3192 6293 3191 6293 3191 6294 3192 6294 3209 6294 3191 6295 3209 6295 3210 6295 3193 6296 3403 6296 3194 6296 3194 6297 3403 6297 3404 6297 3194 6298 3404 6298 3137 6298 3137 6299 3404 6299 3195 6299 3137 6300 3195 6300 3138 6300 3138 6301 3195 6301 3196 6301 3138 6302 3196 6302 3197 6302 3197 6303 3196 6303 3405 6303 3197 6304 3405 6304 3139 6304 3139 6305 3405 6305 3406 6305 3139 6306 3406 6306 3602 6306 3865 6307 3198 6307 3108 6307 3108 6308 3198 6308 3199 6308 3108 6309 3199 6309 3110 6309 3110 6310 3199 6310 3106 6310 3110 6311 3106 6311 3111 6311 3111 6312 3106 6312 3200 6312 3111 6313 3200 6313 3113 6313 3113 6314 3200 6314 3089 6314 3113 6315 3089 6315 3114 6315 3114 6316 3089 6316 3201 6316 3114 6317 3201 6317 3117 6317 3117 6318 3201 6318 3202 6318 3117 6319 3202 6319 3203 6319 3203 6320 3202 6320 3204 6320 3203 6321 3204 6321 3205 6321 3205 6322 3204 6322 3094 6322 3205 6323 3094 6323 3206 6323 3206 6324 3094 6324 2332 6324 3206 6325 2332 6325 3119 6325 3119 6326 2332 6326 2364 6326 3119 6327 2364 6327 3136 6327 3136 6328 2364 6328 3207 6328 3136 6329 3207 6329 3209 6329 3209 6330 3207 6330 3208 6330 3209 6331 3208 6331 3210 6331 3210 6332 3208 6332 2369 6332 3210 6333 2369 6333 3212 6333 3212 6334 2369 6334 3211 6334 3212 6335 3211 6335 3162 6335 3162 6336 3211 6336 3625 6336 3162 6337 3625 6337 3622 6337 3273 6338 3213 6338 3214 6338 3214 6339 3213 6339 3215 6339 3214 6340 3215 6340 2987 6340 2987 6341 3215 6341 133 6341 2987 6342 133 6342 686 6342 656 6343 3216 6343 3273 6343 3273 6344 3216 6344 3217 6344 3273 6345 3217 6345 3213 6345 3568 6346 3571 6346 3218 6346 3218 6347 3571 6347 3219 6347 3218 6348 3219 6348 3257 6348 3257 6349 3219 6349 3332 6349 3257 6350 3332 6350 3220 6350 3220 6351 3332 6351 3221 6351 3220 6352 3221 6352 3258 6352 3258 6353 3221 6353 3330 6353 3378 6354 3787 6354 3379 6354 3379 6355 3787 6355 2919 6355 3379 6356 2919 6356 3222 6356 3222 6357 2919 6357 3001 6357 3222 6358 3001 6358 3223 6358 3223 6359 3001 6359 3002 6359 3223 6360 3002 6360 3224 6360 3224 6361 3002 6361 3004 6361 3224 6362 3004 6362 3381 6362 3381 6363 3004 6363 3006 6363 3381 6364 3006 6364 3383 6364 3383 6365 3006 6365 3225 6365 3383 6366 3225 6366 3384 6366 3384 6367 3225 6367 3226 6367 3384 6368 3226 6368 3385 6368 3385 6369 3226 6369 3227 6369 3385 6370 3227 6370 3387 6370 3387 6371 3227 6371 3228 6371 3387 6372 3228 6372 3388 6372 3388 6373 3228 6373 3012 6373 3388 6374 3012 6374 3391 6374 3391 6375 3012 6375 3013 6375 3391 6376 3013 6376 3393 6376 3393 6377 3013 6377 3229 6377 3393 6378 3229 6378 3230 6378 3230 6379 3229 6379 3231 6379 3230 6380 3231 6380 3232 6380 3232 6381 3231 6381 3061 6381 3232 6382 3061 6382 3233 6382 3233 6383 3061 6383 3348 6383 3233 6384 3348 6384 3234 6384 3234 6385 3348 6385 3398 6385 2905 6386 2899 6386 3235 6386 3235 6387 2899 6387 3236 6387 3235 6388 3236 6388 3237 6388 3237 6389 3236 6389 3017 6389 3237 6390 3017 6390 3238 6390 3238 6391 3017 6391 3018 6391 3238 6392 3018 6392 3046 6392 3046 6393 3018 6393 3239 6393 3046 6394 3239 6394 3044 6394 3044 6395 3239 6395 3240 6395 3044 6396 3240 6396 3043 6396 3043 6397 3240 6397 3021 6397 3043 6398 3021 6398 3241 6398 3241 6399 3021 6399 3242 6399 3241 6400 3242 6400 3039 6400 3039 6401 3242 6401 3243 6401 3039 6402 3243 6402 3245 6402 3245 6403 3243 6403 3244 6403 3245 6404 3244 6404 3246 6404 3246 6405 3244 6405 3025 6405 3246 6406 3025 6406 3038 6406 3038 6407 3025 6407 3026 6407 3038 6408 3026 6408 3036 6408 3036 6409 3026 6409 3027 6409 3036 6410 3027 6410 3035 6410 3035 6411 3027 6411 3028 6411 3035 6412 3028 6412 3033 6412 3033 6413 3028 6413 3030 6413 3033 6414 3030 6414 3031 6414 3031 6415 3030 6415 3247 6415 3031 6416 3247 6416 3337 6416 3337 6417 3247 6417 3396 6417 3248 6418 3329 6418 3285 6418 3285 6419 3329 6419 3249 6419 3285 6420 3249 6420 3250 6420 3250 6421 3249 6421 3331 6421 3250 6422 3331 6422 1070 6422 3273 6423 3271 6423 656 6423 656 6424 3271 6424 3251 6424 656 6425 3251 6425 3252 6425 3252 6426 3251 6426 1014 6426 1014 6427 3251 6427 3253 6427 3253 6428 3251 6428 3254 6428 3253 6429 3254 6429 3255 6429 3269 6430 333 6430 3255 6430 3255 6431 333 6431 1021 6431 3255 6432 1021 6432 3256 6432 2975 6433 3568 6433 2976 6433 2976 6434 3568 6434 3218 6434 2976 6435 3218 6435 2977 6435 2977 6436 3218 6436 3257 6436 2977 6437 3257 6437 2978 6437 2978 6438 3257 6438 3220 6438 2978 6439 3220 6439 2980 6439 2980 6440 3220 6440 3258 6440 2980 6441 3258 6441 3275 6441 3275 6442 3258 6442 3330 6442 3275 6443 3330 6443 3274 6443 3274 6444 3330 6444 3328 6444 3274 6445 3328 6445 3272 6445 3272 6446 3328 6446 3260 6446 3272 6447 3260 6447 3259 6447 3259 6448 3260 6448 3261 6448 3259 6449 3261 6449 3263 6449 3263 6450 3261 6450 3262 6450 3263 6451 3262 6451 3270 6451 3270 6452 3262 6452 3264 6452 3270 6453 3264 6453 3265 6453 3265 6454 3264 6454 3327 6454 3265 6455 3327 6455 3266 6455 3266 6456 3327 6456 3267 6456 3266 6457 3267 6457 3268 6457 3268 6458 3267 6458 3325 6458 3268 6459 3325 6459 3323 6459 335 6460 334 6460 3268 6460 3268 6461 334 6461 3269 6461 3268 6462 3269 6462 3266 6462 3266 6463 3269 6463 3255 6463 3266 6464 3255 6464 3265 6464 3265 6465 3255 6465 3254 6465 3265 6466 3254 6466 3270 6466 3270 6467 3254 6467 3251 6467 3270 6468 3251 6468 3263 6468 3263 6469 3251 6469 3271 6469 3263 6470 3271 6470 3259 6470 3259 6471 3271 6471 3273 6471 3259 6472 3273 6472 3272 6472 3272 6473 3273 6473 3214 6473 3272 6474 3214 6474 3274 6474 3274 6475 3214 6475 2987 6475 3274 6476 2987 6476 3275 6476 3275 6477 2987 6477 3277 6477 3275 6478 3277 6478 3276 6478 3276 6479 3277 6479 3278 6479 3276 6480 3278 6480 3279 6480 3279 6481 3278 6481 3280 6481 3279 6482 3280 6482 2979 6482 2979 6483 3280 6483 3281 6483 2979 6484 3281 6484 3282 6484 3282 6485 3281 6485 2984 6485 3282 6486 2984 6486 2974 6486 2974 6487 2984 6487 2983 6487 2974 6488 2983 6488 3283 6488 3283 6489 2983 6489 2982 6489 3577 6490 1067 6490 3319 6490 3319 6491 1067 6491 3336 6491 3319 6492 3336 6492 3335 6492 3284 6493 3573 6493 3285 6493 3285 6494 3573 6494 3307 6494 3285 6495 3307 6495 3248 6495 3248 6496 3307 6496 3286 6496 3248 6497 3286 6497 3287 6497 3287 6498 3286 6498 3289 6498 3287 6499 3289 6499 3288 6499 3288 6500 3289 6500 3309 6500 3288 6501 3309 6501 3290 6501 3290 6502 3309 6502 3292 6502 3290 6503 3292 6503 3291 6503 3291 6504 3292 6504 3293 6504 3291 6505 3293 6505 3326 6505 3326 6506 3293 6506 1124 6506 3575 6507 3576 6507 3294 6507 3294 6508 3576 6508 3306 6508 3294 6509 3306 6509 3308 6509 3308 6510 3306 6510 3296 6510 3308 6511 3296 6511 3295 6511 3295 6512 3296 6512 3302 6512 3295 6513 3302 6513 3310 6513 3310 6514 3302 6514 3300 6514 3310 6515 3300 6515 3298 6515 3298 6516 3300 6516 3297 6516 3298 6517 3297 6517 1132 6517 3578 6518 3299 6518 3305 6518 3305 6519 3299 6519 3580 6519 3305 6520 3580 6520 3304 6520 3304 6521 3580 6521 3303 6521 3314 6522 3313 6522 1138 6522 1138 6523 3313 6523 1132 6523 1138 6524 1132 6524 1101 6524 1101 6525 1132 6525 3297 6525 1101 6526 3297 6526 3301 6526 3301 6527 3297 6527 3300 6527 3301 6528 3300 6528 3303 6528 3303 6529 3300 6529 3302 6529 3303 6530 3302 6530 3304 6530 3304 6531 3302 6531 3296 6531 3304 6532 3296 6532 3305 6532 3305 6533 3296 6533 3306 6533 3305 6534 3306 6534 3578 6534 3578 6535 3306 6535 3576 6535 3573 6536 3575 6536 3307 6536 3307 6537 3575 6537 3294 6537 3307 6538 3294 6538 3286 6538 3286 6539 3294 6539 3308 6539 3286 6540 3308 6540 3289 6540 3289 6541 3308 6541 3295 6541 3289 6542 3295 6542 3309 6542 3309 6543 3295 6543 3310 6543 3309 6544 3310 6544 3292 6544 3292 6545 3310 6545 3311 6545 3292 6546 3311 6546 3312 6546 3312 6547 3311 6547 3313 6547 3312 6548 3313 6548 1126 6548 1126 6549 3313 6549 3314 6549 1126 6550 3314 6550 1127 6550 1127 6551 3314 6551 1140 6551 1127 6552 1140 6552 1131 6552 1131 6553 1140 6553 1141 6553 1131 6554 1141 6554 3315 6554 3315 6555 1141 6555 1116 6555 3315 6556 1116 6556 3316 6556 3316 6557 1116 6557 1117 6557 3316 6558 1117 6558 3317 6558 3317 6559 1117 6559 1115 6559 3317 6560 1115 6560 1123 6560 1123 6561 1115 6561 3318 6561 1123 6562 3318 6562 1124 6562 1124 6563 3318 6563 1104 6563 1124 6564 1104 6564 3326 6564 3579 6565 3577 6565 3320 6565 3320 6566 3577 6566 3319 6566 3320 6567 3319 6567 3321 6567 3321 6568 3319 6568 3335 6568 3321 6569 3335 6569 3593 6569 523 6570 3322 6570 1112 6570 1112 6571 3322 6571 3323 6571 1112 6572 3323 6572 3324 6572 3324 6573 3323 6573 3325 6573 3324 6574 3325 6574 1104 6574 1104 6575 3325 6575 3267 6575 1104 6576 3267 6576 3326 6576 3326 6577 3267 6577 3327 6577 3326 6578 3327 6578 3291 6578 3291 6579 3327 6579 3264 6579 3291 6580 3264 6580 3290 6580 3290 6581 3264 6581 3262 6581 3290 6582 3262 6582 3288 6582 3288 6583 3262 6583 3261 6583 3288 6584 3261 6584 3287 6584 3287 6585 3261 6585 3260 6585 3287 6586 3260 6586 3248 6586 3248 6587 3260 6587 3328 6587 3248 6588 3328 6588 3329 6588 3329 6589 3328 6589 3330 6589 3329 6590 3330 6590 3249 6590 3249 6591 3330 6591 3221 6591 3249 6592 3221 6592 3331 6592 3331 6593 3221 6593 3332 6593 3331 6594 3332 6594 1070 6594 1070 6595 3332 6595 3219 6595 1070 6596 3219 6596 3333 6596 3333 6597 3219 6597 3571 6597 3334 6598 3593 6598 3397 6598 3397 6599 3593 6599 3335 6599 3397 6600 3335 6600 3396 6600 3396 6601 3335 6601 3336 6601 3396 6602 3336 6602 3337 6602 3337 6603 3336 6603 3338 6603 3337 6604 3338 6604 3574 6604 2920 6605 3072 6605 3339 6605 3339 6606 3072 6606 3340 6606 3339 6607 3340 6607 3049 6607 3049 6608 3340 6608 3075 6608 3049 6609 3075 6609 3052 6609 3052 6610 3075 6610 3076 6610 3052 6611 3076 6611 3053 6611 3053 6612 3076 6612 3341 6612 3053 6613 3341 6613 3054 6613 3054 6614 3341 6614 3078 6614 3054 6615 3078 6615 3056 6615 3056 6616 3078 6616 3342 6616 3056 6617 3342 6617 3058 6617 3058 6618 3342 6618 3361 6618 3058 6619 3361 6619 3059 6619 3059 6620 3361 6620 3359 6620 3059 6621 3359 6621 3343 6621 3343 6622 3359 6622 3344 6622 3343 6623 3344 6623 3345 6623 3345 6624 3344 6624 3356 6624 3345 6625 3356 6625 3060 6625 3060 6626 3356 6626 3346 6626 3060 6627 3346 6627 3347 6627 3347 6628 3346 6628 3354 6628 3347 6629 3354 6629 3348 6629 3348 6630 3354 6630 3349 6630 3348 6631 3349 6631 3398 6631 3398 6632 3349 6632 3399 6632 3597 6633 3451 6633 3350 6633 3377 6634 3375 6634 3351 6634 3351 6635 3375 6635 3368 6635 3351 6636 3368 6636 3597 6636 3597 6637 3368 6637 3352 6637 3597 6638 3352 6638 3451 6638 3353 6639 3399 6639 3595 6639 3595 6640 3399 6640 3349 6640 3595 6641 3349 6641 3596 6641 3596 6642 3349 6642 3354 6642 3596 6643 3354 6643 3355 6643 3355 6644 3354 6644 3346 6644 3355 6645 3346 6645 3598 6645 3598 6646 3346 6646 3356 6646 3598 6647 3356 6647 3357 6647 3357 6648 3356 6648 3344 6648 3357 6649 3344 6649 3358 6649 3358 6650 3344 6650 3359 6650 3358 6651 3359 6651 3360 6651 3360 6652 3359 6652 3361 6652 3360 6653 3361 6653 3362 6653 3362 6654 3361 6654 3342 6654 3362 6655 3342 6655 3601 6655 3601 6656 3342 6656 3071 6656 3601 6657 3071 6657 3363 6657 3363 6658 3071 6658 3070 6658 3363 6659 3070 6659 3604 6659 3604 6660 3070 6660 3069 6660 3604 6661 3069 6661 3605 6661 3605 6662 3069 6662 3063 6662 3605 6663 3063 6663 3364 6663 3364 6664 3063 6664 3773 6664 3364 6665 3773 6665 3772 6665 3365 6666 3448 6666 3366 6666 3366 6667 3448 6667 3367 6667 3366 6668 3367 6668 3368 6668 3368 6669 3367 6669 3450 6669 3368 6670 3450 6670 3352 6670 3444 6671 1065 6671 3369 6671 3369 6672 1065 6672 3370 6672 3369 6673 3370 6673 3371 6673 3371 6674 3370 6674 3374 6674 3371 6675 3374 6675 3372 6675 3372 6676 3374 6676 3376 6676 3372 6677 3376 6677 3373 6677 3373 6678 3376 6678 3599 6678 3373 6679 3599 6679 3600 6679 3445 6680 3365 6680 3370 6680 3370 6681 3365 6681 3366 6681 3370 6682 3366 6682 3374 6682 3374 6683 3366 6683 3375 6683 3374 6684 3375 6684 3376 6684 3376 6685 3375 6685 3377 6685 3376 6686 3377 6686 3599 6686 3789 6687 3378 6687 2902 6687 2902 6688 3378 6688 3379 6688 2902 6689 3379 6689 3019 6689 3019 6690 3379 6690 3222 6690 3019 6691 3222 6691 3380 6691 3380 6692 3222 6692 3223 6692 3380 6693 3223 6693 3020 6693 3020 6694 3223 6694 3224 6694 3020 6695 3224 6695 3022 6695 3022 6696 3224 6696 3381 6696 3022 6697 3381 6697 3023 6697 3023 6698 3381 6698 3383 6698 3023 6699 3383 6699 3382 6699 3382 6700 3383 6700 3384 6700 3382 6701 3384 6701 3024 6701 3024 6702 3384 6702 3385 6702 3024 6703 3385 6703 3386 6703 3386 6704 3385 6704 3387 6704 3386 6705 3387 6705 3389 6705 3389 6706 3387 6706 3388 6706 3389 6707 3388 6707 3390 6707 3390 6708 3388 6708 3391 6708 3390 6709 3391 6709 3392 6709 3392 6710 3391 6710 3393 6710 3392 6711 3393 6711 3029 6711 3029 6712 3393 6712 3230 6712 3029 6713 3230 6713 3394 6713 3394 6714 3230 6714 3232 6714 3394 6715 3232 6715 3395 6715 3395 6716 3232 6716 3233 6716 3395 6717 3233 6717 3396 6717 3396 6718 3233 6718 3234 6718 3396 6719 3234 6719 3397 6719 3397 6720 3234 6720 3398 6720 3397 6721 3398 6721 3334 6721 3334 6722 3398 6722 3399 6722 3334 6723 3399 6723 3593 6723 3593 6724 3399 6724 3353 6724 3442 6725 1064 6725 3400 6725 3400 6726 1064 6726 3402 6726 3400 6727 3402 6727 3401 6727 3439 6728 3401 6728 3407 6728 3407 6729 3401 6729 3402 6729 3407 6730 3402 6730 1068 6730 1068 6731 3402 6731 1064 6731 1068 6732 1064 6732 3193 6732 3193 6733 1064 6733 1066 6733 3193 6734 1066 6734 3403 6734 3403 6735 1066 6735 3369 6735 3403 6736 3369 6736 3404 6736 3404 6737 3369 6737 3371 6737 3404 6738 3371 6738 3195 6738 3195 6739 3371 6739 3372 6739 3195 6740 3372 6740 3196 6740 3196 6741 3372 6741 3373 6741 3196 6742 3373 6742 3405 6742 3405 6743 3373 6743 3600 6743 3405 6744 3600 6744 3406 6744 3163 6745 3437 6745 3165 6745 3165 6746 3437 6746 3407 6746 3165 6747 3407 6747 3166 6747 3166 6748 3407 6748 3408 6748 3166 6749 3408 6749 3168 6749 3168 6750 3408 6750 3409 6750 3168 6751 3409 6751 3169 6751 3169 6752 3409 6752 3410 6752 3169 6753 3410 6753 3171 6753 3171 6754 3410 6754 3411 6754 3171 6755 3411 6755 3173 6755 3173 6756 3411 6756 3413 6756 3173 6757 3413 6757 3412 6757 3412 6758 3413 6758 3414 6758 3412 6759 3414 6759 3415 6759 3415 6760 3414 6760 3603 6760 3415 6761 3603 6761 3175 6761 3151 6762 3416 6762 3417 6762 3417 6763 3416 6763 3164 6763 3417 6764 3164 6764 3418 6764 3418 6765 3164 6765 3419 6765 3418 6766 3419 6766 3149 6766 3149 6767 3419 6767 3167 6767 3149 6768 3167 6768 3148 6768 3148 6769 3167 6769 3420 6769 3148 6770 3420 6770 3146 6770 3146 6771 3420 6771 3170 6771 3146 6772 3170 6772 3145 6772 3145 6773 3170 6773 3172 6773 3145 6774 3172 6774 3144 6774 3144 6775 3172 6775 3421 6775 3144 6776 3421 6776 3422 6776 3422 6777 3421 6777 3423 6777 3422 6778 3423 6778 3143 6778 3143 6779 3423 6779 3174 6779 3143 6780 3174 6780 3424 6780 3424 6781 3174 6781 3606 6781 3424 6782 3606 6782 3064 6782 3425 6783 3426 6783 3141 6783 3141 6784 3426 6784 1069 6784 3141 6785 1069 6785 3142 6785 3142 6786 1069 6786 3609 6786 3142 6787 3609 6787 3427 6787 3427 6788 3609 6788 3611 6788 3427 6789 3611 6789 3428 6789 3428 6790 3611 6790 3612 6790 3428 6791 3612 6791 3429 6791 3429 6792 3612 6792 3615 6792 3429 6793 3615 6793 3147 6793 3147 6794 3615 6794 3616 6794 3147 6795 3616 6795 3430 6795 3430 6796 3616 6796 3618 6796 3430 6797 3618 6797 3431 6797 3431 6798 3618 6798 3619 6798 3431 6799 3619 6799 3432 6799 3432 6800 3619 6800 3620 6800 3432 6801 3620 6801 3150 6801 3150 6802 3620 6802 3621 6802 3150 6803 3621 6803 3434 6803 3434 6804 3621 6804 3433 6804 3434 6805 3433 6805 3435 6805 3435 6806 3433 6806 3623 6806 3623 6807 3624 6807 3435 6807 3435 6808 3624 6808 3476 6808 3435 6809 3476 6809 3151 6809 3151 6810 3476 6810 3478 6810 3151 6811 3478 6811 3416 6811 3416 6812 3478 6812 3436 6812 3416 6813 3436 6813 3163 6813 3163 6814 3436 6814 3479 6814 3163 6815 3479 6815 3437 6815 3437 6816 3479 6816 3438 6816 3437 6817 3438 6817 3439 6817 3439 6818 3438 6818 3482 6818 3439 6819 3482 6819 3401 6819 3401 6820 3482 6820 3440 6820 3401 6821 3440 6821 3400 6821 3400 6822 3440 6822 3441 6822 3400 6823 3441 6823 3442 6823 3442 6824 3441 6824 3443 6824 3442 6825 3443 6825 1066 6825 1066 6826 3443 6826 3485 6826 1066 6827 3485 6827 3444 6827 3444 6828 3485 6828 3487 6828 3444 6829 3487 6829 1065 6829 1065 6830 3487 6830 3446 6830 1065 6831 3446 6831 3445 6831 3445 6832 3446 6832 3488 6832 3445 6833 3488 6833 3365 6833 3365 6834 3488 6834 3490 6834 3365 6835 3490 6835 3448 6835 3448 6836 3490 6836 3447 6836 3448 6837 3447 6837 3367 6837 3367 6838 3447 6838 3449 6838 3367 6839 3449 6839 3450 6839 3450 6840 3449 6840 3491 6840 3450 6841 3491 6841 3352 6841 3352 6842 3491 6842 3495 6842 3352 6843 3495 6843 3451 6843 3451 6844 3495 6844 3452 6844 3451 6845 3452 6845 3350 6845 3350 6846 3452 6846 3453 6846 3645 6847 3462 6847 3466 6847 3466 6848 3462 6848 3463 6848 3466 6849 3463 6849 3469 6849 3469 6850 3463 6850 3454 6850 3469 6851 3454 6851 3470 6851 3470 6852 3454 6852 3472 6852 3646 6853 3644 6853 3543 6853 3543 6854 3644 6854 3455 6854 3543 6855 3455 6855 3456 6855 3456 6856 3455 6856 3643 6856 3456 6857 3643 6857 3457 6857 3457 6858 3643 6858 3459 6858 3457 6859 3459 6859 3458 6859 3458 6860 3459 6860 3641 6860 3458 6861 3641 6861 3548 6861 3548 6862 3641 6862 3639 6862 3548 6863 3639 6863 3460 6863 3460 6864 3639 6864 3637 6864 3460 6865 3637 6865 3461 6865 3461 6866 3637 6866 3635 6866 3461 6867 3635 6867 3514 6867 3462 6868 3648 6868 3463 6868 3463 6869 3648 6869 3464 6869 3463 6870 3464 6870 3454 6870 3454 6871 3464 6871 3731 6871 3454 6872 3731 6872 3472 6872 3472 6873 3731 6873 3730 6873 3494 6874 3645 6874 3465 6874 3465 6875 3645 6875 3466 6875 3465 6876 3466 6876 3467 6876 3467 6877 3466 6877 3469 6877 3467 6878 3469 6878 3468 6878 3468 6879 3469 6879 3470 6879 3468 6880 3470 6880 3471 6880 3471 6881 3470 6881 3472 6881 3471 6882 3472 6882 3498 6882 3498 6883 3472 6883 3730 6883 3498 6884 3730 6884 3473 6884 3474 6885 3590 6885 1364 6885 1364 6886 3590 6886 3475 6886 1364 6887 3475 6887 3473 6887 3624 6888 3626 6888 3476 6888 3476 6889 3626 6889 3627 6889 3476 6890 3627 6890 3478 6890 3478 6891 3627 6891 3477 6891 3478 6892 3477 6892 3436 6892 3436 6893 3477 6893 3628 6893 3436 6894 3628 6894 3479 6894 3479 6895 3628 6895 3480 6895 3479 6896 3480 6896 3438 6896 3438 6897 3480 6897 3481 6897 3438 6898 3481 6898 3482 6898 3482 6899 3481 6899 3483 6899 3482 6900 3483 6900 3440 6900 3440 6901 3483 6901 3631 6901 3440 6902 3631 6902 3441 6902 3441 6903 3631 6903 3484 6903 3441 6904 3484 6904 3443 6904 3443 6905 3484 6905 3633 6905 3443 6906 3633 6906 3485 6906 3485 6907 3633 6907 3486 6907 3485 6908 3486 6908 3487 6908 3487 6909 3486 6909 3636 6909 3487 6910 3636 6910 3446 6910 3446 6911 3636 6911 3638 6911 3446 6912 3638 6912 3488 6912 3488 6913 3638 6913 3489 6913 3488 6914 3489 6914 3490 6914 3490 6915 3489 6915 3640 6915 3490 6916 3640 6916 3447 6916 3447 6917 3640 6917 3642 6917 3447 6918 3642 6918 3449 6918 3449 6919 3642 6919 3492 6919 3449 6920 3492 6920 3491 6920 3491 6921 3492 6921 3493 6921 3491 6922 3493 6922 3495 6922 3495 6923 3493 6923 3494 6923 3495 6924 3494 6924 3452 6924 3452 6925 3494 6925 3465 6925 3452 6926 3465 6926 3453 6926 3453 6927 3465 6927 3467 6927 3453 6928 3467 6928 3594 6928 3594 6929 3467 6929 3468 6929 3594 6930 3468 6930 3496 6930 3496 6931 3468 6931 3471 6931 3496 6932 3471 6932 3497 6932 3497 6933 3471 6933 3498 6933 3497 6934 3498 6934 3592 6934 3592 6935 3498 6935 3473 6935 3592 6936 3473 6936 3499 6936 3499 6937 3473 6937 3475 6937 3499 6938 3475 6938 3591 6938 3591 6939 3475 6939 3590 6939 3647 6940 3541 6940 3500 6940 3500 6941 3541 6941 3542 6941 3500 6942 3542 6942 3734 6942 3734 6943 3542 6943 3544 6943 3734 6944 3544 6944 3735 6944 3735 6945 3544 6945 3545 6945 3735 6946 3545 6946 3501 6946 3501 6947 3545 6947 3546 6947 3501 6948 3546 6948 3502 6948 3502 6949 3546 6949 3503 6949 3502 6950 3503 6950 3515 6950 3558 6951 3557 6951 3504 6951 3504 6952 3557 6952 3556 6952 3504 6953 3556 6953 3505 6953 3505 6954 3556 6954 3506 6954 3505 6955 3506 6955 3629 6955 3629 6956 3506 6956 3507 6956 3629 6957 3507 6957 3509 6957 3509 6958 3507 6958 3508 6958 3509 6959 3508 6959 3510 6959 3510 6960 3508 6960 3511 6960 3510 6961 3511 6961 3512 6961 3512 6962 3511 6962 3554 6962 3512 6963 3554 6963 3630 6963 3630 6964 3554 6964 3553 6964 3630 6965 3553 6965 3513 6965 3513 6966 3553 6966 3551 6966 3513 6967 3551 6967 3632 6967 3632 6968 3551 6968 3514 6968 3632 6969 3514 6969 3634 6969 3634 6970 3514 6970 3635 6970 3503 6971 3547 6971 3515 6971 3515 6972 3547 6972 3549 6972 3515 6973 3549 6973 3739 6973 3739 6974 3549 6974 3517 6974 3739 6975 3517 6975 3516 6975 3516 6976 3517 6976 3550 6976 3516 6977 3550 6977 3742 6977 3742 6978 3550 6978 3552 6978 3742 6979 3552 6979 3743 6979 3743 6980 3552 6980 3518 6980 3743 6981 3518 6981 3519 6981 3519 6982 3518 6982 3520 6982 3519 6983 3520 6983 3521 6983 3521 6984 3520 6984 3522 6984 3521 6985 3522 6985 3747 6985 3747 6986 3522 6986 3524 6986 3747 6987 3524 6987 3523 6987 3523 6988 3524 6988 3525 6988 3523 6989 3525 6989 3748 6989 3748 6990 3525 6990 3555 6990 3748 6991 3555 6991 3750 6991 3750 6992 3555 6992 3526 6992 3750 6993 3526 6993 3527 6993 3527 6994 3526 6994 3529 6994 3527 6995 3529 6995 3528 6995 3528 6996 3529 6996 3530 6996 3528 6997 3530 6997 3532 6997 3532 6998 3530 6998 3531 6998 3532 6999 3531 6999 3533 6999 3533 7000 3531 7000 3534 7000 3533 7001 3534 7001 3535 7001 3535 7002 3534 7002 3536 7002 3535 7003 3536 7003 3753 7003 3753 7004 3536 7004 3538 7004 3753 7005 3538 7005 3537 7005 3537 7006 3538 7006 3539 7006 3537 7007 3539 7007 3756 7007 3756 7008 3539 7008 3540 7008 3756 7009 3540 7009 3758 7009 3758 7010 3540 7010 2350 7010 3758 7011 2350 7011 3760 7011 3760 7012 2350 7012 2352 7012 3760 7013 2352 7013 3762 7013 3762 7014 2352 7014 3849 7014 3762 7015 3849 7015 3851 7015 3541 7016 3646 7016 3542 7016 3542 7017 3646 7017 3543 7017 3542 7018 3543 7018 3544 7018 3544 7019 3543 7019 3456 7019 3544 7020 3456 7020 3545 7020 3545 7021 3456 7021 3457 7021 3545 7022 3457 7022 3546 7022 3546 7023 3457 7023 3458 7023 3546 7024 3458 7024 3503 7024 3503 7025 3458 7025 3548 7025 3503 7026 3548 7026 3547 7026 3547 7027 3548 7027 3460 7027 3547 7028 3460 7028 3549 7028 3549 7029 3460 7029 3461 7029 3549 7030 3461 7030 3517 7030 3517 7031 3461 7031 3514 7031 3517 7032 3514 7032 3550 7032 3550 7033 3514 7033 3551 7033 3550 7034 3551 7034 3552 7034 3552 7035 3551 7035 3553 7035 3552 7036 3553 7036 3518 7036 3518 7037 3553 7037 3554 7037 3518 7038 3554 7038 3520 7038 3520 7039 3554 7039 3511 7039 3520 7040 3511 7040 3522 7040 3522 7041 3511 7041 3508 7041 3522 7042 3508 7042 3524 7042 3524 7043 3508 7043 3507 7043 3524 7044 3507 7044 3525 7044 3525 7045 3507 7045 3506 7045 3525 7046 3506 7046 3555 7046 3555 7047 3506 7047 3556 7047 3555 7048 3556 7048 3526 7048 3526 7049 3556 7049 3557 7049 3526 7050 3557 7050 3529 7050 3529 7051 3557 7051 3558 7051 3529 7052 3558 7052 3530 7052 3530 7053 3558 7053 1081 7053 3530 7054 1081 7054 3531 7054 3531 7055 1081 7055 2358 7055 3531 7056 2358 7056 3534 7056 3534 7057 2358 7057 2357 7057 3534 7058 2357 7058 2347 7058 2347 7059 2357 7059 2360 7059 2347 7060 2360 7060 2348 7060 2348 7061 2360 7061 2359 7061 2348 7062 2359 7062 3559 7062 3559 7063 2359 7063 2328 7063 3559 7064 2328 7064 3560 7064 3560 7065 2328 7065 2327 7065 3560 7066 2327 7066 2349 7066 2349 7067 2327 7067 2323 7067 2349 7068 2323 7068 2351 7068 2351 7069 2323 7069 3561 7069 2351 7070 3561 7070 3853 7070 2904 7071 3235 7071 2903 7071 2903 7072 3235 7072 3562 7072 2903 7073 3562 7073 2914 7073 2914 7074 3562 7074 3564 7074 2914 7075 3564 7075 3563 7075 3563 7076 3564 7076 3565 7076 3563 7077 3565 7077 3566 7077 3566 7078 3565 7078 3045 7078 3566 7079 3045 7079 2965 7079 2965 7080 3045 7080 3567 7080 2965 7081 3567 7081 2981 7081 2981 7082 3567 7082 3042 7082 2981 7083 3042 7083 2982 7083 2982 7084 3042 7084 3041 7084 2982 7085 3041 7085 3283 7085 3283 7086 3041 7086 3040 7086 3283 7087 3040 7087 2975 7087 2975 7088 3040 7088 3569 7088 2975 7089 3569 7089 3568 7089 3568 7090 3569 7090 3570 7090 3568 7091 3570 7091 3571 7091 3571 7092 3570 7092 3037 7092 3571 7093 3037 7093 3333 7093 3333 7094 3037 7094 3034 7094 3333 7095 3034 7095 2999 7095 2999 7096 3034 7096 3572 7096 2999 7097 3572 7097 3284 7097 3284 7098 3572 7098 3032 7098 3284 7099 3032 7099 3573 7099 3573 7100 3032 7100 3574 7100 3573 7101 3574 7101 3575 7101 3575 7102 3574 7102 3338 7102 3575 7103 3338 7103 3576 7103 3576 7104 3338 7104 1067 7104 3576 7105 1067 7105 3578 7105 3578 7106 1067 7106 3577 7106 3578 7107 3577 7107 3299 7107 3299 7108 3577 7108 3579 7108 3299 7109 3579 7109 3580 7109 3721 7110 3581 7110 1374 7110 1374 7111 3581 7111 3582 7111 1374 7112 3582 7112 3583 7112 3583 7113 3582 7113 3584 7113 3583 7114 3584 7114 3585 7114 3585 7115 3584 7115 3586 7115 3585 7116 3586 7116 1371 7116 1371 7117 3586 7117 1135 7117 1371 7118 1135 7118 3587 7118 3587 7119 1135 7119 1134 7119 3587 7120 1134 7120 3588 7120 3588 7121 1134 7121 1133 7121 3588 7122 1133 7122 3474 7122 3474 7123 1133 7123 3589 7123 3474 7124 3589 7124 3590 7124 3590 7125 3589 7125 3580 7125 3590 7126 3580 7126 3591 7126 3591 7127 3580 7127 3579 7127 3591 7128 3579 7128 3499 7128 3499 7129 3579 7129 3320 7129 3499 7130 3320 7130 3592 7130 3592 7131 3320 7131 3321 7131 3592 7132 3321 7132 3497 7132 3497 7133 3321 7133 3593 7133 3497 7134 3593 7134 3496 7134 3496 7135 3593 7135 3353 7135 3496 7136 3353 7136 3594 7136 3594 7137 3353 7137 3595 7137 3594 7138 3595 7138 3453 7138 3453 7139 3595 7139 3596 7139 3453 7140 3596 7140 3350 7140 3350 7141 3596 7141 3355 7141 3350 7142 3355 7142 3597 7142 3597 7143 3355 7143 3598 7143 3597 7144 3598 7144 3351 7144 3351 7145 3598 7145 3357 7145 3351 7146 3357 7146 3377 7146 3377 7147 3357 7147 3358 7147 3377 7148 3358 7148 3599 7148 3599 7149 3358 7149 3360 7149 3599 7150 3360 7150 3600 7150 3600 7151 3360 7151 3362 7151 3600 7152 3362 7152 3406 7152 3406 7153 3362 7153 3601 7153 3406 7154 3601 7154 3602 7154 3602 7155 3601 7155 3363 7155 3602 7156 3363 7156 3603 7156 3603 7157 3363 7157 3604 7157 3603 7158 3604 7158 3175 7158 3175 7159 3604 7159 3605 7159 3175 7160 3605 7160 3606 7160 3606 7161 3605 7161 3364 7161 3606 7162 3364 7162 3064 7162 3064 7163 3364 7163 3062 7163 3064 7164 3062 7164 3769 7164 3607 7165 3608 7165 1069 7165 1069 7166 3608 7166 3153 7166 1069 7167 3153 7167 3609 7167 3609 7168 3153 7168 3610 7168 3609 7169 3610 7169 3611 7169 3611 7170 3610 7170 3613 7170 3611 7171 3613 7171 3612 7171 3612 7172 3613 7172 3614 7172 3612 7173 3614 7173 3615 7173 3615 7174 3614 7174 3155 7174 3615 7175 3155 7175 3616 7175 3616 7176 3155 7176 3157 7176 3616 7177 3157 7177 3618 7177 3618 7178 3157 7178 3617 7178 3618 7179 3617 7179 3619 7179 3619 7180 3617 7180 3158 7180 3619 7181 3158 7181 3620 7181 3620 7182 3158 7182 3160 7182 3620 7183 3160 7183 3621 7183 3621 7184 3160 7184 3161 7184 3621 7185 3161 7185 3433 7185 3433 7186 3161 7186 3622 7186 3433 7187 3622 7187 3623 7187 3623 7188 3622 7188 3625 7188 3623 7189 3625 7189 3624 7189 3624 7190 3625 7190 3558 7190 3624 7191 3558 7191 3626 7191 3626 7192 3558 7192 3504 7192 3626 7193 3504 7193 3627 7193 3627 7194 3504 7194 3505 7194 3627 7195 3505 7195 3477 7195 3477 7196 3505 7196 3629 7196 3477 7197 3629 7197 3628 7197 3628 7198 3629 7198 3509 7198 3628 7199 3509 7199 3480 7199 3480 7200 3509 7200 3510 7200 3480 7201 3510 7201 3481 7201 3481 7202 3510 7202 3512 7202 3481 7203 3512 7203 3483 7203 3483 7204 3512 7204 3630 7204 3483 7205 3630 7205 3631 7205 3631 7206 3630 7206 3513 7206 3631 7207 3513 7207 3484 7207 3484 7208 3513 7208 3632 7208 3484 7209 3632 7209 3633 7209 3633 7210 3632 7210 3634 7210 3633 7211 3634 7211 3486 7211 3486 7212 3634 7212 3635 7212 3486 7213 3635 7213 3636 7213 3636 7214 3635 7214 3637 7214 3636 7215 3637 7215 3638 7215 3638 7216 3637 7216 3639 7216 3638 7217 3639 7217 3489 7217 3489 7218 3639 7218 3641 7218 3489 7219 3641 7219 3640 7219 3640 7220 3641 7220 3459 7220 3640 7221 3459 7221 3642 7221 3642 7222 3459 7222 3643 7222 3642 7223 3643 7223 3492 7223 3492 7224 3643 7224 3455 7224 3492 7225 3455 7225 3493 7225 3493 7226 3455 7226 3644 7226 3493 7227 3644 7227 3494 7227 3494 7228 3644 7228 3646 7228 3494 7229 3646 7229 3645 7229 3645 7230 3646 7230 3541 7230 3645 7231 3541 7231 3462 7231 3462 7232 3541 7232 3647 7232 3462 7233 3647 7233 3648 7233 2371 7234 3649 7234 109 7234 109 7235 3649 7235 2456 7235 109 7236 2456 7236 110 7236 110 7237 2456 7237 3650 7237 110 7238 3650 7238 111 7238 1947 7239 122 7239 3651 7239 3651 7240 122 7240 3652 7240 3651 7241 3652 7241 3686 7241 3686 7242 3652 7242 3653 7242 3686 7243 3653 7243 3688 7243 3688 7244 3653 7244 3654 7244 3688 7245 3654 7245 3655 7245 3749 7246 2396 7246 3656 7246 3656 7247 2396 7247 2394 7247 3656 7248 2394 7248 1583 7248 1583 7249 2394 7249 2393 7249 1583 7250 2393 7250 1584 7250 1584 7251 2393 7251 3657 7251 1584 7252 3657 7252 1089 7252 1089 7253 3657 7253 3658 7253 1089 7254 3658 7254 3659 7254 3659 7255 3658 7255 3660 7255 3659 7256 3660 7256 2166 7256 2166 7257 3660 7257 2278 7257 2166 7258 2278 7258 2163 7258 2163 7259 2278 7259 2277 7259 2163 7260 2277 7260 2162 7260 2162 7261 2277 7261 2275 7261 2162 7262 2275 7262 3661 7262 3661 7263 2275 7263 3662 7263 3661 7264 3662 7264 2160 7264 2160 7265 3662 7265 2274 7265 2160 7266 2274 7266 3663 7266 3663 7267 2274 7267 3664 7267 3663 7268 3664 7268 2159 7268 2159 7269 3664 7269 2273 7269 2159 7270 2273 7270 2158 7270 2158 7271 2273 7271 3665 7271 2158 7272 3665 7272 2156 7272 2156 7273 3665 7273 2270 7273 2156 7274 2270 7274 2154 7274 2154 7275 2270 7275 3666 7275 2154 7276 3666 7276 2152 7276 2152 7277 3666 7277 2267 7277 2152 7278 2267 7278 3667 7278 3667 7279 2267 7279 3668 7279 3667 7280 3668 7280 2151 7280 2151 7281 3668 7281 2264 7281 2151 7282 2264 7282 2149 7282 2149 7283 2264 7283 2262 7283 2149 7284 2262 7284 2148 7284 2148 7285 2262 7285 2261 7285 2148 7286 2261 7286 2224 7286 2224 7287 2261 7287 2260 7287 2224 7288 2260 7288 3669 7288 3669 7289 2260 7289 2257 7289 3669 7290 2257 7290 2226 7290 2226 7291 2257 7291 3670 7291 2226 7292 3670 7292 2228 7292 2228 7293 3670 7293 2297 7293 2228 7294 2297 7294 2229 7294 2229 7295 2297 7295 2301 7295 2229 7296 2301 7296 2230 7296 2230 7297 2301 7297 2119 7297 2230 7298 2119 7298 2232 7298 2232 7299 2119 7299 2120 7299 2232 7300 2120 7300 2233 7300 2233 7301 2120 7301 2122 7301 2233 7302 2122 7302 2234 7302 2234 7303 2122 7303 2118 7303 2234 7304 2118 7304 2236 7304 2236 7305 2118 7305 3671 7305 2236 7306 3671 7306 2237 7306 2237 7307 3671 7307 3672 7307 2237 7308 3672 7308 2238 7308 2238 7309 3672 7309 2308 7309 2238 7310 2308 7310 3674 7310 3674 7311 2308 7311 3673 7311 3674 7312 3673 7312 3675 7312 3675 7313 3673 7313 1973 7313 3675 7314 1973 7314 2241 7314 2241 7315 1973 7315 1975 7315 2241 7316 1975 7316 2243 7316 2243 7317 1975 7317 1978 7317 2243 7318 1978 7318 2244 7318 2244 7319 1978 7319 1970 7319 2244 7320 1970 7320 3676 7320 3676 7321 1970 7321 3677 7321 3676 7322 3677 7322 2245 7322 2245 7323 3677 7323 3678 7323 2245 7324 3678 7324 3679 7324 3679 7325 3678 7325 3681 7325 3679 7326 3681 7326 3680 7326 3680 7327 3681 7327 3682 7327 3680 7328 3682 7328 2248 7328 2248 7329 3682 7329 1984 7329 2248 7330 1984 7330 2250 7330 2250 7331 1984 7331 1942 7331 2250 7332 1942 7332 2252 7332 2252 7333 1942 7333 1944 7333 2252 7334 1944 7334 3683 7334 3683 7335 1944 7335 3684 7335 3683 7336 3684 7336 2254 7336 2254 7337 3684 7337 3651 7337 2254 7338 3651 7338 2255 7338 2255 7339 3651 7339 3686 7339 2255 7340 3686 7340 3685 7340 3685 7341 3686 7341 3688 7341 3685 7342 3688 7342 3687 7342 3687 7343 3688 7343 3655 7343 3687 7344 3655 7344 118 7344 820 7345 3689 7345 2772 7345 2772 7346 3689 7346 3690 7346 2772 7347 3690 7347 2774 7347 2774 7348 3690 7348 1597 7348 2774 7349 1597 7349 3691 7349 3691 7350 1597 7350 2767 7350 3691 7351 2767 7351 3692 7351 3692 7352 2767 7352 2766 7352 3692 7353 2766 7353 2789 7353 2789 7354 2766 7354 2764 7354 2789 7355 2764 7355 2790 7355 2790 7356 2764 7356 2763 7356 2790 7357 2763 7357 2792 7357 2792 7358 2763 7358 2761 7358 2792 7359 2761 7359 3693 7359 3693 7360 2761 7360 2760 7360 3693 7361 2760 7361 2793 7361 2793 7362 2760 7362 2758 7362 2793 7363 2758 7363 2795 7363 2795 7364 2758 7364 2757 7364 2795 7365 2757 7365 3694 7365 3694 7366 2757 7366 3695 7366 3694 7367 3695 7367 2796 7367 2796 7368 3695 7368 3696 7368 2796 7369 3696 7369 3697 7369 3697 7370 3696 7370 3698 7370 3697 7371 3698 7371 3699 7371 3699 7372 3698 7372 2515 7372 3699 7373 2515 7373 3700 7373 3700 7374 2515 7374 3701 7374 3700 7375 3701 7375 2524 7375 2524 7376 3701 7376 3702 7376 2524 7377 3702 7377 2525 7377 2525 7378 3702 7378 2512 7378 2525 7379 2512 7379 2526 7379 2526 7380 2512 7380 2511 7380 2526 7381 2511 7381 2528 7381 2528 7382 2511 7382 3703 7382 2528 7383 3703 7383 2529 7383 2529 7384 3703 7384 3705 7384 2529 7385 3705 7385 3704 7385 3704 7386 3705 7386 2495 7386 3704 7387 2495 7387 3706 7387 1102 7388 3707 7388 1103 7388 1103 7389 3707 7389 3708 7389 1103 7390 3708 7390 3709 7390 3709 7391 3708 7391 3710 7391 3709 7392 3710 7392 1231 7392 1231 7393 3710 7393 3711 7393 1231 7394 3711 7394 1230 7394 1230 7395 3711 7395 1122 7395 1230 7396 1122 7396 3712 7396 3712 7397 1122 7397 1121 7397 3712 7398 1121 7398 1363 7398 1363 7399 1121 7399 1120 7399 1363 7400 1120 7400 1263 7400 1263 7401 1120 7401 1118 7401 1263 7402 1118 7402 3713 7402 3713 7403 1118 7403 1142 7403 3713 7404 1142 7404 1272 7404 1272 7405 1142 7405 3714 7405 1272 7406 3714 7406 1283 7406 1283 7407 3714 7407 1143 7407 1283 7408 1143 7408 3715 7408 3715 7409 1143 7409 1155 7409 3715 7410 1155 7410 1902 7410 1902 7411 1155 7411 1154 7411 1902 7412 1154 7412 3716 7412 3716 7413 1154 7413 3717 7413 3716 7414 3717 7414 3718 7414 3718 7415 3717 7415 1152 7415 3718 7416 1152 7416 3719 7416 3719 7417 1152 7417 1150 7417 3719 7418 1150 7418 1394 7418 1394 7419 1150 7419 1149 7419 1394 7420 1149 7420 3720 7420 3720 7421 1149 7421 1148 7421 3720 7422 1148 7422 1385 7422 1385 7423 1148 7423 3721 7423 1385 7424 3721 7424 1383 7424 1383 7425 3721 7425 1375 7425 1383 7426 1375 7426 3722 7426 3722 7427 1375 7427 1373 7427 3722 7428 1373 7428 3723 7428 3723 7429 1373 7429 1372 7429 3723 7430 1372 7430 1376 7430 1376 7431 1372 7431 3725 7431 1376 7432 3725 7432 3724 7432 3724 7433 3725 7433 3726 7433 3724 7434 3726 7434 1775 7434 1775 7435 3726 7435 3727 7435 1775 7436 3727 7436 1366 7436 1366 7437 3727 7437 1370 7437 1366 7438 1370 7438 1367 7438 1367 7439 1370 7439 1364 7439 1367 7440 1364 7440 3728 7440 3728 7441 1364 7441 3473 7441 3728 7442 3473 7442 3729 7442 3729 7443 3473 7443 3730 7443 3729 7444 3730 7444 1433 7444 1433 7445 3730 7445 3731 7445 1433 7446 3731 7446 1481 7446 1481 7447 3731 7447 3464 7447 1481 7448 3464 7448 1378 7448 1378 7449 3464 7449 3648 7449 1378 7450 3648 7450 1409 7450 1409 7451 3648 7451 3647 7451 1409 7452 3647 7452 3732 7452 3732 7453 3647 7453 3500 7453 3732 7454 3500 7454 3733 7454 3733 7455 3500 7455 3734 7455 3733 7456 3734 7456 1501 7456 1501 7457 3734 7457 3735 7457 1501 7458 3735 7458 3736 7458 3736 7459 3735 7459 3501 7459 3736 7460 3501 7460 1415 7460 1415 7461 3501 7461 3502 7461 1415 7462 3502 7462 3737 7462 3737 7463 3502 7463 3515 7463 3737 7464 3515 7464 3738 7464 3738 7465 3515 7465 3739 7465 3738 7466 3739 7466 3740 7466 3740 7467 3739 7467 3516 7467 3740 7468 3516 7468 1681 7468 1681 7469 3516 7469 3742 7469 1681 7470 3742 7470 3741 7470 3741 7471 3742 7471 3743 7471 3741 7472 3743 7472 3744 7472 3744 7473 3743 7473 3519 7473 3744 7474 3519 7474 3745 7474 3745 7475 3519 7475 3521 7475 3745 7476 3521 7476 3746 7476 3746 7477 3521 7477 3747 7477 3746 7478 3747 7478 1600 7478 1600 7479 3747 7479 3523 7479 1600 7480 3523 7480 1579 7480 1579 7481 3523 7481 3748 7481 1579 7482 3748 7482 3749 7482 3749 7483 3748 7483 3750 7483 3749 7484 3750 7484 2370 7484 2370 7485 3750 7485 3527 7485 2370 7486 3527 7486 2397 7486 2397 7487 3527 7487 3528 7487 2397 7488 3528 7488 3751 7488 3751 7489 3528 7489 3532 7489 3751 7490 3532 7490 2455 7490 2455 7491 3532 7491 3533 7491 2455 7492 3533 7492 3752 7492 3752 7493 3533 7493 3535 7493 3752 7494 3535 7494 3754 7494 3754 7495 3535 7495 3753 7495 3754 7496 3753 7496 3755 7496 3755 7497 3753 7497 3537 7497 3755 7498 3537 7498 2353 7498 2353 7499 3537 7499 3756 7499 2353 7500 3756 7500 3757 7500 3757 7501 3756 7501 3758 7501 3757 7502 3758 7502 3759 7502 3759 7503 3758 7503 3760 7503 3759 7504 3760 7504 3761 7504 3761 7505 3760 7505 3762 7505 3761 7506 3762 7506 2516 7506 2516 7507 3762 7507 3763 7507 2516 7508 3763 7508 3847 7508 3857 7509 2316 7509 0 7509 3836 7510 3706 7510 3764 7510 3808 7511 3811 7511 3807 7511 3765 7512 566 7512 3799 7512 3784 7513 3000 7513 3785 7513 3152 7514 3608 7514 3766 7514 3766 7515 3608 7515 3607 7515 3607 7516 3426 7516 3766 7516 3766 7517 3426 7517 3425 7517 3766 7518 3425 7518 3767 7518 3767 7519 3425 7519 3140 7519 3767 7520 3140 7520 3768 7520 3768 7521 3769 7521 3767 7521 3767 7522 3769 7522 3062 7522 3767 7523 3062 7523 3770 7523 3770 7524 3062 7524 3771 7524 3770 7525 3771 7525 3772 7525 3772 7526 3773 7526 3770 7526 3770 7527 3773 7527 3774 7527 3770 7528 3774 7528 3775 7528 3774 7529 2922 7529 3775 7529 3775 7530 2922 7530 2923 7530 3775 7531 2923 7531 3777 7531 3777 7532 2923 7532 3776 7532 3776 7533 1074 7533 3777 7533 3777 7534 1074 7534 1073 7534 3777 7535 1073 7535 3778 7535 3778 7536 2924 7536 3777 7536 3777 7537 2924 7537 3073 7537 3777 7538 3073 7538 3779 7538 3779 7539 3073 7539 3072 7539 3779 7540 3072 7540 2920 7540 2920 7541 3780 7541 3779 7541 3779 7542 3780 7542 3048 7542 3779 7543 3048 7543 3781 7543 3048 7544 3047 7544 3781 7544 3781 7545 3047 7545 3782 7545 3781 7546 3782 7546 3785 7546 3785 7547 3782 7547 3783 7547 3785 7548 3783 7548 3784 7548 3000 7549 2918 7549 3785 7549 3785 7550 2918 7550 3786 7550 3785 7551 3786 7551 3788 7551 3788 7552 3786 7552 3787 7552 3788 7553 3787 7553 3378 7553 3378 7554 3789 7554 3788 7554 3788 7555 3789 7555 2901 7555 3788 7556 2901 7556 11 7556 11 7557 2901 7557 2900 7557 11 7558 2900 7558 3016 7558 2904 7559 3790 7559 2905 7559 2905 7560 3790 7560 11 7560 2905 7561 11 7561 2899 7561 2899 7562 11 7562 3016 7562 2904 7563 3791 7563 3790 7563 3790 7564 3791 7564 3792 7564 3790 7565 3792 7565 3793 7565 3793 7566 3794 7566 3790 7566 3790 7567 3794 7567 3796 7567 3790 7568 3796 7568 9 7568 597 7569 10 7569 3795 7569 3795 7570 10 7570 9 7570 3795 7571 9 7571 1077 7571 1077 7572 9 7572 3796 7572 597 7573 3797 7573 10 7573 10 7574 3797 7574 3798 7574 10 7575 3798 7575 3799 7575 3799 7576 3798 7576 567 7576 3799 7577 567 7577 3765 7577 785 7578 7 7578 772 7578 772 7579 7 7579 3799 7579 772 7580 3799 7580 558 7580 558 7581 3799 7581 566 7581 785 7582 3800 7582 7 7582 7 7583 3800 7583 553 7583 7 7584 553 7584 8 7584 8 7585 553 7585 554 7585 8 7586 554 7586 3801 7586 3801 7587 3802 7587 8 7587 8 7588 3802 7588 552 7588 8 7589 552 7589 3803 7589 3803 7590 552 7590 549 7590 3803 7591 549 7591 550 7591 550 7592 547 7592 3803 7592 3803 7593 547 7593 3804 7593 3803 7594 3804 7594 6 7594 3804 7595 3805 7595 6 7595 6 7596 3805 7596 726 7596 6 7597 726 7597 3807 7597 3807 7598 726 7598 3806 7598 3807 7599 3806 7599 3808 7599 713 7600 3812 7600 3809 7600 3809 7601 3812 7601 3807 7601 3809 7602 3807 7602 3810 7602 3810 7603 3807 7603 3811 7603 713 7604 3813 7604 3812 7604 3812 7605 3813 7605 710 7605 3812 7606 710 7606 3816 7606 710 7607 712 7607 3816 7607 3816 7608 712 7608 3814 7608 3816 7609 3814 7609 3815 7609 3815 7610 695 7610 3816 7610 3816 7611 695 7611 696 7611 3816 7612 696 7612 3818 7612 696 7613 3817 7613 3818 7613 3818 7614 3817 7614 693 7614 3818 7615 693 7615 3819 7615 3819 7616 693 7616 940 7616 3819 7617 940 7617 132 7617 132 7618 687 7618 3819 7618 3819 7619 687 7619 3820 7619 3819 7620 3820 7620 3821 7620 3821 7621 3820 7621 3822 7621 3821 7622 3822 7622 3823 7622 3823 7623 2540 7623 3821 7623 3821 7624 2540 7624 2538 7624 3821 7625 2538 7625 5 7625 2538 7626 2543 7626 5 7626 5 7627 2543 7627 3824 7627 5 7628 3824 7628 3825 7628 3825 7629 3824 7629 3826 7629 3826 7630 2595 7630 3825 7630 3825 7631 2595 7631 2863 7631 3825 7632 2863 7632 3827 7632 2576 7633 4 7633 2584 7633 2584 7634 4 7634 3825 7634 2584 7635 3825 7635 3828 7635 3828 7636 3825 7636 3827 7636 2576 7637 2574 7637 4 7637 4 7638 2574 7638 3829 7638 4 7639 3829 7639 3831 7639 3829 7640 3830 7640 3831 7640 3831 7641 3830 7641 2498 7641 3831 7642 2498 7642 2497 7642 2497 7643 2496 7643 3831 7643 3831 7644 2496 7644 3832 7644 3831 7645 3832 7645 3834 7645 3834 7646 3832 7646 3833 7646 3834 7647 3833 7647 2671 7647 2671 7648 2848 7648 3834 7648 3834 7649 2848 7649 2849 7649 3834 7650 2849 7650 3764 7650 3764 7651 2849 7651 3835 7651 3764 7652 3835 7652 3836 7652 3706 7653 2495 7653 3764 7653 3764 7654 2495 7654 2494 7654 3764 7655 2494 7655 3837 7655 3837 7656 2494 7656 2493 7656 3837 7657 2493 7657 2492 7657 2492 7658 2509 7658 3837 7658 3837 7659 2509 7659 2503 7659 3837 7660 2503 7660 3839 7660 2503 7661 3838 7661 3839 7661 3839 7662 3838 7662 2345 7662 3839 7663 2345 7663 3840 7663 3840 7664 2345 7664 3841 7664 3840 7665 3841 7665 2341 7665 2805 7666 3844 7666 3842 7666 3842 7667 3844 7667 3840 7667 3842 7668 3840 7668 2340 7668 2340 7669 3840 7669 2341 7669 2805 7670 3843 7670 3844 7670 3844 7671 3843 7671 3845 7671 3844 7672 3845 7672 1083 7672 3763 7673 3846 7673 3847 7673 3847 7674 3846 7674 3844 7674 3847 7675 3844 7675 3848 7675 3848 7676 3844 7676 1083 7676 3849 7677 3850 7677 3851 7677 3851 7678 3850 7678 3846 7678 3851 7679 3846 7679 2337 7679 2337 7680 3846 7680 3763 7680 3849 7681 3852 7681 3850 7681 3850 7682 3852 7682 2336 7682 3850 7683 2336 7683 2335 7683 2322 7684 2 7684 3561 7684 3561 7685 2 7685 3850 7685 3561 7686 3850 7686 3853 7686 3853 7687 3850 7687 2335 7687 2322 7688 2324 7688 2 7688 2 7689 2324 7689 2326 7689 2 7690 2326 7690 3855 7690 3855 7691 2326 7691 2325 7691 3855 7692 2325 7692 3854 7692 3854 7693 2320 7693 3855 7693 3855 7694 2320 7694 3856 7694 3855 7695 3856 7695 0 7695 0 7696 3856 7696 2318 7696 0 7697 2318 7697 3857 7697 3858 7698 1 7698 2312 7698 2312 7699 1 7699 0 7699 2312 7700 0 7700 3859 7700 3859 7701 0 7701 2316 7701 3858 7702 2310 7702 1 7702 1 7703 2310 7703 3088 7703 1 7704 3088 7704 3861 7704 3861 7705 3088 7705 3860 7705 3861 7706 3860 7706 3086 7706 3086 7707 3085 7707 3861 7707 3861 7708 3085 7708 3862 7708 3861 7709 3862 7709 3863 7709 3863 7710 3862 7710 3083 7710 3863 7711 3083 7711 3082 7711 3082 7712 3081 7712 3863 7712 3863 7713 3081 7713 3080 7713 3863 7714 3080 7714 3864 7714 3864 7715 3080 7715 3198 7715 3864 7716 3198 7716 3865 7716 3865 7717 3079 7717 3864 7717 3864 7718 3079 7718 3107 7718 3864 7719 3107 7719 3869 7719 3869 7720 3107 7720 3866 7720 3869 7721 3866 7721 3867 7721 3867 7722 3868 7722 3869 7722 3869 7723 3868 7723 3871 7723 3869 7724 3871 7724 3870 7724 3870 7725 3871 7725 3872 7725 3870 7726 3872 7726 3176 7726 3176 7727 3873 7727 3870 7727 3870 7728 3873 7728 3874 7728 3870 7729 3874 7729 3766 7729 3766 7730 3874 7730 3065 7730 3766 7731 3065 7731 3152 7731</p>
        </triangles>
      </mesh>
    </geometry>
  </library_geometries>
  <library_visual_scenes>
    <visual_scene id="Scene" name="Scene">
      <node id="node_001" name="node.001" type="NODE">
        <matrix sid="transform">1 0 0 0 0 1 -4.37114e-8 0 0 4.37114e-8 1 0 0 0 0 1</matrix>
        <instance_geometry url="#shape0_003-mesh" name="node.001">
          <bind_material>
            <technique_common>
              <instance_material symbol="Material_001-material" target="#Material_001-material"/>
            </technique_common>
          </bind_material>
        </instance_geometry>
      </node>
      <node id="Lamp" name="Lamp" type="NODE">
        <matrix sid="transform">-0.2908646 -0.7711008 0.5663932 4.076245 -0.055189 0.6045247 0.7946723 5.903862 -0.9551712 0.1998834 -0.2183912 -1.005454 0 0 0 1</matrix>
        <instance_light url="#Lamp-light"/>
      </node>
      <node id="Camera_001" name="Camera.001" type="NODE">
        <matrix sid="transform">0.6859207 -0.3240135 0.6515582 7.481132 -4.01133e-9 0.8953956 0.4452714 5.343665 -0.7276763 -0.3054209 0.6141704 6.50764 0 0 0 1</matrix>
        <instance_camera url="#Camera_001-camera"/>
      </node>
      <node id="Camera" name="Camera" type="NODE">
        <matrix sid="transform">0.6859207 -0.3240135 0.6515582 7.358891 0 0.8953956 0.4452714 4.958309 -0.7276763 -0.3054208 0.6141704 6.925791 0 0 0 1</matrix>
        <instance_camera url="#Camera-camera"/>
      </node>
      <node id="Light" name="Light" type="NODE">
        <matrix sid="transform">-0.2908646 -0.7711008 0.5663932 4.076245 -0.05518906 0.6045247 0.7946723 5.903862 -0.9551712 0.1998834 -0.2183912 -1.005454 0 0 0 1</matrix>
        <instance_light url="#Light-light"/>
      </node>
    </visual_scene>
  </library_visual_scenes>
  <scene>
    <instance_visual_scene url="#Scene"/>
  </scene>
</COLLADA>