<?xml version="1.0" encoding="utf-8"?>
<COLLADA xmlns="http://www.collada.org/2005/11/COLLADASchema" version="1.4.1" xmlns:xsi="http://www.w3.org/2001/XMLSchema-instance">
  <asset>
    <contributor>
      <author>Blender User</author>
      <authoring_tool>Blender 3.0.1</authoring_tool>
    </contributor>
    <created>2025-02-03T09:31:27</created>
    <modified>2025-02-03T09:31:27</modified>
    <unit name="meter" meter="1"/>
    <up_axis>Z_UP</up_axis>
  </asset>
  <library_cameras>
    <camera id="Camera_001-camera" name="Camera.001">
      <optics>
        <technique_common>
          <perspective>
            <xfov sid="xfov">49.13434</xfov>
            <aspect_ratio>1.777778</aspect_ratio>
            <znear sid="znear">0.1</znear>
            <zfar sid="zfar">100</zfar>
          </perspective>
        </technique_common>
      </optics>
      <extra>
        <technique profile="blender">
          <shiftx sid="shiftx" type="float">0</shiftx>
          <shifty sid="shifty" type="float">0</shifty>
          <dof_distance sid="dof_distance" type="float">10</dof_distance>
        </technique>
      </extra>
    </camera>
    <camera id="Camera-camera" name="Camera">
      <optics>
        <technique_common>
          <perspective>
            <xfov sid="xfov">39.59775</xfov>
            <aspect_ratio>1.777778</aspect_ratio>
            <znear sid="znear">0.1</znear>
            <zfar sid="zfar">100</zfar>
          </perspective>
        </technique_common>
      </optics>
      <extra>
        <technique profile="blender">
          <shiftx sid="shiftx" type="float">0</shiftx>
          <shifty sid="shifty" type="float">0</shifty>
          <dof_distance sid="dof_distance" type="float">10</dof_distance>
        </technique>
      </extra>
    </camera>
  </library_cameras>
  <library_lights>
    <light id="Lamp-light" name="Lamp">
      <technique_common>
        <point>
          <color sid="color">1 1 1</color>
          <constant_attenuation>1</constant_attenuation>
          <linear_attenuation>0</linear_attenuation>
          <quadratic_attenuation>0.00111109</quadratic_attenuation>
        </point>
      </technique_common>
      <extra>
        <technique profile="blender">
          <type sid="type" type="int">0</type>
          <flag sid="flag" type="int">0</flag>
          <mode sid="mode" type="int">8192</mode>
          <gamma sid="blender_gamma" type="float">1</gamma>
          <red sid="red" type="float">1</red>
          <green sid="green" type="float">1</green>
          <blue sid="blue" type="float">1</blue>
          <shadow_r sid="blender_shadow_r" type="float">0</shadow_r>
          <shadow_g sid="blender_shadow_g" type="float">0</shadow_g>
          <shadow_b sid="blender_shadow_b" type="float">0</shadow_b>
          <energy sid="blender_energy" type="float">1</energy>
          <dist sid="blender_dist" type="float">29.99998</dist>
          <spotsize sid="spotsize" type="float">75</spotsize>
          <spotblend sid="spotblend" type="float">0.15</spotblend>
          <att1 sid="att1" type="float">0</att1>
          <att2 sid="att2" type="float">1</att2>
          <falloff_type sid="falloff_type" type="int">2</falloff_type>
          <clipsta sid="clipsta" type="float">1.000799</clipsta>
          <clipend sid="clipend" type="float">30.002</clipend>
          <bias sid="bias" type="float">1</bias>
          <soft sid="soft" type="float">3</soft>
          <bufsize sid="bufsize" type="int">2880</bufsize>
          <samp sid="samp" type="int">3</samp>
          <buffers sid="buffers" type="int">1</buffers>
          <area_shape sid="area_shape" type="int">1</area_shape>
          <area_size sid="area_size" type="float">0.1</area_size>
          <area_sizey sid="area_sizey" type="float">0.1</area_sizey>
          <area_sizez sid="area_sizez" type="float">1</area_sizez>
        </technique>
      </extra>
    </light>
    <light id="Light-light" name="Light">
      <technique_common>
        <point>
          <color sid="color">1000 1000 1000</color>
          <constant_attenuation>1</constant_attenuation>
          <linear_attenuation>0</linear_attenuation>
          <quadratic_attenuation>0.00111109</quadratic_attenuation>
        </point>
      </technique_common>
      <extra>
        <technique profile="blender">
          <type sid="type" type="int">0</type>
          <flag sid="flag" type="int">0</flag>
          <mode sid="mode" type="int">1</mode>
          <gamma sid="blender_gamma" type="float">1</gamma>
          <red sid="red" type="float">1</red>
          <green sid="green" type="float">1</green>
          <blue sid="blue" type="float">1</blue>
          <shadow_r sid="blender_shadow_r" type="float">0</shadow_r>
          <shadow_g sid="blender_shadow_g" type="float">0</shadow_g>
          <shadow_b sid="blender_shadow_b" type="float">0</shadow_b>
          <energy sid="blender_energy" type="float">1000</energy>
          <dist sid="blender_dist" type="float">29.99998</dist>
          <spotsize sid="spotsize" type="float">75</spotsize>
          <spotblend sid="spotblend" type="float">0.15</spotblend>
          <att1 sid="att1" type="float">0</att1>
          <att2 sid="att2" type="float">1</att2>
          <falloff_type sid="falloff_type" type="int">2</falloff_type>
          <clipsta sid="clipsta" type="float">0.04999995</clipsta>
          <clipend sid="clipend" type="float">30.002</clipend>
          <bias sid="bias" type="float">1</bias>
          <soft sid="soft" type="float">3</soft>
          <bufsize sid="bufsize" type="int">2880</bufsize>
          <samp sid="samp" type="int">3</samp>
          <buffers sid="buffers" type="int">1</buffers>
          <area_shape sid="area_shape" type="int">1</area_shape>
          <area_size sid="area_size" type="float">0.1</area_size>
          <area_sizey sid="area_sizey" type="float">0.1</area_sizey>
          <area_sizez sid="area_sizez" type="float">1</area_sizez>
        </technique>
      </extra>
    </light>
  </library_lights>
  <library_effects>
    <effect id="Material_001-effect">
      <profile_COMMON>
        <technique sid="common">
          <phong>
            <emission>
              <color sid="emission">0 0 0 1</color>
            </emission>
            <ambient>
              <color sid="ambient">0 0 0 1</color>
            </ambient>
            <diffuse>
              <color sid="diffuse">0.1788232 0.1788232 0.1788232 1</color>
            </diffuse>
            <specular>
              <color sid="specular">0.460784 0.460784 0.460784 1</color>
            </specular>
            <shininess>
              <float sid="shininess">75</float>
            </shininess>
            <reflective>
              <color>1 1 1 1</color>
            </reflective>
            <reflectivity>
              <float>0.075</float>
            </reflectivity>
            <index_of_refraction>
              <float sid="index_of_refraction">1</float>
            </index_of_refraction>
          </phong>
        </technique>
      </profile_COMMON>
    </effect>
  </library_effects>
  <library_images/>
  <library_materials>
    <material id="Material_001-material" name="Material_001">
      <instance_effect url="#Material_001-effect"/>
    </material>
  </library_materials>
  <library_geometries>
    <geometry id="shape0_002-mesh" name="shape0.002">
      <mesh>
        <source id="shape0_002-mesh-positions">
          <float_array id="shape0_002-mesh-positions-array" count="11625">-0.03149998 0 0 -0.03119337 -0.004383921 0 -0.02671349 0.01669245 0 -0.03027969 0.008682548 0 -0.0176146 0.0261147 0 -0.02107757 0.02340906 0 -0.001099288 0.03148078 0 -0.005469918 0.03102135 0 -0.009734034 0.02995824 0 0.007620513 0.03056424 0 0.00329262 0.03132736 0 0.02265918 0.02188169 0 0.01180005 0.02920627 0 0 0 0 0.02781277 0.01478838 0 0.03142327 -0.002197325 0 0.03081154 0.006549179 0 0.02960026 0.01077359 0 0.02781277 -0.01478838 0 0.01180005 -0.02920627 0 0.01939326 -0.02482229 0 -0.005469918 -0.03102135 0 -0.0287767 -0.01281219 0 -0.008682548 1.25e-4 -0.1339049 0 1.25e-4 -0.1036249 -0.02995824 1.25e-4 -0.113359 -0.02482229 1.25e-4 -0.08423167 -0.01851516 1.25e-4 -0.07814097 -0.002197325 1.25e-4 -0.07220166 -0.01077359 1.25e-4 -0.07402467 0.01851516 1.25e-4 -0.07814097 0.03056424 1.25e-4 -0.09600448 0.03132736 1.25e-4 -0.100332 0.02995824 1.25e-4 -0.113359 0.02024775 1.25e-4 -0.127755 0.02340906 1.25e-4 -0.124703 0.0261147 1.25e-4 -0.12124 0.008682548 1.25e-4 -0.1339049 -0.0313127 0.01716548 -0.100334 -0.03139305 0.0172016 -0.101032 -0.03093606 0.01699656 -0.09778088 -0.03132736 1.25e-4 -0.100332 -0.03128319 0.01715219 -0.100078 -0.03056424 1.25e-4 -0.09600448 -0.03042685 0.01676958 -0.09551978 -0.02890706 0.01610839 -0.09110975 -0.02919077 0.01623058 -0.09183096 -0.02920627 1.25e-4 -0.09182488 -0.02188169 1.25e-4 -0.08096575 -0.02263247 0.0136922 -0.081739 -0.02323955 0.01389938 -0.08236068 -0.02414768 0.01422744 -0.08342516 -0.02727979 1.25e-4 -0.087875 -0.02042317 0.01296615 -0.07964289 -0.02100157 0.013152 -0.08016568 -0.01478099 0.01144945 -0.07582628 -0.01546806 0.01160359 -0.07618439 -0.01850867 0.01240026 -0.07815027 -0.01926016 0.01261705 -0.07871347 -0.01133334 0.01075357 -0.07424867 -0.01344585 0.01115494 -0.07514506 -0.01478838 1.25e-4 -0.0758121 -0.006546556 0.01008927 -0.07282495 -0.01076769 0.01065856 -0.074041 -0.006919324 0.01012957 -0.07290929 -0.007880687 0.01023346 -0.07312667 -0.004638254 0.009924352 -0.07248246 -0.006549179 1.25e-4 -0.07281327 -0.002196788 0.009790539 -0.07220739 0 0.009749948 -0.07212495 0.006549179 1.25e-4 -0.07281327 0.006548702 0.01008516 -0.07281595 0.006226301 0.01005709 -0.0727576 0.003129661 0.009832739 -0.07229375 0.002197325 1.25e-4 -0.07220166 0.002579808 0.009802103 -0.07223075 0.006631553 0.01009237 -0.07283097 0.01438105 0.01135355 -0.07559937 0.01077359 1.25e-4 -0.07402467 0.01794767 0.01224005 -0.0777381 0.01756048 0.01213866 -0.07748836 0.01618576 0.01177835 -0.0766015 0.01478838 1.25e-4 -0.0758121 0.01478266 0.01144808 -0.07582235 0.02000766 0.01284128 -0.07931089 0.02188169 1.25e-4 -0.08096575 0.02226579 0.01356649 -0.08135789 0.02186989 0.0134356 -0.08097809 0.02727979 1.25e-4 -0.087875 0.02482229 1.25e-4 -0.08423167 0.02431064 0.01428639 -0.0836181 0.02905339 0.01617139 -0.0914731 0.02920627 1.25e-4 -0.09182488 0.02741324 0.01548528 -0.08810847 0.03009968 0.01662516 -0.09438997 0.02989476 0.01653486 -0.0936979 0.02917075 0.01622128 -0.0917375 0.03124076 0.01713305 -0.0995925 0.03091645 0.01698768 -0.09759026 0.03087449 0.01696896 -0.09740567 0.03055596 0.01682674 -0.09600639 0.03048217 0.0167939 -0.0956822 0.004383921 1.25e-4 -0.134818 0.007456064 0.01725 -0.134165 0.0160467 0.01725 -0.130682 0.01281219 1.25e-4 -0.132402 0.0139901 0.01725 -0.131775 0.01281219 0.01725 -0.132402 0.01669245 1.25e-4 -0.130339 0.01798307 0.01725 -0.129401 0.02024775 0.01725 -0.127755 0.02158337 0.01725 -0.126466 0.02471315 0.01725 -0.123033 0.02831196 1.25e-4 -0.117434 0.02614045 0.01725 -0.121195 0.02730458 0.01725 -0.119179 0.02831196 0.01725 -0.117434 0.03009718 0.01725 -0.112802 0.03102135 1.25e-4 -0.109095 0.03066068 0.01725 -0.1105419 0.03102135 0.01725 -0.109095 0.03110879 0.01725 -0.108264 0.03135228 0.01725 -0.105947 0.03148078 1.25e-4 -0.104724 -0.03123706 0.01725 -0.107043 -0.03102135 0.01725 -0.109095 -0.03102135 1.25e-4 -0.109095 -0.03148078 1.25e-4 -0.104724 -0.031497 0.01724857 -0.1036249 -0.03148078 0.01725 -0.104724 -0.03095728 0.01725 -0.109352 -0.02976095 0.01725 -0.113847 -0.02831196 1.25e-4 -0.117434 -0.02995824 0.01725 -0.113359 -0.03039389 0.01725 -0.111612 -0.02791798 0.01725 -0.118116 -0.02831196 0.01725 -0.117434 -0.02546858 0.01725 -0.122067 -0.0261147 1.25e-4 -0.12124 -0.02024775 1.25e-4 -0.127755 -0.02340906 1.25e-4 -0.124703 -0.02340906 0.01725 -0.124703 -0.0240345 0.01725 -0.123902 -0.01897585 0.01725 -0.128679 -0.01669245 1.25e-4 -0.130339 -0.01709175 0.01725 -0.130048 -0.01669245 0.01725 -0.130339 -0.01507359 0.01725 -0.131199 -0.01281219 1.25e-4 -0.132402 -0.01301759 0.01725 -0.132292 -0.01084369 0.01725 -0.133118 -0.004383921 0.01725 -0.134818 -0.004383921 1.25e-4 -0.134818 -0.004095494 0.01725 -0.1348389 0 1.25e-4 -0.135125 5.48954e-4 0.01725 -0.135087 0.02456676 -0.00148648 -0.04535269 0.02591967 6.76062e-4 -0.04530459 0.02929079 -0.007734358 -0.03317457 0.03094029 -0.005859673 -0.02033096 0 -0.01054835 -0.04696249 0.002438962 -0.008719086 -0.04787039 0.009187161 -0.03011387 -0.02603435 0.01287066 -0.02875059 -0.01712495 0.01791697 -0.01396554 -0.04200327 0 0.01342177 -0.06817626 0.003040015 0.01137059 -0.07205528 0.01077026 0.01065546 -0.0740332 0.002847433 0.01288866 -0.07094538 0.002694129 0.01340168 -0.06974029 0.01537287 0.01722157 -0.07343596 0.01722645 0.01849865 -0.07351815 0.02229166 0.02107018 -0.07933825 0.02386337 0.02204245 -0.06725299 0.03080254 0.01918888 -0.09722888 0.0298233 0.02116715 -0.09379559 0.02946668 0.02842748 -0.09138828 0.02866059 0.02819216 -0.08780765 0.02672725 0.02669245 -0.08088517 0.02648437 0.02687138 -0.07716768 0.02726215 0.03067237 -0.07519388 0.0271005 0.02944386 -0.07358747 0.0268175 0.02852708 -0.07101148 0.02778738 0.03073149 -0.07895678 0.0272901 0.02926307 -0.07550227 0.02742677 0.03017646 -0.07623356 0.02898877 0.03228157 -0.08831655 0.02765125 0.02984595 -0.07813137 0.0280379 0.03027367 -0.08083325 0.02779078 0.0294342 -0.07987767 0.02792835 0.02985268 -0.08035767 0.02898257 0.03148496 -0.08755838 0.02844077 0.03056389 -0.08360517 0.02857434 0.03138619 -0.0846343 0.02965509 0.03032809 -0.09186315 0.02938824 0.03138107 -0.09044849 0.0300312 0.02972567 -0.0943098 0.02997839 0.02868819 -0.09391915 0.03037756 0.0287804 -0.0964536 0.0302087 0.02929937 -0.09542518 0.03085827 0.02836179 -0.101314 0.03105545 0.02396076 -0.0998311 0.0311138 0.02606958 -0.102609 0.0310474 0.02683287 -0.102318 0.0309329 0.0278514 -0.101734 0.03121846 0.0245949 -0.102996 0.03129994 0.02333277 -0.103268 0.03131234 0.0171653 -0.100334 0.03128939 0.01954799 -0.100394 0.0313282 0.01717245 -0.100498 0.03144448 0.0200029 -0.1035619 0.03143537 0.01722079 -0.101609 0.03064495 0.02189946 -0.09689176 0.0305407 0.02323919 -0.0966044 0.03115087 0.02249449 -0.100108 0.03094518 0.025303 -0.09943079 0.03082168 0.02644729 -0.09888619 0.03014647 0.02635157 -0.09502559 0.0306853 0.02738755 -0.09819906 0.02885067 0.03069919 -0.08642119 0.02860707 0.02992498 -0.08525198 0.02925848 0.03063654 -0.08920377 0.02941799 0.02963638 -0.09048628 0.02982509 0.02759987 -0.0933851 0.02964985 0.02805745 -0.09242558 0.02911335 0.02580285 -0.09128338 0.02837759 0.02561908 -0.08907526 0.02793139 0.02448815 -0.08846157 0.02970689 0.02238166 -0.09350675 0.02957648 0.02348649 -0.09311968 0.03042197 0.02446168 -0.0962066 0.03029048 0.02550095 -0.09567975 0.02999097 0.02704066 -0.09425616 0.03053689 0.02815359 -0.0973832 0.02445656 0.02394139 -0.0713092 0.0234006 0.02223777 -0.06873786 0.02293056 0.02228039 -0.07013815 0.02329337 0.02296966 -0.07206767 0.02408427 0.02378946 -0.07271468 0.02372127 0.0230996 -0.07070797 0.02369058 0.02351665 -0.07402777 0.02196639 0.02193635 -0.07267659 0.02008956 0.02044969 -0.071469 0.02065026 0.02065336 -0.07032495 0.01969885 0.01993566 -0.06980907 0.02029299 0.01998716 -0.06860786 0.01859539 0.01623409 -0.06322211 0.01972419 0.01812338 -0.06521016 0.01998126 0.01914834 -0.06690526 0.02063435 0.0188387 -0.0655722 0.02089506 0.0198729 -0.06732386 0.02120995 0.02072215 -0.06908839 0.02157008 0.02139937 -0.07087308 0.02411305 0.02394676 -0.07601505 0.02774339 0.02758395 -0.08428108 0.02758246 0.02666497 -0.08530658 0.02715778 0.02678614 -0.08314436 0.02704697 0.0242213 -0.08640396 0.02664238 0.02480429 -0.08478486 0.02689599 0.02726399 -0.07952857 0.0265001 0.02598685 -0.08204418 0.02577817 0.02518618 -0.08098936 0.02544176 0.02433395 -0.08185911 0.02505147 0.02329879 -0.08245825 0.02693176 0.02589207 -0.0841102 0.02621638 0.02511376 -0.08296078 0.02587479 0.0240519 -0.0835973 0.0260843 0.02381467 -0.08439707 0.02630007 0.02642339 -0.07859539 0.02588528 0.02601516 -0.07633179 0.02563226 0.02558958 -0.07769459 0.02606385 0.02587348 -0.07988506 0.02533668 0.02505725 -0.07892805 0.02499777 0.02438795 -0.07998037 0.02461278 0.02355736 -0.0808044 0.02857446 0.02142357 -0.0905478 0.02701687 0.021272 -0.08740818 0.02843099 0.02241635 -0.09017586 0.02684944 0.02202188 -0.08696585 0.02827537 0.02325636 -0.08970177 0.02774506 0.02492648 -0.08771556 0.02856218 0.02701795 -0.08862906 0.02784669 0.02894276 -0.081492 0.02741229 0.02810865 -0.08048927 0.02700388 0.02773565 -0.07802897 0.02744078 0.02859348 -0.07892978 0.02705287 0.02811157 -0.07642835 0.02592939 0.02575308 -0.07099008 0.02669197 0.02747797 -0.0739907 0.02543026 0.0235514 -0.0665546 0.02755749 0.01737618 -0.08841729 0.02717256 0.02038466 -0.08776021 0.02536314 0.0200811 -0.08483397 0.02500045 0.0212906 -0.0839408 0.02667135 0.02263128 -0.08643496 0.02648377 0.02311915 -0.08582389 0.02460205 0.02206945 -0.08276575 0.02281117 0.02202665 -0.07883745 0.02235889 0.02204757 -0.07722365 0.02139616 0.02129554 -0.07639509 0.02084624 0.02054685 -0.07706159 0.02382266 0.01739829 -0.08300715 0.02594447 0.01659667 -0.0857923 0.02349579 0.01887226 -0.08246427 0.02568048 0.01841807 -0.08542168 0.02518689 0.02074795 -0.08442628 0.02292615 0.02033466 -0.08115118 0.02480518 0.02172487 -0.08338469 0.02516508 0.01460176 -0.08467859 0.02614074 0.01497828 -0.08606475 0.02632665 0.01504999 -0.0863288 0.02727317 0.01542919 -0.087879 0.02731549 0.01940399 -0.0880348 0.0287047 0.02032899 -0.09083247 0.01936948 0.01984977 -0.07487046 0.02771979 0.01561218 -0.08869415 0.028373 0.01588249 -0.08994209 0.02891856 0.01808279 -0.09121417 0.02920347 0.01623535 -0.0918259 0.0300073 0.01869285 -0.09416157 0.02810847 0.02393978 -0.08912718 0.02943366 0.02442318 -0.09261751 0.02927899 0.02518725 -0.09200179 0.02893787 0.02629846 -0.09047448 0.02905374 0.02773505 -0.08998566 0.02942025 0.02696275 -0.09190726 0.02979838 0.02908557 -0.09284305 0.02908045 0.0289303 -0.08912056 0.02867567 0.02915388 -0.08666187 0.0290178 0.02990078 -0.08792757 0.02826136 0.02914315 -0.08409225 0.02819508 0.02975547 -0.08254426 0.02740347 0.02897775 -0.0772764 0.01465618 0.01393795 -0.06223386 0.01708024 0.01717936 -0.0657984 0.01482558 0.01509314 -0.06371736 0.0150544 0.01604056 -0.06517547 0.01737666 0.01797175 -0.06733447 0.01533454 0.01679307 -0.06661629 0.01565808 0.01736897 -0.06804549 0.0180971 0.01906996 -0.0703991 0.01850408 0.01944684 -0.07191866 0.01068395 0.01331716 -0.06285989 0.01087176 0.01418435 -0.06417965 0.008735299 0.01346814 -0.0638011 0.008930027 0.01409119 -0.06502795 0.01136696 0.01533377 -0.06672286 0.009154617 0.01453238 -0.06621867 0.009403407 0.01483935 -0.06736636 0.00439769 0.01248204 -0.0632838 0.002157866 0.01148396 -0.06197249 0.002202153 0.01223665 -0.06314867 0.006450951 0.01210129 -0.06227689 0.004310846 0.0117135 -0.06208884 0.004503369 0.01304036 -0.0644294 0.006905734 0.01388567 -0.06582015 0.00710076 0.01415538 -0.06690889 0.008575856 0.01263946 -0.06253409 0.006357192 0.01107919 -0.06099975 0.006576538 0.012896 -0.06350219 0.006729543 0.01348239 -0.06468206 0 0.01341688 -0.06812006 0 0.01334106 -0.06725096 0 0.01327794 -0.0665279 0.01145625 0.01566469 -0.07087439 0.009671032 0.01505535 -0.06846249 0.004624783 0.01341456 -0.0655291 0 0.01288557 -0.06481367 0.002256035 0.01277774 -0.06427329 0 0.01264899 -0.06423658 0.01652306 0.01783257 -0.0740692 0.01556605 0.01714926 -0.073951 0.01764708 0.0184735 -0.07474809 0.01611709 0.0178647 -0.07290577 0.01299786 0.016101 -0.07230728 0.0111016 0.01484918 -0.06546586 0.01353704 0.01628136 -0.06733179 0.01386815 0.0166766 -0.06864237 0.01422464 0.01697516 -0.0699197 0.01166129 0.01568365 -0.06794476 0.01197808 0.01593989 -0.0691235 0.0123108 0.01610219 -0.07025265 0.01265287 0.01615959 -0.07131898 0.01177537 0.01559638 -0.07181298 0.0119341 0.01551777 -0.07224887 0.01333916 0.01591527 -0.07320237 0.01316934 0.01602464 -0.07276737 0.01419734 0.01664358 -0.07284849 0.01382929 0.01669269 -0.07180607 0.01498436 0.01726186 -0.07233506 0.0145992 0.01717489 -0.07115638 0.01640349 0.01814889 -0.07084995 0.01601707 0.01780897 -0.0694589 0.01323878 0.01575076 -0.06599509 0.01298058 0.01504188 -0.0646376 0.01276975 0.01413416 -0.06325405 0.01261389 0.01301294 -0.06183695 0.01382994 0.01537245 -0.07433676 0.01350635 0.01577138 -0.07361018 0.02283179 0.02266365 -0.07631468 0.02190768 0.02189528 -0.07552838 0.02238994 0.02236139 -0.07449477 0.02039867 0.02056217 -0.07561087 0.01981085 0.01983338 -0.07624405 0.02003008 0.01976108 -0.0768916 0.01785618 0.01840287 -0.07532578 0.0202468 0.01964235 -0.07750755 0.01806318 0.01829069 -0.0758745 0.02046006 0.01947468 -0.07808828 0.02087187 0.01897668 -0.07912731 0.02106839 0.01862877 -0.07957625 0.01884955 0.01736426 -0.07771408 0.01903074 0.01697939 -0.07806628 0.0192036 0.01651489 -0.07836699 0.01951634 0.01536846 -0.0788142 0.02204149 0.01492178 -0.08112287 0.01665258 0.01583588 -0.07638359 0.0155614 0.01491266 -0.0758807 0.01681256 0.01542365 -0.07665187 0.01735126 0.01327109 -0.07731318 0.01413345 0.01479679 -0.07492917 0.01427519 0.01442927 -0.07516866 0.01453006 0.01353996 -0.0755304 0.01583439 0.0139659 -0.07626187 0.01475065 0.01252329 -0.07576107 0.01493638 0.01148426 -0.0759077 0.01319056 0.01314055 -0.0748611 0.01307767 0.01357948 -0.07470667 0.01160526 0.01355916 -0.07392817 0.01978629 0.01407974 -0.07910436 0.01957654 0.01270765 -0.07894688 0.02104568 0.01316285 -0.0801872 0.01268756 0.01462328 -0.07402795 0.01254469 0.01487636 -0.07373148 0.01123136 0.0144189 -0.07318407 0.01239705 0.01508897 -0.07340335 0.009006381 0.0147987 -0.0701155 0.01024037 0.01521015 -0.07047307 0.01053118 0.01513248 -0.07136648 0.009266316 0.01471185 -0.07096856 0.0120911 0.0154078 -0.07266026 0.01456165 0.01646029 -0.07379555 0.01438045 0.01656949 -0.07333511 0.01575726 0.01703989 -0.0744391 0.01680928 0.01838457 -0.07221037 0.002614974 0.01351988 -0.0690115 0.002733349 0.01330858 -0.0700739 0.005593299 0.01340907 -0.07105886 0 0.01325345 -0.0696302 0 0.01319295 -0.06989639 0.001387119 0.01309806 -0.07029479 0.007529973 0.01443117 -0.06890618 0.006489217 0.01412069 -0.06953459 0.006681382 0.01401805 -0.07032197 0.008095204 0.01425296 -0.07099705 0.009648919 0.01437586 -0.07208049 0.01109719 0.01462584 -0.07287389 0.009891867 0.01400339 -0.07269597 0.01136136 0.01417458 -0.07346445 0.01022529 0.01317906 -0.0734027 0.01011937 0.01349318 -0.07319808 0.01000785 0.013767 -0.07296198 0.009772002 0.01420539 -0.0724017 0.008316338 0.01400017 -0.07168197 0.008206665 0.01414018 -0.07135128 0.009523153 0.01451647 -0.07173377 0.00677675 0.0139299 -0.07068407 0.005364596 0.01375365 -0.07007497 0.004903137 0.01380938 -0.06755715 0.002459526 0.01349449 -0.06732189 0.002386212 0.0133574 -0.06636887 0.00924474 0.01042157 -0.07352775 0.01047664 0.01060336 -0.07391828 0.009124159 0.01131385 -0.07342958 0.01181799 0.01277089 -0.07425558 0.00890398 0.01250416 -0.07310736 0.01171565 0.01318418 -0.07410836 0.01148635 0.01388919 -0.07371318 0.001347959 0.01330858 -0.06965708 0.001367628 0.01321476 -0.06998646 0.004150569 0.01334148 -0.07053989 0.002772092 0.01319229 -0.07038629 0.00281018 0.01305246 -0.07067698 0.004262924 0.01303738 -0.0711112 0.005666732 0.01324385 -0.07134145 0.004369139 0.01263195 -0.07158905 0.005738139 0.0130524 -0.07160007 0.004466652 0.01211816 -0.07196819 0.004419207 0.01238906 -0.07179141 0.002952158 0.01224786 -0.07161116 0.004316926 0.01284778 -0.07136219 0.002883613 0.01270037 -0.07119095 0 0.01290959 -0.07054919 0.00306487 0.01102459 -0.07215178 0.004550576 0.01149177 -0.07224327 0.004587769 0.0111376 -0.0723412 0.004622519 0.01075726 -0.07241278 0.003013193 0.0116899 -0.07193279 0.004510402 0.01181888 -0.07211887 0 0.01157259 -0.07177758 0.004585623 0.009913921 -0.07246059 0.006143212 0.01090335 -0.0726785 0.00403434 0.01354897 -0.06988048 0.004092812 0.01345705 -0.07022088 0.006871044 0.01381617 -0.07102406 0.005518198 0.01354879 -0.07075315 0.007142841 0.01331555 -0.07190257 0.005807161 0.01283317 -0.07183378 0.005873441 0.0125851 -0.07204198 0.007310211 0.01283669 -0.07236099 0.005936264 0.01230674 -0.07222348 0.00599426 0.01199787 -0.0723778 0.007459878 0.01222735 -0.07270777 0.007526159 0.01187497 -0.07283848 0.006047606 0.0116598 -0.07250487 0.008548915 0.01031887 -0.07330727 0.002918601 0.01248699 -0.07141309 0 0.01246279 -0.0711717 0.002983927 0.01198226 -0.07178455 0 0.01185715 -0.07163298 0.01216018 0.0109024 -0.07457739 0.01200175 0.01186227 -0.07446187 0.01247888 0.01095896 -0.0747022 0.0129559 0.01397705 -0.07451736 0.01282507 0.0143249 -0.07429069 0.01398456 0.01510947 -0.07465106 0.01367026 0.01559138 -0.07398909 0.01095938 0.01479905 -0.07253545 0.0108186 0.0149405 -0.07217049 0.01067566 0.0150513 -0.07178038 0.00939542 0.01462829 -0.07136279 0.007982492 0.01433897 -0.07062005 0.007755458 0.01443409 -0.0698024 0.009951829 0.01518166 -0.06950128 0.007310271 0.01433628 -0.06793928 0.004759073 0.01365548 -0.06657481 0.002317905 0.01313418 -0.06534945 0.002536296 0.0135498 -0.06820398 0.005054116 0.01387995 -0.06847149 0.003916442 0.01366329 -0.06913757 0.005208909 0.01386278 -0.06931257 0.005441844 0.01366347 -0.07042497 0.006963789 0.0136764 -0.07134109 0.008423686 0.01383185 -0.0719881 0.007054567 0.01350986 -0.07163417 0.008528172 0.01363408 -0.07226836 0.008629262 0.01340454 -0.07252168 0.007228195 0.0130918 -0.07214516 0.008726358 0.01314085 -0.07274675 0.007387995 0.01254868 -0.0725488 0.008818566 0.01284086 -0.07294237 0.008982777 0.01213437 -0.07324266 0.007644951 0.0110898 -0.07301795 0.02006918 -0.02421778 -0.01712495 0.02012419 -0.02427434 -0.02020019 0.02241688 -0.02216649 -0.02021557 0.01763355 -0.02614617 -0.02018636 0.01847225 -0.00330919 -0.04796975 0.01757836 -0.02607506 -0.01712495 0.01573997 -0.0272606 -0.01712495 0.01665729 0.01501017 -0.06269395 0.01210498 -0.02904629 -0.02603799 0.01201105 -0.0288406 -0.02849626 0.009202539 -0.03011125 -0.01712495 0.003115952 -0.03141939 -0.02385789 0.00310409 -0.03135055 -0.02603 0.006176829 -0.03088486 -0.02603167 0.009114921 -0.02990305 -0.02850186 0.006127834 -0.03067046 -0.02850598 0.011868 -0.0283665 -0.03112107 0.01461577 -0.02703589 -0.03109979 0.01710176 -0.02507197 -0.03235 0.01938384 -0.02277177 -0.03353196 0.02144849 -0.02015864 -0.03463435 0.0192278 -0.02217656 -0.03468847 0.003079295 -0.03113389 -0.0285086 0.006093144 -0.03046846 -0.02982395 0.009004175 -0.02941578 -0.0311383 0.006052315 -0.03017348 -0.03115099 0.01178026 -0.02797299 -0.03241056 0.01168304 -0.02745038 -0.03364747 0.01682686 -0.02396386 -0.03473699 0.01906114 -0.02144634 -0.03578716 0.01888525 -0.02057737 -0.03683948 0.02108669 -0.01863056 -0.03678226 0.003061771 -0.03092956 -0.02982926 0.003041028 -0.03063118 -0.03115886 0.008936107 -0.02901178 -0.03243285 0.01426857 -0.02550458 -0.03477936 0.01413369 -0.02471536 -0.03588217 0.01667398 -0.02320277 -0.03583788 0.01870155 -0.01956605 -0.03786098 0.0206927 -0.01655548 -0.03881329 0.009064018 -0.02970504 -0.02981555 0.01451075 -0.02665525 -0.03238278 0.0143947 -0.02614927 -0.03361475 0.01696985 -0.02458506 -0.03357607 0.0212723 -0.01946127 -0.03573065 0.003104209 -0.03130936 -0.01712495 0 -0.03156828 -0.0238564 0 -0.0315783 -0.02360028 0.002286195 -0.03141677 -0.01712495 0 -0.03149998 -0.01712495 0.006005823 -0.02976179 -0.03244936 0.005954265 -0.02921587 -0.03369325 0.008860647 -0.02847576 -0.03367376 0.01157748 -0.02678525 -0.03481537 0.01399105 -0.02377778 -0.03693526 0.01651245 -0.02229779 -0.03689056 0.01634365 -0.0212453 -0.03791147 0 -0.02979665 -0.03370004 0.002991318 -0.02966284 -0.03370529 0.005898177 -0.02852195 -0.03486549 0.002962827 -0.02896159 -0.03487879 0.01598948 -0.01867127 -0.03993457 0.01352858 -0.02002608 -0.03997707 0.01384186 -0.02268815 -0.03795558 0.01095634 -0.02114617 -0.04001289 0.005707681 -0.02550184 -0.03804486 0.00556755 -0.02265685 -0.0400629 0.005774378 -0.02666866 -0.03702586 0.005838036 -0.02767425 -0.03597205 0.00293231 -0.02810496 -0.03598588 0 -0.02773636 -0.036547 0 -0.02904278 -0.03497827 0 -0.02821987 -0.03596639 0.0112195 -0.02388429 -0.03799289 0.008597552 -0.02597218 -0.03700345 0.008500158 -0.02482455 -0.03802275 0.002866089 -0.02591067 -0.03805857 0.002899944 -0.02708917 -0.03703975 0.01488715 -0.009643018 -0.04554414 0.01562166 -0.01542764 -0.04205375 0.01255267 -0.01070368 -0.04557138 0.010683 -0.01770317 -0.04213488 0.007656812 -0.01224505 -0.04561275 0.00513035 -0.01272618 -0.0456264 0.002572834 -0.01301449 -0.04563474 0 -0.02602887 -0.03804236 0 -0.02566444 -0.03836154 0.002794921 -0.02303779 -0.04007607 0 -0.02316099 -0.04007488 0 -0.02302145 -0.04017037 0.0132032 -0.01667517 -0.04209774 0.008295416 -0.02202486 -0.04004168 0.008082509 -0.01850736 -0.04216468 0.005421817 -0.01908439 -0.04218667 0.002720892 -0.01943147 -0.04220038 0 -0.01953089 -0.04217678 0.003017485 -0.03021478 -0.03245955 0.008778572 -0.02779406 -0.03484416 0.008690655 -0.02696084 -0.03594988 0.01134467 -0.02500599 -0.03697305 0.01146429 -0.02597177 -0.03591966 0.01851147 -0.01840895 -0.03886854 0.01831644 -0.0170899 -0.03988599 0.02048718 -0.01529186 -0.03983139 0.0108062 0.002886712 -0.05378526 0.008670389 0.002283036 -0.053671 0.004351317 0.001490473 -0.05351328 0.004479527 -0.001409828 -0.05176097 0.002242326 -0.001615524 -0.05173009 0.002106308 0.005942225 -0.0566321 0.006310045 0.006453931 -0.05679309 0.006386816 0.004312932 -0.05523616 0.00840187 0.00690788 -0.05692845 0.008501946 0.004766047 -0.05534917 0.0106045 0.00535345 -0.05549144 0.01254844 0.008219122 -0.05730545 0.01458436 0.009093463 -0.05754655 0.01473259 0.006965756 -0.05586206 0.01452767 0.01095187 -0.05915784 0.01252007 0.01166355 -0.06037855 0.004192829 0.007945358 -0.05814766 0.002103924 0.009261429 -0.05944156 0.01249587 0.01007115 -0.05887138 0.01048398 0.007493734 -0.05709946 0.01043826 0.009336829 -0.05862718 0.008364796 0.008740544 -0.05842489 0.006282389 0.008275866 -0.05826485 0.004210948 0.006132185 -0.05669367 0 -0.008812367 -0.04788649 0 -0.001700878 -0.05174618 0.002177298 0.001296222 -0.0534718 0 0.002303719 -0.05413818 0.01639896 -0.004618108 -0.04794746 0.01711976 -0.008388757 -0.04551309 0.0119642 -0.006686687 -0.04791045 0.009641766 -0.007453083 -0.04789584 0.01013636 -0.01157087 -0.04559439 0.03137838 -0.002195179 -0.01712495 0.03146076 3.28859e-4 -0.02037405 0.03072357 -0.002269029 -0.03072094 0.03097265 6.4183e-4 -0.0294407 0.03095918 -0.002567946 -0.02836698 0.03125506 -0.002764284 -0.02406215 0.03135156 3.54078e-4 -0.0240823 0.03143715 3.18192e-4 -0.02242785 0.0309087 -0.005841135 -0.01712495 0.03073275 -0.006910026 -0.01712495 0.03021645 -0.008882403 -0.0203098 0.02958226 -0.01076608 -0.01712495 0.02972608 -0.01042157 -0.01712495 0.03017365 -0.008860349 -0.01712495 0.03055369 0.001405537 -0.03294348 0.03043907 -0.001709222 -0.03303074 0.0306822 0.001102745 -0.03201806 0.02958226 0.004671394 -0.03889 0.02989017 0.003431916 -0.03716599 0.02976429 4.36256e-4 -0.03727239 0.02998608 0.003045916 -0.03662919 0.0283845 0.009194552 -0.04511839 0.02773368 0.01189017 -0.04820477 0.02780228 0.01312756 -0.04822188 0.0281952 -0.003531217 -0.03948086 0.02770775 -0.004877448 -0.03952109 0.02856165 0.001424908 -0.0414983 0.02780097 0.00541073 -0.04520076 0.02744305 0.004184842 -0.04522758 0.02919876 -0.01182019 -0.02028906 0.02831768 -0.01379686 -0.01712495 0.02915304 -0.01179474 -0.01712495 0.02574068 -0.01671528 -0.03094065 0.02729219 -0.01405709 -0.03090047 0.02753835 -0.01439648 -0.02842485 0.02882295 -0.01158064 -0.02841114 0.03030335 -0.005333125 -0.03076797 0.02857828 -0.01125597 -0.03085798 0.02958548 -0.008338451 -0.03081369 0.02446627 -0.01982796 -0.01712495 0.02632164 -0.01732748 -0.0202502 0.02438294 -0.01994276 -0.01712495 0.02262705 -0.02185219 -0.01712495 0.02190965 -0.0226323 -0.01712495 0.02444034 -0.01981377 -0.02394258 0.02615809 -0.01723015 -0.02607607 0.02626025 -0.0172947 -0.02396029 0.02771455 -0.01454758 -0.02608448 0.02911305 -0.01178729 -0.02399879 0.02229267 -0.02207529 -0.0260607 0.0241788 -0.01958179 -0.02845007 0.02434509 -0.01974767 -0.02606809 0.02598559 -0.01707226 -0.02843785 0.02900087 -0.01172637 -0.02609336 0.02982705 -0.008651673 -0.0283969 0.03012067 -0.008853077 -0.02401936 0.02237999 -0.02214264 -0.02392619 0.02448928 -0.0198431 -0.02023226 0.02782237 -0.01461029 -0.02397906 0.0278964 -0.01464426 -0.02026915 0.02009797 -0.02425765 -0.02391105 0.02001965 -0.02418917 -0.0260539 0.02393907 -0.01920515 -0.03097856 0.02559459 -0.01641607 -0.03217607 0.02827745 -0.01062399 -0.03324317 0.02895367 -0.006754755 -0.03537344 0.02968585 -0.003818988 -0.03529065 0.01496899 -0.02776277 -0.02017426 0.01495885 -0.02776229 -0.02388566 0.01761639 -0.02613747 -0.02389758 0.01987415 -0.02400594 -0.02847188 0.02213525 -0.02190077 -0.02846145 0.02543479 -0.01601588 -0.03337079 0.02698707 -0.01339316 -0.03330868 0.02793174 -0.009594321 -0.03545337 0.02810949 -0.01016199 -0.0343703 0.02877259 -0.006112396 -0.03641968 0.02932715 -0.002499103 -0.03735989 0.02860975 -0.002158761 -0.03944009 0.02604246 -0.009810388 -0.03861486 0.0254088 -0.006136298 -0.04174375 0.02583396 -0.008721649 -0.03963536 0.02735328 -0.007225334 -0.03853899 0.0265246 -0.007475852 -0.0395984 0.02715009 -0.006193518 -0.03956025 0.02610474 -0.004958868 -0.04170548 0.02858489 -0.005364477 -0.03744417 0.02755218 -0.008129 -0.03752529 0.02774548 -0.008917689 -0.03650104 0.02663457 -0.01230865 -0.03552949 0.02644425 -0.01159536 -0.03657847 0.02507966 -0.01487296 -0.03560137 0.02526259 -0.01550328 -0.03451108 0.02161365 -0.02072656 -0.03348278 0.02176636 -0.02117067 -0.03227084 0.01952797 -0.02323788 -0.03231257 0.01965856 -0.0235874 -0.03104567 0.01722109 -0.02543777 -0.03107446 0.01215177 -0.02911579 -0.02387565 0.009222507 -0.03018325 -0.02386754 0.009451568 -0.03004848 -0.01712495 0.0222094 -1.34014e-4 -0.04802137 0.02298027 -0.003485083 -0.04539775 0.0238375 -0.008369863 -0.04181677 0.0244807 -0.01224029 -0.03868609 0.02498257 -0.00358802 -0.04369658 0.02426916 -0.01109319 -0.03970587 0.02468717 -0.01324474 -0.03767478 0.02624636 -0.0107637 -0.03760236 0.01178377 -0.02916318 -0.01712495 0.01215678 -0.02910828 -0.02016395 0.01754796 -0.02606827 -0.02604788 0.01490098 -0.02769279 -0.02604246 0.01741707 -0.02587676 -0.02848118 0.02190518 -0.02150326 -0.03101354 0.02363729 -0.01846766 -0.03342884 0.02379518 -0.0188896 -0.03222525 0.02681595 -0.01290678 -0.0344426 0.02899336 -0.003942608 -0.03740245 0.02839195 -0.004508137 -0.038459 0.02779525 -0.001214206 -0.04158389 0.02730095 -0.002494692 -0.04162538 0.02724426 0.01559925 -0.05116146 0.02690106 0.01795029 -0.05394434 0.02657938 0.02015376 -0.05655258 0.02901536 0.004141569 -0.04140907 0.02882838 0.002776026 -0.04145389 0.02807825 0.006658017 -0.04517334 0.02675658 0.007092952 -0.04813247 0.0271272 0.008263647 -0.04815018 0.02574187 0.008693099 -0.05075556 0.02520489 0.007628321 -0.05069249 0.02475738 0.01024806 -0.05311626 0.02636086 0.02570909 -0.06398588 0.02630239 0.02295947 -0.061239 0.0264371 0.0221588 -0.05908018 0.02654325 0.01903456 -0.05638527 0.02637368 0.02108818 -0.05884289 0.02624869 0.02242749 -0.0611006 0.02632039 0.02464157 -0.06362295 0.02626585 0.0241211 -0.06345456 0.02658694 0.0274232 -0.06849759 0.02676188 0.02804225 -0.07073527 0.02684658 0.02944046 -0.07138705 0.02664488 0.0283817 -0.06898128 0.02641826 0.02612894 -0.06603747 0.02606618 0.02137517 -0.06081497 0.02617019 0.02189898 -0.06095939 0.02608048 0.02309268 -0.06310635 0.02645057 0.02643328 -0.06801766 0.02657127 0.02708667 -0.07016426 0.02696335 0.02850395 -0.07294517 0.02604216 0.02412039 -0.06520617 0.02620714 0.02546268 -0.06751787 0.02604705 0.02498257 -0.06726759 0.02627336 0.02614748 -0.06958121 0.02687895 0.0279237 -0.07436347 0.02594906 0.02258545 -0.06292825 0.02617549 0.02461546 -0.06541949 0.02634215 0.02594578 -0.06776928 0.02643495 0.02661579 -0.0698722 0.02671635 0.02758318 -0.07227766 0.02704226 0.02836817 -0.07474339 0.02685356 0.02804166 -0.07261329 0.02704489 0.02897179 -0.0732696 0.02668058 0.0275619 -0.07045316 0.02653169 0.0269261 -0.06826019 0.02636325 0.0256201 -0.06583607 0.02628278 0.02511519 -0.06563025 0.02618628 0.02360439 -0.0632826 0.02632087 0.02054399 -0.05873227 0.0262438 0.02000319 -0.05861955 0.02641606 0.0179224 -0.05621498 0.02490115 0.02476286 -0.07683438 0.02512949 0.0248031 -0.07194185 0.02573108 0.02568358 -0.07259958 0.02453309 0.02291858 -0.06773406 0.02527326 0.02216857 -0.06438869 0.02476048 0.02121537 -0.06401145 0.02561426 0.02158248 -0.06257677 0.02560806 0.01983004 -0.06038075 0.02912169 0.005515992 -0.04136496 0.02827316 0.007921278 -0.04514569 0.02761775 0.01066797 -0.04818665 0.02741497 0.00945717 -0.04816836 0.02617287 0.01342219 -0.05345398 0.0252825 0.01685297 -0.05794048 0.02519029 0.01882076 -0.06010818 0.02468276 0.01962405 -0.06192916 0.02416926 0.02029025 -0.06364625 0.02350777 0.01939696 -0.0632953 0.0236513 0.02081555 -0.06526666 0.02313148 0.02119398 -0.06679677 0.02261137 0.0214194 -0.06823986 0.02177387 0.02063035 -0.06776869 0.02565199 0.02474486 -0.06875187 0.02491325 0.02261275 -0.06611019 0.02513206 0.02382045 -0.0682348 0.02540767 0.02484267 -0.07039475 0.02625316 0.02657967 -0.0732783 0.02661448 0.02723258 -0.07562428 0.026093 0.02635145 -0.07485705 0.02783066 0.02833586 -0.0829842 0.02731865 0.0275141 -0.08192008 0.0282498 0.02837806 -0.0854488 0.02816098 0.02743238 -0.08654099 0.02799206 0.0262894 -0.0873056 0.02734988 0.02555149 -0.0860213 0.02628767 0.02350705 -0.08514165 0.02439236 0.02234125 -0.08209156 0.02250856 0.0208857 -0.0799883 0.02417707 0.02254867 -0.08136826 0.02325588 0.02180469 -0.08032828 0.02207088 0.02120018 -0.07864928 0.02822649 0.03197026 -0.08266419 0.02817285 0.03112918 -0.08175808 0.02754139 0.0294103 -0.07770597 0.02717995 0.02881389 -0.07512485 0.02636736 0.02666985 -0.07161557 0.02655369 0.02712655 -0.07194346 0.02608817 0.02567988 -0.06929588 0.02586346 0.0245043 -0.0670222 0.02588397 0.02362877 -0.06499379 0.02570247 0.02313965 -0.06478548 0.02579325 0.02208226 -0.06275075 0.02593719 0.02085596 -0.060669 0.02601546 0.01893466 -0.05838817 0.02421969 0.01487547 -0.05752998 0.0238021 0.01170694 -0.05523335 0.02357995 0.01394039 -0.05733489 0.02821648 9.35383e-5 -0.04154157 0.02392667 0.005613386 -0.05057185 0.02453136 0.002724289 -0.04806596 0.02381187 0.001728236 -0.04805058 0.0231961 0.004668593 -0.05051487 0.01291388 0.003637909 -0.05392205 0.01268535 0.006083428 -0.05566245 0.006517052 0.001818597 -0.0535801 0.004262804 0.003992557 -0.05515319 0.002132475 0.003803193 -0.05510169 0.02045828 0.01061856 -0.05664455 0.02211874 0.01219266 -0.05697208 0.02200567 0.01771456 -0.06264787 0.02272427 0.01691365 -0.06105005 0.02630728 0.005949676 -0.04811525 0.02530658 0.01127439 -0.05322557 0.02478945 0.01584768 -0.05773216 0.02278417 0.0185377 -0.06296259 0.02130877 0.01835864 -0.0641542 0.02578026 0.01233416 -0.05333757 0.02468937 0.01783525 -0.05984824 0.02411127 0.01688158 -0.05959635 0.0240975 0.01868569 -0.06162327 0.02344197 0.01778137 -0.06132918 0.02292299 0.01996248 -0.06487488 0.02213978 0.0191428 -0.06450438 0.02234476 0.02037554 -0.06636518 0.02151006 0.0195899 -0.06595718 0.01864784 0.009225487 -0.05635148 0.02108168 0.005733668 -0.05262869 0.02271467 0.007407963 -0.05281108 0.03135168 -0.002763509 -0.01712495 0.03136336 -0.002781033 -0.0203526 0.03083688 -0.00583589 -0.02404046 0.03054159 -0.005637824 -0.02838218 0.03011596 -8.17231e-4 -0.03520518 0.03001475 -0.004752874 -0.03310376 0.02894908 -7.63717e-4 -0.03939819 0.02939409 0.002077758 -0.039312 0.02700769 0.002984583 -0.04525375 0.02578365 0.00483781 -0.04809838 0.024598 0.006600558 -0.0506311 0.02413839 0.009259641 -0.05301028 0.02235859 0.009915649 -0.05495297 0.02346307 0.01596385 -0.05935376 0.02198594 0.01424646 -0.05890446 0.02195137 0.01608467 -0.06078588 0.0203132 0.01269769 -0.05850088 0.01847815 0.01481717 -0.06155776 0.01844197 0.01318424 -0.05986857 0.02026724 0.01454949 -0.06029969 0.02031147 0.01618474 -0.06206959 0.02043676 0.01761186 -0.06382387 0.02209126 0.02148717 -0.06959849 0.02245306 0.02217209 -0.07145386 0.0244807 0.02433586 -0.07475799 0.004866838 -0.008467376 -0.0478757 0.006705045 -0.001063227 -0.05181068 0.007271766 -0.008045971 -0.04788428 0.008912861 -5.72926e-4 -0.05187815 0.0110957 6.44998e-5 -0.05196279 0.01324135 8.56659e-4 -0.05206376 0.01533508 0.0018121 -0.05218076 0.01422256 -0.005743026 -0.04792767 0.01735699 0.002938926 -0.0523138 0.02041888 -0.001814246 -0.04799449 0.01922899 -0.006942331 -0.04547816 0.02119147 -0.005306124 -0.04543966 0.02006679 -0.01229619 -0.04194676 0.02204847 -0.01042735 -0.04188448 0.02247917 -0.01328837 -0.03977125 0.02268987 -0.01449418 -0.03875237 0.02089297 -0.01766306 -0.03780448 0.02289545 -0.01555055 -0.03774225 0.02309447 -0.01647269 -0.0367195 0.002196788 0.009792566 -0.0722115 5.93643e-4 0.00975275 -0.07213056 0.003088116 0.01065188 -0.07222199 0 0.01056128 -0.07206147 0 0.009968876 -0.07212126 0.02386796 0.01412296 -0.08306849 0.02409964 0.01576977 -0.0833562 0.02481186 0.01447135 -0.08424007 0.02254796 0.01365977 -0.08162868 0.02176249 0.01637238 -0.08080178 0.02143675 0.01767396 -0.0803067 0.02331495 0.01946395 -0.08209258 0.0212571 0.01819825 -0.07997119 0.02312475 0.01994699 -0.08165276 0.0206688 0.0192548 -0.07862955 0.02272039 0.02064299 -0.0805943 0.02184736 0.02127897 -0.07792586 0.02303504 0.02194255 -0.07960087 0.02373439 0.02278715 -0.07979696 0.023283 0.02281558 -0.07809728 0.02416425 0.0235967 -0.07901626 0.02371495 0.0234487 -0.07714349 0.02455186 0.02424758 -0.07801467 0.02521449 0.02516984 -0.07552599 0.02481949 0.0246281 -0.0733965 0.02549195 0.02548235 -0.07411295 0.02413487 0.02308267 -0.06926399 0.02480679 0.02395147 -0.06981819 0.02431756 0.02169966 -0.06567996 0.02519029 0.02059274 -0.06224489 0.02569305 0.01788419 -0.05815845 0.02647966 0.01453298 -0.05357545 0.0266965 0.01566225 -0.05369788 0.02682036 0.01680564 -0.05381685 0 0.006452262 -0.05705666 0.002097308 0.007750213 -0.05807495 0 0.007644236 -0.05809229 0.01455426 0.01256179 -0.06071674 0.01046067 0.01090979 -0.06009078 0.01054477 0.01223105 -0.06149929 0.008385121 0.0102936 -0.05985265 0.008457303 0.01158726 -0.06122016 0.006299555 0.009810388 -0.05966454 0.004205465 0.009465277 -0.05952686 0.004245758 0.01071459 -0.06083858 0.002124607 0.01049906 -0.06073868 0 0.01037478 -0.06074595 0.01850646 0.01240044 -0.07815277 0.01710134 0.01441478 -0.07705396 0.01648479 0.01618158 -0.07607066 0.01631039 0.01646769 -0.07571649 0.0186612 0.01767849 -0.07731467 0.01613038 0.01670199 -0.07532447 0.01846665 0.01793229 -0.07687228 0.01594579 0.01689136 -0.07489776 0.01826697 0.01813465 -0.0763911 0.01874369 0.01914125 -0.07547301 0.01831126 0.01916116 -0.07417297 0.01893109 0.01971375 -0.0734182 0.02094697 0.02114599 -0.0747841 0.02050846 0.0208559 -0.07313108 0.01771849 0.01858937 -0.06886917 0.0193454 0.01928329 -0.068156 0.01903778 0.01845765 -0.0665121 0.01683765 0.01619595 -0.0642544 0.01878488 0.01744449 -0.06487047 0.01654767 0.01361089 -0.06110846 0.01651728 0.01198685 -0.05948925 0.0165745 0.01012587 -0.05782455 0.01849555 0.01132518 -0.05814176 0.01672786 0.008010089 -0.05609124 0.01928335 0.004244506 -0.05246299 0.02157795 0.002912163 -0.05040746 0.02519017 0.00376147 -0.04808199 0.02649867 0.001813709 -0.0452795 0.02632266 -0.001325964 -0.04362517 0.02673655 -0.003744184 -0.04166597 0.02488738 -0.01412129 -0.03665137 0.02328544 -0.01726388 -0.03566855 0.02346688 -0.0179277 -0.03457516 0.01478749 -0.02749365 -0.02848935 0.01194524 -0.02864807 -0.02980417 0.006200551 -0.030954 -0.02386158 0.003287076 -0.03128528 -0.01712495 0.02653855 0.02782368 -0.06771326 -0.02520668 0.02316796 -0.05158418 -0.02576369 0.0209707 -0.04833585 -0.02721387 0.01642739 -0.05121767 -0.01987797 0.0101155 -0.05655646 0 0.009177565 -0.0594244 -0.02757227 0.01033818 -0.04818248 -0.0309053 0.006000161 -0.02041375 -0.03128635 -0.00317645 -0.01712495 -0.02810877 -0.01423054 -0.02027219 -0.02666854 -0.01666456 -0.01712495 -0.004605412 -0.03111958 -0.01712495 -0.001096725 -0.03143626 -0.01712495 -0.002309679 -0.03136575 -0.01712495 0.02635717 0.02400398 -0.0615285 0.02826017 0.01295489 -0.04113256 0.03138327 0.002194821 -0.01712495 0.022623 0.02184587 -0.01712495 -0.01159238 0.03380715 -0.05229789 0.00522077 0.03106439 -0.01712495 0.005150973 0.03107196 -0.01712495 0.001588046 0.03145986 -0.01712495 0.03113609 0.02507889 -0.105374 0.03021579 0.03100109 -0.0971933 0.01537418 0.03873199 -0.125878 -0.01275259 0.03327494 -0.130984 -0.0222339 0.02917057 -0.125027 0.0278396 0.03160768 -0.07976406 0.01315635 0.04585164 -0.09697419 0.01281249 0.04571455 -0.09244281 0.009634137 0.04666399 -0.09805399 0.02686506 0.02949535 -0.07155668 0.02023017 0.042086 -0.08500188 0.01879876 0.04291218 -0.08572667 -0.02794158 0.0157029 -0.089091 -0.02669948 0.023211 -0.120097 -0.02675497 0.02090728 -0.120171 -0.02668917 0.02830547 -0.06905686 -0.0259487 0.02124226 -0.08547645 -0.02697026 0.02279847 -0.08687788 -0.02511066 0.0180605 -0.08460819 -0.02576816 0.02452576 -0.08225387 -0.002307772 0.01061338 -0.07216221 0 0.01298499 -0.07042127 0 0.01304715 -0.07026439 -0.002099275 0.01312667 -0.07034426 -0.002071499 0.01324266 -0.07003438 0 0.01233595 -0.06347358 0 0.01211714 -0.06312298 0 0.0113824 -0.06194555 -0.003386795 0.01287198 -0.06434106 -0.006878793 0.01386278 -0.06581938 -0.007074117 0.01413106 -0.06690716 -0.005329906 0.01374715 -0.06664741 -0.001812398 0.0132997 -0.0663495 -0.00175935 0.01307976 -0.0653333 -0.003583848 0.01346427 -0.06645727 0 0.01299709 -0.06530058 -0.001710653 0.0127269 -0.06425976 -0.003480792 0.01323467 -0.06542706 -0.005179643 0.01350086 -0.06559276 -0.006701588 0.01346099 -0.064682 -0.00879383 0.0146147 -0.06723666 -0.01290917 0.01497459 -0.06463199 -0.01446038 0.01569598 -0.06502509 -0.01269459 0.01407074 -0.06325 -0.01598757 0.01649475 -0.06546449 -0.01473939 0.01643365 -0.06644117 -0.01317048 0.01567965 -0.06598728 -0.01661795 0.01785665 -0.06842356 -0.01723289 0.01638334 -0.06438827 -0.01868116 0.01731425 -0.0648536 -0.02140438 0.01941657 -0.06592786 -0.02264368 0.02058416 -0.06654107 -0.02183109 0.02090275 -0.0686416 -0.02066206 0.02019178 -0.0688107 -0.02307635 0.02207738 -0.06939989 -0.02199906 0.02130699 -0.06955528 -0.0223667 0.02198874 -0.07140129 -0.01961165 0.01979285 -0.06977605 -0.01925349 0.01914459 -0.06812965 -0.01579558 0.01774644 -0.07057911 -0.0138036 0.01659828 -0.06862777 -0.02102619 0.02086019 -0.07055318 -0.02276879 0.02253025 -0.0732702 -0.02363938 0.02326136 -0.07705026 -0.02557206 0.02536427 -0.07758456 -0.02401685 0.02371799 -0.07431107 -0.02142596 0.0213896 -0.07230967 -0.02000606 0.02030324 -0.07142758 0 0.01335078 -0.0692023 -0.002014279 0.01340645 -0.06935137 -0.002043128 0.01333588 -0.06970316 0 0.01316809 -0.06995928 0 0.01274108 -0.07083469 -0.002152383 0.01282447 -0.07089859 0 0.0125612 -0.07105249 -0.002177417 0.01263749 -0.07114195 0 0.01235127 -0.07126915 0 0.01212406 -0.07146787 0 0.01172947 -0.07171207 0 0.01126545 -0.07190591 0 0.01092427 -0.0719912 -0.002279937 0.01132309 -0.071998 0 0.0106976 -0.07204777 -0.00200212 0.00978142 -0.07218867 -0.002328574 0.009796738 -0.07221996 -0.003807723 0.01366877 -0.06831717 -0.005829513 0.01396834 -0.06941598 -0.004039525 0.01352965 -0.06988006 -0.005915403 0.01392716 -0.06981277 -0.004096508 0.01343798 -0.07022005 -0.004152476 0.01332265 -0.07053846 -0.006251275 0.01351946 -0.07118749 -0.006331086 0.013354 -0.07147437 -0.00426042 0.0130195 -0.07110857 -0.006408452 0.01316148 -0.07173675 -0.004360973 0.01261538 -0.07158517 -0.006482958 0.0129407 -0.07197397 -0.004451513 0.01210355 -0.07196277 -0.006554067 0.01268988 -0.07218486 -0.004491448 0.01180547 -0.07211267 -0.006682574 0.01209408 -0.0725243 -0.006790041 0.0113793 -0.07275295 -0.00401169 0.009875595 -0.07238149 -0.004589915 0.01074856 -0.07240396 -0.004560232 0.01112729 -0.07233339 -0.002294719 0.01098155 -0.07209336 -0.004527568 0.01147979 -0.07223629 -0.002263188 0.0116381 -0.07187676 -0.004407703 0.01237338 -0.0717867 -0.002244412 0.01192665 -0.07172995 -0.00222361 0.01218909 -0.07155817 -0.002201199 0.01242589 -0.07136207 -0.0043118 0.01283037 -0.07135885 -0.004207253 0.01318329 -0.07083487 -0.002126276 0.01298737 -0.07063257 -0.003981828 0.0135982 -0.06951928 -0.003923773 0.01364398 -0.0691381 -0.001985073 0.01345497 -0.06897938 -0.001926481 0.01348668 -0.06817656 0 0.01337069 -0.06891471 -0.005658209 0.01398158 -0.06856405 -0.007724761 0.01440709 -0.0697959 -0.007948577 0.01431167 -0.07061135 -0.006000995 0.01386225 -0.07018905 -0.006085753 0.01377308 -0.07054406 -0.006169319 0.013659 -0.07087719 -0.008059263 0.01422566 -0.0709871 -0.008168458 0.01411306 -0.0713402 -0.006621122 0.01240789 -0.07236856 -0.008841335 0.01248288 -0.07308715 -0.006738662 0.01175045 -0.07265228 -0.006009936 0.01003128 -0.07270359 -0.008915364 0.01211488 -0.0732212 -0.008760392 0.01281797 -0.07292348 -0.01084589 0.01332879 -0.07362771 -0.008672297 0.01311665 -0.07272928 -0.01062375 0.01392656 -0.07317966 -0.008578956 0.01337939 -0.07250547 -0.01050448 0.01416558 -0.07290869 -0.01038086 0.01436907 -0.07260847 -0.008481383 0.01360815 -0.07225346 -0.008380055 0.01380538 -0.07197439 -0.01025336 0.01454019 -0.07228088 -0.008275568 0.01397329 -0.07166969 -0.009989917 0.01479178 -0.07154875 -0.007836878 0.01437187 -0.07021397 -0.007501482 0.01440489 -0.06890147 -0.01298648 0.0135352 -0.0746622 -0.01094537 0.01296669 -0.07380175 -0.01073789 0.01364868 -0.07341986 -0.01261115 0.01457095 -0.07399117 -0.01247239 0.01482248 -0.07369726 -0.01012289 0.0146808 -0.07192718 -0.01171815 0.01553928 -0.07179147 -0.01156079 0.01558798 -0.07133519 -0.00985521 0.01487416 -0.07114678 -0.009719431 0.01492887 -0.07072257 -0.0114029 0.01560795 -0.07085746 -0.009583175 0.01495677 -0.07027739 -0.00986731 0.01050728 -0.07371038 -0.009046196 0.011298 -0.07340538 -0.0172463 0.01205074 -0.07726567 -0.01529365 0.01266175 -0.07605665 -0.01328355 0.01214736 -0.07502669 -0.01363044 0.01119124 -0.07522666 -0.01183778 0.01083838 -0.07443398 -0.01309347 0.01309996 -0.07481408 -0.01103657 0.01256805 -0.07394379 -0.01119828 0.01168924 -0.07414066 -0.006837427 0.01098287 -0.07282686 -0.009154438 0.01040905 -0.07350087 -0.0150792 0.01369905 -0.07582581 -0.01468586 0.0149827 -0.07521778 -0.01453655 0.01530045 -0.07493478 -0.01622319 0.01638716 -0.07565647 -0.01586627 0.01680767 -0.07484596 -0.01421958 0.01578766 -0.07425957 -0.01388365 0.01611256 -0.07345628 -0.01371067 0.0162214 -0.07301199 -0.01549255 0.01706397 -0.07390737 -0.0153017 0.01713597 -0.07339626 -0.01353567 0.01629638 -0.07254207 -0.01318258 0.01635068 -0.0715332 -0.01283109 0.01628726 -0.07044577 -0.0178073 0.01891934 -0.07275319 -0.01845008 0.01905345 -0.07477748 -0.01980865 0.02006918 -0.07517158 -0.02003026 0.02008235 -0.07588309 -0.01866447 0.01902419 -0.07541036 -0.01908719 0.01884025 -0.07659238 -0.02046978 0.0199818 -0.07722985 -0.02068567 0.01986235 -0.07785695 -0.0161941 0.01797097 -0.07189977 -0.01823508 0.0190441 -0.07412135 -0.01680797 0.01808077 -0.07377028 -0.01721626 0.01797807 -0.07490909 -0.01887714 0.01895397 -0.0760166 -0.01929336 0.01868057 -0.07713437 -0.01949465 0.01847219 -0.0776391 -0.01969015 0.01820975 -0.07810276 -0.01834869 0.01659768 -0.0775398 -0.02131628 0.02114439 -0.07631778 -0.02176535 0.02112895 -0.07783389 -0.02025097 0.02005416 -0.07657057 -0.02198719 0.0210517 -0.07854968 -0.02089738 0.01969307 -0.07844769 -0.02110385 0.01947069 -0.07899796 -0.01936757 0.01992976 -0.07369256 -0.02154135 0.02115887 -0.07708829 -0.02297329 0.02227377 -0.078395 -0.02319788 0.02223914 -0.07920187 -0.02220565 0.02092367 -0.07923108 -0.02241975 0.02074187 -0.07987326 -0.02262824 0.02050244 -0.08047157 -0.0251829 0.02290529 -0.08306157 -0.02640038 0.02399736 -0.08482259 -0.02659887 0.02368557 -0.08557468 -0.02768146 0.0247367 -0.08749687 -0.01491689 0.01717668 -0.07230287 -0.01660257 0.01807725 -0.07316547 -0.01510947 0.01717299 -0.07286059 -0.01701289 0.01804846 -0.0743525 -0.01568096 0.01695507 -0.07439136 -0.01741707 0.0178678 -0.07543706 -0.01604729 0.01661956 -0.0752685 -0.01761448 0.01771527 -0.07593357 -0.0178073 0.01751816 -0.07639557 -0.01799458 0.01727205 -0.07681989 -0.016393 0.01610356 -0.07600647 -0.01655578 0.01576107 -0.0763154 -0.01817536 0.01696836 -0.07720267 -0.01888847 0.01250547 -0.07841628 -0.02283018 0.0201984 -0.08102089 -0.02130419 0.019189 -0.07950335 -0.01987868 0.017883 -0.07852065 -0.01671016 0.01535278 -0.07657968 -0.01698565 0.01435416 -0.07697415 -0.01880645 0.01505357 -0.0782541 -0.01722025 0.0132218 -0.07722538 -0.02242916 0.01506298 -0.08150798 -0.02445197 0.0208106 -0.08318835 -0.0230242 0.0198158 -0.08151495 -0.02168148 0.01839846 -0.08035808 -0.02185595 0.01786488 -0.08069628 -0.02216738 0.01653838 -0.08119177 -0.02187949 0.01343536 -0.08096796 -0.02180796 0.01341098 -0.08089476 -0.02079457 0.01443356 -0.07995617 -0.02405935 0.02155649 -0.08205968 -0.02149707 0.01883608 -0.07995867 -0.02005916 0.01748079 -0.07888817 -0.02023017 0.0169931 -0.07920056 -0.01851296 0.01615178 -0.07782739 -0.02053576 0.01578557 -0.07966119 -0.01905608 0.01381617 -0.07852697 -0.02554476 0.01474815 -0.08521479 -0.02481657 0.01447194 -0.0842359 -0.02466219 0.01441347 -0.08402836 -0.02640706 0.01880669 -0.08648627 -0.02757519 0.01952779 -0.08847135 -0.02726846 0.01542764 -0.08788126 -0.02779126 0.01747596 -0.08883917 -0.02700918 0.01532155 -0.08741527 -0.02664208 0.01691019 -0.08684897 -0.02536004 0.0163123 -0.08495968 -0.02680999 0.01524287 -0.0871073 -0.0258587 0.01486724 -0.08563667 -0.02480655 0.01965266 -0.08404546 -0.02338397 0.01875537 -0.0823121 -0.02320927 0.0193392 -0.08194738 -0.02369469 0.0173006 -0.08284199 -0.02395325 0.01569288 -0.0831775 -0.01741749 0.01209819 -0.0773856 -0.01495838 0.01417648 -0.07566237 -0.01482737 0.01460808 -0.07546091 -0.01287007 0.01392948 -0.0744754 -0.01274418 0.01427465 -0.07425129 -0.01438087 0.01556676 -0.07461446 -0.01232856 0.01503378 -0.07337176 -0.01405346 0.01596856 -0.0738728 -0.01218044 0.01520919 -0.07301676 -0.01202887 0.01535105 -0.07263398 -0.01187449 0.01546066 -0.07222497 -0.01335936 0.016339 -0.07204848 -0.02464544 0.0225411 -0.06688058 -0.0236544 0.02123349 -0.06621509 -0.02508258 0.02321636 -0.0672304 -0.02536928 0.02328366 -0.06650149 -0.02520388 0.02379465 -0.06830078 -0.02604454 0.02591967 -0.07204669 -0.02548766 0.02481287 -0.0704689 -0.02476567 0.0231238 -0.06792396 -0.02490025 0.02366018 -0.06897509 -0.02420997 0.02331095 -0.07022166 -0.02537816 0.02499669 -0.07218658 -0.02564775 0.02525395 -0.07156896 -0.02639538 0.02665776 -0.0743488 -0.02601355 0.02469795 -0.06719857 -0.02625918 0.02541607 -0.06755989 -0.02649527 0.02656519 -0.06992018 -0.02668869 0.0272721 -0.07034409 -0.0275352 0.03029257 -0.07651156 -0.02697849 0.02746927 -0.07790756 -0.02618676 0.02631527 -0.0749455 -0.02658325 0.02683275 -0.07726186 -0.02732765 0.02810609 -0.07857006 -0.02699857 0.02722376 -0.07962739 -0.02614486 0.0261985 -0.07663381 -0.02739149 0.02784579 -0.08034706 -0.02760177 0.02798229 -0.08158218 -0.02677589 0.02675306 -0.08008557 -0.02656257 0.02660155 -0.0789265 -0.02600669 0.02565038 -0.07975536 -0.02781295 0.02807825 -0.0828185 -0.02802395 0.02812868 -0.08404678 -0.02699065 0.02686548 -0.08124518 -0.02773857 0.02846598 -0.08108478 -0.02622568 0.02573257 -0.0808323 -0.0272057 0.02693408 -0.08239668 -0.02823358 0.02812808 -0.08525776 -0.02815705 0.02867949 -0.08363419 -0.02972567 0.0331794 -0.09751629 -0.02991247 0.03208005 -0.09565299 -0.02951765 0.03144395 -0.09086281 -0.02861887 0.03088974 -0.08418816 -0.02807158 0.03000175 -0.08064228 -0.02787685 0.02937155 -0.07994318 -0.02686786 0.02764225 -0.07425248 -0.02723515 0.0282669 -0.07671946 -0.02623444 0.02616178 -0.07137548 -0.02656614 0.02697557 -0.07371419 -0.02621537 0.02631056 -0.07319068 -0.02969408 0.03009635 -0.09156066 -0.0292989 0.03039145 -0.08892995 -0.0271191 0.02889835 -0.07332307 -0.0272004 0.02957296 -0.07383549 -0.02790307 0.03083515 -0.0792644 -0.02829205 0.03247296 -0.08347457 -0.02852749 0.03520655 -0.09267055 -0.02838695 0.03606557 -0.09769648 -0.02808135 0.03644365 -0.102872 -0.02720057 0.03743875 -0.104613 -0.02643269 0.0305677 -0.07003229 -0.02655386 0.03388196 -0.07643657 -0.02498698 0.03873646 -0.08574938 -0.02480947 0.0399754 -0.09443688 -0.02435505 0.04000878 -0.09051495 -0.02362209 0.04098778 -0.0956282 -0.0232442 0.04107254 -0.105328 -0.02658838 0.02686154 -0.06830227 -0.02752929 0.03163754 -0.07760298 -0.02719289 0.03096085 -0.07479387 -0.0273149 0.0330618 -0.07857209 -0.02727967 0.03492414 -0.08263427 -0.02768409 0.03518235 -0.0858891 -0.02721798 0.0375874 -0.09562426 -0.02631807 0.03868907 -0.09706926 -0.02572655 0.03923219 -0.102456 -0.02547657 0.02390336 -0.06759095 -0.025599 0.02447634 -0.06868916 -0.02678447 0.02752876 -0.07233136 -0.02731245 0.02898067 -0.07535618 -0.0276798 0.02956825 -0.07796376 -0.02821266 0.03061717 -0.08136337 -0.02911156 0.03269708 -0.0896461 -0.02932769 0.0336951 -0.09442806 -0.0288015 0.03540354 -0.101093 -0.02619504 0.02423816 -0.08401387 -0.0286985 0.02986067 -0.08531928 -0.02845317 0.02927345 -0.08446925 -0.02886658 0.02927637 -0.08706456 -0.02910906 0.02983719 -0.08799356 -0.02857387 0.02870678 -0.08615106 -0.02906936 0.02919268 -0.08832436 -0.0274198 0.02695369 -0.08353167 -0.02763175 0.0269193 -0.08464169 -0.02644425 0.02576798 -0.0818932 -0.02554899 0.02458125 -0.08131641 -0.02532756 0.02458345 -0.08034956 -0.02729105 0.02534866 -0.08582496 -0.02824336 0.026443 -0.08773726 -0.02861917 0.02576345 -0.08952111 -0.02950686 0.02957469 -0.09054911 -0.029648 0.02853357 -0.09183025 -0.03006654 0.02951055 -0.09397959 -0.02803725 0.02908116 -0.08184111 -0.02889049 0.03044325 -0.08617639 -0.0294373 0.03092569 -0.08989065 -0.02658325 0.0269643 -0.07552111 -0.02693367 0.02761578 -0.07611221 -0.02762806 0.02874016 -0.07924997 -0.02828454 0.02969157 -0.08261138 -0.02847826 0.03029906 -0.08338826 -0.0290302 0.03100728 -0.08705717 -0.02991008 0.03107976 -0.09364348 -0.02983069 0.03059667 -0.09259641 -0.03027898 0.0304144 -0.09619545 -0.02926796 0.02904468 -0.08954536 -0.02844059 0.0280711 -0.08644205 -0.02784049 0.02682608 -0.08571815 -0.02666127 0.02575194 -0.0829305 -0.02687555 0.02567976 -0.08393669 -0.02431398 0.02341806 -0.07980418 -0.0307849 0.01692885 -0.0969513 -0.03089308 0.01922488 -0.09763437 -0.03054904 0.01682388 -0.0960083 -0.02975577 0.01647448 -0.09330886 -0.03030186 0.01671397 -0.09502005 -0.03035837 0.01888167 -0.09533196 -0.03143745 0.0196858 -0.102363 -0.03149449 0.01724749 -0.103038 -0.03146219 0.01723289 -0.102399 -0.03115987 0.01709675 -0.09900838 -0.02624768 0.02586334 -0.06950008 -0.02697896 0.02821767 -0.07281857 -0.02745336 0.02964055 -0.07592946 -0.02782106 0.0302065 -0.0786094 -0.02829468 0.03122138 -0.08209466 -0.02869945 0.03266614 -0.08653455 -0.02849835 0.03396248 -0.08792489 -0.0289154 0.03393787 -0.09119427 -0.02894705 0.03490149 -0.09606295 -0.02645087 0.02614068 -0.06792449 -0.02682769 0.02797305 -0.07078337 -0.02690815 0.02866965 -0.07122969 -0.02722257 0.03025609 -0.0743308 -0.02755767 0.03095316 -0.07707488 -0.02789884 0.03213524 -0.08049619 -0.02768856 0.03352206 -0.08159625 -0.0280863 0.03381758 -0.08471488 -0.02810329 0.03528308 -0.08924567 -0.02752459 0.03655368 -0.09056878 -0.02795809 0.03642874 -0.0941475 -0.02765697 0.03717094 -0.09932696 -0.02676665 0.03822535 -0.100922 -0.02666795 0.02757966 -0.0686863 -0.02692985 0.02937448 -0.07166057 -0.02697455 0.0324192 -0.07564109 -0.02709639 0.03649365 -0.0870667 -0.02668344 0.03626966 -0.08367657 -0.02633637 0.03773266 -0.08824825 -0.0267744 0.03775584 -0.09189409 -0.02586495 0.03889578 -0.09319108 -0.02527016 0.03973674 -0.0984584 -0.02454835 0.04018408 -0.103926 -0.02888846 0.01725 -0.116007 -0.02948665 0.02085095 -0.09273499 -0.03076297 0.02195149 -0.09732317 -0.03125458 0.01949536 -0.09998148 -0.03113859 0.0223999 -0.09970319 -0.03132897 0.02276664 -0.102128 -0.03144085 0.0198251 -0.104733 -0.03133308 0.02309846 -0.104525 -0.03116458 0.02347195 -0.10685 -0.03042238 0.02031385 -0.111627 -0.03030556 0.02424365 -0.111388 -0.02974486 0.02046877 -0.1138589 -0.02890467 0.02061867 -0.116037 -0.02878028 0.02495926 -0.11579 -0.02785176 0.02297747 -0.118072 -0.02379685 0.0288133 -0.123317 -0.02662485 0.02563309 -0.119913 -0.02653086 0.02802455 -0.119576 -0.02777826 0.02530229 -0.117892 -0.02768576 0.02759706 -0.117566 -0.0286898 0.02715325 -0.115474 -0.02962416 0.0246073 -0.113616 -0.03021997 0.02622568 -0.111091 -0.03073716 0.02573317 -0.108846 -0.03082048 0.02386349 -0.10913 -0.03108328 0.02522629 -0.106581 -0.03124868 0.02430647 -0.101867 -0.03020906 0.02143359 -0.09499418 -0.03010946 0.02269029 -0.09471338 -0.02232599 0.02652078 -0.125391 -0.02396565 0.02364248 -0.123865 -0.0261147 0.01725 -0.12124 -0.02540165 0.02343326 -0.122031 -0.02389079 0.02624386 -0.123672 -0.027906 0.02076536 -0.118145 -0.0267533 0.01725 -0.120133 -0.02532649 0.02594769 -0.121842 -0.03093338 0.02015125 -0.109358 -0.03127425 0.01998329 -0.107062 -0.03148037 0.01725 -0.104728 -0.02600347 0.03208029 -0.07062196 -0.02625185 0.03307729 -0.07348507 -0.02563506 0.0345028 -0.07417756 -0.02594286 0.03528326 -0.07723671 -0.02551788 0.03716719 -0.0813232 -0.02458268 0.03838628 -0.08222639 -0.02391725 0.0398615 -0.08673286 -0.02316325 0.04104065 -0.09157568 -0.0227825 0.04164046 -0.101055 -0.02136838 0.04248428 -0.102258 -0.02968478 0.01644325 -0.0930863 -0.02965807 0.01847058 -0.09309077 -0.02892714 0.01611709 -0.09116095 -0.02860528 0.02021265 -0.09055715 -0.02879959 0.01799935 -0.09092289 -0.02801299 0.01573204 -0.08921927 -0.01439917 0.04330766 -0.07946747 -0.01468437 0.04401677 -0.08334416 -0.01171916 0.04554545 -0.08840376 -0.01144146 0.04501157 -0.08422577 -0.008314132 0.04627275 -0.08916425 -0.00854516 0.04662859 -0.09363949 -0.01058888 0.04643619 -0.0978741 -0.01089149 0.04637098 -0.102711 -0.009312272 0.04641455 -0.108271 -0.00905025 0.04672366 -0.103218 -0.008792519 0.04678267 -0.09832346 -0.008105456 0.04572337 -0.08488905 -0.004984021 0.04711216 -0.09420609 -0.007180929 0.0470103 -0.10363 -0.007603764 0.04606294 -0.113834 0.01174885 0.04322308 -0.0762149 0.01511406 0.04307144 -0.07918596 0.01487886 0.04217618 -0.07551217 0.01843589 0.04239666 -0.08188539 0.01651126 0.04475414 -0.09558379 0.01810485 0.04409188 -0.09478098 0.0200777 0.04327374 -0.09826278 0.02053296 0.04297029 -0.10274 -0.01865255 0.0403195 -0.07449525 -0.01745998 0.04200029 -0.07852917 -0.01501369 0.04453635 -0.0873934 -0.01537775 0.04485934 -0.09162306 -0.01202636 0.04588437 -0.09277307 -0.01235514 0.04602259 -0.09734195 -0.01119899 0.04605829 -0.107703 -0.009572565 0.04577237 -0.113321 -0.02003556 0.03943258 -0.07401096 -0.02030146 0.04033219 -0.07743567 -0.01891469 0.04121357 -0.07800006 -0.01777356 0.04270416 -0.08226078 -0.01660078 0.04391658 -0.08680039 -0.01813536 0.04321509 -0.08615225 -0.01698529 0.04423367 -0.09094846 -0.01576715 0.04498338 -0.0960406 -0.0140838 0.0455392 -0.09672975 -0.01446056 0.04546248 -0.101422 -0.01269745 0.04595118 -0.102112 -0.01304548 0.0456354 -0.107031 -0.01150435 0.04541635 -0.11269 -0.009700179 0.04529696 -0.115786 -0.007808268 0.04498928 -0.118743 -0.01923638 0.04191815 -0.08164978 -0.01853489 0.04352855 -0.09021139 -0.01339095 0.04499518 -0.111944 -0.01165419 0.04494327 -0.115124 -0.00982505 0.04470306 -0.118179 -0.02160537 0.03935217 -0.0768401 -0.02062726 0.0410403 -0.08099806 -0.02100247 0.04155296 -0.08470618 -0.01960706 0.04242837 -0.08545255 -0.02001619 0.04274117 -0.08941578 -0.01739639 0.04435294 -0.0952776 -0.01896178 0.04364579 -0.09444439 -0.01782405 0.04427075 -0.09978806 -0.01617246 0.0449028 -0.100646 -0.0148434 0.04514479 -0.10626 -0.009946525 0.04397898 -0.120478 -0.03024148 0.0290938 -0.09508198 -0.03045177 0.0299533 -0.0973556 -0.03045547 0.03081858 -0.099563 -0.03027528 0.03177458 -0.101635 -0.03044098 0.03110927 -0.102816 -0.02991235 0.03276205 -0.103637 -0.0286684 0.03463184 -0.107612 -0.02780085 0.03550904 -0.109549 -0.02884578 0.03380244 -0.108973 -0.02798235 0.03463125 -0.110966 -0.02677929 0.0363546 -0.111416 -0.02579975 0.03619664 -0.114732 -0.0228824 0.03863215 -0.116539 -0.02306836 0.03759437 -0.118164 -0.02151995 0.03822159 -0.119733 -0.02002745 0.03752416 -0.12273 -0.01840746 0.03647446 -0.125474 -0.02786427 0.02430635 -0.0882321 -0.02879399 0.02529197 -0.09030306 -0.03015726 0.02713274 -0.0947113 -0.02999716 0.02769684 -0.09383779 -0.03040707 0.02858549 -0.09609818 -0.03061515 0.02939707 -0.09842258 -0.03061908 0.03020995 -0.100684 -0.03076797 0.02872967 -0.09938347 -0.03077214 0.02948528 -0.101692 -0.03059595 0.03032207 -0.103878 -0.03008127 0.0320394 -0.10488 -0.0302394 0.03118848 -0.105998 -0.02954739 0.0329411 -0.106934 -0.02970939 0.03202927 -0.108106 -0.0281524 0.0336076 -0.11224 -0.02696418 0.0354315 -0.112889 -0.02713745 0.03435647 -0.114211 -0.02597528 0.03507387 -0.116103 -0.02449816 0.03691905 -0.116493 -0.02467405 0.03575235 -0.11791 -0.02324295 0.03638768 -0.119624 -0.02169096 0.03697866 -0.1212339 -0.02018046 0.03601115 -0.124068 -0.023633 0.03616935 -0.0724017 -0.02280968 0.03827399 -0.07621496 -0.021932 0.04006677 -0.08031028 -0.02045309 0.04285955 -0.09354537 -0.01940578 0.04356479 -0.09885126 -0.01658409 0.04458504 -0.105392 -0.01522338 0.04450809 -0.111089 -0.01356035 0.04452526 -0.114342 -0.01372605 0.0439406 -0.1166689 -0.01194316 0.04363507 -0.119756 -0.01180064 0.04435336 -0.117487 -0.008001685 0.04338848 -0.123269 -0.008092641 0.04236066 -0.12533 -0.02538198 0.03352844 -0.07121586 -0.02484339 0.03584527 -0.07487577 -0.02389538 0.03710329 -0.07555979 -0.02313405 0.03899878 -0.07958847 -0.02350676 0.03952777 -0.08309209 -0.02230757 0.04058557 -0.08391857 -0.02272158 0.04090785 -0.08767217 -0.02141618 0.04186844 -0.08856749 -0.01825839 0.04395568 -0.104432 -0.01699268 0.04395449 -0.110127 -0.0171929 0.04349505 -0.1124359 -0.01540964 0.04404264 -0.113444 -0.01559197 0.04346448 -0.115731 -0.01388728 0.04322957 -0.118904 -0.01006388 0.04311299 -0.122658 -0.008179068 0.04116308 -0.127223 -0.02204936 0.04146456 -0.108801 -0.02182549 0.0418936 -0.106657 -0.01757919 0.04223459 -0.11683 -0.01576906 0.04276269 -0.117927 -0.01404279 0.04238116 -0.121024 -0.01221245 0.04176747 -0.123921 -0.01028275 0.04090595 -0.12657 -0.00826025 0.03976374 -0.128924 -0.01038295 0.03951948 -0.128253 -0.02740865 0.03690379 -0.106355 -0.02616798 0.0383926 -0.106289 -0.02499455 0.03929799 -0.107895 -0.02520877 0.03870248 -0.1097699 -0.02390569 0.03952574 -0.111365 -0.02226829 0.04093366 -0.110881 -0.02073675 0.04165935 -0.112247 -0.01793879 0.04044717 -0.120778 -0.01625919 0.03980249 -0.123744 -0.01446574 0.03887295 -0.126462 -0.01245498 0.03922218 -0.127431 -0.01251059 0.03844386 -0.1281819 -0.02665716 0.0290482 -0.06940245 -0.02689909 0.03009867 -0.0720629 -0.02667737 0.03158867 -0.072797 -0.02689969 0.03449594 -0.07948416 -0.02629566 0.03587096 -0.08040076 -0.02591419 0.03753936 -0.084724 -0.02541786 0.03890389 -0.08940488 -0.02408725 0.04072338 -0.09978747 -0.0234701 0.04065895 -0.107409 -0.02369105 0.04014647 -0.109428 -0.02052259 0.04220575 -0.110109 -0.01910698 0.04232347 -0.113514 -0.01930767 0.04164606 -0.115618 -0.01594007 0.04192608 -0.120009 -0.01776289 0.04141205 -0.11887 -0.0161038 0.0409438 -0.121956 -0.01419174 0.0413841 -0.123005 -0.01433306 0.04022479 -0.124826 -0.01233756 0.04059284 -0.12577 -0.01043039 0.03873175 -0.129014 -0.02515757 0.03660339 -0.07804268 -0.0242154 0.03784245 -0.07883208 -0.02231687 0.04192489 -0.0967642 -0.02185785 0.04199188 -0.09258699 -0.0209074 0.04278337 -0.09784096 -0.01985645 0.04325568 -0.103386 -0.02030354 0.0426473 -0.107906 -0.01868927 0.0433343 -0.109064 -0.01890039 0.04288268 -0.1113229 -0.01738876 0.04292535 -0.114678 -0.01208078 0.042777 -0.121908 -0.01017618 0.04209339 -0.124697 -0.012564 0.03759157 -0.128874 -0.01458895 0.03726595 -0.127883 -0.01950138 0.04084026 -0.117613 -0.02094495 0.04099798 -0.114298 -0.02248096 0.04029107 -0.112878 -0.0254153 0.03799337 -0.111547 -0.02658408 0.03714919 -0.109814 -0.02637988 0.0378257 -0.108099 -0.02760916 0.03626328 -0.108006 -0.02848094 0.03534245 -0.106131 -0.02828496 0.03594374 -0.104546 -0.02900016 0.03494179 -0.102695 -0.02954667 0.03388977 -0.100836 -0.02935248 0.03431046 -0.0993064 -0.02951908 0.0325191 -0.09271985 -0.0291115 0.03155666 -0.08794927 -0.02870059 0.03146767 -0.08499896 -0.02748465 0.02891725 -0.07733887 -0.02711737 0.02831035 -0.07480186 -0.02653557 0.02684366 -0.07184851 -0.02594786 0.02516686 -0.06908875 -0.02588415 0.02548396 -0.07091587 -0.02573525 0.02500295 -0.06979709 -0.003904879 0.04008805 -0.129797 -0.006097316 0.03995376 -0.12944 -0.003923535 0.03928279 -0.130577 -0.001693785 0.0401653 -0.129995 -0.003865599 0.04150396 -0.128073 5.25212e-4 0.04018396 -0.130032 -0.001676619 0.04158514 -0.128265 -0.00165838 0.04279929 -0.126339 -0.003823757 0.04271495 -0.1261529 -0.005832672 0.04447919 -0.121518 0.004943609 0.04004555 -0.129622 0.002741277 0.04014378 -0.129907 5.19883e-4 0.04160499 -0.1283 -0.001639127 0.04383999 -0.124243 -0.003779709 0.04375314 -0.124064 -0.003733754 0.04463338 -0.12183 -0.00575906 0.04521107 -0.119176 0.004967153 0.03924155 -0.1304 0.004893898 0.0414595 -0.1279 0.002713501 0.04156267 -0.128178 0.002683997 0.04277586 -0.126254 5.08243e-4 0.04386109 -0.124275 5.14213e-4 0.04281979 -0.126372 0.009263753 0.03968107 -0.128578 0.007121324 0.039891 -0.129178 0.002652943 0.04381597 -0.12416 -0.00161904 0.04472196 -0.122002 -0.00368613 0.04536747 -0.119475 -0.006126105 0.03915256 -0.130215 -0.003941416 0.03840005 -0.131295 -0.001701891 0.0393576 -0.130777 5.27737e-4 0.03937578 -0.130815 0.00275439 0.03933668 -0.130689 5.30162e-4 0.03848975 -0.131536 0.002767026 0.03845208 -0.131409 0.004989743 0.03836035 -0.1311179 0.007154881 0.03909164 -0.129951 0.007187128 0.03821575 -0.130665 -0.01826226 0.03802269 -0.124105 -0.01666384 0.03499519 -0.127903 -0.02598387 0.02441287 -0.08315527 -0.0270859 0.02554696 -0.08490407 -0.0286439 0.02795249 -0.08759039 -0.02804476 0.02666896 -0.08675289 -0.02903449 0.02750909 -0.08974188 -0.02939599 0.02675449 -0.0916379 -0.02982699 0.0281592 -0.09287381 -0.03028225 0.0313282 -0.09834218 -0.03009998 0.03233605 -0.100349 -0.02973365 0.03337609 -0.102284 -0.02919155 0.03438276 -0.1042129 -0.02937436 0.03371888 -0.105631 -0.02561265 0.03716164 -0.113207 -0.02411258 0.03878748 -0.113201 -0.02268606 0.03952717 -0.1147699 -0.02431058 0.03792238 -0.114917 -0.0211457 0.04021155 -0.116244 -0.01968669 0.03989559 -0.119478 -0.02133786 0.03929018 -0.118062 -0.01986247 0.03879946 -0.121191 -0.01810556 0.03932696 -0.1225309 -0.01640498 0.03847277 -0.125351 -0.01654028 0.03689324 -0.126747 -0.01660358 0.03598839 -0.127357 -0.02044475 0.03202146 -0.126026 -0.02212309 0.03162169 -0.124449 -0.02199399 0.0337373 -0.123619 -0.02368378 0.03119027 -0.122753 -0.02511817 0.03072816 -0.120948 -0.02355217 0.03324228 -0.121944 -0.02641755 0.03023666 -0.119044 -0.02628564 0.03214645 -0.118283 -0.02858048 0.0291813 -0.114977 -0.02845287 0.03093069 -0.114267 -0.02942955 0.02862757 -0.112829 -0.02930516 0.03029149 -0.112145 -0.03011626 0.02805489 -0.110629 -0.03051829 0.02893859 -0.107778 -0.03098458 0.0268414 -0.106163 -0.03115558 0.02624988 -0.103866 -0.0310418 0.02754175 -0.103299 -0.030954 0.02516657 -0.09903717 -0.03103739 0.02692478 -0.100924 -0.03056538 0.02453315 -0.09665518 -0.03044265 0.02558058 -0.09613317 -0.02986317 0.02480578 -0.09382367 -0.02911138 0.02397358 -0.0915932 -0.0272997 0.02142107 -0.08785229 -0.02819949 0.02309519 -0.08945208 -0.02714085 0.02218097 -0.08741056 -0.02577096 0.0218088 -0.08497691 -0.02678918 0.0232926 -0.08626276 -0.02895838 0.02470439 -0.09099757 -0.02956289 0.0262382 -0.09246605 -0.02971899 0.02559846 -0.09319889 -0.03030616 0.02643799 -0.09548109 -0.03070604 0.0272178 -0.09782207 -0.0305624 0.02797037 -0.09701639 -0.03090918 0.02791786 -0.100223 -0.03091347 0.02860909 -0.102569 -0.02985906 0.03094118 -0.109126 -0.02901178 0.03283309 -0.110197 -0.02916538 0.03167927 -0.111261 -0.02729785 0.03308105 -0.115362 -0.02483707 0.03436958 -0.119142 -0.02340465 0.03495734 -0.120893 -0.02184939 0.03550499 -0.122539 -0.02032017 0.03419548 -0.1251749 -0.0185402 0.03461539 -0.126606 -0.01677429 0.03272008 -0.12879 -0.02803736 0.02376747 -0.08888727 -0.03083705 0.02629297 -0.09850007 -0.03073906 0.02937525 -0.1048009 -0.03086918 0.02822709 -0.105568 -0.03038549 0.03016978 -0.10697 -0.0299952 0.02962976 -0.109973 -0.0283097 0.03239136 -0.113348 -0.027444 0.03155076 -0.116316 -0.02613759 0.03374278 -0.117295 -0.02498567 0.03271156 -0.120162 -0.01865857 0.03238809 -0.127476 -0.0187602 0.02980577 -0.12808 -0.02274727 0.02226108 -0.07756197 -0.02408939 0.02341079 -0.0789057 -0.02453678 0.02337497 -0.08067506 -0.02341985 0.02215379 -0.07997715 -0.02363824 0.02201396 -0.08071547 -0.02475666 0.02327787 -0.08151239 -0.02385175 0.02181619 -0.08141148 -0.02497237 0.02312254 -0.0823099 -0.02538686 0.02262139 -0.08376115 -0.0242598 0.02122646 -0.08265429 -0.02558326 0.02226185 -0.08440226 -0.02463465 0.02029097 -0.0836544 -0.02626818 0.01971995 -0.08622616 -0.02611517 0.02054518 -0.08589351 -0.02744466 0.0205217 -0.08820158 -0.02834928 0.02226847 -0.089917 -0.02848476 0.02129089 -0.09028047 -0.02925145 0.02307635 -0.0920794 -0.02937686 0.02201688 -0.09245467 -0.02999395 0.02383476 -0.09432905 -0.03067237 0.02330106 -0.0970456 -0.03105467 0.02384459 -0.09943139 -0.03115117 0.02571874 -0.101473 -0.03125298 0.02474057 -0.104266 -0.03063625 0.02745687 -0.108405 -0.02953606 0.02669709 -0.113309 -0.02757418 0.02971917 -0.117052 -0.02523195 0.02843099 -0.121496 -0.02055186 0.02950179 -0.126618 -0.0188446 0.02701336 -0.128459 -0.01297968 0.02174395 -0.132311 -0.01705777 0.02159118 -0.13008 -0.01896315 0.02149957 -0.1287429 0.009461104 0.03486984 -0.131776 0.007275283 0.03503769 -0.132404 0.005032002 0.03632885 -0.132356 0.002790629 0.03641235 -0.132652 5.36849e-4 0.03527218 -0.1332949 -0.001724243 0.03643065 -0.132741 -0.003974795 0.03636497 -0.132534 -0.008436262 0.03493577 -0.132128 -0.006205379 0.03625077 -0.132161 -0.008404493 0.0360893 -0.131623 -0.01056098 0.03588175 -0.130924 -0.01060014 0.03474044 -0.131424 -0.01063674 0.03349578 -0.131851 -0.006229162 0.03508776 -0.13267 -0.006251215 0.0338189 -0.133105 -0.003990173 0.03519529 -0.133046 -0.004004299 0.03391885 -0.133484 -0.001736879 0.03397649 -0.1336939 -0.001730918 0.0352571 -0.133255 5.39255e-4 0.0339905 -0.133735 0.002801597 0.03523999 -0.133166 0.005051612 0.03516137 -0.132868 0 0.01725 -0.135125 -0.001772463 0.01725 -0.135001 0.005177736 0.01725 -0.1346499 0.004383921 0.01725 -0.134818 0.002872347 0.01725 -0.1349239 -0.006377696 0.01725 -0.134395 -0.008619964 0.0218544 -0.133916 -0.008682548 0.01725 -0.1339049 -0.01082915 0.02180457 -0.133195 -0.01281219 0.01725 -0.132402 0.01141208 0.03863257 -0.128583 0.009306728 0.03888827 -0.129344 0.009172976 0.04107618 -0.126882 0.007050514 0.04129689 -0.127467 0.006975173 0.04249995 -0.125563 0.004785418 0.04370588 -0.123898 0.004841089 0.04266887 -0.1259829 5.02013e-4 0.04474347 -0.122032 -0.001598298 0.04545736 -0.119639 -0.00157696 0.04605835 -0.11718 -0.003637194 0.04596775 -0.117023 0.01136034 0.03941714 -0.127825 0.01125115 0.04079836 -0.126148 0.009076476 0.0422706 -0.124995 0.004727363 0.04458504 -0.121669 0.002620518 0.04469758 -0.121921 0.00258696 0.04543268 -0.119561 4.88932e-4 0.04608047 -0.117207 4.95563e-4 0.04547929 -0.119668 -0.001555144 0.04653728 -0.114648 -0.003587186 0.04644638 -0.114499 -0.003485262 0.04708695 -0.1093299 0.004667282 0.04531866 -0.119319 0.006895899 0.04353207 -0.123492 0.01340067 0.03910046 -0.126923 0.01346027 0.03832596 -0.127671 0.02659898 0.03802949 -0.105372 0.02549695 0.03895688 -0.107013 0.03055489 0.02991098 -0.09945547 0.0206384 0.04240429 -0.08890968 0.02367496 0.04063987 -0.09095329 0.02525019 0.03955537 -0.09372186 0.02712446 0.03780877 -0.1000519 0.02668029 0.03825086 -0.09626978 0.0283575 0.03601908 -0.101934 0.02793586 0.03671747 -0.09845679 0.03011626 0.03200107 -0.09920436 0.03038769 0.03048789 -0.09835189 0.03048378 0.03020119 -0.0989992 0.01540458 0.0437839 -0.0830217 0.01729828 0.0436511 -0.08640307 0.0192002 0.04322946 -0.08973348 0.02107524 0.04252827 -0.09298157 0.02242785 0.0416249 -0.09199357 0.02288508 0.04156666 -0.09610778 0.02459168 0.04034727 -0.09903186 0.02412956 0.04059857 -0.0949397 0.02570605 0.03933274 -0.09767347 0.02755588 0.0370478 -0.103677 0.02856045 0.03553545 -0.103576 0.02919268 0.03451579 -0.101714 0.02983927 0.03299009 -0.101222 0.03029376 0.03145909 -0.100467 0.0300194 0.03239697 -0.102549 0.0304625 0.03081434 -0.101628 -0.01047599 0.03786909 -0.129715 -0.00833559 0.03809708 -0.130401 -0.006153762 0.03827458 -0.1309289 -0.003958523 0.03743058 -0.131949 -0.001709699 0.03847217 -0.131498 0.005011379 0.03739255 -0.131771 0.009348094 0.03801977 -0.130052 0.01146179 0.03777348 -0.1292819 0.01150935 0.0368306 -0.1299189 0.01351755 0.03747808 -0.128361 0.01357239 0.03654789 -0.128989 0.01550465 0.03713464 -0.127293 0.01754277 0.03486049 -0.1272349 0.01372134 0.03318548 -0.1304669 0.01155477 0.03579509 -0.130489 -0.0126636 0.03562957 -0.130068 -0.0105195 0.03692209 -0.130353 -0.008370876 0.03714048 -0.1310459 -0.006180167 0.03731036 -0.131579 -0.00171715 0.03749966 -0.132154 5.32483e-4 0.03751647 -0.132193 5.34693e-4 0.03644669 -0.13278 0.002779126 0.03748047 -0.1320649 0.007217943 0.03725415 -0.131314 0.007247328 0.03619736 -0.131895 0.009387612 0.03706645 -0.130695 0.009425282 0.03601908 -0.131271 0.01362454 0.03552657 -0.129552 0.01556587 0.03621935 -0.127911 0.01562416 0.03521466 -0.1284649 0.0176602 0.03260326 -0.128122 0.01949518 0.03225797 -0.126738 4.5447e-4 0.04749697 -0.104297 -0.001465976 0.04747539 -0.104278 0.002445459 0.04715275 -0.109396 0.002517282 0.04651236 -0.114575 0.006639599 0.04573684 -0.116513 0.0087592 0.04489338 -0.118435 0.01088535 0.04386156 -0.120084 0.01300036 0.04263979 -0.121429 0.01523387 0.04007619 -0.124251 0.01711815 0.03963369 -0.123098 0.01923149 0.03630834 -0.124741 0.02095115 0.03582799 -0.123271 -0.005133748 0.04727947 -0.09896636 -0.003382682 0.04738646 -0.104161 -0.001510679 0.04717749 -0.109463 4.68357e-4 0.04719948 -0.109485 4.82161e-4 0.04655945 -0.114673 0.002552509 0.04603356 -0.117104 0.004605472 0.04591858 -0.116873 0.006727576 0.04513859 -0.118943 0.006813228 0.04440766 -0.121277 0.008868873 0.04416614 -0.120748 0.008974909 0.0432958 -0.122943 0.01101285 0.04299807 -0.122254 0.0111351 0.04198169 -0.124283 0.01314109 0.04163438 -0.12343 0.01327484 0.04046475 -0.12527 0.01741266 0.03674435 -0.126084 0.0172708 0.03831279 -0.124695 0.01936995 0.03446525 -0.125868 0.02109616 0.03403007 -0.124373 -0.01480197 0.03301608 -0.129961 -0.008517444 0.0308758 -0.133209 -0.006289184 0.03099316 -0.133759 -0.008465886 0.03367745 -0.13256 -0.004027962 0.03107619 -0.134142 0.002812325 0.03396058 -0.133605 0.005070507 0.03388756 -0.133306 0.007352173 0.03095525 -0.133495 0.007301986 0.03377246 -0.132839 0.009558796 0.03082597 -0.132859 0.01171475 0.03066337 -0.132061 0.009495198 0.03361648 -0.132208 0.01163876 0.03342038 -0.131416 0.01573216 0.03291279 -0.1293669 0.0158292 0.03024238 -0.129996 0.02122718 0.03187829 -0.125223 0.02284646 0.03146517 -0.1235859 0.02446669 0.0286749 -0.1224009 0.01669245 0.01725 -0.130339 0.02340906 0.01725 -0.124703 0.02325838 0.01725 -0.124848 0.0232194 0.02125048 -0.124836 0.01984125 0.02146846 -0.128036 0.0198673 0.01725 -0.128032 -0.01282829 0.03054165 -0.131618 -0.01075398 0.02772617 -0.1328949 -0.01070106 0.030725 -0.132494 -0.0017457 0.03112405 -0.1343539 5.45486e-4 0.03113579 -0.134395 0.002853214 0.0280258 -0.134678 0.002833545 0.03111106 -0.134265 0.005138695 0.02797919 -0.134377 0.005106449 0.03105068 -0.133964 0.01178109 0.0276798 -0.132467 0.01388436 0.02752888 -0.131507 0.01380854 0.03046858 -0.131105 0.01785665 0.0271548 -0.129132 0.01776546 0.02998566 -0.12874 0.01960718 0.02969956 -0.127345 0.0213443 0.02938485 -0.125818 0.02296715 0.02904278 -0.124167 0.02307134 0.02642405 -0.124538 0.02457255 0.02613908 -0.122764 0.02824729 0.02517938 -0.116847 0.02706217 0.02786916 -0.1185629 0.02583438 0.02828305 -0.12053 0.02434408 0.0310207 -0.121835 0.02420687 0.03304606 -0.121028 0.02271157 0.0335564 -0.122756 0.02256208 0.03530424 -0.121682 0.02079296 0.03732657 -0.121942 0.01908028 0.037844 -0.12338 0.01508468 0.04122948 -0.122441 0.0128535 0.04349476 -0.119289 0.008646428 0.04548937 -0.1160269 0.006549715 0.04621469 -0.114011 0.00454241 0.04639708 -0.114354 0.002373218 0.04745107 -0.104217 -0.001421988 0.04751759 -0.0992611 -0.003281891 0.04743099 -0.09915751 -0.006972372 0.04706358 -0.09868806 -0.005289733 0.04723119 -0.103944 -0.0054484 0.04692918 -0.109087 -0.007393062 0.04670494 -0.1087329 -0.005606055 0.04628789 -0.114228 -0.007707118 0.04558604 -0.116325 -0.005683362 0.04580998 -0.116738 -0.007906675 0.04426068 -0.121066 -0.00590378 0.04360228 -0.123739 -0.005971908 0.04256826 -0.125816 -0.006036579 0.04136288 -0.127725 -0.008298635 0.0389685 -0.129692 -0.01261508 0.03665649 -0.129504 -0.01464664 0.03634488 -0.128503 -0.01470148 0.03533369 -0.129059 -0.01488786 0.03032678 -0.130587 -0.01686877 0.03008115 -0.129405 -0.01694715 0.02722698 -0.129791 0.03115087 0.02564305 -0.102771 0.03096985 0.0237292 -0.107982 0.02983748 0.02651017 -0.11221 0.02895158 0.02896857 -0.113893 0.0288189 0.03068345 -0.113187 0.02773708 0.03282165 -0.1143169 0.02788686 0.03131848 -0.115263 0.02648526 0.03480565 -0.11511 0.02203738 0.03904879 -0.117245 0.02184134 0.0399605 -0.115446 0.01817679 0.04271006 -0.114032 0.01623296 0.04384899 -0.112879 0.01442009 0.04435658 -0.113839 0.0120607 0.04591226 -0.107315 0.009913146 0.0466035 -0.1029199 0.008060574 0.04691457 -0.103389 0.007828533 0.04696929 -0.09847056 0.03099215 0.02732425 -0.102037 0.01485866 0.04533988 -0.09631627 0.01524859 0.04526329 -0.100965 0.0194208 0.04308509 -0.10841 0.0209856 0.0423696 -0.107204 0.02289956 0.04064035 -0.110082 0.02267855 0.04116398 -0.108029 0.02426028 0.03982776 -0.108586 0.02701538 0.03681349 -0.108842 0.02929186 0.03250765 -0.10913 0.03006029 0.03063195 -0.108027 0.02990728 0.03169155 -0.107023 0.02833259 0.02289378 -0.1170369 0.02716785 0.02551549 -0.118907 0.02594077 0.02583575 -0.120884 0.02465897 0.02357095 -0.122967 0.02144557 0.02668917 -0.126196 0.0197041 0.02693295 -0.127731 0.01978307 0.02413159 -0.1279439 0.01591324 0.0273537 -0.130393 0.01394599 0.02455186 -0.131727 0.009614467 0.02780556 -0.1332679 0.007396399 0.02790558 -0.133906 0.00743252 0.02481675 -0.134128 0.00516498 0.02486836 -0.134599 0.002869367 0.02490097 -0.1349 5.52392e-4 0.02804476 -0.134808 5.582e-4 0.0249142 -0.13503 -0.001751601 0.02803558 -0.134766 -0.001756131 0.02490758 -0.1349869 -0.00404644 0.02799844 -0.134552 -0.006344377 0.024836 -0.134386 -0.00631982 0.02793407 -0.134167 -0.008559644 0.02784317 -0.133614 -0.00859344 0.02477186 -0.133831 -0.01289087 0.02758407 -0.132015 -0.01079636 0.02468949 -0.13311 -0.01495897 0.02741748 -0.130978 -0.01294106 0.02458918 -0.132228 -0.01701009 0.02433705 -0.129998 -0.01891207 0.02418619 -0.128663 -0.02064079 0.02677756 -0.126989 -0.02545779 0.0210424 -0.122107 0.02931845 0.02056688 -0.114986 0.02917236 0.02482837 -0.114715 0.02907007 0.02698016 -0.114392 0.02814298 0.02743446 -0.116513 0.02557337 0.03250157 -0.1191959 0.02239906 0.03676187 -0.120387 0.02222377 0.03799146 -0.118899 0.01856285 0.04120749 -0.1181859 0.01678508 0.04174399 -0.11939 0.01660686 0.04257577 -0.117324 0.01270145 0.04421067 -0.117034 0.01047927 0.04565125 -0.112966 0.008531272 0.04596596 -0.113547 0.00636655 0.04685628 -0.108887 0.006182312 0.04715937 -0.103763 0.004157364 0.04738366 -0.09904778 0.03131449 0.02299875 -0.103298 0.03008037 0.02041167 -0.112784 0.02995824 0.01725 -0.113359 0.02930146 0.01725 -0.114985 0.02842909 0.01725 -0.117144 0.01173377 0.04622566 -0.102358 0.01603955 0.04431229 -0.110544 0.01776897 0.04373246 -0.109525 0.02163678 0.04073846 -0.113522 0.02311468 0.04000627 -0.112053 0.02611815 0.03685927 -0.112249 0.02739816 0.03512924 -0.111873 0.02851176 0.03330606 -0.111182 0.02944839 0.03138107 -0.110179 0.02959197 0.030025 -0.111052 0.03032737 0.02781754 -0.109513 0.0261147 0.01725 -0.12124 0.02472305 0.02112829 -0.123058 0.0307123 0.02921408 -0.10045 0.03080767 0.0287078 -0.101028 0.0277636 0.03652739 -0.10539 0.02875667 0.0349521 -0.1051329 0.02796429 0.03590309 -0.107013 0.02956819 0.03333306 -0.104593 0.03019058 0.03169679 -0.103769 0.01187407 0.02178686 -0.13278 0.0118795 0.01725 -0.132741 0.009690642 0.01725 -0.133538 0.008682548 0.01725 -0.1339049 -0.0224089 0.02213066 -0.0205276 -0.02066826 0.02370578 -0.01712495 -0.01892828 0.02517688 -0.02054989 -0.0168187 0.02664357 -0.02822387 -0.0202437 0.02404195 -0.03032106 -0.02046459 0.02386146 -0.02823805 -0.02189409 0.02247178 -0.03034579 -0.01758867 0.02607816 -0.01712495 -0.01699215 0.02650076 -0.01712495 -0.01701319 0.02651089 -0.02426815 -0.01498645 0.02764648 -0.01712495 -0.01502609 0.02769726 -0.02427709 -0.009728789 0.02993929 -0.01712495 -0.01009225 0.02983945 -0.01712495 -0.01379954 0.02829539 -0.01712495 -0.01348274 0.02846866 -0.01712495 -0.01081418 0.02961528 -0.02429169 -0.01078397 0.02955979 -0.01712495 -0.008271634 0.03071355 -0.03224956 -0.01039129 0.03002017 -0.03226798 -0.01245659 0.0291717 -0.03229016 -0.0148527 0.02782475 -0.02821767 -0.01196616 0.02976006 -0.03640156 -0.01445657 0.02817255 -0.03231596 -0.009973585 0.0305407 -0.03637576 -0.009492814 0.03133976 -0.04050368 -0.01140236 0.03066968 -0.04052948 -0.01326435 0.02987605 -0.04055958 -0.00754404 0.03188484 -0.04048228 -0.005690038 0.03098189 -0.01712495 -0.002067923 0.03143197 -0.01712495 -0.001765072 0.03143429 -0.01712495 0.009661018 0.03001499 -0.02429455 0.01183605 0.02921807 -0.02428847 0.01179975 0.02920538 -0.01712495 0.01181876 0.02919876 -0.01712495 5.04446e-4 0.03224086 -0.0363183 -0.005007088 0.03419184 -0.04856669 -0.005269646 0.03315508 -0.04456216 -0.003561615 0.03259426 -0.04045385 -0.003913581 0.03162109 -0.03222495 -0.006362438 0.03089106 -0.02430158 -0.005468368 0.03100937 -0.01712495 4.78907e-4 0.0327906 -0.04044598 0.002366065 0.03348088 -0.04455256 0.002500355 0.03269565 -0.04045009 0.004271388 0.03329545 -0.0445584 -0.009007275 0.03235018 -0.0445857 -0.008574962 0.03349006 -0.04855155 -0.0108335 0.03178697 -0.04460167 -0.01390159 0.02883929 -0.03643149 -0.01507008 0.02896106 -0.0405938 -0.01262187 0.03111678 -0.04462027 -0.01205015 0.03240638 -0.04852926 -0.01436465 0.03033936 -0.04464137 -0.01373749 0.03171789 -0.04851567 0.03110665 0.0200994 -0.108236 0.03067767 0.02025479 -0.110531 0.03053808 0.02409678 -0.110275 0.0299375 0.02446526 -0.112522 0.02802205 0.02951925 -0.115996 0.02680259 0.03192508 -0.11727 0.02665078 0.0334959 -0.11629 0.02542078 0.03413575 -0.118182 0.0238893 0.03615176 -0.118724 0.02525436 0.03549897 -0.116962 0.02371108 0.03734356 -0.117279 0.02044188 0.03967648 -0.118716 0.02025157 0.04061275 -0.116869 0.01837319 0.04202407 -0.116164 0.01642245 0.04327374 -0.115147 0.01459425 0.04377394 -0.116149 0.01238578 0.04527109 -0.112268 0.01254528 0.04479897 -0.114686 0.0101971 0.04629349 -0.107944 0.008296608 0.04660809 -0.108469 0.006001234 0.0472089 -0.09880226 0.002170503 0.04694306 -0.08984369 -0.001340448 0.04696577 -0.08988755 -0.007925212 0.04499179 -0.08080518 -0.007779419 0.04408979 -0.07690376 -0.007674038 0.04302924 -0.07317596 -0.01100689 0.04339689 -0.07641035 -0.01086586 0.04233658 -0.07275575 -0.007615089 0.04182237 -0.06961309 -0.01078647 0.04112136 -0.06925857 -0.007608711 0.04048705 -0.06619346 0.03102695 0.02665597 -0.104946 0.03076344 0.0272358 -0.107247 0.03063917 0.02868026 -0.106625 0.0302006 0.02935379 -0.1088629 0.02833968 0.03430819 -0.1099269 0.02721166 0.03603476 -0.110421 0.02591919 0.03767657 -0.110611 0.02468496 0.03849005 -0.112309 0.02447628 0.03921699 -0.1104969 0.02142518 0.0413928 -0.111493 0.01963639 0.04263746 -0.110644 0.02120769 0.04193317 -0.109381 0.017349 0.04435914 -0.104838 0.01564526 0.04494637 -0.105758 0.01351487 0.04577958 -0.101705 0.01141238 0.04629218 -0.09755438 0.00911659 0.04615706 -0.08894866 0.005665421 0.04667454 -0.08952987 0.005519151 0.04611325 -0.08520627 0.002063691 0.04562675 -0.0813167 0.002113163 0.04637438 -0.08548051 -0.001221776 0.04247099 -0.06995159 -0.001230001 0.03976118 -0.0630781 -0.004451036 0.03954148 -0.06300425 0.02403837 0.04033148 -0.106596 0.02381175 0.04073745 -0.1045449 0.02334976 0.04129254 -0.100335 0.02199298 0.04216718 -0.101573 0.01962995 0.04335039 -0.09391218 0.01768779 0.04397046 -0.0905025 0.0161128 0.04462939 -0.09121286 0.01574069 0.04430538 -0.0870279 0.0124914 0.04537636 -0.08810949 0.01220154 0.0448423 -0.08396607 0.005392968 0.04537159 -0.08107888 0.005291044 0.04446226 -0.0771386 0.005217671 0.04339838 -0.07337629 0.002023756 0.04471397 -0.07734316 0.005177021 0.04219275 -0.06978297 0.005210876 0.03945857 -0.06296306 0.03090447 0.02800816 -0.10435 0.03076899 0.02912765 -0.103588 0.03050166 0.02987945 -0.105826 0.03035175 0.03087049 -0.104867 0.02974289 0.03257817 -0.105872 0.0291236 0.03345328 -0.107926 0.02894479 0.03426116 -0.106588 0.02815669 0.03516656 -0.1085309 0.02681076 0.03747558 -0.1071529 0.02571165 0.03837275 -0.10886 0.02245289 0.04158657 -0.1059139 0.01898145 0.04370087 -0.10383 0.01853948 0.04401224 -0.09923917 0.01692658 0.04467475 -0.100142 0.008891165 0.04560828 -0.08469885 0.001994967 0.04364955 -0.07355087 -0.001249492 0.04473638 -0.07737237 -0.00123167 0.0436725 -0.07357585 0.001979053 0.04244714 -0.06993067 0.001977682 0.04112678 -0.06646007 -0.001220881 0.041152 -0.06647735 0.001992404 0.03973406 -0.06306415 -0.004636168 0.03671598 -0.05610865 -0.001282393 0.03697329 -0.05615174 -0.001327693 0.03567999 -0.05245959 0.03136497 0.01994615 -0.105911 0.03123027 0.02336418 -0.105656 0.03087425 0.02555435 -0.107691 0.03044044 0.02603226 -0.109974 0.02972167 0.02839827 -0.11173 0.02867197 0.03211486 -0.112277 0.02757376 0.03407418 -0.113179 0.02507537 0.03664898 -0.115561 0.02630728 0.03591024 -0.113755 0.02352166 0.0383684 -0.115671 0.02488517 0.03763777 -0.114003 0.02332246 0.0392521 -0.113923 0.01984757 0.04208308 -0.112812 0.02005296 0.04141157 -0.114894 0.01797497 0.04327607 -0.111812 0.01424217 0.04482489 -0.11146 0.01387959 0.04546368 -0.106585 0.009366452 0.04651159 -0.09339749 0.005827546 0.04704296 -0.09405881 -0.001304924 0.04639667 -0.08551907 -0.004609167 0.04543864 -0.08118009 -0.001274287 0.04564905 -0.0813505 -0.004521191 0.04453015 -0.07722586 -0.004457712 0.04346805 -0.07345068 -0.004422426 0.04226535 -0.06984537 -0.004418969 0.04094159 -0.06638801 0.006162464 0.03300309 -0.04456728 0.009407222 0.03326874 -0.04854625 0.005857467 0.03406018 -0.04856336 0.009031355 0.03457725 -0.0523588 0.005612909 0.03527718 -0.05242109 0.005426406 0.03661435 -0.05608665 0.008414268 0.0389232 -0.06277745 0.008744955 0.03598666 -0.05598169 5.26579e-4 0.03187358 -0.03221797 0.00274837 0.03175145 -0.03222149 0.002633213 0.03212904 -0.03632235 0.004511773 0.03247225 -0.04045945 0.004749536 0.03186637 -0.03633159 0.006504654 0.03212076 -0.04047375 0.0159775 0.02715414 -0.02427285 0.01573216 0.0272513 -0.01712495 0.01790428 0.02589327 -0.01712495 0.02603447 0.01771467 -0.02049565 0.01137626 0.02963739 -0.03227865 0.01341199 0.02871686 -0.03230267 0.01169788 0.02933907 -0.0282098 0.01378369 0.02838748 -0.02821487 0.01479518 0.02835488 -0.03644865 0.01579385 0.02728384 -0.02822065 0.01394528 0.02826255 -0.0242812 0.01390838 0.02820819 -0.01712495 0.0153777 0.02764827 -0.03233027 0.01696288 0.02678245 -0.03442686 0.01662898 0.02723455 -0.03648459 0.01412689 0.02945709 -0.04057705 0.01590305 0.02848505 -0.04061317 0.01517164 0.02993327 -0.04465347 0.01683276 0.02899789 -0.04467809 5.48691e-4 0.03154045 -0.02430689 0.002863466 0.03141379 -0.02430576 0.002829551 0.03152638 -0.02819776 0.004955768 0.03146487 -0.0322296 0.008470833 0.03164196 -0.04049289 0.009875893 0.0320965 -0.04459375 0.01168525 0.03148269 -0.04461115 0.01923829 0.02618968 -0.04069626 0.01964819 0.02532237 -0.03862345 0.01800227 0.02662116 -0.03858166 0.01838195 0.02598446 -0.03652405 0.02075237 0.02361267 -0.0324316 0.01873755 0.02547609 -0.03446608 0.02126508 0.02312648 -0.02824187 0.01954448 0.02464586 -0.02823418 0.02160894 0.02311629 -0.03661298 0.0200451 0.0246098 -0.03656697 0.02041715 0.02404218 -0.03450858 0.02199238 0.02248746 -0.03455418 0.02263498 0.02168655 -0.03035855 0.02103906 0.02331387 -0.0303331 0.01976656 0.02450466 -0.02425324 0.02832555 0.01374375 -0.01712495 0.02923327 0.01161628 -0.01712495 0.02927088 0.0115965 -0.02045255 0.029594 0.01077085 -0.01712495 0.03078216 0.006544113 -0.01712495 0.03126394 0.002634108 -0.02409976 0.03109478 0.004923582 -0.02040618 0.03106755 5.53348e-4 -0.0283491 0.03122377 4.07638e-4 -0.0265516 0.03137248 0.002630829 -0.02039027 0.02726215 0.01575577 -0.02048176 0.02797746 0.01387757 -0.02828758 0.0282644 0.01369798 -0.02417647 0.02889305 0.01176744 -0.02829778 0.02773118 0.01413297 -0.0304746 0.02742725 0.01456636 -0.03264975 0.02707725 0.01521396 -0.03476178 0.02834838 0.01248908 -0.03269875 0.02762657 0.01410889 -0.03688019 0.02628564 0.01720309 -0.03887265 0.02364468 0.02081286 -0.01712495 0.02466589 0.01957869 -0.020509 0.02691137 0.01591497 -0.02827757 0.02719289 0.01574099 -0.02419078 0.02600497 0.01717358 -0.03470665 0.02561557 0.0179885 -0.03676694 0.02669274 0.0160889 -0.03682279 0.02520239 0.01902276 -0.03881829 0.02477747 0.02029138 -0.04089796 0.0258674 0.01857298 -0.04095429 0.0250442 0.02120536 -0.04486435 0.02601319 0.01957178 -0.04490017 0.02820676 0.01402229 -0.01712495 0.02965348 0.00959587 -0.02830827 0.02864849 0.01203298 -0.03050619 0.02941137 0.009869813 -0.03053867 0.02911585 0.01034635 -0.03274887 0.02800399 0.01317608 -0.03481858 0.02722746 0.01530098 -0.03892868 0.02801859 0.01332646 -0.03898608 0.02681797 0.01677089 -0.04101228 0.0283429 0.0137127 -0.0204674 0.02918386 0.01158314 -0.02416175 0.0302549 0.007374346 -0.028319 0.03001546 0.007655143 -0.03057187 0.02972477 0.00815016 -0.03280007 0.02877807 0.01107037 -0.03487688 0.02840858 0.01205867 -0.03693908 0.03036195 0.001857638 -0.03432506 0.03023576 0.002256512 -0.03509849 0.03012645 0.004467487 -0.03505837 0.02681887 0.01849579 -0.04829889 0.02614086 0.02019286 -0.04832339 0.02749466 0.01607835 -0.04497456 0.03000175 0.009439945 -0.01712495 0.03065025 0.007190048 -0.02042198 0.03054958 0.007183253 -0.02413129 0.03098928 0.004921436 -0.02411568 0.03069376 0.005114555 -0.02832984 0.03096818 0.002828478 -0.02834087 0.03073287 0.003118932 -0.03063976 0.03044897 0.003645479 -0.03290498 0.02948898 0.007795453 -0.03706067 0.02873235 0.01096487 -0.04119467 0.02977567 0.005608439 -0.03712296 0.02940648 0.007089674 -0.03916567 0.02952408 0.004968106 -0.03921425 0.03083455 8.61028e-4 -0.03066635 0.002851963 0.0313223 -0.01712495 0.005101323 0.03122979 -0.02819949 0.007344722 0.03076428 -0.02820205 0.00713706 0.03101509 -0.03224188 0.008904457 0.03089368 -0.03636497 0.0104022 0.03103739 -0.04051667 0.01345306 0.03076159 -0.04463106 0.01285338 0.0320934 -0.04852217 0.01486879 0.03537279 -0.05895769 0.01516729 0.03374117 -0.05564278 0.0120067 0.03503865 -0.05583238 0.01468324 0.03696429 -0.06217235 0.0115211 0.04093539 -0.06911939 0.01461279 0.03986787 -0.06861639 0.01611566 0.03920525 -0.06832635 0.0178675 0.04078888 -0.07466715 0.01768255 0.03970766 -0.07127368 0.0192824 0.03995507 -0.07419669 0.02088636 0.03993278 -0.07707107 0.02120769 0.04064965 -0.08058005 0.02246087 0.03963506 -0.07987177 0.02579325 0.03842985 -0.08874768 0.02706456 0.03725665 -0.09116959 0.02815794 0.03592675 -0.0933417 0.0298385 0.03171575 -0.09453439 0.02986389 0.03168898 -0.09471857 0.01756298 0.03702348 -0.06486499 0.01909357 0.03886586 -0.07087397 0.02062517 0.03902286 -0.07369697 0.02188044 0.03798955 -0.07317066 0.02328717 0.03778815 -0.07581788 0.02461719 0.03732389 -0.07837027 0.02497518 0.03788214 -0.08170205 0.02583438 0.03661549 -0.08080399 0.02622115 0.03700375 -0.08413928 0.02731049 0.03594654 -0.08640819 0.02780675 0.03464609 -0.08518385 0.0282188 0.0347715 -0.08846539 0.02851969 0.03349906 -0.08706128 0.02903699 0.03226578 -0.08867269 0.02973967 0.0328083 -0.0964297 0.02905327 0.03444516 -0.09513127 0.02858239 0.03559046 -0.09681689 0.02623319 0.03843867 -0.09246349 0.02480179 0.0395745 -0.08986848 0.02437096 0.03941398 -0.08615255 0.02283018 0.04016417 -0.08342128 0.02323836 0.04049658 -0.08711349 0.01954168 0.04085779 -0.07765346 0.01621669 0.04045277 -0.07164686 0.00842601 0.04290884 -0.07305395 0.008539378 0.04397255 -0.07676041 0.01160269 0.04215776 -0.07258945 0.01470857 0.04110568 -0.07199186 0.01639544 0.04152786 -0.07510638 0.01664209 0.04242366 -0.07871335 0.01812207 0.04168707 -0.07820171 0.0198611 0.04156959 -0.08125239 0.02157878 0.04117047 -0.08423221 0.02198898 0.04149359 -0.08803486 0.0275017 0.03710949 -0.09482645 0.02899426 0.03495985 -0.100144 0.0296514 0.03348439 -0.09980255 0.02945709 0.03388696 -0.09830498 0.02311968 0.02134364 -0.01712495 0.02316397 0.02133768 -0.0205217 0.02597457 0.01770097 -0.02420455 0.02545559 0.01809966 -0.0304141 0.02666485 0.01615875 -0.03044378 0.02514958 0.01848226 -0.03255647 0.02635878 0.01656758 -0.03260225 0.02355897 0.02191835 -0.04084378 0.0239402 0.02275139 -0.04482954 0.02431565 0.02335625 -0.04837065 0.02627986 0.02079468 -0.05144566 0.02653235 0.01965326 -0.04989147 0.02679347 0.01910096 -0.05135238 0.02697956 0.01823586 -0.05130505 0.02750289 0.01584345 -0.0482611 0.02711725 0.01736217 -0.05125737 0.02724617 0.01558637 -0.05114614 0.02655988 0.0199548 -0.05139929 0.02658379 0.02051675 -0.05418127 0.02672386 0.01966845 -0.05409908 0.02681356 0.01881396 -0.05401647 0.02761888 0.01489424 -0.04107177 0.02683418 0.01785886 -0.04493695 0.02530145 0.02181708 -0.04834729 0.02558767 0.02242547 -0.05153667 0.02516895 0.02457386 -0.05457937 0.02615678 0.02218395 -0.05434358 0.02611458 0.02347099 -0.05701786 0.02639436 0.02135616 -0.05426287 0.02630615 0.02265256 -0.05690258 0.02644777 0.02182519 -0.05678617 0.02653849 0.0209915 -0.05666917 0.02554208 0.02379477 -0.05450189 0.02587205 0.02299755 -0.05442327 0.02595508 0.0216189 -0.05149149 0.02584689 0.02131575 -0.04994928 0.02709269 0.01762396 -0.04828637 0.02732098 0.01673907 -0.0482738 0.0272057 0.01648235 -0.05120939 0.006843268 0.03145396 -0.03634589 0.008032798 0.03260326 -0.04457908 0.01237279 0.03352886 -0.05227059 0.01896989 0.03615039 -0.06458687 0.02030819 0.03517389 -0.06429189 0.02158057 0.03557616 -0.06694579 0.02169024 0.03687769 -0.07000279 0.02517998 0.0352627 -0.07447797 0.02548408 0.03603619 -0.07758575 0.02704018 0.0339148 -0.07892107 0.0274108 0.03436487 -0.08200156 0.02833199 0.03206914 -0.08345448 0.01770669 0.02958369 -0.04847437 0.01614189 0.03052169 -0.04849177 0.01712965 0.03125476 -0.05209517 0.01861435 0.03029859 -0.05202656 0.01957595 0.03107237 -0.05529278 0.01925438 0.03285717 -0.05846756 0.02164465 0.03244537 -0.06105196 0.02156198 0.03409117 -0.06398171 0.0227319 0.0344094 -0.06655496 0.02375936 0.03313916 -0.06615155 0.02564537 0.0328933 -0.07087159 0.02670437 0.03327918 -0.07594037 0.02735859 0.03251546 -0.07793968 0.02776336 0.03153616 -0.07919269 0.01610249 0.03779715 -0.06512498 0.01764899 0.03546077 -0.0617665 0.01898598 0.03759455 -0.06767708 0.02032566 0.03663796 -0.06732076 0.02043479 0.03792357 -0.0704497 0.02302968 0.03685528 -0.07262176 0.02430647 0.03657007 -0.07515728 0.02652835 0.03528648 -0.07987797 0.02690649 0.0357033 -0.0830875 0.02811378 0.03332597 -0.08392995 0.02862769 0.03216475 -0.0856437 0.02635568 0.02334105 -0.06057316 0.02630215 0.0248335 -0.06170076 0.0262112 0.02563416 -0.06188994 0.02613747 0.02462726 -0.05951654 0.02594447 0.02542829 -0.05966639 0.02587479 0.02721476 -0.06226426 0.02570229 0.02621769 -0.05981445 0.02541196 0.02699279 -0.0599603 0.02183926 0.03066539 -0.0580886 0.02381587 0.02990847 -0.06052166 0.0237388 0.03161025 -0.06332486 0.02462178 0.03022086 -0.06298226 0.02546679 0.0317077 -0.06805157 0.02536195 0.03032606 -0.06530958 0.02617448 0.03143584 -0.07024967 0.02674049 0.03098809 -0.0723083 0.02711367 0.03112167 -0.07464766 0.02682799 0.03024727 -0.07193189 0.02715617 0.03035825 -0.07422327 0.02647864 0.02711057 -0.06645649 0.026232 0.02726459 -0.06441366 0.02633339 0.02869987 -0.06698209 0.02608948 0.02804499 -0.06464165 0.01842725 0.02795606 -0.04470479 0.0192064 0.02854269 -0.04845577 0.02003097 0.02923977 -0.05195355 0.02091145 0.02997779 -0.05516105 0.0205906 0.03181445 -0.05828267 0.02271217 0.03290277 -0.06365835 0.02279216 0.03122878 -0.06079095 0.02474957 0.03313136 -0.06856155 0.024643 0.03177255 -0.06573706 0.02641266 0.03245359 -0.07305246 0.02702778 0.03184568 -0.07508176 0.02744275 0.03180938 -0.07744348 0.02748298 0.03105288 -0.07695537 0.0263226 0.02647829 -0.06418406 0.02606827 0.02642875 -0.06207799 0.02534049 0.02875006 -0.0626291 0.02563178 0.02798938 -0.0624482 0.02469587 0.02849149 -0.06024509 0.02400058 0.02805489 -0.05767828 0.02430307 0.02607059 -0.05473124 0.02373379 0.02544379 -0.05171185 0.02260577 0.02681106 -0.05179578 0.02137887 0.02555698 -0.04476386 0.02222287 0.02344709 -0.04079186 0.02077919 0.02487236 -0.04074269 0.02265018 0.02238225 -0.03871577 0.02120059 0.02390766 -0.03866827 0.02306479 0.02151018 -0.03666186 0.02233839 0.02201366 -0.03247088 0.02287 0.02148437 -0.02825015 0.02150338 0.02297878 -0.02424216 0.02153635 0.02298206 -0.02053368 0.0197919 0.02450269 -0.02054476 0.005162358 0.03111618 -0.02430337 0.007432341 0.030649 -0.02429956 0.00928092 0.03040468 -0.03225827 0.00954765 0.03013265 -0.02820557 0.01092326 0.03018826 -0.03638857 0.0128901 0.0293408 -0.03641659 0.01229035 0.03030848 -0.04054474 0.01452106 0.03135788 -0.04850769 0.0155884 0.03211009 -0.05215889 0.01669079 0.03295159 -0.0555343 0.01816439 0.03206294 -0.05541735 0.01784604 0.03379565 -0.05864226 0.0190559 0.0345605 -0.06154125 0.02039295 0.03355628 -0.06130278 0.02284115 0.03572857 -0.06953686 0.02386754 0.03447735 -0.06905585 0.02405327 0.03562104 -0.07205516 0.02493184 0.0342946 -0.07147258 0.02588826 0.03388416 -0.07377737 0.02618575 0.03468149 -0.0767768 0.02772367 0.03300285 -0.0808885 0.02657139 0.02020835 -0.05661725 0.02637106 0.02300125 -0.05921316 0.02627998 0.02381736 -0.05936527 0.02587407 0.02427768 -0.05713194 0.02558594 0.02506995 -0.05724447 0.0252521 0.0258457 -0.05735516 0.02487498 0.02660298 -0.05746436 0.02473336 0.02397948 -0.05162537 0.02319848 0.02480268 -0.04839336 0.02271407 0.02420365 -0.04479598 0.02398729 0.02075189 -0.03876584 0.02440327 0.01979845 -0.0367133 0.02479475 0.01904505 -0.03465348 0.02345436 0.02081918 -0.03460258 0.02380686 0.02030068 -0.03251266 0.02410978 0.0199455 -0.03038567 0.02570056 0.01786887 -0.02826809 0.02435106 0.0197286 -0.02825886 0.02461534 0.01956737 -0.02421778 0.02312248 0.02132987 -0.02423036 0.01158475 0.03810435 -0.06251186 0.01151227 0.03957128 -0.0657835 0.01460117 0.03847587 -0.06536555 0.01757758 0.03844904 -0.06801277 0.02214086 0.03890949 -0.07645756 0.02360337 0.03852605 -0.07913309 0.0239681 0.03906768 -0.08257555 0.02537059 0.03824704 -0.08515995 0.02663445 0.03721427 -0.08759516 0.02773088 0.03602784 -0.08983767 0.02863746 0.03472125 -0.09181368 0.02934187 0.03329116 -0.09341007 0.02893209 0.03350359 -0.09025198 0.02944356 0.03213214 -0.09167116 0.02914589 0.006895184 -0.04132038 0.02902895 0.008939206 -0.04125767 0.02914077 0.00692135 -0.04134899 0.02828955 0.01236808 -0.04505199 0.02839869 0.0104506 -0.04510939 0.02827745 0.01102656 -0.04572308 0.03004115 0.009418308 -0.02043735 0.0299468 0.009407699 -0.02414667 0.0304569 0.005400717 -0.03060555 0.0301702 0.005912244 -0.03285217 0.02939337 0.008908867 -0.03493636 0.02984416 0.006703436 -0.03499698 0.02903175 0.00995016 -0.03699928 0.02865046 0.01129114 -0.03904485 0.02911496 0.009207487 -0.03910475 0.02798259 0.01424276 -0.04501295 0.02763736 0.01493966 -0.04824829 0.03066778 0.02945047 -0.10018 0.03062129 0.0300495 -0.102674 0.02938437 0.03397595 -0.103202 0.02615904 0.03884667 -0.101603 0.02505099 0.03982359 -0.103105 0.02153027 0.04245859 -0.09721738 0.01195126 0.0441212 -0.08000415 0.008696556 0.04487627 -0.08063906 0.008363068 0.04169684 -0.06951087 0.008356988 0.04035437 -0.06610947 0.005173325 0.04086476 -0.06633657 0.002077102 0.03693985 -0.05614429 0.002150297 0.03564196 -0.0524553 0.00224632 0.03447496 -0.04857277 -0.01346647 -0.02852427 -0.02016848 -0.01342898 -0.02845615 -0.01712495 -0.01380169 -0.02829575 -0.01712495 -0.005460679 -0.0309692 -0.01712495 0 -0.03106325 -0.02982616 0 -0.03115296 -0.02943938 0 -0.03126269 -0.02850627 0 -0.03075498 -0.03115475 -0.002261757 -0.03069967 -0.03116005 0 -0.0306282 -0.03170108 0 -0.03033387 -0.03245025 0 -0.02993476 -0.0334658 -0.002224564 -0.02972966 -0.03370708 -0.003647029 -0.03128808 -0.01712495 -0.004605054 -0.0311625 -0.02603065 -0.009035706 -0.02992755 -0.02850198 -0.00690186 -0.03080368 -0.02386277 -0.004622697 -0.03123146 -0.02385938 -0.00910747 -0.03013849 -0.02603429 -0.006875395 -0.03073447 -0.02603214 -0.01120078 -0.02917128 -0.02849799 -0.01106625 -0.02869307 -0.03112637 -0.01098376 -0.02829629 -0.03241735 -0.01089239 -0.0277695 -0.03365546 -0.01547187 -0.02737879 -0.01712495 -0.01931434 -0.02481776 -0.01712495 -0.02274727 -0.02172648 -0.01712495 -0.02571469 -0.01818406 -0.01712495 -0.0257321 -0.01819545 -0.02024406 -0.02907347 -0.01212376 -0.01712495 -0.02907258 -0.01212918 -0.02028697 -0.02875047 -0.01279968 -0.01712495 -0.02699339 -0.01625639 -0.02025777 -0.02692687 -0.01622265 -0.02396786 -0.02803307 -0.01419645 -0.02398204 -0.0211122 -0.02336949 -0.02391749 0 -0.02910137 -0.03487884 -0.002180397 -0.02816927 -0.03598785 -0.002156257 -0.02715188 -0.03704178 -0.00656563 -0.02837997 -0.03486126 -0.004395663 -0.02878385 -0.03487324 -0.006736874 -0.0300256 -0.03114849 -0.002290427 -0.03120326 -0.02850896 0 -0.03144919 -0.02691864 -0.002308964 -0.03142029 -0.02602976 0 -0.03148388 -0.02602857 -0.002317845 -0.03148907 -0.02385729 -0.004568278 -0.03094667 -0.02850747 -0.006820857 -0.03052067 -0.0285052 -0.008925676 -0.02943998 -0.03113865 -0.006685256 -0.0296154 -0.03244608 -0.008858084 -0.02903568 -0.03243339 -0.008783102 -0.0284993 -0.03367435 -0.006627976 -0.02907139 -0.03368937 -0.004511535 -0.03044629 -0.0311557 -0.004476606 -0.03003168 -0.03245538 -0.002244114 -0.03028249 -0.03246104 -0.004437863 -0.02948218 -0.03370034 -0.002203226 -0.02902728 -0.03488069 -0.004350423 -0.02793085 -0.03598016 -0.002130925 -0.02597159 -0.03806048 0 -0.02720296 -0.03701406 -0.002077817 -0.02309447 -0.04007786 -0.002022624 -0.01948308 -0.04220229 -0.008701562 -0.02781724 -0.03484475 -0.01079297 -0.02709925 -0.03482407 -0.006498754 -0.02753508 -0.03596758 -0.006428062 -0.02653276 -0.03702139 -0.004302561 -0.02691918 -0.03703409 -0.004037797 -0.01929116 -0.04219466 -0.001912534 -0.01305729 -0.04563587 -0.01057386 -0.02530676 -0.03698229 -0.01045608 -0.02417707 -0.03800189 -0.01020848 -0.02142006 -0.04002159 -0.008221745 -0.02204507 -0.04004216 -0.009951233 -0.01795405 -0.04214388 -0.008010447 -0.01852577 -0.04216516 -0.007588207 -0.01226055 -0.04561305 -0.009437322 -0.01178175 -0.04559987 -0.008521795 -0.02599436 -0.03700405 -0.008614182 -0.02698355 -0.03595048 -0.006354033 -0.02536976 -0.03804039 -0.004252493 -0.02574539 -0.03805285 -0.004147231 -0.02288377 -0.04007059 -0.005713522 -0.01263266 -0.0456236 -0.003819346 -0.01289814 -0.04563128 -0.003622472 -0.008617877 -0.0478726 0 -0.01310235 -0.04562258 0 -0.01806938 -0.04301679 -0.02501398 -0.01727008 -0.03219264 -0.0264014 -0.0156545 -0.03092437 -0.02609455 -0.01497 -0.0333454 -0.02719569 -0.01298815 -0.03329849 -0.02592229 -0.01446837 -0.03448307 -0.02573925 -0.01385146 -0.03557187 -0.02665328 -0.01120489 -0.03656607 -0.02645558 -0.01037985 -0.03758996 -0.02534717 -0.01225769 -0.03764486 -0.0244987 -0.01569968 -0.03562378 -0.02554708 -0.0131157 -0.03662139 -0.02493005 -0.01015114 -0.03967654 -0.02604389 -0.008354365 -0.0396232 -0.01476144 -0.009705543 -0.04554545 -0.01573115 -0.004988729 -0.04794138 -0.01749497 -0.02623945 -0.02018564 -0.01937144 -0.02488136 -0.02019578 -0.0193485 -0.02486705 -0.02390676 -0.0226714 -0.02167969 -0.02606195 -0.02102988 -0.02330136 -0.02605676 -0.02402299 -0.01977545 -0.02845096 -0.02378326 -0.01939719 -0.03098118 -0.02515989 -0.01757454 -0.03095346 -0.02485418 -0.01686275 -0.03339028 -0.02468186 -0.01634109 -0.03453254 -0.02273947 -0.01572829 -0.03774654 -0.02430605 -0.01493489 -0.03667408 -0.02410554 -0.01404315 -0.03769719 -0.02449989 -0.007484495 -0.04178649 -0.02561986 -0.005789995 -0.04173105 -0.01074737 -0.02960979 -0.01712495 -0.01130318 -0.02937066 -0.01712495 -0.01133638 -0.02943849 -0.02016144 -0.01551169 -0.02745378 -0.02388799 -0.01345938 -0.02852815 -0.02388006 -0.01741045 -0.02616196 -0.02604758 -0.01728028 -0.02596998 -0.0284816 -0.0191316 -0.02461248 -0.02847474 -0.01879346 -0.02383267 -0.03232449 -0.02052086 -0.02237015 -0.03229475 -0.01865255 -0.02336007 -0.03354597 -0.02021145 -0.02133017 -0.03466528 -0.01833665 -0.0220167 -0.03580319 -0.01816445 -0.02113616 -0.03685545 -0.01966995 -0.01876896 -0.03783655 -0.01927405 -0.01633775 -0.03986227 -0.02084904 -0.01495379 -0.03982037 -0.02239459 -0.00412172 -0.04541158 -0.01913619 0.004125595 -0.05245566 -0.01882249 -0.003062129 -0.04797434 -0.01958256 -0.006669282 -0.04547107 -0.01804596 -0.007787346 -0.04549789 -0.01451259 -0.02349716 -0.03692644 -0.01465958 -0.02442848 -0.03587347 -0.01654016 -0.02329015 -0.03584009 -0.01683485 -0.02467525 -0.03357809 -0.01708507 -0.02552986 -0.03107577 -0.01533418 -0.02718669 -0.0284878 -0.01133245 -0.02944797 -0.02387315 -0.01128888 -0.02937847 -0.02603685 -0.009142577 -0.03020787 -0.02386736 -0.02106916 -0.02340066 -0.01712495 -0.02114266 -0.02338945 -0.02020668 -0.02110916 -0.02336078 -0.01712495 -0.02276015 -0.02174687 -0.02392899 -0.02418899 -0.01994198 -0.02606749 -0.02557498 -0.01809847 -0.02607339 -0.02540397 -0.01793789 -0.02844196 -0.02664768 -0.01600384 -0.02843254 -0.02702468 -0.01250565 -0.03443127 -0.02815085 -0.01092755 -0.03324967 -0.02684336 -0.01191234 -0.03551745 -0.02780365 -0.009892404 -0.03546077 -0.0270186 -0.006472766 -0.03956705 -0.02660328 -0.004009425 -0.04167306 -0.02578347 4.33697e-4 -0.04530894 -0.02983838 -0.009940445 -0.01712495 -0.03049486 -0.007727026 -0.01712495 -0.03027915 -0.00868237 -0.01712495 -0.02978736 -0.009932458 -0.02401185 -0.02898818 -0.01209598 -0.02399677 -0.0312249 0.003739476 -0.01712495 -0.02694159 -0.01622354 -0.01712495 -0.02769988 -0.01499879 -0.01712495 -0.02887636 -0.01203489 -0.02609246 -0.02869826 -0.01188868 -0.02841258 -0.02949446 -0.009729325 -0.02840197 -0.02427697 -0.019997 -0.01712495 -0.02567505 -0.0181635 -0.02395427 -0.02682226 -0.01615887 -0.02607947 -0.02792447 -0.01413398 -0.02608585 -0.02845275 -0.01156258 -0.03086227 -0.03077715 0.006709516 -0.01712495 -0.03038245 0.008250057 -0.02042937 -0.0296871 0.01048648 -0.01712495 -0.02881067 0.01262706 -0.01712495 -0.02885115 0.01260638 -0.02045977 -0.02670699 0.01668888 -0.01712495 -0.02669918 0.01669394 -0.02048856 -0.02668529 0.0167281 -0.01712495 -0.02664268 0.01680529 -0.01712495 -0.02451509 0.01978015 -0.01712495 -0.02392935 0.02043527 -0.01712495 -0.02366596 0.02057319 -0.02825444 -0.01996296 0.02432799 -0.03241288 -0.01848477 0.02548575 -0.03029817 -0.008510887 0.03045207 -0.02820378 -0.01068758 0.02973467 -0.0282076 -0.01295596 0.02873414 -0.02428489 -0.01280528 0.02885717 -0.02821224 -0.01890629 0.02518135 -0.02425837 -0.01869255 0.02531987 -0.02823066 -0.02069556 0.02371668 -0.02424776 -0.02212536 0.0222764 -0.02824598 -0.0253486 0.01859647 -0.02421104 -0.02507865 0.01876145 -0.02826344 -0.02072489 0.02371758 -0.02053916 -0.02237159 0.02212488 -0.02423626 -0.02397125 0.02042466 -0.0205152 -0.02392506 0.02041494 -0.02422398 -0.02540397 0.01860916 -0.02050215 -0.02785015 0.01468938 -0.02047449 -0.02452975 0.01935607 -0.03253436 -0.02277648 0.02162325 -0.03457778 -0.0212599 0.02323877 -0.03453069 -0.01926916 0.0252766 -0.03654438 -0.01609206 0.02735525 -0.03440827 -0.02960556 0.01044398 -0.02415406 -0.02693885 0.01552438 -0.03262597 -0.02580296 0.01748585 -0.0325793 -0.0241754 0.01989835 -0.03462749 -0.02047717 0.02459269 -0.03864449 -0.02006047 0.02551084 -0.04071807 -0.0184772 0.02677547 -0.04067319 -0.03022944 0.008668482 -0.01712495 -0.02979445 0.0102244 -0.01712495 -0.02969658 0.01045608 -0.02044475 -0.02876818 0.01259207 -0.02416896 -0.0284788 0.01277458 -0.02829277 -0.02724438 0.01510196 -0.03045916 -0.02749127 0.01485157 -0.02828258 -0.02610969 0.01708894 -0.030429 -0.02238899 0.0222851 -0.03663635 -0.02088099 0.02383869 -0.03658884 -0.01887959 0.02595299 -0.03860116 -0.01756244 0.02659296 -0.03650319 -0.01719278 0.02719515 -0.0385611 -0.01577019 0.0277822 -0.03646546 -0.01542609 0.02831488 -0.03852444 -0.02651995 0.0193066 -0.04831147 -0.02777266 0.01511859 -0.04499316 -0.02928847 0.008097887 -0.03913307 -0.02985537 0.004451155 -0.03715234 -0.03039878 -0.002121031 -0.03303998 -0.03132414 -0.003197491 -0.0203498 -0.0312165 -0.003179728 -0.02405935 -0.03136265 -8.80733e-4 -0.02407568 -0.02965044 0.007752954 -0.03496646 -0.02912116 0.009938836 -0.0349068 -0.0280565 0.01303809 -0.03690928 -0.02638465 0.01763528 -0.04098218 -0.02679848 0.0162124 -0.0388996 -0.02453684 0.02194935 -0.04484605 -0.02262896 0.02545267 -0.04840505 -0.02134567 0.02675366 -0.04842638 -0.0314244 0.002180039 -0.01712495 -0.0314514 0.001416504 -0.0203821 -0.03115475 0.003718793 -0.02410769 -0.03126198 0.003718256 -0.02039808 -0.03080177 0.005995631 -0.02412325 -0.02974915 0.008709192 -0.0305556 -0.0287714 0.01136845 -0.03272408 -0.02793049 0.01348179 -0.03267425 -0.02505695 0.01885807 -0.03673917 -0.023368 0.0215376 -0.03873956 -0.02155137 0.02413618 -0.04076588 -0.01768106 0.02846306 -0.04469048 -0.01538157 0.0309295 -0.04850047 -0.0264638 0.01867949 -0.04491817 -0.0283702 0.0122624 -0.03901505 -0.03001278 0.005530416 -0.03502666 -0.03020536 0.003284275 -0.03508806 -0.03083115 -3.88512e-4 -0.03069168 -0.03092026 -0.002983152 -0.02836894 -0.03068405 -0.00268352 -0.03072696 -0.03090429 -0.005462586 -0.02404326 -0.03096055 0.005804777 -0.01712495 -0.02999019 0.008431255 -0.02831375 -0.03028458 0.008241236 -0.02413874 -0.02931308 0.01063066 -0.02830308 -0.02906948 0.01090097 -0.0305227 -0.02823299 0.01303577 -0.03049045 -0.02658647 0.01615279 -0.03473365 -0.02544808 0.01807188 -0.03467947 -0.02378398 0.02062249 -0.03668659 -0.02197659 0.02311897 -0.03869068 -0.0192368 0.0273655 -0.04471826 -0.01605397 0.02945458 -0.04466485 -0.02911126 0.007866501 -0.04128688 -0.02890884 0.009904026 -0.041224 -0.02948737 0.005968809 -0.03919374 -0.02950799 0.003827869 -0.03925734 -0.02987599 0.002242267 -0.03721708 -0.03007465 -0.001223564 -0.03521579 -0.02972185 3.86082e-5 -0.037283 -0.02840936 0.0136072 -0.01712495 -0.02663439 0.0166794 -0.02419757 -0.02777606 0.01467424 -0.02418357 -0.02635598 0.01685076 -0.02827286 -0.02483499 0.0189861 -0.03039985 -0.0231266 0.02112567 -0.0324915 -0.02342718 0.02078348 -0.03037208 -0.02160155 0.02278578 -0.03245097 -0.01963418 0.02473706 -0.03448659 -0.01821964 0.02574449 -0.0323776 -0.01790857 0.02611136 -0.0344457 -0.01638108 0.02702826 -0.03234517 -0.01681065 0.02792656 -0.04063165 -0.01484358 0.03247755 -0.05219244 -0.01697397 0.03003966 -0.04848384 -0.003335893 -0.001534223 -0.05174326 0 -0.002847731 -0.05106115 0 0.001212477 -0.05348634 -0.01214969 -0.02066075 -0.03999698 -0.0137009 -0.01643955 -0.04208886 -0.01125419 -0.01119649 -0.04558408 -0.01071494 -0.007123291 -0.04790246 -0.01552295 -0.02745586 -0.02017658 -0.0192731 -0.02479827 -0.02605199 -0.02087855 -0.02312195 -0.02846735 -0.02251195 -0.02150666 -0.02845948 -0.02227938 -0.02111285 -0.03100734 -0.0236395 -0.0190804 -0.03222876 -0.02348154 -0.01865679 -0.03343296 -0.02181828 -0.01978039 -0.03462386 -0.02331119 -0.01811456 -0.03457945 -0.02164047 -0.01908898 -0.03571945 -0.0231297 -0.01744818 -0.03567308 -0.02145326 -0.01826524 -0.03677099 -0.02293854 -0.01665389 -0.03672397 -0.02125799 -0.01730579 -0.03779315 -0.02368664 -0.01185458 -0.03972738 -0.02478098 -0.001176178 -0.04534476 -0.02505248 0.003530621 -0.04807925 -0.009110808 -0.03009849 -0.01712495 -0.009144306 -0.03019338 -0.02015554 -0.009721457 -0.02991616 -0.01712495 -0.01340734 -0.02845865 -0.02603995 -0.01545166 -0.02738428 -0.02604359 -0.01892119 -0.02418738 -0.03105485 -0.01696616 -0.02516329 -0.03235167 -0.01849985 -0.02275669 -0.03470379 -0.01669245 -0.02405285 -0.03473907 -0.01637929 -0.02238327 -0.03689277 -0.01621115 -0.02132874 -0.03791356 -0.01798468 -0.02011185 -0.03787678 -0.01760745 -0.01760458 -0.03990107 -0.01886379 -0.01326847 -0.04197877 -0.02042567 -0.01198178 -0.04193538 -0.02103585 -0.005446672 -0.04544228 -0.0202648 -0.00194478 -0.04799288 -0.0216223 -7.25034e-4 -0.04801267 -0.01312988 8.06234e-4 -0.0520609 -0.003179609 0.00387597 -0.0551241 0 0.003707945 -0.05512607 0 0.005856513 -0.05663758 -0.003144443 0.006014108 -0.05665898 -0.003134727 0.00782299 -0.05810689 -0.003148257 0.009336471 -0.05947905 0 0.009323894 -0.05955159 -0.01243728 -0.02336555 -0.03797626 -0.01185095 -0.01725816 -0.04211837 -0.006648302 -0.001075506 -0.05181008 -0.009660422 0.002539098 -0.05372375 -0.006464362 0.001806318 -0.05357968 -0.009479403 0.005013823 -0.05541545 -0.006338179 0.004300236 -0.05523598 -0.009373426 0.007153868 -0.05700868 -0.006265282 0.006440579 -0.05679309 -0.006241381 0.008261501 -0.05826514 -0.009361922 0.01055055 -0.05996519 -0.009444117 0.01185518 -0.06135195 -0.006322681 0.0110622 -0.06100034 -0.00323534 0.01156699 -0.06202346 -0.006419122 0.01208287 -0.06227749 0 0.01126569 -0.06175857 -0.00318253 0.01057767 -0.06078255 -0.006261944 0.009794771 -0.05966508 -0.003242611 0.001371979 -0.05348968 -0.007206976 -0.008059799 -0.04788404 -0.006036698 -0.01897197 -0.04218226 -0.006198406 -0.02253365 -0.04005855 -0.008425056 -0.02484607 -0.03802335 -0.01068645 -0.02627968 -0.0359289 -0.01282888 -0.0262295 -0.03479945 -0.02236896 0.01242709 -0.0570417 -0.01730787 -0.0040766 -0.0479573 -0.01622337 0.002273023 -0.05224049 -0.01561629 0.007388174 -0.05596727 -0.01240617 0.01001745 -0.0588687 -0.01545399 0.01298135 -0.06089955 -0.01556569 0.01436597 -0.06244856 -0.009753763 0.01376569 -0.06397897 -0.01836526 0.01120799 -0.05813199 -0.01831829 0.01306486 -0.05985796 -0.01974415 0.01568377 -0.06191968 -0.01836115 0.01469469 -0.06154596 -0.02007699 0.01832544 -0.06536608 -0.02100276 0.01513206 -0.06051766 -0.02228558 0.01793038 -0.06277668 -0.02105885 0.01676309 -0.06232947 -0.01748394 0.0173707 -0.0659523 -0.01894026 0.0183233 -0.06649118 -0.02167516 0.02045357 -0.06773328 -0.02034258 0.01935136 -0.06708395 -0.01987445 0.01710569 -0.06364768 -0.02119576 0.01818889 -0.06412971 -0.01969528 0.01405137 -0.06017285 -0.01851129 0.009109377 -0.05634218 -0.0154708 0.009509086 -0.0576753 -0.01541948 0.01136696 -0.0593121 -0.01848518 0.01610785 -0.06320816 -0.01574635 0.01553297 -0.06396746 -0.01778858 0.01816755 -0.06750977 -0.01628094 0.01726347 -0.06694787 -0.01813799 0.01879048 -0.06906718 -0.01699036 0.01831388 -0.06988757 -0.01506024 0.01699447 -0.0678423 -0.01347106 0.0162065 -0.067321 -0.0104894 0.01519107 -0.0676341 -0.01021617 0.01486569 -0.06645339 -0.008557379 0.01431965 -0.06610679 -0.009968996 0.0144062 -0.06523287 -0.006546854 0.01287609 -0.06350249 -0.02222126 0.0163055 -0.06089347 -0.022246 0.01447325 -0.05899238 -0.02334254 0.015751 -0.05932915 -0.001667559 0.01218938 -0.06313729 -0.003304183 0.01232498 -0.06320768 -0.009576797 0.01292115 -0.06268769 -0.01253426 0.01295316 -0.06183379 -0.01243567 0.01160705 -0.06037586 -0.009336292 0.00898993 -0.05852019 -0.01245349 0.008167743 -0.05730259 -0.01258474 0.00603342 -0.05565935 -0.01280778 0.003588318 -0.05391889 -0.009922623 -3.01139e-4 -0.05191689 -0.01242667 -0.006510674 -0.04791396 -0.01410114 -0.00579971 -0.04792696 -0.0130316 -0.01050448 -0.04556596 -0.01549226 -0.01550024 -0.04205578 -0.02345359 0.01372766 -0.0573135 -0.02177184 0.006382703 -0.05270749 -0.02049589 0.00520277 -0.05257695 -0.02116996 0.01122176 -0.05678945 -0.02409827 -0.02022236 -0.01712495 -0.02279895 -0.02177178 -0.02021837 -0.02433139 -0.02003729 -0.02023088 -0.02428364 -0.0200082 -0.02394127 -0.02774757 -0.01398384 -0.02842277 -0.02750098 -0.0136469 -0.03089386 -0.02798217 -0.01046317 -0.03437739 -0.02895355 -0.008798718 -0.03319919 -0.02861267 -0.007801592 -0.03540188 -0.02742248 -0.008419096 -0.03753244 -0.02784466 -0.00451529 -0.0395087 -0.02743947 -0.002150952 -0.04161268 -0.02664136 0.002126097 -0.04527157 -0.02536028 0.007906973 -0.05071347 -0.02446079 0.006377875 -0.05062198 -0.0264095 0.01034486 -0.05085825 -0.02863186 0.001753151 -0.04148566 -0.02787458 0.005712211 -0.04519295 -0.02822756 0.007578969 -0.04515224 -0.02720546 0.008549869 -0.04815548 -0.02460479 0.01291835 -0.05543887 -0.02593195 0.005131959 -0.04810374 -0.02734249 0.003889858 -0.04523289 -0.02851384 -0.002493441 -0.03944826 -0.02823936 -0.006384849 -0.03747278 -0.02925115 -0.009412348 -0.03082966 -0.02989166 -0.007207751 -0.03079605 -0.02987968 -0.009963393 -0.02030217 -0.03042709 -0.00771743 -0.02402746 -0.03052598 -0.007744908 -0.02031779 -0.02723348 0.01466459 -0.05111604 -0.02774828 0.01215457 -0.04821008 -0.0290181 -4.19699e-4 -0.03938597 -0.02935057 0.001692473 -0.03932237 -0.02772819 0.01397985 -0.04823696 -0.02839607 0.00947237 -0.0451107 -0.02897095 0.003772616 -0.04141986 -0.01410704 -0.0281645 -0.01712495 -0.0174784 -0.02623116 -0.02389699 -0.02065569 -0.02271246 -0.03103196 -0.02213907 -0.02078336 -0.03226286 -0.02037227 -0.02191364 -0.03351098 -0.02198487 -0.0203433 -0.03347319 -0.02003985 -0.02061408 -0.03576284 -0.01985889 -0.0197615 -0.03681486 -0.02232307 -0.01345747 -0.03977537 -0.02189236 -0.0105859 -0.04188865 -0.02325385 -0.009085178 -0.04183906 -0.02364706 -0.002696752 -0.0453791 -0.02288228 5.96538e-4 -0.04803365 -0.0240308 0.002016782 -0.04805588 -0.02342116 0.004939436 -0.0505352 -0.02294725 0.007663965 -0.05284726 -0.02400326 0.009042501 -0.05299627 -0.024921 0.01051306 -0.05315399 -0.02657806 0.01990514 -0.05140298 -0.0268256 0.01874935 -0.04986387 -0.02623146 0.02044689 -0.04992169 -0.02597784 0.02157229 -0.05149376 -0.027107 0.01757609 -0.04828697 -0.0273329 0.01669025 -0.04827469 -0.02751225 0.01579385 -0.04826235 -0.02816599 0.01326078 -0.04503107 -0.02837556 0.01137286 -0.04506999 -0.02913188 0.005816578 -0.04135257 -0.02321845 0.02609908 -0.05175846 -0.02485305 0.02255594 -0.04835975 -0.02797555 0.01388096 -0.04110175 -0.02720177 0.01692938 -0.04495555 -0.02852874 0.01191377 -0.04116266 -0.02891474 0.0102005 -0.03907388 -0.02965974 0.006648898 -0.03709018 -0.03022599 0.001027882 -0.03515148 -0.03054767 1.60007e-4 -0.03298515 -0.03060859 -0.005264759 -0.02838015 -0.02074819 0.02863687 -0.05191957 -0.02380305 0.0240519 -0.04838287 -0.02557128 0.02035635 -0.04488158 -0.02725756 0.01579225 -0.04104137 -0.02766197 0.01427048 -0.0389567 -0.02875566 0.01095557 -0.03696906 -0.0292921 0.008821547 -0.03702938 -0.03033709 0.004722237 -0.03287816 -0.03052717 0.002445816 -0.03293097 -0.03081065 0.001911044 -0.03065675 -0.03106635 -6.8476e-4 -0.02835756 -0.03146529 -0.001476228 -0.01712495 -0.03147214 -8.92763e-4 -0.02036595 -0.03104585 0.001618087 -0.02834635 -0.03134208 0.001422703 -0.02409178 -0.03062248 0.004202067 -0.0306226 -0.02997928 0.006976544 -0.0328263 -0.02945595 0.009196043 -0.03277486 -0.02842998 0.01207548 -0.03484767 -0.0257886 0.01807659 -0.03884416 -0.0253669 0.01939874 -0.04092484 -0.02337348 0.02345168 -0.04481196 -0.02421486 0.02107477 -0.04086959 -0.01996707 0.02795207 -0.04844677 -0.01937258 0.02975028 -0.05199456 -0.0174787 0.03248906 -0.05548578 -0.02029597 0.03050136 -0.05523705 -0.0220353 0.02741938 -0.05184066 -0.02277708 0.0280953 -0.05496168 -0.02428126 0.02468025 -0.05167287 -0.02478694 0.02528607 -0.05466288 -0.02556985 0.02374625 -0.05450755 -0.02630037 0.02074688 -0.05144828 -0.02680927 0.0190494 -0.0513578 -0.02641558 0.02129989 -0.05427509 -0.02699297 0.01818239 -0.05131214 -0.02712815 0.0173074 -0.05126565 -0.02724915 0.01554554 -0.0511679 -0.02684599 0.01704376 -0.05385726 -0.02716696 0.01378649 -0.05106306 -0.02705037 0.01291275 -0.05101066 -0.02688467 0.01204586 -0.05095934 -0.0264855 0.01451027 -0.05358225 -0.02667075 0.0111891 -0.0509085 -0.02596396 0.02082228 -0.06069189 -0.02572798 0.02005517 -0.06048166 -0.02545326 0.02105635 -0.06245028 -0.02634209 0.02049845 -0.0587489 -0.02633816 0.02473825 -0.06176316 -0.02639877 0.02291858 -0.05925917 -0.02625 0.02553927 -0.06195235 -0.02617025 0.02454966 -0.05955666 -0.02598416 0.02254748 -0.06295746 -0.02574425 0.021797 -0.06270128 -0.02584254 0.0233438 -0.06493526 -0.0251137 0.02032709 -0.06220644 -0.02580308 0.01812005 -0.05823725 -0.02544146 0.01929914 -0.06027555 -0.02519267 0.01658779 -0.05791234 -0.02510666 0.01855576 -0.06007516 -0.02472656 0.01782739 -0.05988007 -0.02520436 0.02190196 -0.06434357 -0.0244528 0.02123427 -0.06481248 -0.01716637 0.0341928 -0.05874109 -0.01892197 0.03154677 -0.0553652 -0.01860499 0.03330218 -0.05857199 -0.0199784 0.03230869 -0.0583924 -0.02158635 0.02935069 -0.05510234 -0.0212717 0.03120905 -0.05820339 -0.02384996 0.02673888 -0.05481505 -0.0235489 0.02869576 -0.05779916 -0.02449446 0.02728974 -0.05758458 -0.0258978 0.02294749 -0.05442965 -0.02561777 0.0250166 -0.05725598 -0.02590388 0.02422034 -0.05714726 -0.02618026 0.0221312 -0.05435228 -0.02660256 0.02045708 -0.05419719 -0.02614217 0.02340835 -0.05703896 -0.0263316 0.02258479 -0.05692958 -0.02674019 0.01960647 -0.05411738 -0.02682715 0.0187518 -0.05403476 -0.02647078 0.02175384 -0.05681729 -0.02686268 0.01789647 -0.05394816 -0.02659398 0.02008736 -0.05657678 -0.02677696 0.01619458 -0.0537641 -0.02665638 0.01534938 -0.05367195 -0.02650517 0.01843547 -0.0563119 -0.02626508 0.01368159 -0.0534932 -0.02599638 0.0128656 -0.05340558 -0.02552175 0.01734709 -0.05807268 -0.02538096 0.01442378 -0.05567497 -0.02472847 0.01961159 -0.06196928 -0.02430385 0.01711589 -0.05969059 -0.02430045 0.01891189 -0.06173914 -0.02438259 0.020509 -0.06378537 -0.02355247 0.02059745 -0.06522786 -0.0263043 0.02406615 -0.06348377 -0.02638119 0.02482587 -0.06375581 -0.02650976 0.02704566 -0.0665121 -0.0264768 0.02780628 -0.0668053 -0.02625006 0.02935397 -0.06733959 -0.01841086 0.03498196 -0.06167918 -0.01970416 0.03562498 -0.06447416 -0.02228134 0.03179717 -0.06094837 -0.02220618 0.03345096 -0.06385666 -0.02329558 0.03220838 -0.06352585 -0.02545076 0.02693516 -0.05997794 -0.02594745 0.02872896 -0.06492257 -0.02570605 0.02950215 -0.06513106 -0.02508008 0.03099429 -0.0655536 -0.02343869 0.03504127 -0.06935 -0.02223187 0.03493988 -0.06679725 -0.02102625 0.03605908 -0.06717926 -0.01834928 0.03798204 -0.06788885 -0.01691079 0.03879058 -0.0682131 -0.01390349 0.04012554 -0.06878876 -0.01077657 0.03976738 -0.0658977 -0.01084429 0.03831374 -0.06260299 -0.001387178 0.03451865 -0.04857385 -0.003371 0.03339678 -0.04455494 -0.001544415 0.0327568 -0.04044729 -0.003750145 0.03200966 -0.03632616 -0.00162667 0.03220087 -0.03631955 -0.004028916 0.03139126 -0.02819859 -0.004077196 0.03127819 -0.02430468 -0.001769185 0.03149509 -0.02430647 -0.02627819 0.02237737 -0.06112337 -0.02635347 0.02315747 -0.06134605 -0.0264011 0.02559208 -0.06401848 -0.02637267 0.02394336 -0.06156146 -0.0263673 0.02636998 -0.06426376 -0.02627944 0.02715635 -0.06449329 -0.02613908 0.02794486 -0.06471139 -0.02610939 0.02634036 -0.06213259 -0.02591776 0.02713584 -0.06230729 -0.02567648 0.02792018 -0.06247985 -0.02505099 0.02943539 -0.06282919 -0.02427899 0.03240227 -0.06597965 -0.02425056 0.03086745 -0.0631811 -0.02332276 0.03371948 -0.06639719 -0.01972627 0.03707307 -0.0675435 -0.02100229 0.03459107 -0.06417268 -0.0183292 0.03655296 -0.06476026 -0.01388967 0.03874605 -0.06550699 -0.01689279 0.03737938 -0.06502896 -0.01396739 0.03725069 -0.06228476 -0.01124417 0.03528845 -0.05588048 -0.00822854 0.03477197 -0.05237907 -0.00715053 0.03280615 -0.04457247 -0.007933557 0.03117758 -0.03635448 -0.005564272 0.03230345 -0.04046559 -0.005855798 0.03166806 -0.03633785 -0.006108701 0.03124839 -0.0322352 -0.008612215 0.0303356 -0.02429717 -0.006287336 0.03100556 -0.02820068 -0.01330405 -0.02825587 -0.02849328 -0.01314705 -0.02778887 -0.03111165 -0.01515686 -0.0267325 -0.03109478 -0.01504856 -0.02635467 -0.03237634 -0.01305085 -0.02740097 -0.03239828 -0.01294445 -0.02688556 -0.03363305 -0.01492875 -0.02585238 -0.03360718 -0.01270508 -0.02542656 -0.03590309 -0.01479876 -0.02521228 -0.03477108 -0.01257419 -0.02447307 -0.03695636 -0.01403605 -0.01976966 -0.03996855 -0.01435887 -0.0224148 -0.03794676 -0.01585847 -0.01874995 -0.0399366 -0.01721626 -0.01444238 -0.04201894 -0.01643586 -0.008799672 -0.04552274 -0.01770734 0.003149628 -0.05234354 -0.01973676 0.01219916 -0.05839437 -0.02103668 0.01328808 -0.05868089 -0.02456015 0.02407979 -0.07227599 -0.02361488 0.02317237 -0.07232278 -0.02342557 0.02284824 -0.07134026 -0.02438008 0.0237171 -0.0712437 -0.02324569 0.0224846 -0.07036596 -0.02405118 0.02286016 -0.06920909 -0.02291887 0.02162539 -0.06844127 -0.02390486 0.02236419 -0.06820446 -0.02377229 0.02182215 -0.06720697 -0.02277427 0.02112799 -0.06748867 -0.02252835 0.0199933 -0.06559729 -0.02242946 0.01935458 -0.06465607 -0.02346777 0.01991355 -0.06424397 -0.02340149 0.01918095 -0.0632624 -0.02332836 0.01756715 -0.06130087 -0.0244022 0.01511859 -0.05760407 -0.02568119 0.01206427 -0.05331987 -0.0261026 0.009515345 -0.05080908 -0.0266546 0.006809413 -0.0481292 -0.02811878 -2.25974e-4 -0.04155009 -0.02889925 -0.004288792 -0.03741115 -0.0293954 -0.002143204 -0.03734767 -0.02926445 -0.005651593 -0.03534126 -0.02975338 -0.003454625 -0.03527909 -0.03008186 -0.004383206 -0.03309404 -0.02959889 -0.006613194 -0.03314715 -0.03037035 -0.004960775 -0.03076177 -0.03013235 -0.007517397 -0.02839118 -0.03100836 -0.005485594 -0.02033364 -0.03145855 -8.73435e-4 -0.01712495 -0.03144878 -5.72931e-7 -0.01712495 -0.03085875 0.003913044 -0.02833539 -0.03050637 0.006188154 -0.02832448 -0.03026807 0.006472229 -0.03058898 -0.02720177 0.01505666 -0.03685069 -0.027583 0.01415067 -0.03478986 -0.0261991 0.01699978 -0.03679394 -0.02464187 0.01985436 -0.03879076 -0.02209436 0.02485758 -0.04477906 -0.02293956 0.0226559 -0.04081648 -0.02071166 0.02616298 -0.04474776 -0.01850587 0.02904748 -0.04846596 -0.01640868 0.03166878 -0.05213147 -0.01792168 0.03076046 -0.05206537 -0.01443487 0.03407537 -0.05570185 -0.01697444 0.03583484 -0.06189686 -0.01978456 0.03402668 -0.06144756 -0.02108055 0.03296518 -0.06120377 -0.02246814 0.03000366 -0.05800557 -0.02336746 0.03052639 -0.0606814 -0.02431905 0.0291568 -0.06040334 -0.02528595 0.02579438 -0.05736559 -0.02511626 0.02769637 -0.06011968 -0.02573919 0.02615475 -0.05983746 -0.02597945 0.02535796 -0.05969786 -0.02631056 0.02373486 -0.05941128 -0.02655869 0.02091997 -0.05670017 -0.02643376 0.02210575 -0.05909764 -0.02657645 0.01925939 -0.05644625 -0.02641546 0.0212996 -0.0589261 -0.02638089 0.01761496 -0.0561794 -0.02621436 0.01969975 -0.05857419 -0.02603447 0.01890498 -0.0584051 -0.0261476 0.02159869 -0.06090396 -0.02617096 0.02330654 -0.06321597 0.03148078 0.01725 -0.104724 0.03144866 0.01979398 -0.103567 0.03149998 0.01725 -0.1036249 -0.02024775 0.01725 -0.127755 -0.02079069 0.01725 -0.127231 -0.02245479 0.02128827 -0.125667 -0.02246606 0.01725 -0.125613 -0.01416778 0.04241734 -0.07575488 -0.01120138 0.04429197 -0.08023089 -0.004844248 0.04674249 -0.08966106 -0.004718124 0.04618048 -0.08532208 -0.001379787 0.04734307 -0.09446495 0.002234101 0.04731988 -0.09441566 4.40819e-4 0.04753857 -0.09927725 0.002302229 0.04749375 -0.0992062 0.004284501 0.04733824 -0.104039 0.004413843 0.04703795 -0.109197 0.01061779 0.04517656 -0.115417 0.01075339 0.04458385 -0.117798 0.01492768 0.0422216 -0.120473 0.01476389 0.04306608 -0.118368 0.01695585 0.04076766 -0.121322 0.01874488 0.0402497 -0.120078 0.01891767 0.03913795 -0.121817 0.02062278 0.03859025 -0.120415 0.024055 0.03473937 -0.119983 0.02571129 0.0305469 -0.119979 0.02693969 0.03004586 -0.1180289 0.02839607 0.0207172 -0.117125 0.02725428 0.02313089 -0.119103 0.02731865 0.02086108 -0.119191 0.02602756 0.02335685 -0.121083 0.02609217 0.02099829 -0.121173 0.0231564 0.02377229 -0.124745 0.02152818 0.02395939 -0.126407 0.02158915 0.02136409 -0.1264989 0.01793098 0.02428805 -0.129348 0.01798558 0.02156329 -0.129441 0.01598167 0.02442836 -0.130612 0.01603186 0.02164816 -0.130704 0.01399099 0.02172279 -0.131819 0.01183497 0.02465808 -0.132688 0.009659826 0.02474659 -0.13349 0.00969243 0.02184009 -0.133581 0.00745815 0.02188229 -0.134219 0.005183219 0.02191317 -0.134689 0.002880036 0.02193266 -0.134989 5.61137e-4 0.02194035 -0.135118 -0.0017609 0.02193629 -0.135074 -0.004061102 0.02488136 -0.134772 -0.0040735 0.0219205 -0.134858 -0.006363987 0.02189308 -0.134472 -0.01501607 0.02447158 -0.131189 -0.01505959 0.02167266 -0.131271 -0.02071189 0.02401959 -0.1271899 -0.02076548 0.02139848 -0.12727 -0.0223996 0.0238381 -0.1255879 -0.02402168 0.02116948 -0.123942 0.02659469 0.02918368 -0.06928795 0.02642315 0.02792817 -0.06670808 0.02619165 0.02946609 -0.06725436 0.02650588 0.02994024 -0.06961095 0.02599918 0.03022426 -0.06752395 0.02589619 0.02881705 -0.06486749 0.02298229 0.02941125 -0.0578866 0.02329277 0.02747428 -0.05487936 0.02215617 0.02877765 -0.05502295 0.02136605 0.02807736 -0.05187648 0.02196496 0.02615147 -0.04841518 0.02063006 0.02739846 -0.04843598 0.01994615 0.02680855 -0.04473346 0.01760977 0.02739495 -0.04065304 0.01627206 0.02779948 -0.03854328 0.01905745 0.02508968 -0.03239488 0.01726275 0.02643728 -0.03236109 0.01933026 0.02481848 -0.03030925 0.01771759 0.02603435 -0.02822709 0.01792138 0.02589917 -0.0242635 0.01822018 0.0256958 -0.01712495 0.01936149 0.02478259 -0.01712495 -0.001868486 0.01343375 -0.06729871 -0.00369364 0.01360756 -0.06742221 -0.005490541 0.01390618 -0.06763941 -0.007283151 0.01431089 -0.0679363 -0.009312033 0.01493614 -0.06932926 -0.00904715 0.01481956 -0.06831276 -0.01108878 0.01556658 -0.0698449 -0.0107823 0.01542437 -0.06876659 -0.01248824 0.01611787 -0.069296 -0.01453387 0.01709127 -0.07113099 -0.01416027 0.01689386 -0.06990015 -0.01738959 0.01866978 -0.07133376 -0.01893615 0.0196585 -0.0721665 -0.02086734 0.02099519 -0.07472038 -0.0204277 0.02070689 -0.07307946 -0.02229565 0.02210819 -0.07583898 -0.02185219 0.0218088 -0.07407575 -0.02488267 0.02444565 -0.07835578 -0.0231961 0.02295815 -0.07515776 -0.02444267 0.02414655 -0.0763272 -0.02514988 0.02494376 -0.07543319 -0.02474939 0.02440249 -0.07331848 -0.02574688 0.02567076 -0.07438606 -0.02599847 0.02600306 -0.07380676 -0.02555829 0.02535384 -0.07328015 -0.02581834 0.02565026 -0.0726813 -0.02520769 0.02459597 -0.07110518 -0.02504795 0.02415066 -0.07003509 -0.02533936 0.02432668 -0.06937986 -0.02497655 0.02259129 -0.06616759 -0.02454078 0.0219115 -0.06584376 -0.0248149 0.02119827 -0.06406021 -0.02571594 0.02398687 -0.06684499 -0.02554798 0.02261799 -0.06463509 -0.02608567 0.02407807 -0.06524187 -0.02627515 0.02481985 -0.06555116 -0.02641075 0.02556025 -0.06587177 -0.02648919 0.02629947 -0.06619757 -0.02657115 0.02980488 -0.06972557 -0.02638977 0.0285781 -0.06707936 -0.02581828 0.03088915 -0.06783986 -0.02519375 0.0323593 -0.06834375 -0.02458536 0.03489255 -0.07181477 -0.02439385 0.03374499 -0.068852 -0.0225442 0.03735488 -0.07296377 -0.0223481 0.03624308 -0.06982707 -0.02133846 0.03844428 -0.07349997 -0.021142 0.03734576 -0.07028228 -0.0198403 0.03834497 -0.07071626 -0.01846057 0.03924077 -0.07112759 -0.0172047 0.0411095 -0.0749495 -0.01701819 0.04003757 -0.07151347 -0.0139994 0.041354 -0.07219809 -0.007660806 0.03906565 -0.06284457 -0.00796473 0.03615969 -0.05601727 -0.004796564 0.03539228 -0.05243366 -0.001461267 0.03353136 -0.04455089 4.53081e-4 0.03355938 -0.04455006 -0.001697957 0.03182989 -0.03221917 -0.001748204 0.03160744 -0.02819734 5.42185e-4 0.03165256 -0.02819705 -0.00109899 0.03143936 -0.01712495 0.006183981 -0.03087157 -0.01712495 -0.01805096 -0.02581495 -0.01712495 -0.03143268 0.001439988 -0.01712495 -0.03115969 -0.004380345 -0.01712495 -0.03108298 -0.005109071 -0.01712495 -0.03100198 -0.00546956 -0.01712495 -0.03028208 -0.008674025 -0.01712495 -0.03027969 -0.008682548 0 -0.02807599 -0.01421159 -0.01712495 -0.02671349 -0.01669245 0 -0.02577477 -0.01810824 -0.01712495 -0.0241304 -0.02024775 0 -0.02350449 -0.02097105 -0.01712495 -0.02107757 -0.02340906 0 -0.02091598 -0.02355349 -0.01712495 -0.0176146 -0.0261147 0 -0.01761269 -0.0261119 -0.01712495 -0.01746797 -0.02620989 -0.01712495 -0.0172736 -0.02634149 -0.01712495 -0.01380866 -0.02831196 0 -0.00724703 -0.03065508 -0.01712495 -0.009734034 -0.02995824 0 -0.006884515 -0.0307188 -0.01712495 -0.001099288 -0.03148078 0 0.00329262 -0.03132736 0 0.005908846 -0.03094089 -0.01712495 0.007620513 -0.03056424 0 0.007607579 -0.03051298 -0.01712495 0.01212137 -0.02903497 -0.01712495 0.01492148 -0.0276857 -0.01712495 0.01574999 -0.02727979 0 0.01611346 -0.02706664 -0.01712495 0.01914167 -0.0250169 -0.01712495 0.01938229 -0.02480959 -0.01712495 0.02237194 -0.02212947 -0.01712495 0.02265918 -0.02188169 0 0.02652966 -0.01698315 -0.01712495 0.02548396 -0.01851516 0 0.02629399 -0.01730817 -0.01712495 0.02544105 -0.01848405 -0.01712495 0.02777367 -0.01476639 -0.01712495 0.02785629 -0.01461905 -0.01712495 0.02960026 -0.01077359 0 0.03081154 -0.006549179 0 0.03079265 -0.00654608 -0.01712495 0.03132617 -0.003303349 -0.01712495 0.03149807 3.45734e-4 -0.01712495 0.03135478 0.002654612 -0.01712495 0.03142327 0.002197325 0 0.03129905 0.003550767 -0.01712495 0.03105837 0.004944562 -0.01712495 0.0306769 0.007154285 -0.01712495 0.03065687 0.007221758 -0.01712495 0.02964174 0.01065886 -0.01712495 0.02777969 0.01476937 -0.01712495 0.02720957 0.01576685 -0.01712495 0.02639538 0.01719117 -0.01712495 0.0260207 0.01774895 -0.01712495 0.02589577 0.01793485 -0.01712495 0.02545785 0.01849478 -0.01712495 0.02548396 0.01851516 0 0.02460896 0.01957994 -0.01712495 0.01939326 0.02482229 0 0.02149325 0.02298825 -0.01712495 0.0210728 0.02341336 -0.01712495 0.01973456 0.02448409 -0.01712495 0.01574999 0.02727979 0 0.01594316 0.02711939 -0.01712495 0.0151214 0.02763307 -0.01712495 0.009633541 0.0299561 -0.01712495 0.008785963 0.03024977 -0.01712495 0.007406651 0.03056496 -0.01712495 0.007610023 0.03051847 -0.01712495 0.003286898 0.03127485 -0.01712495 5.47779e-4 0.03145188 -0.01712495 -0.004061877 0.03118419 -0.01712495 -0.006349086 0.03085106 -0.01712495 -0.008582651 0.03025418 -0.01712495 -0.006568729 0.03080755 -0.01712495 -0.01292836 0.02869278 -0.01712495 -0.01380866 0.02831196 0 -0.01668828 0.02671605 -0.01712495 -0.01966977 0.02460378 -0.01712495 -0.01887935 0.02516376 -0.01712495 -0.02104204 0.02336955 -0.01712495 -0.0223878 0.02215939 -0.01712495 -0.0241304 0.02024775 0 -0.02411174 0.02023118 -0.01712495 -0.02534878 0.01861447 -0.01712495 -0.02780365 0.01470369 -0.01712495 -0.02874088 0.01279759 -0.01712495 -0.0287767 0.01281219 0 -0.03034085 0.008270144 -0.01712495 -0.03091466 0.006030917 -0.01712495 -0.03119337 0.004383921 0 -0.03114318 0.004377484 -0.01712495</float_array>
          <technique_common>
            <accessor source="#shape0_002-mesh-positions-array" count="3875" stride="3">
              <param name="X" type="float"/>
              <param name="Y" type="float"/>
              <param name="Z" type="float"/>
            </accessor>
          </technique_common>
        </source>
        <source id="shape0_002-mesh-normals">
          <float_array id="shape0_002-mesh-normals-array" count="23064">0 0 1 0 0 1 0 0 1 0 0 1 0 0 1 0 0 1 0 0 1 0 0 1 0 0 1 0 0 1 0 0 1 0 0 1 0 0 1 0 0 1 0 0 1 0 0 1 0 0 1 0 0 1 0 -1 0 0 -1 0 0 -1 0 0 -1 0 0 -1 0 0 -1 0 0 -1 0 0 -1 0 0 -1 0 0 -1 0 0 -1 0 0 -1 0 0 -1 0 0 -1 0 -0.9934259 8.70239e-4 0.1144742 -0.9993877 -0.002414107 0.03490579 -0.998715 -0.005757033 0.05035185 -0.9987149 -0.005758106 0.05035418 -0.9838464 -0.004241645 0.1789644 -0.9848013 -0.003144025 0.1736567 -0.9838349 -0.004252195 0.1790282 -0.9934158 8.70071e-4 0.1145616 -0.9934201 8.69898e-4 0.1145251 -0.9304785 0.001034438 0.366345 -0.9700827 9.38094e-4 0.2427733 -0.9700841 9.38382e-4 0.2427675 -0.9701041 9.38425e-4 0.2426872 -0.951051 -0.004001677 0.3090084 -0.9528301 -0.002920448 0.3034904 -0.9527791 -0.002947986 0.3036502 -0.9041639 -0.002186954 0.4271802 -0.9307578 0.001069605 0.3656349 -0.9305084 0.001034021 0.3662691 -0.8398101 -0.00146985 0.5428784 -0.8398538 -0.001464903 0.5428109 -0.8737488 8.45217e-4 0.4863767 -0.8987935 8.44114e-4 0.4383714 -0.8750879 -0.01385492 0.4837657 -0.8750564 -0.01387351 0.4838223 -0.7431462 2.33426e-4 0.6691291 -0.7173894 -0.01219266 0.6965658 -0.7174295 -0.01217669 0.6965247 -0.7608897 -7.1102e-4 0.6488809 -0.7609292 -7.05859e-4 0.6488345 -0.8022343 4.93345e-4 0.5970091 -0.82903 4.92758e-4 0.559204 -0.8040016 -0.01275587 0.5944904 -0.8039491 -0.01277291 0.594561 -0.6259551 -0.009241163 0.7798045 -0.6705908 -2.56612e-4 0.7418275 -0.6707007 -2.43367e-4 0.7417281 -0.7154101 2.33525e-4 0.6987048 -0.52994 0.001409769 0.848034 -0.4667234 -0.02678698 0.8839977 -0.5208822 -0.007228493 0.853598 -0.5735155 8.93991e-4 0.8191943 -0.5737217 9.24592e-4 0.8190498 -0.6427831 9.20934e-4 0.7660477 -0.5786269 -0.02796149 0.815113 -0.6261397 -0.009173154 0.779657 -0.3483608 -0.02459055 0.937038 -0.4067164 -0.002167999 0.9135519 -0.4053905 -0.005936026 0.9141244 -0.405242 -0.005955576 0.9141901 -0.461921 0.001413941 0.88692 -0.2204058 0.001203417 0.9754076 -0.2825106 -0.004378318 0.9592542 -0.3444358 0.001645803 0.9388085 -0.3444258 0.001645803 0.9388122 -0.2756553 -9.74973e-4 0.961256 -0.2228748 -0.02279675 0.9745805 -0.2824099 -0.004395544 0.9592838 -0.09638464 -0.01898741 0.995163 -0.1391701 -1.57702e-5 0.9902685 -0.1593132 -0.002256691 0.9872256 -0.1593059 -0.002261221 0.9872267 -0.2205394 0.001203417 0.9753773 -0.03181493 -7.02742e-4 0.9994936 -0.09556758 5.92326e-4 0.9954228 -0.0950917 5.92328e-4 0.9954684 0.009462833 -0.01013004 0.9999039 0 -0.007384777 0.9999728 0.05038052 0.001015424 0.9987297 0.178211 2.75053e-4 0.9839923 0.1781131 2.72053e-4 0.9840101 0.1145062 -0.01282167 0.9933398 0.1391683 -0.003970563 0.9902608 0.1139103 -0.001515328 0.99349 0.05030685 0.001015424 0.9987333 0.302303 -0.001113533 0.9532113 0.3022384 -0.001123547 0.9532318 0.2756433 -0.007491767 0.9612308 0.2411214 -2.6941e-4 0.9704949 0.1781282 2.75042e-4 0.9840072 0.4268703 -0.001645922 0.9043114 0.3672335 -0.01699495 0.9299735 0.4067099 -0.005477488 0.913541 0.3644493 8.66028e-4 0.9312229 0.3643546 8.65965e-4 0.9312599 0.542424 -0.002529442 0.8401012 0.5425919 -0.002511322 0.8399927 0.4885596 -0.01758509 0.8723534 0.5299403 2.32257e-4 0.848035 0.4851006 0.001039505 0.8744577 0.485261 0.001039326 0.8743688 0.6458242 -0.004181683 0.7634748 0.6458975 -0.00416696 0.7634128 0.6427785 -0.005156993 0.7660347 0.5956973 0.001194477 0.8032082 0.5957185 0.001194238 0.8031925 0.7786506 9.41944e-4 0.6274572 0.7380121 -0.005757689 0.6747629 0.6958764 -0.02113139 0.7178506 0.743147 -0.001716852 0.6691261 0.6920613 0.001280546 0.7218377 0.6921635 0.001280546 0.7217396 0.8185577 -0.007238388 0.5743789 0.818643 -0.00720942 0.5742575 0.8290288 -0.00236839 0.559201 0.7786308 9.3162e-4 0.6274818 0.7785316 9.31717e-4 0.6276047 0.9139645 -1.87319e-4 0.4057943 0.9138346 -1.95412e-4 0.4060866 0.8866772 -0.008349597 0.4623136 0.8867279 -0.00832957 0.4622167 0.8987926 -0.001147627 0.4383729 0.8534671 5.04371e-4 0.5211468 0.8534331 5.04397e-4 0.5212023 0.9589012 -7.63148e-4 0.283739 0.9588875 -7.68231e-4 0.2837857 0.9510486 -0.004633188 0.3090069 0.9380701 1.84223e-4 0.3464457 0.9378916 1.84458e-4 0.3469287 0.9953859 8.87286e-4 0.0959497 0.9953665 8.87853e-4 0.09615027 0.9871556 -0.001919567 0.1597506 0.9752702 -0.01211613 0.2206842 0.9847993 -0.003690004 0.1736571 0.9750495 5.09684e-4 0.2219871 0.9750466 5.09985e-4 0.2220002 0.9953731 8.88278e-4 0.09608119 0.9993838 -0.003705978 0.03490555 0.9994835 -0.003172457 0.03198128 0.0699777 3.12102e-6 -0.9975486 0.06985628 -2.58344e-5 -0.9975571 0.2082171 6.07606e-5 -0.9780827 0.2077637 -3.38751e-5 -0.978179 0.2070389 0 -0.9783328 0.06995046 0 -0.9975505 0.2073696 0 -0.9782627 0.3420724 0 -0.9396737 0.3420094 5.43826e-6 -0.9396967 0.3421449 3.35608e-5 -0.9396473 0.3415987 0 -0.9398459 0.4690964 0 -0.8831471 0.4694318 1.74509e-5 -0.8829689 0.4693105 5.09425e-5 -0.8830332 0.4698747 0 -0.8827332 0.5885568 0 -0.8084559 0.5879216 -2.13639e-5 -0.8089179 0.5877995 1.37731e-5 -0.8090066 0.5879123 0 -0.8089247 0.6944363 0 -0.7195543 0.6947689 -4.88933e-5 -0.719233 0.6945595 2.0426e-5 -0.7194353 0.6933854 0 -0.720567 0.7881574 0 -0.6154738 0.7880097 2.98743e-5 -0.6156629 0.7878721 0 -0.615839 0.8660346 0 -0.499984 0.8674179 7.4722e-4 -0.4975798 0.8659989 -1.09504e-5 -0.5000461 0.9271685 -1.27721e-5 -0.3746447 0.9271925 3.4802e-6 -0.3745854 0.9272588 0 -0.3744211 0.8660404 0 -0.4999742 0.9272124 0 -0.374536 0.9702846 0 -0.2419666 0.9702976 -1.93365e-6 -0.2419145 0.9702939 -4.74272e-6 -0.2419296 0.970308 0 -0.2418731 0.9945147 0 -0.1045966 0.9945232 -3.64735e-6 -0.1045168 0.9945222 -2.12675e-6 -0.1045261 0.9945256 0 -0.1044936 0.9998475 0 -0.01746785 -0.9945206 0 -0.1045411 -0.9999903 -0.001218795 0.004256069 -0.9998914 0 -0.01474016 -0.9945223 0 -0.1045258 -0.9950302 -0.001444697 -0.09956383 -0.9945228 -2.19028e-6 -0.1045207 -0.9702726 0 -0.2420147 -0.970304 1.82414e-6 -0.2418889 -0.9702976 -2.22369e-6 -0.2419145 -0.9272127 -4.74199e-6 -0.3745351 -0.9271929 7.73375e-6 -0.3745844 -0.9270941 0 -0.3748288 -0.9702926 0 -0.2419347 -0.8659929 3.13757e-5 -0.5000566 -0.8660346 1.37282e-5 -0.499984 -0.8658897 0 -0.500235 -0.9271941 0 -0.3745813 -0.7879219 2.73649e-5 -0.6157754 -0.7880097 -9.66805e-7 -0.6156629 -0.7880172 0 -0.6156533 -0.8662003 0 -0.4996971 -0.694671 -1.24044e-5 -0.7193276 -0.6945627 1.6244e-5 -0.7194323 -0.6944057 0 -0.7195838 -0.7882034 0 -0.6154149 -0.6944822 0 -0.71951 -0.5877401 0 -0.8090498 -0.5879256 2.00104e-5 -0.808915 -0.5878201 4.04085e-5 -0.8089918 -0.5889409 0 -0.8081761 -0.4691372 0 -0.8831254 -0.4694083 3.22057e-5 -0.8829813 -0.4694414 4.11283e-5 -0.8829637 -0.4720724 0 -0.8815599 -0.3418154 0 -0.9397671 -0.3420094 2.42909e-5 -0.9396967 -0.2075381 0 -0.978227 -0.2077637 -2.69744e-5 -0.978179 -0.2079479 0 -0.9781399 -0.3421754 0 -0.9396361 -0.0726872 0 -0.9973548 -0.06957125 -5.14059e-5 -0.997577 -0.069844 -7.56268e-6 -0.997558 -0.06979954 0 -0.9975611 0.06908309 0 -0.997611 0.8156474 -0.4876853 -0.3112595 0.5130051 -0.452881 -0.7291945 0.6459772 -0.3895282 -0.6564917 0.9451752 -0.2238719 -0.2377507 0.9792515 -0.009619534 -0.2024202 0.9825825 -0.0112437 -0.1854863 0.9866803 -0.1623219 0.01066279 0.9988908 -0.04692739 0.003875851 0.02378696 -0.4697109 -0.8824998 0.1190577 -0.7836831 -0.6096442 0.04141861 -0.992319 -0.1165661 0.0393204 -0.9733641 -0.2258679 0.03558719 -0.9301753 -0.3653869 0.2469031 -0.9684062 -0.03504818 0.243407 -0.6871047 -0.6845731 0.3547278 -0.9345891 0.02667272 0.3829336 -0.4661379 -0.7975447 0.05936843 -0.9958543 0.06891745 0.05645269 -0.2644557 0.9627441 0.3718355 -0.05017262 0.9269418 0.06426841 -0.8594231 0.5072097 0.06464701 -0.7873024 0.6131687 0.1243368 -0.9772216 0.1719837 0.4270883 -0.1171782 0.8965851 0.5743924 -0.378256 0.7259447 0.6939657 -0.00998497 0.7199389 0.576212 -0.7513527 0.3216347 0.6021915 -0.7669665 0.2216483 0.7673538 -0.5388479 0.347579 0.7783696 -0.4858247 0.3976369 0.6254642 -0.7242797 -0.2901958 0.9648779 0.0235604 0.26164 0.9650861 -0.1673864 0.2014717 0.9573249 -0.2274621 0.1782984 0.8852577 -0.4415352 0.1461693 0.8633735 -0.4943736 0.1009002 0.8438737 -0.5333511 0.05842763 0.8250269 -0.5649523 0.01263761 0.9733421 -0.2014989 0.10956 0.9932138 0.01925337 0.1146984 0.9955093 0.007099628 0.09439784 0.9929976 0.02042043 0.116357 0.9934496 0.01495909 0.1132879 0.9934628 0.01489555 0.113181 0.9875416 0.07069158 0.1405855 0.987551 0.07065534 0.1405382 0.991338 -0.05169528 0.1207343 0.9867545 0.07204461 0.1453453 0.9898322 0.04707443 0.1342254 0.9817946 0.126891 0.141344 0.9841836 0.1113002 0.1378231 0.9841907 0.1112695 0.1377966 0.9840973 -0.1290125 0.1220995 0.9854366 -0.1181451 0.1222968 0.9899937 -0.00373888 0.1410622 0.9747244 -0.1945695 0.1097962 0.9762719 -0.1754883 0.1268745 0.9854594 -0.114762 0.1252979 0.987407 0.06725221 0.1431943 0.9899078 0.0332154 0.1377658 0.9882349 0.04545497 0.1460334 0.9902583 0.01264667 0.1386676 0.9881806 0.06206011 0.1401706 0.9885761 0.1043163 0.108791 0.9807375 0.1435063 0.1325143 0.9850589 0.1146994 0.1284648 0.9851158 0.1144258 0.1282714 0.9895806 0.1017711 0.1018472 0.9863311 0.1225858 0.1101078 0.9880014 0.007791459 0.1542486 0.9899784 0.09432351 0.1050996 0.9880521 0.1072432 0.1106885 0.9861065 0.109957 0.1245135 0.9872906 0.1028051 0.1211964 0.987285 0.1028399 0.1212122 0.9910393 0.09469956 0.09419822 0.9879527 0.1138884 0.1047813 0.9851773 -0.01752054 0.1706423 0.9896379 -0.08133006 0.1183319 0.991266 0.09776103 0.08851397 0.992345 0.08760207 0.08704864 0.9923629 0.08745127 0.08699542 0.9930995 0.08507311 0.08072257 0.9936269 0.07939416 0.08001422 0.9936462 0.07920646 0.07996135 0.9967955 0.05106848 0.06156933 0.9958043 0.06167298 0.06760382 0.9958524 0.06096631 0.06753736 0.9958586 0.06088888 0.06751543 0.9946641 0.0723502 0.07354545 0.9948619 0.06985837 0.07327789 0.9948668 0.06980115 0.07326674 0.9967936 0.05109858 0.06157463 0.9967038 0.05329382 0.06116724 0.9976331 0.03816765 0.05719691 0.9952673 0.01203429 0.09642761 0.9952551 0.0120306 0.09655344 0.9976294 0.03824692 0.05721026 0.9976308 0.04157501 0.05481284 0.9984911 0.018817 0.0515896 0.9979893 0.03503596 0.05282038 0.9992896 0.01941269 0.03230208 0.987009 0.03797429 0.1561129 0.9864976 0.03075528 0.1608626 0.9857731 0.0418201 0.1627958 0.9857956 0.03304082 0.1646674 0.9851755 0.04149037 0.1664565 0.9853118 0.03088527 0.1679489 0.9847194 0.03850042 0.1698398 0.9850201 0.02511954 0.1706004 0.9843502 0.03359699 0.1729911 0.9848405 0.01669138 0.1726579 0.9841203 0.02603131 0.1755843 0.9847491 0.005560278 0.1738912 0.9844995 0.0970332 0.1461002 0.990461 -0.007571518 0.137585 0.9890266 0.02212589 0.1460719 0.9831655 -0.1290012 0.1293999 0.9833961 -0.1184914 0.1374483 0.9852405 -0.09233933 0.1441344 0.9852224 -0.08892434 0.1463879 0.9866117 -0.05915623 0.1519797 0.9865248 -0.05623251 0.1536455 0.9872514 -0.02575141 0.157072 0.9871778 -0.02436989 0.1577537 0.9873605 0.003951072 0.1584417 0.9868651 0.0104627 0.1612077 0.9800012 -0.06520408 0.1880062 0.9793145 -0.04067206 0.1982144 0.9697886 -0.09753727 0.2235993 0.9682721 -0.147799 0.2015057 0.9621393 -0.1735905 0.2101293 0.9472149 -0.2332471 0.2199546 0.9520252 -0.1645863 0.257991 0.9384835 -0.2110311 0.2733399 0.9372649 -0.2255677 0.2658079 0.9643348 0.0298866 0.262993 0.9641838 0.01830083 0.2646034 0.9639567 0.02084207 0.2652418 0.96389 0.006962358 0.2662097 0.9640935 0.004622161 0.2655234 0.9640747 -0.01251161 0.2653364 0.9644339 -0.01727014 0.2637596 0.9643265 -0.03821009 0.2619439 0.9646453 -0.04378968 0.2598881 0.9642109 -0.06842416 0.2561553 0.9647942 -0.09550762 0.2450518 0.984022 0.01564663 0.1773584 0.9846792 -0.008080601 0.1741884 0.9894205 0.1083021 0.09652793 0.991034 0.0947377 0.09421503 0.9660839 0.03397828 0.2559833 0.9659107 0.03631138 0.2563165 0.97466 0.01379299 0.2232661 0.974664 0.0137875 0.223249 0.974683 0.01379197 0.2231658 0.9876105 0.02568596 0.1548094 0.9861723 0.03398686 0.1622011 0.9952483 0.01204067 0.096623 0.6635234 -0.7213444 -0.1984924 0.673805 -0.7109556 -0.2013182 0.6156131 -0.7538714 -0.2295619 0.5710654 -0.7794687 -0.2575127 0.6255132 -0.7447333 -0.232606 0.5745223 -0.7514449 -0.3244297 0.6404266 -0.709943 -0.2929759 0.5913043 -0.7128199 -0.3771566 0.620705 -0.7670982 -0.1621285 0.6156294 -0.7716411 -0.1599084 0.6628006 -0.7359176 -0.1382778 0.6571897 -0.7413548 -0.1359957 0.7074121 -0.6978769 -0.1119642 0.7014848 -0.7041897 -0.1097092 0.7213044 -0.6926097 0.003452003 0.6673008 -0.744539 -0.01926827 0.553552 -0.8234276 -0.1246892 0.5102958 -0.8322473 -0.2167089 0.5128192 -0.8303474 -0.2180359 0.4601578 -0.8269382 -0.323153 0.466307 -0.8224447 -0.3257952 0.4129076 -0.8057453 -0.4245961 0.4226369 -0.7988886 -0.4279664 0.6057001 -0.7946082 -0.04153645 0.6397154 -0.7678169 0.03494828 0.4012057 -0.7597154 -0.5117287 0.3884273 -0.7816173 -0.4880558 0.4077709 -0.7684596 -0.4931461 0.4583017 -0.7896343 -0.4079673 0.4472308 -0.7977569 -0.404436 0.5009648 -0.809207 -0.3069503 0.4937222 -0.8147367 -0.3040437 0.5459682 -0.8131222 -0.2018693 0.5424629 -0.8158924 -0.2001341 0.5733605 -0.8077361 -0.1371875 0.5692127 -0.8137894 -0.1172331 0.6018627 -0.7972657 -0.04613912 0.6682574 -0.7437086 -0.01815128 0.9034051 -0.3799467 0.1987457 0.8786872 -0.4348711 0.1969673 0.8983401 -0.3543292 0.2596844 0.8792381 -0.3971185 0.26313 0.8948616 -0.2990876 0.3313145 0.8689527 -0.3548871 0.3449298 0.8831802 -0.2962477 0.3636345 0.8615855 -0.4971947 0.1023123 0.8238269 -0.5599867 0.08788776 0.847781 -0.5102893 0.1444731 0.8182273 -0.5585847 0.1359682 0.8462032 -0.4913739 0.2061362 0.8226725 -0.5312765 0.2023746 0.8501344 -0.4435654 0.2837629 0.8309706 -0.4780187 0.2845804 0.8356025 -0.4604839 0.2995383 0.8821542 -0.4465769 0.1495765 0.850964 -0.5058962 0.1411717 0.8746084 -0.4403045 0.2029587 0.8505427 -0.4863747 0.2000424 0.8744089 -0.4015465 0.2723409 0.8552909 -0.4395693 0.2743289 0.8708334 -0.3599011 0.3348439 0.8380832 -0.4226961 0.3448835 0.8458032 -0.3703242 0.3840273 0.843845 -0.5333949 0.0584439 0.7998534 -0.5989556 0.03856009 0.8221819 -0.5622029 0.08913457 0.7869285 -0.6123853 0.07568335 0.8148794 -0.5626301 0.1393522 0.7864301 -0.6036947 0.1306928 0.8180488 -0.5359342 0.2087363 0.7949934 -0.5711799 0.204302 0.8255224 -0.4815787 0.2942701 0.8065494 -0.5128066 0.2941215 0.8256893 -0.4273123 0.3682956 0.8960188 -0.01876038 0.4436198 0.89592 -0.03634274 0.4427263 0.8983421 -0.05641883 0.4356588 0.8980726 -0.07796913 0.4328816 0.9004844 -0.1045863 0.4221252 0.8996031 -0.1306609 0.4167038 0.9009864 -0.159102 0.4036213 0.898925 -0.1892552 0.3951156 0.8980458 -0.2427203 0.3668795 0.9237545 -0.1814291 0.337285 0.9197583 -0.2561517 0.2973735 0.9344208 -0.2140988 0.2846394 0.9258025 -0.2949519 0.2364176 0.9436601 -0.2391099 0.2287622 0.9344413 -0.3032931 0.1866353 0.9542713 -0.2350498 0.1847109 0.9483652 -0.2758562 0.1565467 0.9431592 -0.2961428 0.150832 0.9371196 -0.3248568 0.1275734 0.9329767 -0.3383718 0.1227156 0.9262184 -0.3638692 0.0985834 0.9241082 -0.3698839 0.09596902 0.915128 -0.3978983 0.06494432 0.9156113 -0.396683 0.06556487 0.901337 -0.4327281 0.01838195 0.9056643 -0.4233127 0.02405709 0.8837208 -0.4660083 -0.043289 0.8937551 -0.4475426 -0.03012311 0.8640002 -0.490454 -0.1138361 0.880727 -0.4645515 -0.09226036 0.8435823 -0.5029818 -0.1880908 0.8672839 -0.4719676 -0.1583197 0.8321524 -0.4980142 -0.2439351 0.894409 0.009185075 0.447156 0.896573 0.0235756 0.4422683 0.8513671 -0.02277064 0.524076 0.8517853 -0.05712562 0.5207673 0.8558033 -0.08563798 0.5101637 0.8556674 -0.1075651 0.5062243 0.8594626 -0.1437021 0.490585 0.8585588 -0.1703753 0.4835795 0.8606591 -0.2080544 0.4647359 0.8583169 -0.2388094 0.4541612 0.8582391 -0.2738165 0.4341086 0.7219712 -0.6805846 0.1247488 0.6975532 -0.70703 0.1163112 0.73627 -0.6417365 0.2146646 0.715164 -0.6669535 0.2090775 0.6934033 -0.7103632 0.1207318 0.66996 -0.7338421 0.1123807 0.709881 -0.6702203 0.2165036 0.6889791 -0.6935105 0.210597 0.6988847 -0.674377 0.238277 0.7962453 0.005791008 0.6049462 0.7942497 -0.008491277 0.6075321 0.8004556 -0.04268252 0.5978705 0.7985407 -0.05932903 0.59901 0.8080369 -0.1159419 0.5776106 0.8080877 -0.1366745 0.5729873 0.8135243 -0.1824313 0.5521748 0.8127663 -0.2077857 0.5442759 0.8157818 -0.2542179 0.5194934 0.813454 -0.2840741 0.5075378 0.8135486 -0.3263323 0.4812961 0.8090982 -0.3588972 0.4653527 0.8067458 -0.3944721 0.4399465 0.7787545 1.24153e-4 0.627329 0.8510863 0.02077406 0.5246148 0.7916722 0.03132653 0.6101424 0.8174642 0.002170145 0.5759753 0.8173585 0.002134621 0.5761255 0.8501373 0.02767759 0.5258331 0.8488582 0.02207225 0.5281597 0.8497727 0.01596087 0.5269076 0.8475564 0.001041114 0.5307045 0.8513447 -0.02269804 0.5241155 0.8949242 0.00546509 0.4461849 0.8947867 -0.009668648 0.4463894 0.6253589 -0.7696449 0.1287367 0.9363746 0.02639716 0.3500083 0.9583959 0.01132446 0.2852175 0.9584087 0.01132547 0.2851749 0.8852375 0.008443474 0.4650629 0.8851802 0.008423805 0.4651721 0.8951218 0.03499716 0.4444459 0.9131378 0.009198307 0.4075472 0.913262 0.009244084 0.407268 0.9360441 0.02822148 0.3507491 0.935791 0.02794563 0.3514459 0.9356588 0.02933788 0.3516846 0.9338654 0.01660329 0.3572394 0.9337047 0.01805484 0.3575885 0.9334822 0.004194498 0.3585994 0.9338379 9.85972e-4 0.3576954 0.9336732 -0.01516479 0.3578053 0.9348384 -0.02667653 0.3540701 0.9345985 -0.04658043 0.3526413 0.9358926 -0.06288242 0.3466281 0.9352739 -0.08706545 0.3430488 0.9361313 -0.1050164 0.3356037 0.9347195 -0.1331022 0.3295202 0.934521 -0.1749469 0.3099421 0.9562215 -0.1063652 0.2726295 0.9555242 -0.1611309 0.247003 0.9697075 -0.09730184 0.224053 0.9666168 -0.1338757 0.2184703 0.9788212 -0.06216937 0.1950494 0.9790973 -0.08380097 0.1853263 0.9766366 -0.1115203 0.1836959 0.9760278 -0.1324107 0.1727349 0.9726489 -0.1597381 0.1686357 0.9711097 -0.1807362 0.1558222 0.9672107 -0.2047167 0.1503157 0.9649593 -0.2240237 0.1366271 0.9612919 -0.2423446 0.1310991 0.9585077 -0.2602332 0.1163696 0.9558964 -0.2714177 0.1122254 0.9516009 -0.2935509 0.09101539 0.9506029 -0.2972645 0.08937609 0.2886229 -0.7780861 -0.5579236 0.2716788 -0.7741181 -0.5717797 0.3237133 -0.8202596 -0.471576 0.3115764 -0.8183928 -0.4828598 0.3662739 -0.8538708 -0.3697947 0.3606047 -0.8536903 -0.3757358 0.4127174 -0.8731272 -0.2594483 0.4139008 -0.872972 -0.2580817 0.4537895 -0.8760901 -0.162916 0.4598182 -0.8743125 -0.1553863 0.488299 -0.8685621 -0.08463984 0.4970363 -0.864636 -0.07320994 0.5249125 -0.8511538 -0.002025604 0.5364749 -0.843803 0.01383209 0.4510539 -0.8841595 0.1217059 0.1593747 -0.7794315 -0.6058766 0.1559615 -0.7778244 -0.6088229 0.1873142 -0.8329626 -0.5206601 0.1868017 -0.832758 -0.5211712 0.2218706 -0.8818147 -0.4161447 0.2249335 -0.8827325 -0.4125388 0.2601719 -0.9180974 -0.2990114 0.2667607 -0.9190259 -0.2902247 0.2938943 -0.9353075 -0.1970438 0.3023991 -0.9351388 -0.1845815 0.3211677 -0.9396519 -0.1179224 0.3298092 -0.9382597 -0.1043777 0.3499338 -0.936246 -0.03146398 0.04784864 -0.7812624 -0.6223662 0.04659456 -0.924176 -0.3791143 0.02317267 -0.9013098 -0.4325548 0.05011695 -0.781565 -0.6218075 0.04962784 -0.7812182 -0.6222823 0.06066876 -0.8414856 -0.5368624 0.0610845 -0.8417644 -0.5363782 0.07395541 -0.8991388 -0.43137 0.07533222 -0.8999629 -0.4294086 0.08885407 -0.9458997 -0.3120558 0.01047247 -0.7507422 -0.6605125 0.03332614 -0.8478865 -0.5291295 0.03295475 -0.8423995 -0.5378449 0.039824 -0.8476733 -0.5290217 0.039828 -0.8476757 -0.5290176 0.08762103 -0.7808688 -0.6185197 0.08705598 -0.7805155 -0.6190453 0.1052077 -0.8392208 -0.5335166 0.1061584 -0.8397752 -0.5324548 0.1270453 -0.8947164 -0.4281848 0.1296896 -0.8959975 -0.4246991 0.1512979 -0.9388605 -0.3092731 0.1555601 -0.9402807 -0.3027762 0.1723718 -0.9628949 -0.2076569 0.1243293 -0.779944 -0.6133757 0.1229611 -0.7792038 -0.614591 0.1478277 -0.836109 -0.5282696 0.1487178 -0.8365486 -0.5273231 0.1769487 -0.8886165 -0.4231428 0.1803687 -0.8899406 -0.4188947 0.2091439 -0.9291546 -0.3048453 0.2150649 -0.9305194 -0.296447 0.237296 -0.9500581 -0.2026832 0.244274 -0.950564 -0.1917249 0.2595429 -0.9575636 -0.125337 0.1245051 -0.9908924 -0.05129086 0.04926478 -0.9950087 -0.08678019 0.06050354 -0.9965273 -0.05720841 0.0595197 -0.9944478 -0.08678162 0.4020546 -0.8915813 0.2084103 0.3820644 -0.9163458 0.1197379 0.3862518 -0.9182097 0.08775317 0.3589254 -0.9332217 -0.01643055 0.2830382 -0.9582746 -0.03999114 0.2663105 -0.9571353 -0.1138898 0.188825 -0.9730396 -0.1324355 0.1773115 -0.9637713 -0.1992625 0.101748 -0.972197 -0.2109037 0.09108495 -0.946905 -0.3083415 0.0295403 -0.9493905 -0.3127062 0.04660236 -0.9242526 -0.3789269 0.6571658 -0.7209901 0.2197872 0.6353111 -0.7422968 0.2130151 0.6441361 -0.7264683 0.239442 0.5840136 -0.7776612 0.2327471 0.5781467 -0.78741 0.2138506 0.5732245 -0.7888061 0.221808 0.5473359 -0.809265 0.2133392 0.475977 -0.8523442 0.2166916 0.4435009 -0.8721537 0.2065308 0.4674162 -0.8273606 0.3114428 0.4714971 -0.8218229 0.31984 0.4843023 -0.7849321 0.3864364 0.197391 -0.7792475 -0.5948196 0.1907266 -0.7766093 -0.6004176 0.2286532 -0.8295734 -0.5094367 0.2256927 -0.8286007 -0.5123318 0.2673519 -0.8740765 -0.4056023 0.2688599 -0.8743945 -0.4039167 0.3100791 -0.9053449 -0.2901753 0.3162405 -0.905676 -0.2823882 0.3479479 -0.9182664 -0.1889949 0.3568294 -0.9173004 -0.1767276 0.3789755 -0.9189588 -0.1090521 0.3887639 -0.9164562 -0.09471529 0.4118704 -0.9109678 -0.02237361 0.4225656 -0.9063141 -0.005768954 0.4538432 -0.885684 0.09792995 0.4066211 -0.9099569 0.08147323 0.4399613 -0.8723769 0.2130556 0.4051123 -0.8915354 0.2026051 0.4275948 -0.8495651 0.308872 0.5270998 -0.7524345 0.3949788 0.5228148 -0.7600631 0.3859649 0.5098849 -0.7975746 0.3223235 0.5049522 -0.80458 0.3125289 0.4799324 -0.8518986 0.2096039 0.5102404 -0.8315894 0.219349 0.4730529 -0.8764349 0.08990448 0.5157935 -0.8501539 0.1058095 0.481733 -0.8763073 0.004376053 0.4700096 -0.8825699 -0.01271134 0.4443666 -0.8918542 -0.08446627 0.4345304 -0.8953031 -0.09806036 0.4092103 -0.8970075 -0.1671068 0.4009376 -0.898662 -0.1779205 0.3650547 -0.8903749 -0.2719702 0.3607194 -0.8905315 -0.2771915 0.3139297 -0.8647938 -0.391893 0.3152779 -0.8649612 -0.3904381 0.2671229 -0.8238922 -0.4998472 0.2739068 -0.8255406 -0.4934147 0.2291578 -0.7754679 -0.5883334 0.2402699 -0.7789965 -0.5791673 0.5793639 -0.4619291 0.6715348 0.5784474 -0.4714919 0.6656532 0.5783538 -0.5438699 0.60804 0.5761353 -0.5574675 0.5977443 0.5719584 -0.6170054 0.5405256 0.5682413 -0.6323516 0.5265296 0.5584596 -0.6941367 0.4541995 0.6940689 -0.01000708 0.7198391 0.6979063 -0.7129083 0.06847405 0.7005744 -0.7116929 0.05185389 0.6559242 -0.7540618 0.03397583 0.6376504 -0.7687582 0.04912227 0.6656219 -0.7370364 0.1171538 0.6429864 -0.7580975 0.1088884 0.6836303 -0.6964235 0.2182752 0.6624718 -0.7184689 0.2119755 0.6924377 -0.6527579 0.3073065 0.6509788 -0.698022 0.2983152 0.6669796 -0.6521672 0.3603001 0.6762452 -0.6288521 0.3837156 0.6841291 -0.5942361 0.4229077 0.6917768 -0.5689317 0.444704 0.6974264 -0.5287908 0.4837114 0.7032033 -0.5023618 0.5031279 0.7061635 -0.4550662 0.5424463 0.709904 -0.4292562 0.5583688 0.7093394 -0.3720142 0.5987011 0.7111406 -0.3492352 0.6101752 0.7062819 -0.2848992 0.6480728 0.7067368 -0.2668493 0.6552211 0.6980084 -0.2006339 0.6874085 0.6978368 -0.1878454 0.6911859 0.6824985 -0.1043802 0.7233953 0.6833364 -0.09588849 0.7237796 0.6709948 -0.03488779 0.7406409 0.6720494 -0.02590245 0.7400533 0.6617394 0.0239939 0.74935 0.582988 -0.2720304 0.7655877 0.5650296 -0.1627463 0.8088605 0.5636468 -0.1615085 0.8100724 0.5464709 -0.06973671 0.8345697 0.5745722 -0.373903 0.7280545 0.5649253 -0.2864695 0.7738182 0.5243707 -0.1647022 0.8354093 0.5283591 -0.1855304 0.8285017 0.525666 -0.1829235 0.8307913 0.508201 -0.08421933 0.8571107 0.5322601 -0.1083707 0.839616 0.4914506 -0.03494375 0.8702042 0.4403869 -0.2025145 0.8746699 0.4413155 -0.1946431 0.8759879 0.4524096 -0.2745417 0.8485002 0.4534249 -0.266104 0.8506435 0.4638926 -0.3546747 0.8117941 0.5099117 0.0119664 0.8601436 0.5471487 -0.02834731 0.8365554 0.5469713 -0.02839493 0.8366698 0.5957149 0.00115019 0.8031952 0.6471481 -0.01140642 0.7622789 0.6471019 -0.01142418 0.762318 0.4739556 -0.4512959 0.7561073 0.4772811 -0.5413835 0.6921754 0.4771221 -0.541004 0.6925816 0.4756993 -0.6249735 0.6189655 0.4750837 -0.6230977 0.6213251 0.4696041 -0.6936125 0.5462359 0.3341479 -0.9397935 0.07164901 0.3621805 -0.9097509 0.2029256 0.364782 -0.9098258 0.1978666 0.3855974 -0.8706475 0.3054302 0.4310395 -0.8450903 0.3162711 0.4434946 -0.809096 0.3855858 0.4879394 -0.778683 0.3944213 0.4989801 -0.7325191 0.4630711 0.5392321 -0.7000631 0.4681245 0.5544003 -0.7550939 0.3499624 0.5639098 -0.72579 0.3939983 0.5588382 -0.7351751 0.3836894 0.5458965 -0.7730383 0.3231233 0.5403186 -0.7813255 0.3123884 0.5144931 -0.8308807 0.2119769 0.5426622 -0.8103114 0.2211638 0.5138826 -0.8489682 0.1231983 0.5336277 -0.8401458 0.0969358 0.5724663 -0.8122766 0.111756 0.5710167 -0.8113493 0.125109 0.05936908 -0.9958558 0.06889504 0.04629749 -0.9726799 0.2274875 0.07834327 -0.9826899 0.1678777 0.08332061 -0.9572646 0.2769516 0.1341842 -0.9502854 0.2809846 0.1396666 -0.9225833 0.3596297 0.1949344 -0.910297 0.3651847 0.201857 -0.8711221 0.4476605 0.08685928 -0.92988 0.3574615 0.0732299 -0.9936485 0.08543986 0.06148284 -0.8963262 0.439112 0.03012698 -0.9746921 0.2215128 0.03904557 -0.9290831 0.3678044 0.03895932 -0.9337143 0.3558932 0.04214984 -0.9288436 0.3680669 0.04215085 -0.9287925 0.3681954 0.2517938 -0.9659048 0.0602315 0.2734923 -0.9429979 0.1896235 0.2752557 -0.9431847 0.1861099 0.2919416 -0.9098572 0.2948392 0.3423216 -0.8886798 0.3050644 0.3535026 -0.8550489 0.3793776 0.4022842 -0.829065 0.388354 0.4132991 -0.7817794 0.4669099 0.413917 -0.78363 0.4632462 0.4230814 -0.7231143 0.5459925 0.4236068 -0.7247339 0.5434318 0.4294682 -0.6534114 0.6233864 0.4297224 -0.6541634 0.6224219 0.4316003 -0.5725414 0.6970779 0.4312893 -0.571637 0.6980121 0.4288854 -0.4834044 0.7631367 0.4276798 -0.4800957 0.7658969 0.4215489 -0.3908669 0.8182418 0.3646563 -0.3335524 0.8693497 0.3715829 -0.4155219 0.8302215 0.3743385 -0.4229755 0.8252044 0.3791552 -0.510886 0.771516 0.3806841 -0.5152449 0.7678557 0.3821657 -0.6016607 0.7013943 0.3827736 -0.6034744 0.6995019 0.3804929 -0.6828547 0.6236463 0.3804585 -0.6828408 0.6236824 0.3747108 -0.7517467 0.5426499 0.3744146 -0.7508259 0.5441271 0.3657605 -0.8087391 0.4606087 0.3653706 -0.8075282 0.4630363 0.3550617 -0.8526527 0.3832945 0.3036175 -0.8760831 0.3745597 0.2934179 -0.9081858 0.2985042 0.2402915 -0.9266757 0.2890193 0.2259836 -0.9573754 0.1798995 0.2245165 -0.9571666 0.1828235 0.2161186 -0.9688665 0.1207907 0.2272015 -0.9718917 0.06169378 0.2103179 -0.9767856 -0.04069781 0.1222695 -0.9908974 -0.05632585 0.114086 -0.9845469 -0.1328601 0.04218786 -0.9893815 -0.1390847 0.04724913 -0.9737051 -0.2228588 0.3716963 -0.04995757 0.9270093 0.3099454 -0.0625382 0.9486954 0.3382403 -0.003410637 0.9410536 0.3588234 -0.148077 0.921585 0.3603289 -0.136623 0.9227662 0.3747245 -0.2471107 0.8935983 0.3749377 -0.2272947 0.8987541 0.3921151 -0.4066027 0.8251789 0.4098171 -0.2942427 0.8634068 0.4191294 -0.3847712 0.8223635 0.4657655 -0.3591063 0.8087679 0.4731408 -0.4491872 0.7578711 0.04423743 -0.9741522 0.2215189 0.04475742 -0.9600933 0.2760756 0.0834949 -0.9570833 0.2775253 0.0867294 -0.9300655 0.3570104 0.1399947 -0.9221325 0.3606567 0.1451895 -0.8840874 0.4441954 0.1651293 -0.9264118 0.3383688 0.1834143 -0.7464731 0.6396384 0.208108 -0.8198906 0.5333577 0.212705 -0.7571097 0.6176905 0.212457 -0.756318 0.6187448 0.215173 -0.6824462 0.698547 0.2144522 -0.680001 0.7011483 0.215049 -0.5984476 0.7717607 0.213713 -0.5938395 0.7756813 0.2123057 -0.5077195 0.8349534 0.2101294 -0.5003394 0.8399441 0.1497951 -0.4350187 0.887874 0.1517747 -0.5214217 0.8396927 0.1533906 -0.527261 0.8357435 0.1541671 -0.6133623 0.7746091 0.1552941 -0.6172549 0.7712847 0.1546096 -0.697893 0.6993149 0.1552476 -0.7000213 0.6970426 0.1530551 -0.7724104 0.616406 0.1533038 -0.7731587 0.6154052 0.1497725 -0.8346022 0.5301012 0.06703788 -0.8475199 0.5265129 0.06675285 -0.8595212 0.5067223 0.1428441 -0.3364614 0.9308004 0.1393181 -0.2501952 0.9581195 0.1380313 -0.2568689 0.9565384 0.1341109 -0.1714949 0.9760143 0.05867409 -0.242103 0.9684749 0.05737912 -0.1813384 0.9817454 0.1333392 -0.1754145 0.9754233 0.1284172 -0.08013546 0.9884774 0.2044191 -0.406459 0.8905077 0.2005578 -0.3266423 0.923624 0.1976887 -0.3174619 0.9274359 0.1933485 -0.2424714 0.9506967 0.1790627 -0.198523 0.9636001 0.1851463 -0.165449 0.9686834 0.1776825 -0.06342697 0.9820417 0.116971 -0.0612936 0.9912421 0.2071717 -0.4156524 0.8856145 0.1477022 -0.4274954 0.8918698 0.1449387 -0.3437702 0.9278012 0.06182634 -0.3529796 0.9335861 0.0585711 -0.384825 0.9211294 0.1838619 -0.07356411 0.9801955 0.1839076 -0.07355493 0.9801875 0.1839544 -0.07359886 0.9801756 0.1252384 -0.9774087 0.1702579 0.1337451 -0.950741 0.2796496 0.1870385 -0.9398394 0.2858647 0.1943926 -0.9110404 0.3636166 0.2509995 -0.8941253 0.370863 0.2593368 -0.8527483 0.4533926 0.2595576 -0.8532912 0.4522432 0.2666683 -0.8002532 0.5371061 0.2666659 -0.8002279 0.537145 0.2718471 -0.7359486 0.6200636 0.2715237 -0.7349625 0.6213735 0.2742937 -0.6596487 0.6997332 0.2735081 -0.6571031 0.7024307 0.2735993 -0.5743593 0.7715277 0.2719452 -0.569059 0.7760269 0.2695436 -0.482613 0.8333253 0.2670183 -0.4747382 0.8386447 0.2628354 -0.3912279 0.8819628 0.2594646 -0.3810783 0.8873881 0.2543951 -0.3048887 0.9177833 0.2509273 -0.2947874 0.9220281 0.2421129 -0.1878665 0.9518863 0.238259 -0.1820343 0.9539897 0.2257966 -0.04699474 0.9730403 0.2484013 -0.07126158 0.9660324 0.06765151 -0.7692233 0.6353886 0.06764829 -0.7694258 0.6351439 0.06354182 -0.7146178 0.6966232 0.06756848 -0.6567509 0.7510746 0.06743693 -0.6309262 0.7729066 0.06402051 -0.6569634 0.7511994 0.06338912 -0.540237 0.8391221 0.06512117 -0.5249445 0.8486415 0.06405699 -0.446056 0.8927098 0.05526417 -0.5257846 0.8488207 0.06240594 -0.3845214 0.9210044 0.4283345 -0.01043808 0.9035601 0.4914119 -0.03498423 0.8702245 0.4913112 -0.03499376 0.8702809 0.3719015 -0.05016219 0.926916 0.429854 -0.01313716 0.902803 0.4509916 -0.1443549 0.8807771 0.4679965 -0.09775036 0.8783075 0.4817779 -0.1779161 0.858042 0.4780158 -0.2098909 0.8529048 0.4954046 -0.2450294 0.8333877 0.5059165 -0.3255088 0.798807 0.5072769 -0.3285202 0.7967088 0.5157929 -0.418985 0.747268 0.5160376 -0.4196158 0.7467449 0.5202853 -0.5114515 0.683901 0.5196621 -0.5097783 0.685622 0.5187206 -0.5956764 0.6132687 0.5177192 -0.592728 0.6169607 0.5119215 -0.6687732 0.5391464 0.4939993 -0.6175565 0.6120365 0.4684979 -0.7899068 0.3956731 0.4578835 -0.7551258 0.4691778 0.4462972 -0.8044722 0.3919736 0.400043 -0.8326222 0.3830224 0.3881226 -0.8675083 0.3111114 0.340366 -0.8909977 0.3004565 0.3215066 -0.9271736 0.1923083 0.3193914 -0.9270288 0.1964858 0.3052307 -0.9447796 0.1192717 0.3120289 -0.9470722 0.0754472 0.289567 -0.9567448 -0.02811288 0.2061288 -0.9772929 -0.04908853 0.193333 -0.9732521 -0.1241079 0.1116803 -0.9841446 -0.1377931 0.104356 -0.972964 -0.2060361 0.05330556 -0.9762107 -0.2101698 0.0528714 -0.9734042 -0.2229103 0.04926586 -0.9950069 -0.08679938 0.05081468 -0.9978287 0.04190194 0.13507 -0.9895836 0.0498054 0.1198831 -0.9859865 0.1160116 0.1588934 -0.9860588 0.04940825 0.1734588 -0.9688788 0.1765957 0.1746087 -0.9690818 0.1743345 0.1862068 -0.9407104 0.2835332 0.2413483 -0.9255304 0.2917954 0.2502338 -0.8952042 0.3687717 0.3045433 -0.8747217 0.376982 0.3139934 -0.8313708 0.4585094 0.3143346 -0.8322946 0.4565956 0.3223173 -0.7767678 0.5410578 0.3224622 -0.7771743 0.5403872 0.3280106 -0.7106774 0.6223719 0.3277912 -0.7100266 0.6232296 0.3303959 -0.6329407 0.7001606 0.3296131 -0.6304754 0.702749 0.3289601 -0.5460352 0.7704744 0.3272569 -0.54087 0.7748308 0.3236582 -0.4539218 0.830181 0.3209729 -0.4460681 0.8354638 0.3154057 -0.3632662 0.8766738 0.3117668 -0.353197 0.8820733 0.3055276 -0.2800874 0.9100571 0.3018205 -0.2702049 0.9142723 0.29162 -0.1710196 0.9411218 0.287549 -0.1653282 0.9433888 0.2734728 -0.03998374 0.9610484 0.309877 -0.06254947 0.9487169 0.652457 -0.7573929 0.0256108 0.6768161 -0.7361522 1.22592e-4 0.5603141 -0.8277608 0.02932798 0.6007864 -0.799409 -0.001069605 0.6525154 -0.7573425 0.02561563 0.652502 -0.7573543 0.02560907 0.3435072 -0.4814502 -0.8063551 0.5604286 -0.8279277 -0.02134519 0.4605491 -0.8871387 0.02965921 0.4607071 -0.8870584 0.0296055 0.4608336 -0.8874785 -0.003794074 0.2325636 -0.6444432 -0.7284279 0.2620259 -0.7324796 -0.6283439 0.3433543 -0.9385287 -0.0356639 0.3420757 -0.9352242 -0.09132349 0.4348244 -0.8958476 -0.09156918 0.3548609 -0.9348318 0.01278102 0.2442155 -0.9696577 0.01107859 0.1497527 -0.9882017 -0.03211808 0.1492146 -0.9848546 -0.08829683 0.2479616 -0.9647187 -0.08850324 0.2460618 -0.9569785 -0.1537717 0.3408871 -0.9275681 -0.1530144 0.337052 -0.9164323 -0.2157497 0.4271699 -0.8787292 -0.2129812 0.4189776 -0.8605831 -0.2895767 0.5026602 -0.816706 -0.2834152 0.4884359 -0.7917001 -0.3669351 0.565342 -0.7439587 -0.3562498 0.5442284 -0.713791 -0.4408152 0.6143827 -0.6647378 -0.4250385 0.589461 -0.6353263 -0.4988951 0.2471255 -0.9689115 0.01181191 0.2442473 -0.969633 0.01246035 0.2441986 -0.9696452 0.01246058 0.04141807 -0.9923071 -0.1166667 0.05247163 -0.986779 -0.1533426 0.1488671 -0.9769339 -0.1530973 0.1471028 -0.9645817 -0.2189588 0.243546 -0.9451621 -0.2176095 0.2383314 -0.923457 -0.3007082 0.3296481 -0.8961748 -0.2969898 0.3185964 -0.8639175 -0.3900551 0.4033944 -0.831087 -0.3828415 0.3845264 -0.7893536 -0.4786028 0.4617686 -0.7538983 -0.4673406 0.4369485 -0.7103582 -0.5517856 0.5074497 -0.6742142 -0.5365912 0.4802328 -0.6352363 -0.6048564 0.5452497 -0.5993414 -0.5860825 0.5198162 -0.5690795 -0.637134 0.04227161 -0.9732784 -0.2257039 0.04234009 -0.9747129 -0.2194136 0.1471909 -0.964609 -0.2187793 0.143948 -0.9418039 -0.3037835 0.238027 -0.923345 -0.3012928 0.2296065 -0.8883348 -0.3976709 0.3173345 -0.8633967 -0.3922307 0.3012741 -0.8166279 -0.4922936 0.3814795 -0.7880021 -0.4832455 0.3587502 -0.7377572 -0.5718502 0.4312686 -0.7079027 -0.5593579 0.4050007 -0.6616895 -0.6309845 0.4713063 -0.6317595 -0.6154268 0.4456727 -0.5948072 -0.6690145 0.5074225 -0.5650035 -0.6506102 0.4857524 -0.5389426 -0.6881756 0.04285264 -0.998323 -0.03892433 0.05664664 -0.994551 -0.08751827 0.1497775 -0.9848315 -0.08759951 0.1486262 -0.9768868 -0.1536317 0.2463455 -0.957004 -0.1531579 0.2434821 -0.9451482 -0.2177412 0.3370764 -0.9164361 -0.2156954 0.3301886 -0.8963127 -0.2959712 0.4182109 -0.8604677 -0.2910243 0.405198 -0.831629 -0.3797467 0.4861992 -0.7912729 -0.3708066 0.465627 -0.7551565 -0.4614436 0.5396878 -0.712819 -0.4479132 0.5141483 -0.6763409 -0.5274605 0.5820237 -0.6337862 -0.5094737 0.5552667 -0.6021528 -0.5736646 0.130613 -0.9912974 0.01642346 0.1301643 -0.9913565 0.01642376 0.04285317 -0.9983282 -0.03878819 0.04769146 -0.9983533 -0.03188282 0.04767638 -0.9981026 -0.03896784 0.05148202 -0.9986513 0.0067299 0.03636515 -0.9992656 0.01208353 0.03932017 -0.9733532 -0.2259152 0.05350148 -0.95074 -0.3053379 0.1437923 -0.9417313 -0.3040821 0.1385227 -0.9047444 -0.4028016 0.2287759 -0.8878885 -0.3991436 0.2164986 -0.8369374 -0.5026572 0.2989675 -0.8153216 -0.4958521 0.2796486 -0.7590889 -0.5878612 0.3541665 -0.7352326 -0.5779267 0.3302972 -0.6823034 -0.6522007 0.39753 -0.6579325 -0.6396052 0.3730155 -0.6144827 -0.6951767 0.4348073 -0.5900906 -0.6802468 0.4131409 -0.5584921 -0.7193061 0.4714298 -0.5338324 -0.7019807 0.4543381 -0.5129396 -0.7283337 0.03762429 -0.8608776 -0.5074191 0.03745847 -0.8573944 -0.5132951 0.1295765 -0.8497691 -0.5109819 0.120305 -0.7849123 -0.6078154 0.1979872 -0.7729056 -0.6028417 0.3160794 -0.5498828 -0.7731253 0.2676913 -0.5625109 -0.7822551 0.2540935 -0.5582532 -0.7898036 0.2052286 -0.5681821 -0.7969005 0.1950069 -0.5642471 -0.8022454 0.1450564 -0.5717102 -0.8075309 0.1380151 -0.5684825 -0.8110361 0.08643966 -0.5735489 -0.814598 0.08238184 -0.5713768 -0.8165426 0.2517367 -0.6945316 -0.6739841 0.1825791 -0.7088524 -0.6813173 0.1796632 -0.706242 -0.6847944 0.1093753 -0.7158074 -0.6896787 0.1078199 -0.7141499 -0.6916392 0.0424605 -0.7187029 -0.6940197 0.01917767 -0.6586803 -0.7521786 0.04062473 -0.8606181 -0.5076281 0.04063236 -0.860735 -0.5074291 0.04219639 -0.7896322 -0.6121281 0.02584457 -0.7681623 -0.6397334 0.02584499 -0.768183 -0.6397086 0.2951237 -0.6244936 -0.723125 0.2331281 -0.6397892 -0.7323395 0.2279275 -0.6357124 -0.7375086 0.1655273 -0.6470237 -0.7442856 0.1620777 -0.6438266 -0.7478089 0.09892648 -0.6513535 -0.752298 0.09704864 -0.6493037 -0.7543119 0.01894193 -0.6535601 -0.7566376 0.01068496 -0.4982791 -0.8669509 0.3340592 -0.4673814 -0.8185104 0.3186473 -0.4718382 -0.8220904 0.276058 -0.4706138 -0.8380422 0.2600229 -0.4744392 -0.8410087 0.2242236 -0.4716463 -0.8528034 0.2063851 -0.4750947 -0.8553889 0.177447 -0.4715058 -0.8638257 0.1567098 -0.4746453 -0.8661144 0.1345095 -0.4709149 -0.8718638 0.1099435 -0.4736609 -0.873818 0.0942896 -0.470354 -0.8774262 0.06518054 -0.4724962 -0.8789192 0.05588704 -0.4701308 -0.8808257 0.02864789 -0.4711636 -0.8815805 0.01167404 -0.4645407 -0.8854749 0.02291131 -0.6586795 -0.7520748 0.02291643 -0.6587429 -0.7520191 0.03722208 -0.5736829 -0.8182313 0.0245316 -0.5645985 -0.8250012 0.02454 -0.5647395 -0.8249045 0.3938168 -0.4806261 -0.7835221 0.3521749 -0.4937827 -0.7950796 0.3297964 -0.4898636 -0.8070117 0.2895251 -0.5003066 -0.8160077 0.2707913 -0.4958817 -0.82509 0.231132 -0.5041701 -0.8321 0.216205 -0.499768 -0.8387416 0.1763152 -0.506272 -0.8441574 0.165062 -0.5023013 -0.8487921 0.1241452 -0.5072158 -0.8528307 0.1163762 -0.5040212 -0.855815 0.07379382 -0.5073868 -0.8585529 0.06929683 -0.5052666 -0.8601766 0.02611213 -0.5069718 -0.8615671 0.01068466 -0.4983134 -0.8669312 0.03558397 -0.9301156 -0.3655388 0.05050194 -0.9127261 -0.405439 0.1380829 -0.9044515 -0.4036095 0.1303651 -0.8504374 -0.509668 0.2149612 -0.8358666 -0.505093 0.2002163 -0.774746 -0.5997352 0.2763431 -0.7568436 -0.5923026 0.2561389 -0.6978377 -0.6688913 0.3243587 -0.6786095 -0.6589997 0.3022285 -0.6291719 -0.7161011 0.3639867 -0.6095877 -0.7042134 0.3329381 -0.5539484 -0.7630816 0.3746293 -0.540533 -0.7533107 0.3762718 -0.5303315 -0.7597159 0.4387978 -0.5072269 -0.7417395 0.4197983 -0.4834915 -0.7681182 0.1951958 -0.5288721 -0.8259498 0.1586624 -0.535531 -0.8294774 0.1337019 -0.5278968 -0.8387186 0.1221054 -0.5295543 -0.8394419 0.1024198 -0.5226131 -0.8463959 0.09046977 -0.5239595 -0.8469249 0.07579892 -0.5181285 -0.8519375 0.06184017 -0.5192952 -0.8523546 0.05159014 -0.5147577 -0.8557822 0.03559124 -0.5156371 -0.8560675 0.02941972 -0.5126208 -0.858111 0.03526276 -0.5812243 -0.8129791 0.02868437 -0.5814 -0.8131121 0.03223651 -0.5834702 -0.8114946 0.05091089 -0.5827183 -0.8110781 0.05677866 -0.5858379 -0.808437 0.07459491 -0.5847296 -0.8077915 0.08319956 -0.5888877 -0.8039211 0.09936356 -0.5875182 -0.8030873 0.1116659 -0.5928769 -0.7975135 0.1282221 -0.5910768 -0.7963589 0.1447733 -0.597467 -0.7887167 0.1623543 -0.595089 -0.7870897 0.1838238 -0.6022376 -0.7768647 0.2026085 -0.5991312 -0.7745912 0.2301113 -0.6066727 -0.7609185 0.2207421 -0.6803555 -0.6988486 0.1972534 -0.6836488 -0.7026489 0.1806408 -0.6775492 -0.7129488 0.1577321 -0.6800692 -0.7159794 0.1460092 -0.675022 -0.7232058 0.1238853 -0.6769057 -0.7255696 0.1160216 -0.6730521 -0.7304382 0.09422647 -0.6744573 -0.7322764 0.08931219 -0.6717619 -0.7353635 0.06510692 -0.6728774 -0.7368835 0.06199854 -0.6709873 -0.7388722 0.03687393 -0.6717084 -0.7398974 0.03494739 -0.6704131 -0.7411646 0.207826 -0.6371597 -0.7421832 0.1867449 -0.6403073 -0.7450724 0.1681918 -0.6336675 -0.7551009 0.1479369 -0.6360974 -0.7572944 0.1342413 -0.6304053 -0.7645708 0.1149805 -0.6322327 -0.7661993 0.1052594 -0.627673 -0.7713282 0.08649057 -0.6290446 -0.7725427 0.07997798 -0.6256517 -0.775992 0.05927568 -0.6267499 -0.7769628 0.05505132 -0.6243252 -0.7792224 0.03359323 -0.625051 -0.7798607 0.03093647 -0.6233786 -0.781308 -0.005142152 -0.4698421 -0.8827356 0.02567857 -0.5126165 -0.8582337 0.02568346 -0.5127351 -0.8581627 0.02546387 -0.5126217 -0.858237 0.02546739 -0.512641 -0.8582254 0.293124 -0.4783964 -0.8277775 0.2821723 -0.481705 -0.8296621 0.2385788 -0.476495 -0.8461872 0.227621 -0.4792547 -0.8476459 0.1910483 -0.4728876 -0.8601617 0.1788212 -0.4754024 -0.8614032 0.1492017 -0.4687091 -0.870661 0.1345584 -0.4710848 -0.8717645 0.1119727 -0.4648393 -0.8782861 0.09367215 -0.4670436 -0.8792586 0.07776892 -0.4618374 -0.8835487 0.05516624 -0.4636364 -0.8843066 0.04576486 -0.4600715 -0.8867017 0.01155507 -0.4613634 -0.8871361 0.01880115 -0.4644929 -0.8853773 0.9988294 -0.04705452 -0.01122266 0.9995097 -0.03129458 0.001035928 0.9994436 -0.03137654 -0.01132136 0.9986252 -0.04343241 -0.02935069 0.9937632 -0.03911119 -0.1044268 0.9954224 -0.03405672 -0.08929908 0.9954258 -0.03405869 -0.08926171 0.9964661 -0.04555135 -0.07057189 0.9981412 -0.03122603 -0.05233657 0.9981421 -0.03122425 -0.05232179 0.9905999 -0.03834837 -0.1313062 0.9924812 -0.03313928 -0.1178262 0.9924898 -0.03314447 -0.1177518 0.9866741 -0.1623593 0.01066303 0.9866691 -0.1623906 0.01065754 0.9724002 -0.2329357 -0.01337957 0.9227067 -0.3851504 0.01647621 0.944804 -0.3273885 -0.01274049 0.9611695 -0.2755602 0.01482558 0.9611748 -0.275542 0.0148254 0.9861003 -0.03742617 -0.1618817 0.9885066 -0.03222906 -0.1477027 0.9884911 -0.03222727 -0.1478064 0.9771956 -0.03688275 -0.2091137 0.9775559 -0.03719341 -0.207367 0.9793246 -0.03407633 -0.1994045 0.9793141 -0.03407287 -0.1994566 0.9812444 -0.03675568 -0.189231 0.9836723 -0.03219407 -0.1770662 0.9836639 -0.03219008 -0.1771134 0.9790099 -0.01098644 -0.2035161 0.9138671 -0.2129089 -0.345712 0.964242 -0.0951007 -0.2473727 0.9541686 -0.09468591 -0.2838961 0.9656687 -0.05703955 -0.2534376 0.9814497 -0.005924522 -0.1916283 0.9363918 -0.1748394 -0.3043054 0.8468766 -0.2933685 -0.4435481 0.8278042 -0.285287 -0.4830649 0.9140697 -0.168304 -0.3689858 0.8649172 -0.2429217 -0.4392122 0.8618274 -0.2418756 -0.4458136 0.8719686 -0.4893307 0.01504307 0.9080271 -0.4188192 -0.0087924 0.9227572 -0.3850321 0.01641815 0.9227697 -0.3850021 0.01641863 0.8721266 -0.4890491 0.01504296 0.871972 -0.4893252 0.01502579 0.8624414 -0.5061546 -0.00163716 0.8013759 -0.5761969 -0.1606044 0.8543142 -0.4962981 -0.1543878 0.8550583 -0.4954572 -0.1529628 0.8999075 -0.4109712 -0.1458398 0.9005138 -0.4101216 -0.1444829 0.9370638 -0.3214265 -0.1363688 0.9374652 -0.3207153 -0.1352804 0.965299 -0.2286666 -0.1261332 0.965467 -0.2282766 -0.125552 0.8879569 -0.4043711 -0.2191267 0.9257891 -0.31986 -0.2015048 0.9276558 -0.3172615 -0.1969771 0.9572217 -0.2282194 -0.1778838 0.9582903 -0.2262566 -0.174607 0.8094437 -0.587131 0.008845686 0.8082909 -0.5887004 0.009883224 0.8094408 -0.5871022 0.01080107 0.8094711 -0.5870605 0.01079934 0.8093331 -0.5872834 0.00884509 0.7360706 -0.676896 0.003462612 0.7462209 -0.6654833 0.01692426 0.7358235 -0.6769127 0.01879405 0.7360038 -0.6767166 0.01879429 0.6786985 -0.7326516 -0.05089318 0.7489789 -0.66059 -0.05149227 0.7476754 -0.6618566 -0.05410611 0.8101859 -0.5836362 -0.05447649 0.8090924 -0.5849193 -0.05691307 0.8634651 -0.5011793 -0.05698645 0.8626187 -0.5023872 -0.05912822 0.9082417 -0.4142885 -0.05884087 0.9076142 -0.4153944 -0.06069535 0.9439541 -0.3245773 -0.06000125 0.7462939 -0.6583693 -0.09795594 0.8079468 -0.5812354 -0.09688913 0.8074304 -0.5817887 -0.09786808 0.8610995 -0.4992394 -0.09626954 0.860732 -0.4997192 -0.09706366 0.9058665 -0.4128067 -0.09485113 0.9056167 -0.4132083 -0.09548455 0.9420344 -0.3224915 -0.09257727 0.9466468 -0.312721 -0.07788139 0.9703246 -0.2296683 -0.07564795 0.9699929 -0.2307845 -0.07650077 0.6007437 -0.7994033 -0.007839083 0.67971 -0.7334362 -0.008099794 0.6767297 -0.7361425 -0.01145076 0.7488694 -0.6626144 -0.01169735 0.7461283 -0.6656312 -0.0150898 0.8104497 -0.5856085 -0.01530587 0.8080937 -0.5887609 -0.01857835 0.8641018 -0.5029678 -0.01874732 0.8621733 -0.5061429 -0.02183645 0.9091749 -0.4158356 -0.02194619 0.9077429 -0.4188002 -0.02468436 0.9454454 -0.3248413 -0.02472227 0.9445067 -0.3273829 -0.02697652 0.972569 -0.2310494 -0.02694064 0.9720654 -0.2329632 -0.02858763 0.5185744 -0.854534 0.02919447 0.5186792 -0.8549576 -0.004407048 0.6037942 -0.7971267 -0.004666328 0.6029716 -0.7963479 -0.04749077 0.6801444 -0.7314894 -0.04823815 0.6776193 -0.7289335 -0.09740632 0.7469816 -0.6577627 -0.09678184 0.7401161 -0.6513674 -0.1671785 0.8006536 -0.5768606 -0.1618196 0.7899191 -0.5680412 -0.2309914 0.844242 -0.4894543 -0.2183801 0.8448148 -0.478712 -0.2390036 0.8853189 -0.4072362 -0.2244309 0.8693325 -0.3981673 -0.2927868 0.9120089 -0.3135316 -0.2644578 0.9106885 -0.3070181 -0.2763811 0.9420681 -0.2280181 -0.2459987 0.4314953 -0.9016322 0.02951771 0.4315911 -0.9020686 -0.001295387 0.5216243 -0.853174 -0.00153315 0.5209818 -0.8524327 -0.04400545 0.6045295 -0.7953207 -0.04482346 0.6022483 -0.7924816 -0.0962814 0.6785144 -0.7282863 -0.09600806 0.6716036 -0.7204853 -0.1727703 0.7394418 -0.6518698 -0.1682013 0.727673 -0.6402658 -0.2460725 0.7882398 -0.5687462 -0.2349593 0.7763849 -0.5590049 -0.2911016 0.8305559 -0.4851019 -0.273593 0.8165649 -0.4755565 -0.3272125 0.8653632 -0.3998513 -0.3021017 0.8523308 -0.3925645 -0.3455798 0.8968111 -0.313974 -0.3116896 0.886712 -0.3094466 -0.3434891 0.9282338 -0.2231078 -0.2976661 0.9293482 -0.2265961 -0.2914896 0.9331367 -0.2071141 -0.2938702 0.9153678 -0.2013894 -0.3486321 0.912791 -0.2115042 -0.3493973 0.7728706 -0.3769062 -0.5105026 0.6718916 -0.3764293 -0.6378578 0.6940094 -0.3905743 -0.6048163 0.7065401 -0.3738292 -0.6008767 0.754146 -0.3663991 -0.5449913 0.7633613 -0.4083055 -0.5005657 0.7738462 -0.3620265 -0.5197104 0.7481204 -0.3481364 -0.5649044 0.7369536 -0.3647976 -0.5690538 0.6978116 -0.3424843 -0.6290974 0.6834608 -0.385334 -0.6199993 0.6821153 -0.3844676 -0.6220155 0.8537057 -0.3065567 -0.4209627 0.8617697 -0.3101357 -0.4014585 0.8100003 -0.3807193 -0.446041 0.8236037 -0.388271 -0.4134281 0.7697811 -0.4541943 -0.4484917 0.7879505 -0.4665139 -0.4018691 0.7312014 -0.5302314 -0.4291843 0.7514233 -0.5467994 -0.3692877 0.6905534 -0.6093231 -0.3896939 0.70956 -0.6280254 -0.3195447 0.6429274 -0.6894358 -0.3336507 0.6572748 -0.7064095 -0.2626317 0.58401 -0.7650799 -0.2712656 0.5963673 -0.7828204 -0.1775904 0.5155695 -0.8375667 -0.1807492 0.5217193 -0.8480108 -0.09320199 0.4337059 -0.8962378 -0.09304308 0.4353455 -0.8994472 -0.03833079 0.3420667 -0.938924 -0.03758168 0.3424096 -0.9395236 0.007151365 0.2445038 -0.9695851 0.01107805 0.4290885 -0.4695953 -0.7715981 0.4902299 -0.4645847 -0.7374522 0.4733462 -0.4475075 -0.7587361 0.5314123 -0.4382098 -0.7249643 0.5399287 -0.4459814 -0.7138471 0.570594 -0.4447019 -0.6904078 0.5880146 -0.4596465 -0.6655554 0.6065061 -0.4628782 -0.6464474 0.6210744 -0.4751229 -0.6233177 0.637457 -0.4776298 -0.6045812 0.6557825 -0.4928283 -0.5719001 0.6694748 -0.4944083 -0.5544042 0.6906765 -0.5118316 -0.5108763 0.6143831 -0.4537725 -0.6454642 0.6507171 -0.3926357 -0.6499266 0.57613 -0.4418145 -0.6876585 0.569467 -0.4363219 -0.6966568 0.5766803 -0.4147834 -0.7038429 0.6161913 -0.4115392 -0.6715235 0.621881 -0.4157995 -0.6636075 0.6524712 -0.4116014 -0.6362906 0.6675048 -0.422201 -0.6133382 0.6858068 -0.4234583 -0.5919056 0.69787 -0.4318166 -0.5714122 0.7137595 -0.4324761 -0.550919 0.7289998 -0.4428925 -0.521925 0.3548789 -0.9345317 0.0266757 0.1597879 -0.9871498 0.001779317 0.4343225 -0.9007567 0.001232862 0.4338425 -0.9000712 -0.04065001 0.5225523 -0.8515982 -0.04147022 0.5205693 -0.848542 -0.09478431 0.6032806 -0.7918776 -0.09477508 0.596611 -0.7827064 -0.1772739 0.6711176 -0.720776 -0.1734451 0.6587831 -0.7061517 -0.2595278 0.7260352 -0.6407406 -0.2496483 0.7126602 -0.627572 -0.3134789 0.7732659 -0.5598565 -0.2976923 0.756532 -0.5461179 -0.3597424 0.8118578 -0.4768177 -0.3369448 0.7951076 -0.4654306 -0.3888167 0.846241 -0.3943757 -0.3582513 0.8321561 -0.3865458 -0.3976162 0.8801365 -0.3118609 -0.3579141 0.8705634 -0.3075981 -0.3840609 0.9038097 -0.2494577 -0.3477052 0.8930999 -0.2455261 -0.3769477 0.8932581 -0.2412266 -0.3793411 0.876339 -0.252537 -0.410189 0.8642448 -0.2480644 -0.4376584 0.8198817 -0.3007004 -0.4872099 0.8017928 -0.2926156 -0.5210609 0.976495 -0.08901751 -0.1962993 0.9761763 -0.09077835 -0.1970769 0.9789931 -0.08943289 -0.1832333 0.9838624 -0.05707913 -0.1695783 0.976473 -0.03673917 -0.2124872 0.9494029 -0.1204934 -0.2900268 0.942019 -0.1187055 -0.313862 0.9034606 -0.1924391 -0.3830488 0.9002565 -0.1915566 -0.3909534 0.8451826 -0.2744975 -0.4586039 0.8544914 -0.2771549 -0.4393516 0.7212521 -0.3973724 -0.567354 0.7233934 -0.3982516 -0.5640014 0.6944884 -0.4328536 -0.5747379 0.712182 -0.4394207 -0.5474545 0.9992981 -0.03053224 0.02170908 0.9982771 -0.04890358 -0.03242492 0.997379 -0.06245297 -0.03653579 0.9970083 -0.06422913 -0.04300278 0.9975925 -0.03705048 -0.05862361 0.988883 -0.08552622 -0.1216379 0.9855622 -0.09013354 -0.1433293 0.9953898 -0.04096889 -0.08672147 0.9838193 -0.05710911 -0.1698181 0.9756305 -0.1305152 -0.1763829 0.9845433 -0.1212165 -0.1264169 0.9819151 -0.13393 -0.133812 0.9895159 -0.120565 -0.07951366 0.9877546 -0.1308955 -0.08489573 0.992986 -0.1140466 -0.03118127 0.9920961 -0.1207444 -0.03415119 0.9946959 -0.1018736 0.01421248 0.9944609 -0.1042559 0.01334965 0.9949222 -0.08473229 0.05431771 0.9950494 -0.08287918 0.05484467 0.9940975 -0.06418043 0.08747041 0.9943963 -0.05727165 0.08885878 0.9970344 -0.02319377 0.07338023 0.9970345 -0.02320271 0.07337456 0.9978666 -0.006605982 0.06495207 0.9983853 -0.05426746 0.01679587 0.998386 -0.05424368 0.01682984 0.9396733 -0.2507255 -0.2327032 0.956144 -0.2371985 -0.1718304 0.9481371 -0.2593343 -0.1837984 0.9635254 -0.2399891 -0.1184234 0.9573149 -0.259376 -0.1275634 0.9697462 -0.2354421 -0.06449317 0.965516 -0.2506145 -0.07050621 0.9746261 -0.223449 -0.01321464 0.9721935 -0.233601 -0.01644402 0.9782004 -0.2050576 0.03279477 0.9773353 -0.209298 0.03178364 0.9807756 -0.1815062 0.07165724 0.981026 -0.1800563 0.07188707 0.8843861 -0.372866 -0.2807705 0.9111306 -0.3555876 -0.2083232 0.8959631 -0.3844227 -0.2224175 0.9208253 -0.3605492 -0.1486108 0.9086117 -0.3860628 -0.1593124 0.9301882 -0.3562788 -0.08840459 0.9211249 -0.3773261 -0.09567666 0.938789 -0.3431121 -0.03081381 0.9330906 -0.3579536 -0.03480333 0.9465886 -0.3217414 0.02126991 0.9438158 -0.3298828 0.01972484 0.9208791 -0.2597207 -0.2907352 0.9358261 -0.2530804 -0.2453159 0.9165616 -0.3015761 -0.2626153 0.9306504 -0.2929036 -0.219311 0.918003 -0.3200589 -0.2341642 0.9392925 -0.3011129 -0.1645011 0.9286989 -0.3261127 -0.1765469 0.9474592 -0.3013263 -0.1073484 0.9392566 -0.3229492 -0.1161935 0.9545828 -0.293482 -0.05138188 0.9490414 -0.3099761 -0.05687999 0.9606922 -0.2776148 7.39955e-4 0.9576401 -0.2879616 -0.001898467 0.9658275 -0.2549854 0.04647552 0.9648213 -0.258889 0.04578691 0.9898286 0.0470941 0.1342445 0.9898093 0.04595637 0.1347803 0.9924134 -0.06493413 0.1043995 0.9935469 -0.04774081 0.1028863 0.9897627 -0.1067128 0.09477496 0.9896866 -0.1284556 0.06340098 0.9894493 -0.130485 0.06295746 0.9878169 -0.153997 0.02242016 0.9882307 -0.1511911 0.0232684 0.9842961 -0.1746436 -0.02570647 0.9858048 -0.1663723 -0.02256667 0.9790409 -0.1880117 -0.07829815 0.9818258 -0.175385 -0.07251346 0.9720759 -0.1937974 -0.1323292 0.9761652 -0.1781256 -0.1239871 0.9643959 -0.1918797 -0.1819961 0.9697068 -0.1739742 -0.1714698 0.961591 -0.1802267 -0.2070293 0.9714865 -0.140372 -0.1910753 0.9623168 -0.1452611 -0.2298817 0.7675393 -0.5653675 0.3020648 0.8009254 -0.5158766 0.3039569 0.7679687 -0.6064709 0.2059549 0.790201 -0.5754359 0.2108461 0.7555423 -0.6429734 0.1254643 0.7829322 -0.6074571 0.134213 0.7517383 -0.6563414 0.06407535 0.7852528 -0.6143757 0.07694679 0.7593984 -0.6503047 0.0204485 0.8002238 -0.5984746 0.03834253 0.7769874 -0.6293736 -0.01340121 0.8270863 -0.5619541 0.01166266 0.799107 -0.5987662 -0.05391943 0.8094767 -0.5855408 -0.04346996 0.7687991 -0.6253091 -0.1339282 0.7873459 -0.6055991 -0.115483 0.7368797 -0.639216 -0.2200258 0.7643342 -0.615083 -0.193562 0.7066598 -0.6385484 -0.3047753 0.7424652 -0.6123469 -0.2716187 0.6919209 -0.6231729 -0.364556 0.7837238 -0.5418012 -0.3036919 0.7461245 -0.5499278 -0.3753368 0.8338215 -0.4597088 -0.3056299 0.8019381 -0.4680538 -0.3712424 0.9793812 -0.009624302 -0.201792 0.9609307 -0.07831245 -0.2654799 0.957805 -0.07779425 -0.2766907 0.9251879 -0.1601589 -0.3440588 0.9357767 -0.1614765 -0.3134444 0.8637974 -0.284095 -0.416106 0.8881641 -0.2847591 -0.3606618 0.7819332 -0.4105196 -0.4690995 0.8154627 -0.4108781 -0.407676 0.7244377 -0.4947882 -0.4799737 0.7543547 -0.4966294 -0.4293116 0.6572566 -0.5704947 -0.4924933 0.6958432 -0.5745026 -0.4309863 0.6022564 -0.6357157 -0.4828591 0.6459601 -0.6411378 -0.4143403 0.5629637 -0.6897329 -0.4553465 0.6104151 -0.6953421 -0.379332 0.5382235 -0.7349348 -0.4125364 0.5888706 -0.7388419 -0.3276342 0.5275942 -0.7718826 -0.3547418 0.5802689 -0.7715917 -0.2606422 0.8476617 -0.4729059 -0.2404778 0.7651406 -0.5664157 -0.306159 0.8084871 -0.5475131 -0.2158201 0.77878 -0.5764261 -0.2474567 0.8263424 -0.544723 -0.1429522 0.8042702 -0.5702452 -0.1672422 0.8442094 -0.5311015 -0.07239937 0.8301798 -0.5504782 -0.08817738 0.8610662 -0.5084154 -0.008885145 0.8538692 -0.5202093 -0.01702249 0.8750023 -0.4823991 0.04076999 0.8729037 -0.4863772 0.03842425 0.886967 -0.4551596 0.07822716 0.8882714 -0.4523629 0.07963627 0.8996016 -0.4219895 0.1124355 0.9036939 -0.411984 0.1166471 0.9142896 -0.3766524 0.1490221 0.9203526 -0.3590977 0.1549198 0.9309418 -0.3101035 0.1928296 0.9072232 -0.3739025 0.1927255 0.9217657 -0.3002967 0.2452956 0.9028009 -0.3494658 0.2506478 0.9151937 -0.2587991 0.3089396 0.8999346 -0.2968181 0.3194009 0.9007016 -0.2900157 0.3234618 0.8857632 -0.2452346 0.3940603 0.8539718 -0.3070471 0.4200648 0.8520615 -0.3367186 0.4007641 0.8001695 -0.4271206 0.4210664 0.791358 -0.4834648 0.374185 0.7888863 -0.5208209 0.3261966 0.791812 -0.5094254 0.3369268 0.760016 -0.5562172 0.3361523 0.9855124 0.09122598 0.1429793 0.9839 0.09818053 0.1493368 0.9907946 -0.02903097 0.1322249 0.991119 -0.03203201 0.1290632 0.9836462 -0.1482617 0.1022673 0.9826027 -0.1554197 0.1016697 0.9704373 -0.2264264 0.08356153 0.9700114 -0.2283129 0.08337312 0.9433036 -0.3272137 0.05576384 0.9510285 -0.3046343 0.05237221 0.9344244 -0.3531048 0.04656285 0.9206749 -0.390301 -0.004798352 0.9252681 -0.3793053 -0.002600252 0.9067588 -0.4165968 -0.06508344 0.9149274 -0.3991025 -0.06020855 0.8918398 -0.4330282 -0.1307991 0.903874 -0.4098595 -0.1225844 0.876832 -0.4381457 -0.1979753 0.8926241 -0.4105421 -0.186219 0.8625854 -0.432135 -0.2630699 0.8813125 -0.4020568 -0.2482714 0.8589711 -0.4129977 -0.3026576 0.885056 -0.3650529 -0.2888121 0.8617627 -0.3730333 -0.3438189 0.6345553 -0.4636887 -0.6183304 0.640286 -0.466414 -0.6103211 0.5760788 -0.5281217 -0.6238757 0.580452 -0.5266539 -0.6210566 0.613285 -0.5398437 -0.5765852 0.8975881 -0.2066045 -0.389423 0.8581192 -0.2620989 -0.4415153 0.8425907 -0.2560558 -0.4737896 0.7765416 -0.3257313 -0.5393351 0.7736839 -0.3243806 -0.5442338 0.697243 -0.3935999 -0.5991088 0.6967058 -0.3933184 -0.5999182 0.6111158 -0.4544242 -0.6481021 0.5910831 -0.4423834 -0.674476 0.5944027 -0.4397706 -0.6732661 0.5369338 -0.4729961 -0.6985535 0.4726719 -0.4806069 -0.7386463 0.4496952 -0.4911465 -0.7460224 0.404321 -0.4925855 -0.7706388 0.2976322 -0.5298975 -0.7941183 0.3078733 -0.5435028 -0.7809091 0.2581041 -0.5563418 -0.789852 0.1973142 -0.5544424 -0.8084928 0.1607522 -0.5611765 -0.8119358 0.1631108 -0.5619013 -0.8109636 0.148359 -0.5641734 -0.8122181 0.1279912 -0.5570871 -0.8205317 0.113991 -0.5588371 -0.8214057 0.0984016 -0.5526672 -0.8275725 0.08454054 -0.5540279 -0.8281945 0.07312256 -0.5489936 -0.8326219 0.05764245 -0.5501168 -0.833096 0.0497235 -0.5462609 -0.8361379 0.03291428 -0.5470585 -0.8364471 0.02812761 -0.5445045 -0.8382862 0.004427492 -0.5450129 -0.838416 0.03502887 -0.5750321 -0.8173806 0.3856866 -0.5993558 -0.7014404 0.4377633 -0.6009287 -0.668766 0.4112733 -0.5801236 -0.7030726 0.4506369 -0.6781866 -0.5805079 0.5109703 -0.6541315 -0.557693 0.4963893 -0.6471885 -0.5785713 0.7978675 -0.3212149 -0.5101258 0.8001613 -0.3220566 -0.5059858 0.7597572 -0.381427 -0.5265762 0.7459828 -0.3904452 -0.5395019 0.7738912 -0.3979698 -0.4926588 0.6446205 -0.4983818 -0.579724 0.6794842 -0.5082888 -0.5290972 0.5847295 -0.5665093 -0.5806536 0.6154545 -0.5767352 -0.5372079 0.527558 -0.6223505 -0.5782408 0.566519 -0.6368085 -0.5230022 0.4868974 -0.6732662 -0.5564563 0.5304315 -0.6899932 -0.4924956 0.4597086 -0.7196214 -0.520397 0.5072039 -0.7370423 -0.4466688 0.9823617 -0.01119929 -0.1866554 0.977258 -0.06914919 -0.2004628 0.9637531 -0.06624215 -0.2584412 0.9357966 -0.1372599 -0.3247221 0.9325707 -0.136557 -0.3341619 0.888408 -0.2203638 -0.4027048 0.8986563 -0.2224581 -0.3780601 0.8081625 -0.3428556 -0.4788774 0.8333053 -0.3467524 -0.4305405 0.7138749 -0.4595658 -0.5283767 0.7487999 -0.4650617 -0.4722461 0.6523842 -0.5367758 -0.535039 0.683281 -0.5430863 -0.4880415 0.5883154 -0.6020281 -0.5398586 0.6276949 -0.6116216 -0.4815788 0.5414236 -0.6583719 -0.5228835 0.5855373 -0.6698383 -0.4565772 0.5086838 -0.7076744 -0.4903446 0.5565523 -0.7195221 -0.4153763 0.4898793 -0.7506438 -0.4433422 0.5410875 -0.7608534 -0.3582271 0.3106874 -0.6035659 -0.7342898 0.3537552 -0.6090849 -0.7098401 0.3219189 -0.5763923 -0.7510927 0.4426184 -0.5350759 -0.7195712 0.4690838 -0.5341268 -0.703327 0.9988791 -0.04717689 0.003877222 0.9906218 -0.1362189 -0.01062625 0.9902278 -0.1362982 -0.02952438 0.99043 -0.135047 -0.02847236 0.9880658 -0.1350508 -0.07407671 0.9882551 -0.1340692 -0.07333129 0.9843254 -0.1333265 -0.1154458 0.9843569 -0.1332231 -0.1152965 0.9794327 -0.1319777 -0.1526227 0.979111 -0.1328027 -0.1539643 0.9714592 -0.1306808 -0.1979639 0.9701172 -0.1332218 -0.2027921 0.9612044 -0.1308065 -0.2428494 0.9581614 -0.1351565 -0.2523083 0.9507667 -0.1332356 -0.2798054 0.9456462 -0.139176 -0.2939106 0.9386419 -0.1374014 -0.316342 0.8932082 -0.2188164 -0.3928084 0.880438 -0.2145282 -0.4228553 0.8220327 -0.2874636 -0.4915557 0.8190942 -0.2862791 -0.4971209 0.748105 -0.3607722 -0.5569401 0.748932 -0.3611401 -0.5555887 0.6655132 -0.4294511 -0.6104622 0.6663883 -0.4298986 -0.6091912 0.5558256 -0.4988992 -0.6649493 0.5703536 -0.5079728 -0.6454924 0.507448 -0.516842 -0.6894714 0.5500599 -0.5426248 -0.6348169 0.488861 -0.5493916 -0.677631 0.5402219 -0.578525 -0.6111213 0.4804304 -0.5843129 -0.6540376 0.5212351 -0.60561 -0.6012909 0.4388312 -0.6386731 -0.6320791 0.3885252 -0.637055 -0.6657395 0.3550832 -0.6468194 -0.6749376 0.3490266 -0.7255386 -0.5931056 0.3859317 -0.7289426 -0.5654197 0.3271064 -0.6829277 -0.6531547 0.3142269 -0.6412042 -0.7000847 0.366552 -0.6879062 -0.6264383 0.401588 -0.6776331 -0.6160687 0.4531772 -0.7070801 -0.5428335 0.4355497 -0.7371028 -0.5166971 0.4624739 -0.7495059 -0.4736654 0.4464774 -0.7613766 -0.4700677 0.4976056 -0.7773392 -0.3848797 0.4852568 -0.7868544 -0.3812954 0.5387917 -0.7926369 -0.28536 0.5304651 -0.7993318 -0.2822688 0.5817692 -0.7924297 -0.1833027 0.5774101 -0.7960767 -0.1812723 0.618946 -0.7795321 -0.09610348 0.6413516 -0.7594816 -0.1088858 0.6361678 -0.766845 -0.08508545 0.6946108 -0.7169364 -0.05931407 0.6921897 -0.7193746 -0.05808311 0.7358727 -0.6760514 -0.0380249 0.02403157 -0.4767738 -0.8786975 0.03168648 -0.4765084 -0.8785988 0.04781764 -0.4796985 -0.8761295 0.055072 -0.4792128 -0.8759692 0.08159661 -0.4834548 -0.8715581 0.08073866 -0.4835423 -0.8715894 0.1178556 -0.48807 -0.864811 0.1093342 -0.4892389 -0.8652696 0.157398 -0.493262 -0.8555223 0.1427231 -0.4958108 -0.8566223 0.2018373 -0.4983901 -0.8431306 0.1821212 -0.502576 -0.8451327 0.2522616 -0.5026295 -0.8268783 0.2288433 -0.5085873 -0.830042 0.3100237 -0.5047866 -0.8056525 0.3639498 -0.4870221 -0.7939458 0.3560739 -0.4769319 -0.803584 0.4126284 -0.4766381 -0.7762436 0.3994171 -0.4604112 -0.7927721 0.4537915 -0.4556759 -0.7657891 0.4637786 -0.466691 -0.7530664 0.4926587 -0.4678199 -0.7337793 0.5113794 -0.4872009 -0.7079029 0.5288494 -0.4919732 -0.6915784 0.5451347 -0.5084923 -0.6665312 0.5608741 -0.5125257 -0.6501828 0.5814066 -0.5330364 -0.6146858 0.5948535 -0.5360447 -0.5990038 0.6187432 -0.5596619 -0.5513034 0.6294437 -0.5614987 -0.5371406 0.6543558 -0.5859928 -0.4779446 0.04798525 0.08901476 0.9948738 0.00948739 -0.01691067 0.9998121 0.05107367 -0.2419267 0.9689494 0.05456537 -0.09987205 0.993503 0.05419158 -0.08446657 0.9949517 0.05040127 -0.1003096 0.9936789 0.06946808 0.5126549 0.8557799 0.04796093 0.0882368 0.9949442 0.7345843 0.01515561 0.6783481 0.7787812 2.14612e-5 0.6272956 0.7786663 -1.75021e-5 0.6274383 0.694063 -0.009955286 0.7198455 0.7313418 0.02029609 0.6817092 0.7368245 -0.007927298 0.6760377 0.7352582 -0.02012807 0.6774882 0.7443783 -0.06647586 0.6644412 0.7429413 -0.08000224 0.6645585 0.7554321 -0.1493234 0.6379851 0.7556187 -0.1669896 0.6333678 0.7627816 -0.2225905 0.6071391 0.7621853 -0.2453427 0.5990663 0.7661938 -0.3003924 0.5680771 0.7640852 -0.3276039 0.5557424 0.7644392 -0.377294 0.5227641 0.7602615 -0.4070376 0.5062835 0.7576085 -0.4484336 0.474275 0.7512067 -0.478834 0.4543201 0.7462399 -0.5143007 0.4226358 0.737863 -0.5433298 0.4004385 0.7308016 -0.5749707 0.3678829 0.720824 -0.6014537 0.3444797 0.7051706 -0.6477258 0.2884196 0.7487632 -0.5931072 0.295935 0.7409282 -0.6084213 0.2843396 0.7693413 -0.5700169 0.2884352 0.7414082 -0.6381468 0.2075635 0.7629448 -0.6104285 0.2128201 0.7259293 -0.6771049 0.1206468 0.7518 -0.6465967 0.1292651 0.717897 -0.6941194 0.05312412 0.7498566 -0.6583486 0.06551504 0.7211185 -0.6928027 0.003566265 0.7597796 -0.6498664 0.02022254 0.7332366 -0.6789803 -0.03674161 0.7796586 -0.6260332 -0.01466077 0.7456797 -0.6605134 -0.08765804 0.7579855 -0.6478134 -0.07613146 0.7095643 -0.6825698 -0.174977 0.7310184 -0.6644368 -0.1553573 0.67292 -0.6901758 -0.2661505 0.7035341 -0.6691755 -0.2392571 0.6393413 -0.6828438 -0.353507 0.6780369 -0.6611384 -0.3211886 0.6232023 -0.6633313 -0.4142591 0.7133425 -0.5992923 -0.3633059 0.671679 -0.6005163 -0.4338518 0.7673879 -0.5229464 -0.3710026 0.7312828 -0.5250197 -0.4354077 0.8219227 -0.4384447 -0.3636059 0.7944869 -0.4415001 -0.416975 0.8783488 -0.3424803 -0.3334826 0.8480898 -0.3477025 -0.3998084 0.9473361 -0.1855044 -0.261041 0.9325336 -0.2108048 -0.2931594 0.9665092 -0.1278854 -0.2224979 0.9537341 -0.1314868 -0.270375 0.9880444 0.007787168 -0.1539735 0.9709005 -0.05703949 -0.2325912 0.02554297 -0.5751892 -0.8176215 0.02554285 -0.5751771 -0.8176301 0.006524622 -0.6237385 -0.781606 0.03935009 -0.6553606 -0.7542905 0.03999882 -0.6702975 -0.7410138 0.01996761 -0.6557033 -0.7547548 0.01997572 -0.6558678 -0.7546114 0.2415522 -0.7267505 -0.643029 0.2147881 -0.7305136 -0.6482407 0.2006317 -0.7254781 -0.6583529 0.1739848 -0.7283617 -0.6627358 0.1644091 -0.7242787 -0.6696193 0.1384389 -0.7264121 -0.6731718 0.1325619 -0.7235095 -0.6774669 0.1066281 -0.7250996 -0.6803389 0.1033203 -0.7232503 -0.6828132 0.07434856 -0.7245002 -0.6852531 0.07247567 -0.7233264 -0.6866922 0.04230147 -0.7241194 -0.6883761 0.04100424 -0.7232078 -0.6894122 0.01459449 -0.7235294 -0.6901392 0.0461418 -0.7499732 -0.659857 0.5937082 0.01184713 0.8045932 0.5911312 0.00654453 0.806549 0.6023411 -0.04895126 0.7967365 0.6018526 -0.05338603 0.7968209 0.6174277 -0.1323082 0.775421 0.6172644 -0.1339985 0.7752606 0.6348024 -0.233101 0.7366749 0.6348646 -0.2393717 0.7346075 0.6446309 -0.316829 0.6957517 0.6442726 -0.3286249 0.6905929 0.6495661 -0.4025581 0.6449892 0.6481389 -0.4193779 0.63564 0.6486209 -0.4841925 0.5872381 0.6455338 -0.5045954 0.5732972 0.6420872 -0.5581488 0.5255419 0.6372582 -0.5793836 0.5081503 0.6308907 -0.6238839 0.4612437 0.6242883 -0.6448166 0.4409941 0.6155272 -0.6825122 0.3940856 0.6076477 -0.7013501 0.3726559 0.5916979 -0.7460937 0.3053486 0.6371619 -0.7027434 0.3165068 0.6072664 -0.7652194 0.2136982 0.6300756 -0.7444316 0.2209672 0.5892529 -0.8013782 0.1028306 0.6266559 -0.7704604 0.1170181 0.5898997 -0.8071102 0.02431952 0.5793499 -0.8150093 0.01065433 0.5497766 -0.8331964 -0.05941051 0.5431817 -0.8368871 -0.06762886 0.5119647 -0.8475933 -0.1395635 0.509124 -0.8487338 -0.1429812 0.4657096 -0.8520106 -0.2391496 0.4687494 -0.8512968 -0.2357288 0.4118452 -0.8397933 -0.3537381 0.4231178 -0.8389766 -0.3421837 0.3620019 -0.8109754 -0.4596451 0.3806133 -0.8119791 -0.4425194 0.3209406 -0.7715767 -0.5492418 0.345151 -0.7749946 -0.5293905 0.2898837 -0.7274198 -0.6219549 0.3179419 -0.7328562 -0.601527 0.2683955 -0.6826683 -0.6796527 0.2987927 -0.6893336 -0.6599563 0.2555173 -0.6401996 -0.7244692 0.2875758 -0.6473429 -0.7058665 0.251017 -0.6024713 -0.7576404 0.2857578 -0.6096832 -0.7393437 0.2579532 -0.5738716 -0.7772591 0.3773655 -0.5394691 -0.7527076 0.3714116 -0.5331056 -0.7601657 0.4374042 -0.5074955 -0.7423785 0.4995042 -0.5032777 -0.7051293 0.5585174 -0.4730188 -0.6814041 0.5590614 -0.4733958 -0.6806958 0.6447385 -0.4193786 -0.6390883 0.6463709 -0.4203786 -0.6367783 0.7265467 -0.3568084 -0.5872119 0.7214215 -0.3540264 -0.5951607 0.7507066 -0.3404011 -0.5661863 0.7604458 -0.3252373 -0.5620882 0.7792794 -0.3347982 -0.5297488 0.7888538 -0.3186269 -0.5255347 0.8394235 -0.3431549 -0.4214416 0.8285889 -0.3028847 -0.4708518 0.8426299 -0.3091345 -0.4409204 0.7869862 -0.3757274 -0.4893684 0.7986453 -0.382223 -0.4648347 0.7420781 -0.4428767 -0.5031703 0.7596875 -0.4548383 -0.4647549 0.7014436 -0.5124614 -0.4953386 0.723376 -0.5304162 -0.4420247 0.6622039 -0.5867401 -0.4660709 0.685272 -0.6093831 -0.3988165 0.6193777 -0.6652485 -0.4169121 0.6399207 -0.6895306 -0.339189 0.5679793 -0.7441747 -0.3515731 0.5826525 -0.7651633 -0.2739369 0.5037326 -0.816758 -0.2813538 0.5155308 -0.8375797 -0.1807994 0.44147 -0.8783978 -0.183089 0.4316731 -0.889034 -0.1525679 0.3405924 -0.9275699 -0.153658 0.3431804 -0.9349557 -0.08991694 0.2470358 -0.9648497 -0.08965784 0.2479432 -0.9681939 -0.03353852 0.1490712 -0.9882726 -0.03309619 0.1491961 -0.9887722 0.008383333 0.1302276 -0.991348 0.01643574 0.984906 0.1120913 0.131893 -0.8285934 0.5192981 0.2091947 -0.9639648 0.2626573 0.04222667 -0.9911794 0.09129518 -0.09606599 -0.9783204 0.2070498 -0.004426956 -0.3947403 -0.6063818 -0.6902763 -0.01998972 -0.6557024 -0.7547549 -0.945666 0.3214685 0.04872161 -0.9510238 -0.09660768 -0.2936339 -0.9800114 0.1988867 -0.004662752 -0.9999216 0.01117306 0.005660533 -0.9999299 0.01111149 0.004128813 -0.9944324 -0.1046524 0.01233929 -0.266891 -0.4722585 -0.840084 -0.135168 -0.7117089 -0.6893476 -0.9086211 -0.416908 -0.0244022 -0.8501052 -0.5262495 0.0195657 -0.0274924 -0.9988683 -0.03881102 -0.1731303 -0.9847556 0.0168066 -0.05801689 -0.9981469 0.01835 0.9968026 0.07944464 0.008551776 0.9954552 0.07750093 0.05533969 0.995183 0.03861021 -0.09011137 0.9477161 0.3111642 0.07079017 0.9980092 0.06195968 -0.01177942 0.607203 0.7595617 0.2331753 0.7109643 0.7031823 0.008030831 0.7109206 0.7032302 0.007710397 -0.28183 0.9100231 0.3040227 0.2227094 0.9748084 0.01221019 0.1082047 0.9941087 0.0062927 0.1082209 0.994044 0.01284146 0.9644662 0.2352284 0.1203022 0.9985387 0.04589182 -0.02854132 0.9991923 0.02090215 -0.03432279 0.9974225 0.06874155 -0.02057039 0.5491194 0.3271201 -0.7690646 0.9771472 0.2056173 0.05389881 0.5143418 0.5918275 -0.620639 -0.4540364 0.3401836 -0.8234843 -0.4414858 0.5198926 -0.7313017 -0.6926704 0.1217322 -0.7109072 0.9665144 0.2048481 0.1545551 0.3575242 0.9320251 0.05920845 0.269944 0.9615986 0.04958266 0.1928305 0.9802822 0.04316711 0.9817162 0.1215345 0.1465011 0.4314831 0.8878348 0.1599121 -0.08196848 0.9966096 -0.007101833 -0.05779629 0.9948968 0.08270347 -0.8733185 0.004850089 0.4871255 -0.8699988 0.03675448 -0.4916822 -0.9658066 -0.1555712 0.2074018 -0.4029062 0.8810096 0.2479689 -0.9860807 0.1031597 0.130396 -0.883445 -0.4685244 -0.003149151 -0.7620714 -0.008340299 0.6474393 -0.8691014 -0.1445537 0.4730402 -0.7902202 -0.05359458 0.610475 -0.820266 -0.5022593 0.2736776 -0.5335863 -0.07630634 0.8422963 -0.4739956 -0.1006324 0.8747578 -0.0984413 -0.06775003 0.992834 -0.0491696 -0.9284897 0.3680888 -0.04883986 -0.933978 0.3539773 -0.6293047 -0.7659657 -0.1314239 -0.5289421 -0.8078162 -0.2601024 -0.03353059 -0.9956599 -0.0868166 -0.04023498 -0.7501751 -0.6600142 -0.03585147 -0.850052 -0.5254773 0.00479716 -0.9251703 -0.3795221 -0.03217136 -0.8479105 -0.5291625 -0.03216934 -0.8479068 -0.5291685 -0.1150515 -0.8958697 -0.4291629 -0.2310113 -0.9534775 -0.1936865 -0.1812227 -0.9619012 -0.2047059 -0.1785925 -0.9634707 -0.1995725 -0.1344531 -0.9690245 -0.2071569 -0.1322281 -0.9702091 -0.2030029 -0.07782328 -0.9747179 -0.2094485 -0.0764802 -0.9753329 -0.2070668 -0.0323503 -0.9772142 -0.2097758 -0.04163616 -0.9739488 -0.2229129 -0.1956025 -0.9727815 -0.1242414 -0.1467586 -0.9801453 -0.1333314 -0.1448754 -0.9809774 -0.1292075 -0.08471745 -0.9869506 -0.1369365 -0.08355474 -0.9873774 -0.1345534 -0.04559117 -0.9895075 -0.1371003 -0.02047985 -0.9960054 -0.08691287 -0.04163348 -0.9739215 -0.2230326 -0.01280039 -0.9500797 -0.3117449 -0.06854534 -0.9486684 -0.3087555 -0.06699734 -0.9480975 -0.3108416 -0.1182784 -0.944873 -0.305328 -0.1404991 -0.9507099 -0.2764251 -0.1589706 -0.9384226 -0.3067432 -0.202888 -0.9327854 -0.2979059 -0.2249135 -0.9532493 -0.2018162 -0.2762665 -0.9424634 -0.188254 -0.3725774 -0.9255063 -0.06800174 -0.347214 -0.9321964 -0.1022362 -0.2944057 -0.9482186 -0.1191923 -0.3015411 -0.947161 -0.1093577 -0.2463175 -0.9610926 -0.1250147 -0.2521359 -0.9606388 -0.1166218 -0.1978987 -0.9716228 -0.1295577 -0.2405362 -0.7833067 -0.5732129 -0.2526875 -0.8785253 -0.4053918 -0.2131333 -0.8325204 -0.5113551 -0.2575388 -0.8265208 -0.5005368 -0.286338 -0.8313494 -0.4763075 -0.292653 -0.8252375 -0.48305 -0.341189 -0.8604626 -0.37841 -0.337672 -0.8604018 -0.3816889 -0.3043081 -0.8680629 -0.3922545 -0.3034243 -0.8680001 -0.393077 -0.2529403 -0.8773862 -0.4076946 -0.2960432 -0.9121486 -0.2834491 -0.3875439 -0.8825589 -0.2662698 -0.3898767 -0.8822622 -0.2638366 -0.3495459 -0.8947088 -0.2780541 -0.3537753 -0.8944327 -0.2735566 -0.2966176 -0.9091751 -0.2922646 -0.3300744 -0.7795796 -0.5322657 -0.3809316 -0.8128827 -0.4405827 -0.3634967 -0.8130009 -0.4548623 -0.5089377 -0.7361925 -0.4460977 -0.5089509 -0.7561917 -0.4112702 -0.5412796 -0.7616305 -0.35628 -0.5268641 -0.7943314 -0.3024101 -0.5448334 -0.7575144 -0.359623 -0.5461834 -0.7736892 -0.3210746 -0.566221 -0.7733207 -0.2852523 -0.5666623 -0.7772689 -0.2733993 -0.5876265 -0.7743967 -0.2345314 -0.6270611 -0.7606065 -0.1681437 -0.5880582 -0.7770485 -0.2244624 -0.620992 -0.7673635 -0.1597569 -0.5673911 -0.802743 -0.1834974 -0.5575063 -0.8073773 -0.1932066 -0.5155056 -0.8305349 -0.2108694 -0.5091037 -0.8328523 -0.217188 -0.4693043 -0.8516725 -0.2332542 -0.4661767 -0.8525242 -0.2363936 -0.4553914 -0.8884083 -0.05787461 -0.4317151 -0.8977523 -0.08753776 -0.3874711 -0.915977 -0.1041749 -0.5359013 -0.8433316 -0.04002094 -0.510218 -0.857183 -0.0701065 -0.4680765 -0.8793748 -0.0872032 -0.7171699 -0.6956176 -0.04223155 -0.7107959 -0.7017008 -0.04883909 -0.6573889 -0.7500174 -0.07289731 -0.6523049 -0.7539225 -0.0780968 -0.6032793 -0.7913016 -0.099478 -0.600493 -0.7930538 -0.1023424 -0.5542392 -0.8233671 -0.1220071 -0.5540866 -0.8234466 -0.1221636 -0.5097063 -0.8487832 -0.1405938 -0.4799501 -0.8603572 -0.1715619 -0.7487509 -0.6515182 0.1220504 -0.7587266 -0.6377575 0.1326627 -0.7043775 -0.7005416 0.1144282 -0.7406705 -0.6717214 0.01405906 -0.7399329 -0.6725493 0.01329857 -0.6848186 -0.7286414 -0.01026517 -0.685007 -0.728467 -0.01006782 -0.6338267 -0.7728247 -0.03171461 -0.6358054 -0.7712802 -0.02963775 -0.5870345 -0.8080087 -0.05012422 -0.5908789 -0.8054487 -0.04598647 -0.547269 -0.8344904 -0.06420874 -0.04456996 -0.9966233 0.06896096 -0.03716444 -0.9905459 0.1320517 -0.04333359 -0.9741911 0.2215262 -0.04662382 -0.9786418 0.2002162 -0.04718989 -0.9740464 0.2213749 -0.04130357 -0.9608623 0.2739303 -0.04677587 -0.9287784 0.367672 -0.04678529 -0.9286515 0.3679912 -0.03947925 -0.8607721 0.5074573 -0.05003082 -0.8974326 0.4383053 -0.05138039 -0.8600664 0.5075882 -0.04851132 -0.8496584 0.5250976 -0.04872298 -0.7700767 0.6360881 -0.05280601 -0.7892552 0.6117906 -0.05311679 -0.7701009 0.635707 -0.04251015 -0.6576647 0.7521104 -0.05363017 -0.7169452 0.6950635 -0.05400359 -0.6573549 0.7516437 -0.0498737 -0.6342154 0.7715463 -0.04985332 -0.525412 0.8493862 -0.05303937 -0.5440367 0.8373833 -0.05297726 -0.5258616 0.8489189 -0.04668706 -0.4504851 0.8915624 -0.05152761 -0.3847578 0.9215782 -0.05152761 -0.3849753 0.9214873 -0.04669845 -0.3565383 0.933113 -0.04526865 -0.2422724 0.9691517 -0.04952496 -0.2667211 0.9625005 -0.04919171 -0.2419504 0.9690409 -0.04205876 -0.1820927 0.9823815 -0.04562819 -0.09991824 0.9939489 -0.03204876 -0.01690262 0.9993435 -0.06860667 0.405027 0.911727 -0.04563057 -0.1003322 0.9939071 -0.03710979 -0.06960284 0.9968843 -0.06838786 0.4019314 0.9131125 -0.09951984 -0.9940578 0.04410314 -0.1752784 -0.9830104 0.05448228 -0.1865664 -0.9716603 0.1451525 -0.186884 -0.9721511 0.1414099 -0.1952175 -0.9573596 0.2129617 -0.1954846 -0.9580284 0.2096839 -0.2038797 -0.9360936 0.2866389 -0.2040942 -0.936811 0.2841315 -0.212195 -0.9062932 0.3655216 -0.212338 -0.9069053 0.3639166 -0.2197409 -0.8665384 0.4481353 -0.2197947 -0.8667569 0.4476861 -0.2260178 -0.815895 0.5321949 -0.2258881 -0.8152853 0.5331833 -0.2305118 -0.7530858 0.6162192 -0.2301417 -0.7510447 0.6188431 -0.2327057 -0.6793125 0.695976 -0.2318264 -0.6746634 0.7007752 -0.2322071 -0.5955141 0.7690533 -0.23052 -0.5871355 0.7759721 -0.2288865 -0.5057405 0.8317677 -0.2262902 -0.4933261 0.8398941 -0.2231296 -0.4138978 0.8825542 -0.2197611 -0.398728 0.8903489 -0.2158012 -0.3254196 0.920615 -0.2123354 -0.3105043 0.9265533 -0.2079139 -0.2417961 0.9477904 -0.2049983 -0.2297097 0.9514248 -0.2003222 -0.1643508 0.9658467 -0.2273945 -0.0719546 0.9711408 -0.2273394 -0.07195675 0.9711534 -0.2275282 -0.07198715 0.9711071 -0.1649662 -0.08394032 0.9827209 -0.1079324 -0.04590445 0.9930979 -0.1139196 -0.1734298 0.9782354 -0.114997 -0.1785445 0.9771887 -0.1180079 -0.2535305 0.9601024 -0.1198026 -0.2622824 0.9575257 -0.1225663 -0.3402088 0.9323281 -0.1246042 -0.3505173 0.9282303 -0.126995 -0.4319813 0.8928967 -0.1290838 -0.4429151 0.8872224 -0.1308129 -0.5269086 0.8397949 -0.1324442 -0.5355623 0.8340452 -0.133216 -0.6188499 0.7741308 -0.1342698 -0.6244689 0.7694221 -0.1338199 -0.703765 0.6977155 -0.1344574 -0.7070432 0.6942702 -0.1327392 -0.7775471 0.6146551 -0.1330812 -0.7792844 0.6123768 -0.1302172 -0.8394131 0.5276639 -0.1302941 -0.8397786 0.5270631 -0.1265276 -0.888435 0.441219 -0.1265414 -0.8884714 0.4411416 -0.1221625 -0.9261358 0.3568598 -0.1220822 -0.9258894 0.3575261 -0.1173761 -0.9537048 0.2768937 -0.1172029 -0.9533129 0.2783128 -0.1123905 -0.9727807 0.2026478 -0.1121807 -0.9724482 0.2043532 -0.1074685 -0.9850398 0.1347119 -0.107203 -0.9847812 0.1367975 -0.1007005 -0.993825 0.04659754 -0.04377359 -0.9981324 0.04261165 -0.03360009 -0.9970508 0.06899845 -0.172946 -0.9836606 0.05001586 -0.2369672 -0.9694942 0.06267029 -0.251994 -0.9554349 0.1537638 -0.2522395 -0.9562584 0.1481386 -0.2635957 -0.9387754 0.2218516 -0.2638427 -0.9399465 0.2165355 -0.2751923 -0.9148218 0.295585 -0.2754264 -0.9162523 0.2908987 -0.2862565 -0.8821503 0.3739896 -0.2864818 -0.8836112 0.3703504 -0.2961995 -0.8394669 0.455589 -0.2963991 -0.8407528 0.453081 -0.3043906 -0.7859801 0.5381279 -0.3044268 -0.7862905 0.5376539 -0.3100901 -0.7206284 0.620112 -0.3099485 -0.7198318 0.6211072 -0.3128036 -0.6442692 0.6979048 -0.3120055 -0.6401416 0.702048 -0.3118014 -0.5581667 0.7689147 -0.3101337 -0.5502822 0.7752462 -0.3072007 -0.4670733 0.8291383 -0.3042693 -0.4545248 0.8371545 -0.299556 -0.3763362 0.8767197 -0.2956171 -0.3607017 0.8845931 -0.2902191 -0.2921062 0.9112886 -0.2860719 -0.2765023 0.9174472 -0.2804707 -0.2149378 0.9354882 -0.2609536 -0.1466924 0.9541407 -0.1983867 -0.1566661 0.9675219 -0.1884949 -0.03675085 0.9813864 -0.1649386 -0.08394169 0.9827253 -0.3585329 -0.2394106 0.9022953 -0.3628377 -0.2535048 0.8967075 -0.3696613 -0.3181604 0.8729974 -0.3738159 -0.3326323 0.8658046 -0.3803431 -0.4100751 0.8289617 -0.3833182 -0.4213173 0.8219239 -0.387898 -0.5063899 0.7701328 -0.3895097 -0.5131898 0.7647996 -0.3907473 -0.5982249 0.6996026 -0.3912968 -0.6008302 0.6970581 -0.3886608 -0.6804186 0.6212676 -0.3886208 -0.680124 0.6216151 -0.3824005 -0.7495591 0.5403065 -0.3821383 -0.7477107 0.5430461 -0.3728859 -0.8068009 0.4582888 -0.3725935 -0.8045369 0.4624874 -0.3609902 -0.8529614 0.3770186 -0.3607271 -0.8505119 0.3827603 -0.3475231 -0.8888399 0.2986493 -0.3473056 -0.8866585 0.3053124 -0.3332518 -0.9156563 0.2247594 -0.3330793 -0.9138976 0.2320552 -0.3188019 -0.9348711 0.156145 -0.3186404 -0.933575 0.164031 -0.3001442 -0.9511283 0.07258528 -0.2331644 -0.9708341 0.05581665 -0.4256389 -0.2031357 0.881798 -0.4294847 -0.2142641 0.8772877 -0.4376388 -0.2761923 0.8556811 -0.4412975 -0.2874532 0.8500748 -0.4497199 -0.3651437 0.8151211 -0.4521794 -0.3734844 0.809965 -0.458641 -0.4610002 0.759689 -0.4597206 -0.4651325 0.7565109 -0.4623282 -0.553956 0.6923767 -0.4623671 -0.5541141 0.6922242 -0.460338 -0.6378542 0.6174391 -0.459923 -0.6355077 0.620162 -0.4535481 -0.7092723 0.5396546 -0.4530079 -0.7056325 0.5448547 -0.4429234 -0.7692309 0.4605461 -0.442478 -0.7652975 0.4674754 -0.4293564 -0.8186298 0.3814429 -0.4290763 -0.8148497 0.3897612 -0.4138404 -0.8578255 0.3047487 -0.4137058 -0.854613 0.313822 -0.397221 -0.8879664 0.2318 -0.3972287 -0.885417 0.2413427 -0.3803113 -0.9102348 0.1638171 -0.3803547 -0.9084527 0.1733326 -0.3589825 -0.9296946 0.08245968 -0.2948142 -0.9534361 0.06359517 -0.3305967 -0.04693722 0.9426043 -0.3452008 -0.003535151 0.9385223 -0.2898304 -0.06727206 0.9547109 -0.52256 -0.01674282 0.8524383 -0.4671941 -0.02963745 0.883658 -0.4612341 -0.02650815 0.8868824 -0.4650064 -0.01644647 0.8851547 -0.410749 -0.04149216 0.9108039 -0.4108937 -0.04146325 0.91074 -0.3946952 -0.02000445 0.9185944 -0.3526772 -0.05688726 0.9340143 -0.3524946 -0.05691885 0.9340813 -0.5507982 -0.1707919 0.816977 -0.4128641 -0.1191282 0.9029683 -0.4113233 -0.1265576 0.9026607 -0.3465155 -0.1439211 0.9269379 -0.3443902 -0.1537004 0.9261597 -0.2723003 -0.1699582 0.9470833 -0.2622504 -0.07145375 0.9623509 -0.2809429 0.007158696 0.9596978 -0.5354074 -0.1490617 0.8313362 -0.558728 -0.2055318 0.8034798 -0.5702542 -0.2834417 0.7710195 -0.5706164 -0.2844218 0.7703903 -0.5804536 -0.3756737 0.7224562 -0.579613 -0.3729115 0.724559 -0.5848991 -0.4676669 0.6627072 -0.5835127 -0.4620873 0.6678236 -0.582947 -0.5528517 0.5954225 -0.5814796 -0.5453497 0.6037179 -0.5753484 -0.6267437 0.5255156 -0.5742033 -0.6188633 0.5360026 -0.5632019 -0.6907337 0.4535312 -0.5624971 -0.6832624 0.4655637 -0.5474397 -0.7452087 0.3807544 -0.5471701 -0.738539 0.3939099 -0.5289876 -0.7904021 0.3089285 -0.5291034 -0.7849526 0.3223338 -0.5089878 -0.8267224 0.2397112 -0.5093405 -0.8225612 0.2529138 -0.4883698 -0.8550471 0.1743261 -0.4888347 -0.8520827 0.1870718 -0.4631575 -0.8808011 0.09836 -0.4037559 -0.9115902 0.07736027 -0.540661 -0.8361009 0.09284979 -0.5942859 -0.7962408 0.1132478 -0.6228286 -0.7581209 0.1932286 -0.6219217 -0.7622156 0.1795572 -0.6456881 -0.7207824 0.2521104 -0.6449324 -0.7266154 0.2368383 -0.6673834 -0.6759983 0.3124511 -0.6669753 -0.6835806 0.2964145 -0.686924 -0.6233407 0.3736065 -0.6870762 -0.6328091 0.3570421 -0.7032644 -0.5634251 0.4335565 -0.7041929 -0.5746065 0.4170606 -0.7155801 -0.4971566 0.490694 -0.7173822 -0.5095313 0.4751218 -0.7233134 -0.4240829 0.5449509 -0.7259721 -0.436817 0.5311831 -0.7257119 -0.3436153 0.5960461 -0.4979906 -0.8626785 0.08826887 -0.5530515 -0.8259695 0.1091263 -0.581125 -0.7906514 0.1927798 -0.5803074 -0.7945325 0.1787776 -0.6036019 -0.7556245 0.2543549 -0.6029508 -0.7609871 0.2394771 -0.6250438 -0.7126336 0.3185495 -0.6247209 -0.7198452 0.3025667 -0.6443814 -0.6617105 0.383291 -0.6445795 -0.6704339 0.3674721 -0.6606161 -0.6025927 0.447737 -0.6615199 -0.6128332 0.4322349 -0.6728206 -0.5363166 0.5095852 -0.6744952 -0.5476226 0.4951423 -0.6803978 -0.4623984 0.5685478 -0.6827952 -0.4739078 0.5560594 -0.6825349 -0.3803187 0.6241024 -0.685315 -0.39064 0.6146085 -0.6787219 -0.2944923 0.6727636 -0.5815946 -0.8076346 0.09733462 -0.6341192 -0.7643201 0.1170798 -0.6627438 -0.7235489 0.1929969 -0.66179 -0.7278485 0.1796404 -0.6855145 -0.6844691 0.2481372 -0.6847101 -0.6904315 0.233402 -0.7070875 -0.6380994 0.3047236 -0.7066135 -0.6460183 0.2887176 -0.7264604 -0.5845049 0.3613992 -0.7265774 -0.5943944 0.3446456 -0.7426586 -0.5244206 0.416463 -0.7435595 -0.5360925 0.399655 -0.7549104 -0.4587491 0.4686785 -0.7567513 -0.4717805 0.4524938 -0.7627628 -0.387073 0.5180419 -0.8361536 -0.4498925 0.3137581 -0.6216737 -0.7765849 0.1021659 -0.6741063 -0.7285924 0.121383 -0.7021536 -0.685588 0.1922222 -0.7011977 -0.6899413 0.1797303 -0.7243837 -0.6449663 0.2434889 -0.723563 -0.6510514 0.2293223 -0.74534 -0.5976235 0.2954902 -0.7448617 -0.6056259 0.2799974 -0.764126 -0.5436849 0.3471573 -0.7642015 -0.5536268 0.3308983 -0.7797778 -0.4840858 0.3969981 -0.7806308 -0.4959009 0.3803917 -0.7916957 -0.4197697 0.4438595 -0.8593705 -0.3348509 0.3864679 -0.8609365 -0.3476758 0.3713625 -0.8661332 -0.2731995 0.4185398 -0.8693768 -0.2081859 0.4481548 -0.8893926 -0.3212246 0.3252626 -0.8789607 -0.3114835 0.361118 -0.8822774 -0.3402501 0.3252945 -0.8500804 -0.4051727 0.3364499 -0.8493086 -0.3937201 0.3516524 -0.4526798 -0.8877786 0.08324795 -0.5096589 -0.8540272 0.1043341 -0.5367463 -0.8218826 0.1908203 -0.536077 -0.8253446 0.1772787 -0.5584353 -0.7894226 0.2548764 -0.5579033 -0.7943191 0.240419 -0.579232 -0.7489318 0.3218563 -0.5790001 -0.7552721 0.3071203 -0.5980418 -0.7000146 0.3902893 -0.5982691 -0.7079113 0.3754141 -0.6139779 -0.6424564 0.4585641 -0.6147904 -0.6514795 0.4445304 -0.6259716 -0.5767164 0.5249361 -0.6274377 -0.5865909 0.5120871 -0.6334061 -0.5027359 0.588263 -0.6353794 -0.512422 0.5776822 -0.6353729 -0.4196081 0.6482518 -0.6375589 -0.4279186 0.6406281 -0.6313996 -0.3319487 0.7008171 -0.6331669 -0.3374456 0.6965847 -0.622247 -0.2457943 0.7432321 -0.5744737 -0.004325449 0.8185116 -0.6270594 -0.01440185 0.7788383 -0.7934756 -0.4330492 0.427627 -0.7994892 -0.3504352 0.4878649 -0.7655773 -0.4007723 0.5032626 -0.7655677 -0.3093249 0.5641139 -0.7290594 -0.3558211 0.5846912 -0.7225134 -0.2607982 0.6402802 -0.6815235 -0.3028593 0.6661846 -0.6701448 -0.2118811 0.7113454 -0.6232972 -0.2485493 0.7414337 -0.6052194 -0.1425577 0.7831901 -0.6052391 -0.1424259 0.783199 -0.5891217 -0.05890214 0.8058947 -0.5895878 -0.05659008 0.8057194 -0.5799854 -0.007505595 0.8145923 -0.5766558 -0.01525533 0.8168449 -0.7172469 -0.01103574 0.6967318 -0.7172054 -0.01104944 0.6967743 -0.8062865 -0.2896939 0.5157321 -0.8009566 -0.2007067 0.5640793 -0.7670302 -0.2414298 0.5944547 -0.7564873 -0.1552715 0.6353092 -0.717918 -0.1897287 0.6697737 -0.7018918 -0.09872716 0.7054083 -0.7033311 -0.09092247 0.7050238 -0.6916177 -0.03191703 0.7215582 -0.6932348 -0.02447187 0.7202963 -0.6865781 0.009319365 0.7269964 -0.7058369 0.05104362 0.706533 -0.6727733 -0.0122565 0.7397473 -0.6726788 -0.01229006 0.7398326 -0.8022701 -0.3645478 0.4727237 -0.8026379 -0.2759361 0.5288023 -0.7691577 -0.322493 0.5517198 -0.763067 -0.2298106 0.6040827 -0.7259777 -0.2709822 0.63208 -0.7147755 -0.181943 0.6752724 -0.6723603 -0.2174865 0.7075531 -0.6549882 -0.1188784 0.7462295 -0.6557368 -0.1146947 0.7462268 -0.641723 -0.04422557 0.7656604 -0.6427996 -0.03906422 0.7650378 -0.6340562 0.004620552 0.7732734 -0.6268582 -0.01445597 0.7789993 -0.7862437 -0.007927715 0.6178658 -0.7962968 0.03980779 0.603595 -0.7962365 0.03969717 0.6036818 -0.7854026 -0.002839505 0.6189789 -0.7829425 -0.01335525 0.6219509 -0.8267566 0.004839003 0.562539 -0.861878 -1.31543e-4 0.5071157 -0.8733571 0.004862964 0.4870561 -0.8640775 0.01475018 0.5031427 -0.8645792 0.01105785 0.5023751 -0.8241093 -0.006200432 0.5663968 -0.8709667 0.02636754 0.4906343 -0.839643 4.06239e-4 0.5431386 -0.8279875 -0.003491222 0.5607359 -0.8355622 0.03133112 0.5485016 -0.8026136 -0.002500116 0.5964941 -0.8948523 -0.003668844 0.4463473 -0.8651778 -0.02239131 0.5009653 -0.8614897 -0.01353794 0.5075947 -0.8286309 -0.03312349 0.5588148 -0.8306242 -0.03769856 0.5555559 -0.7877916 -0.06596428 0.6123995 -0.7999377 -0.1418362 0.5830799 -0.805141 -0.2132372 0.5534238 -0.7957223 -0.1312473 0.59127 -0.7603797 -0.16489 0.628199 -0.7461576 -0.08133089 0.6607831 -0.7481578 -0.07080304 0.6597324 -0.7387205 -0.02175754 0.6736606 -0.7408182 -0.01247948 0.6715897 -0.7412788 -0.015087 0.6710277 -0.7533441 0.04382699 0.6561645 -0.576483 -0.0153172 0.8169656 -0.5223295 -0.01774263 0.8525592 -0.5334039 -0.07719916 0.8423305 -0.4748169 -0.09653776 0.8747739 -0.4875549 -0.1697562 0.8564304 -0.4904444 -0.1772401 0.8532586 -0.49972 -0.2372571 0.83306 -0.5023791 -0.2445946 0.8293303 -0.5125275 -0.3227767 0.7956952 -0.514002 -0.3272741 0.7929021 -0.522306 -0.4170054 0.7438434 -0.5225476 -0.4178472 0.7432011 -0.526569 -0.5101143 0.6800799 -0.5259293 -0.5074171 0.6825879 -0.5246459 -0.5950438 0.6088265 -0.5237217 -0.5900851 0.6144227 -0.5173969 -0.6681593 0.5346623 -0.5165536 -0.6622847 0.5427259 -0.5058575 -0.7304902 0.4587944 -0.5052719 -0.7245905 0.4686886 -0.4909906 -0.7825456 0.3828192 -0.4907319 -0.7773608 0.3935638 -0.4738172 -0.8249543 0.3081356 -0.4738248 -0.8205686 0.3196206 -0.4552857 -0.8583091 0.2366864 -0.4554523 -0.8549164 0.2483571 -0.4362985 -0.8836443 0.1697546 -0.4365513 -0.8812451 0.1811907 -0.4127488 -0.9062897 0.09098052 -0.3517715 -0.9333929 0.07095497 -0.6570815 -0.6719363 -0.3416807 -0.7700272 -0.5805341 -0.2646476 -0.788577 -0.5646632 -0.24352 -0.8324475 -0.5128779 -0.2097321 -0.8498139 -0.5088793 -0.1373254 -0.8079497 -0.5645187 -0.168926 -0.7816106 -0.5815352 -0.2256146 -0.8670414 -0.4936791 -0.06723326 -0.8278441 -0.5527609 -0.09554982 -0.8059322 -0.5736308 -0.1463589 -0.6706226 -0.6701645 -0.3180329 -0.6706647 -0.677821 -0.3012766 -0.6849665 -0.6745015 -0.2754427 -0.685146 -0.6805832 -0.2595793 -0.7001573 -0.6754138 -0.2315081 -0.7004208 -0.6799332 -0.2170292 -0.7157937 -0.6727398 -0.1872449 -0.7160796 -0.6758831 -0.1743904 -0.7317031 -0.6664473 -0.1430341 -0.731953 -0.6683956 -0.1322575 -0.7472776 -0.65688 -0.1004246 -0.7474837 -0.6579075 -0.09179311 -0.7616364 -0.6450839 -0.06145638 -0.8302905 -0.5529598 -0.06966447 -0.8472494 -0.5304904 -0.02736133 -0.8418569 -0.5386214 -0.03411847 -0.9296851 -0.3591462 -0.08185219 -0.9564219 -0.2885311 -0.04479873 -0.9668296 -0.2549198 0.01601266 -0.9851332 -0.1633676 0.05313986 -0.9865272 -0.1384878 0.0870946 -0.9922842 -0.01458382 0.123124 -0.9913507 -0.007393538 0.1310319 -0.8676447 -0.4956693 0.03879112 -0.8650892 -0.5003024 0.03630918 -0.8335273 -0.5521404 0.0193215 -0.8298727 -0.5577235 0.01600468 -0.9447301 -0.3020861 0.1273939 -0.9397606 -0.3246224 0.1071003 -0.8800523 -0.468648 0.07666158 -0.8809612 -0.4667974 0.07750821 -0.8488076 -0.5250258 0.06223845 -0.849044 -0.5246186 0.06244826 -0.8992573 -0.4336708 0.0571497 -0.9099946 -0.4045575 0.09079319 -0.9117673 -0.4001308 0.09260636 -0.9187626 -0.3777855 0.1146883 -0.8902871 -0.443703 0.1025506 -0.8692532 -0.4880363 0.07886469 -0.8617644 -0.4986354 0.09340685 -0.8286321 -0.5540378 0.08006888 -0.930986 -0.3345008 0.1461996 -0.8949813 -0.4247677 0.1363115 -0.8950662 -0.4227428 0.1419336 -0.8428493 -0.523142 0.1262049 -0.8431228 -0.5213527 0.1316642 -0.829893 -0.5487902 0.1005333 -0.8857275 -0.4482616 0.1206172 -0.8856607 -0.4495075 0.1163968 -0.9131404 -0.3877194 0.1258899 -0.9234074 -0.3642236 0.1210786 -0.9485954 -0.287827 0.1316159 -0.9530776 -0.2620769 0.151522 -0.7989901 -0.5853351 0.1378322 -0.8060046 -0.5796871 0.119665 -0.8084069 -0.5698291 0.147558 -0.8567419 -0.4902424 0.1601745 -0.856404 -0.4931067 0.1530295 -0.9046654 -0.3933598 0.1638563 -0.9045861 -0.3964198 0.1567653 -0.9252912 -0.3437039 0.1603242 -0.9363765 -0.3165554 0.1516306 -0.9576627 -0.2419853 0.1559658 -0.9500459 0.3010461 0.08236664 -0.9782789 0.17908 0.1044074 -0.967866 0.2173121 0.1265343 -0.9881682 0.07288706 0.1349484 -0.9853839 0.08951997 0.1449303 -0.9890968 -0.04595637 0.1399126 -0.9889476 -0.04341524 0.1417676 -0.9786983 -0.1608904 0.1275305 -0.9780768 -0.1720793 0.1172796 -0.956494 -0.2755111 0.09598493 -0.950789 -0.3029762 0.06485283 -0.9220067 -0.3851265 0.03976613 -0.9048186 -0.4253425 -0.01967549 -0.8666701 -0.4963886 -0.04981184 -0.8505163 -0.5233867 -0.05185097 -0.837783 -0.5426588 -0.06034338 -0.8182339 -0.5647686 -0.1073782 -0.9889408 0.03047198 0.1451469 -0.9849938 -0.07339757 0.1562053 -0.9850959 -0.08059525 0.1519559 -0.96215 -0.2706363 -0.03199028 -0.9817834 -0.1898465 0.007723569 -0.9853982 -0.161387 0.05426406 -0.9941914 -0.04587191 0.09736108 -0.9927806 -0.03179889 0.1156532 -0.9846073 0.0927726 0.1481277 -0.9841338 0.09451645 0.1501582 -0.978895 0.1422193 0.146759 -0.9793283 0.140777 0.1452512 -0.9440509 0.2897687 0.1574867 -0.9533892 0.2700662 0.1345862 -0.9043927 0.4049869 0.1343863 -0.9188696 0.3802464 0.1053161 -0.8539074 0.5118045 0.09433144 -0.8767884 0.4774748 0.05709666 -0.807638 0.5884928 0.03737813 -0.8412568 0.5405399 -0.01018476 -0.7782955 0.6268975 -0.03543937 -0.9541538 0.2433225 0.174312 -0.909087 0.358192 0.2127422 -0.9175374 0.3497356 0.1892358 -0.8416831 0.4928968 0.2205048 -0.8578697 0.479519 0.1847191 -0.7717643 0.6042068 0.1982776 -0.7936401 0.5878291 0.1568195 -0.7106364 0.6856233 0.1578503 -0.734053 0.6689096 0.1171591 -0.6577805 0.7448889 0.1116491 -0.6812843 0.7283969 0.07273101 -0.6095835 0.7901424 0.06389808 -0.6357403 0.7715879 0.02205669 -0.5677143 0.8231499 0.01116973 -0.6009923 0.7981951 -0.04114609 -0.5374165 0.8416002 -0.05378508 -0.5674027 0.8172433 -0.1008353 -0.9951167 -0.07791626 0.06059592 -0.99334 0.0362873 0.1093571 -0.9913212 0.04500281 0.1235201 -0.977698 0.1425439 0.1542339 -0.9785013 0.1404621 0.1510155 -0.9483711 0.2631971 0.1769735 -0.955548 0.2500942 0.1561441 -0.9045219 0.3905459 0.1712137 -0.9164631 0.3735021 0.1434978 -0.8473226 0.5106761 0.1457892 -0.8643304 0.489817 0.1140724 -0.7865138 0.6083049 0.1065895 -0.8098121 0.5824995 0.06999039 -0.7353259 0.6753175 0.05693995 -0.7666462 0.6419577 0.01200324 -0.6990486 0.715059 -0.00466603 -0.739626 0.6701905 -0.06162935 -0.6769503 0.7314178 -0.08225816 -0.7981094 -0.5660593 -0.206394 -0.8096938 -0.5524401 -0.1980052 -0.8263194 -0.529147 -0.1928728 -0.870745 -0.4665478 -0.1553591 -0.9011068 -0.428189 -0.06827002 -0.9302349 -0.3649602 -0.03830325 -0.9449545 -0.326314 0.02409344 -0.9701304 -0.2360179 0.05605882 -0.9737703 -0.2089426 0.09008097 -0.9880536 -0.1009842 0.1164146 -0.9877905 -0.09022551 0.1270012 -0.9881557 0.04386788 0.147051 -0.9892681 0.03687006 0.1413836 -0.9688282 0.1956295 0.151991 -0.9768944 0.1688201 0.1310607 -0.9425454 0.3086265 0.1278989 -0.9555059 0.2771356 0.1010172 -0.9108674 0.4036766 0.08582454 -0.9308335 0.3619525 0.05039328 -0.8775416 0.4789769 0.02240967 -0.8976485 0.4406529 -0.007232785 -0.8362525 -0.4595223 0.299201 -0.8712539 -0.3928571 0.2942451 -0.8714532 -0.4021566 0.2807834 -0.9054899 -0.3257982 0.2719261 -0.9058701 -0.3346804 0.259593 -0.9690393 -0.2044809 0.1383854 -0.9706608 -0.1873882 0.1506764 -0.9741272 -0.1644882 0.1549829 -0.9752017 -0.1456229 0.1666602 -0.9602606 -0.2218774 0.1693227 -0.9499422 -0.2706477 0.1560757 -0.9434424 -0.2794794 0.1783479 -0.9140877 -0.3646937 0.1773203 -0.914109 -0.3604145 0.1857587 -0.8699899 -0.4588885 0.1803861 -0.8703235 -0.4547363 0.1890819 -0.8253949 -0.5347803 0.1809234 -0.8259586 -0.5306202 0.1903539 -0.7824131 -0.5960185 0.1805322 -0.7831562 -0.5917785 0.1909575 -0.9213659 -0.2423802 0.30387 -0.9140892 -0.2755293 0.297531 -0.9479945 -0.1744986 0.2661894 -0.9612185 -0.1878854 0.2018869 -0.9785546 -0.09334343 0.1836245 -0.984618 -0.06576055 0.1618731 -0.9003046 -0.4313423 0.05827313 -0.9307045 -0.3573808 0.07789862 -0.9374098 -0.3322371 0.1043146 -0.9637367 -0.2379011 0.120891 -0.9657173 -0.22251 0.1337146 -0.9831818 -0.1133446 0.1432011 -0.9832545 -0.1065587 0.1478374 -0.9891733 0.007316768 0.1465702 -0.9896263 0.001953959 0.1436528 -0.9846742 0.1175029 0.12888 -0.816182 -0.5773243 -0.02331739 -0.8547913 -0.5189712 -9.38904e-4 -0.8535848 -0.5209535 6.12402e-4 -0.8711972 -0.490803 0.01131385 -0.8848817 -0.4656791 0.01128739 -0.9193029 -0.3918763 0.03626632 -0.9302758 -0.3586106 0.07736623 -0.9579615 -0.2695217 0.09832578 -0.9610556 -0.250455 0.1168098 -0.9807845 -0.1430018 0.1327109 -0.9810066 -0.1363347 0.1379817 -0.9892202 -0.01808494 0.1453145 -0.989505 -0.02208191 0.1428017 -0.9846014 0.1068166 0.1383849 -0.9879559 0.08688789 0.1280375 -0.9703442 0.2159343 0.1086489 -0.966072 0.25291 0.05236011 -0.9585188 0.2799569 0.05353325 -0.9812518 0.1720653 0.08682459 -0.97518 0.2031796 0.08798813 -0.9885038 0.0940777 0.1183631 -0.9908015 0.06202781 0.1202709 -0.9889731 0.0301389 0.1449966 -0.9860244 -0.04040265 0.161628 -0.9862715 -0.04686933 0.1583411 -0.9779371 -0.1276746 0.1653431 -0.9727352 -0.150494 0.1764591 -0.9581105 -0.2206514 0.1825854 -0.9575927 -0.2150565 0.1917471 -0.9230571 -0.3300817 0.1975136 -0.9229525 -0.3244976 0.2070266 -0.8831305 -0.420678 0.2076311 -0.8833507 -0.4149784 0.2179092 -0.8420508 -0.4947668 0.2148403 -0.8425253 -0.4889816 0.2259387 -0.8017295 -0.5555878 0.2203453 -0.8023759 -0.5496827 0.2324693 -0.9690465 0.02733218 0.2453607 -0.9734648 0.01517045 0.2283338 -0.9520448 0.01319897 0.305674 -0.9533544 0.01850134 0.3012858 -0.9698071 0.00978434 0.2436773 -0.9698026 0.009786009 0.243695 -0.9997449 0.02217584 0.004298925 -0.9986708 0.009314596 0.0506944 -0.9969698 0.008900582 0.07728046 -0.9980064 0.03677582 0.05128997 -0.9933607 0.007401883 0.1148037 -0.9933547 0.007395744 0.1148557 -0.9933505 0.007392585 0.1148921 -0.9876483 0.02383381 0.1548642 -0.9836544 0.007151961 0.1799246 -0.983666 0.007157027 0.1798618 -0.8896353 -0.4374699 -0.1310313 -0.9176031 -0.3843731 -0.1013011 -0.9377396 -0.3463683 -0.02595084 -0.9640808 -0.2654377 0.009555339 -0.9706673 -0.2334835 0.05736517 -0.9870754 -0.1327208 0.08981817 -0.9872146 -0.1140297 0.1113759 -0.9901356 0.01588624 0.1392092 -0.9901435 0.01583892 0.1391585 -0.9713971 0.176797 0.1585266 -0.97771 0.1564292 0.1400464 -0.9425448 0.3012102 0.1445053 -0.9536454 0.2761648 0.1195563 -0.9060595 0.4079232 0.1124944 -0.9232032 0.3758101 0.08039051 -0.862886 0.5016291 0.06161397 -0.8898404 0.4558445 0.0197457 -0.8285214 0.5599001 -0.00801748 -0.9835317 -0.1801823 0.01414155 -0.9952284 -0.07503992 0.0623663 -0.99418 -0.05586856 0.09211319 -0.9889829 0.0644735 0.133252 -0.9881158 0.06788748 0.1379082 -0.9732516 0.164294 0.160589 -0.9757723 0.1575973 0.1517618 -0.9459414 0.2771245 0.168514 -0.954218 0.260834 0.1464023 -0.9044245 0.3982284 0.1530705 -0.9169904 0.3785279 0.1258777 -0.8494895 0.5134265 0.1214942 -0.8686612 0.4874902 0.08821046 -0.7941368 0.6030749 0.07514816 -0.8222765 0.5680952 0.03360414 -0.7525348 0.6583777 0.01518285 -0.7906312 0.6111553 -0.03730213 -0.7280637 0.6828836 -0.05994343 -0.9946042 0.02262705 0.1012448 -0.9829151 0.1195527 0.139947 -0.9820364 0.1218126 0.1441048 -0.9519592 0.2473673 0.1805084 -0.9573674 0.2382297 0.163384 -0.90469 0.381966 0.1887806 -0.9161729 0.367267 0.1604437 -0.8450008 0.5067495 0.1708174 -0.8618703 0.4882088 0.1372292 -0.7817622 0.6086915 0.1354352 -0.8027011 0.5879082 0.1001751 -0.725104 0.6825396 0.0914548 -0.7505996 0.6586613 0.05259019 -0.6792414 0.7328078 0.0403003 -0.7118868 0.7022557 -0.007367074 -0.6452784 0.7636097 -0.02271538 -0.6874013 0.7214288 -0.08378547 -0.9327788 -0.007693827 -0.3603674 -0.9280665 0.02003288 0.3718753 -0.9258673 0.0102086 0.3777111 -0.9529925 0.0234664 0.3020837 -0.9512665 0.01488035 0.3080112 -0.9728579 0.02648782 0.2298825 -0.971696 0.01949191 0.2354294 -0.9874047 0.02936995 0.1554656 -0.9867817 0.02405661 0.1602603 -0.9963465 0.03221333 0.07909572 -0.9961692 0.02878415 0.0825746 -0.9993836 0.03493142 0.003485798 -0.9994518 0.03252083 0.006211519 -0.9969375 0.03720325 -0.06878638 -0.9971529 0.03540098 -0.06657999 -0.9887908 0.03983622 -0.1438956 -0.9890187 0.0388382 -0.1425956 -0.9753209 0.0429638 -0.216572 -0.9756213 0.04209709 -0.2153859 -0.9567608 0.04590487 -0.2872307 -0.9573376 0.04468649 -0.2854958 -0.9330121 0.04814928 -0.3566091 -0.9337413 0.04695498 -0.3548556 -0.9093609 0.04956698 -0.4130448 -0.9048365 0.06122851 -0.4213337 -0.8712201 0.06521719 -0.486541 -0.9272087 0.003242969 -0.3745313 -0.927091 0.003240048 -0.3748227 -0.9570823 0.01852476 -0.2892237 -0.9702411 -0.0102095 -0.2419255 -0.9753599 -0.01015037 -0.2203863 -0.7917912 0.1137419 -0.6001079 -0.8338903 0.1090184 -0.5410563 -0.8710786 0.1019408 -0.4804481 -0.8717579 0.103179 -0.4789491 -0.9045228 0.09549993 -0.4155938 -0.9051699 0.09694188 -0.4138476 -0.9333181 0.08860981 -0.3479449 -0.9338722 0.09020316 -0.3460438 -0.9567424 0.08136451 -0.2793276 -0.9571402 0.08292049 -0.2775011 -0.9749446 0.07356303 -0.2099326 -0.9752014 0.07507181 -0.2081983 -0.9882984 0.06499189 -0.1379944 -0.9884465 0.06667852 -0.136116 -0.9964332 0.05587357 -0.06323879 -0.9964499 0.05819821 -0.06083291 -0.9988412 0.0474137 0.008272886 -0.9986781 0.05023807 0.01087975 -0.9957612 0.03770643 0.08389192 -0.9953355 0.04140871 0.08713489 -0.9866167 0.02704274 0.1607992 -0.9857215 0.03217613 0.1652813 -0.9718721 0.0169264 0.2349006 -0.9704209 0.02321928 0.2403004 -0.9519396 0.007026076 0.3062054 -0.9498556 0.01436173 0.3123592 -0.9272316 -0.002700567 0.3744791 -0.9244902 0.005497932 0.3811661 -0.7437301 0.1162799 -0.6582892 -0.7432931 0.07075333 -0.6652138 -0.7892831 0.06800001 -0.6102527 -0.7888901 0.03800582 -0.613358 -0.8313772 0.03712987 -0.5544669 -0.7880176 -0.004250347 -0.6156383 -0.831783 0.03783041 -0.5538104 -0.832051 0.06628316 -0.5507247 -0.7903008 0.06939744 -0.6087765 -0.7905399 0.1120751 -0.602068 -0.7451193 0.1179244 -0.656423 -0.8311791 0.0169214 -0.5557472 -0.8661935 -0.005594551 -0.4996777 -0.8693018 -0.005539655 -0.4942507 -0.8659909 -0.001167654 -0.5000584 -0.8658901 -0.001169323 -0.5002331 -0.8328052 0.1073568 -0.5430563 -0.8327516 0.06739467 -0.5495294 -0.8705106 0.06388187 -0.4879862 -0.8703783 0.03752481 -0.4909518 -0.9040883 0.03620231 -0.4258096 -0.904046 0.01803821 -0.4270546 -0.9271672 -0.007794022 -0.3745669 -0.9702766 0.007493913 -0.2418829 -0.9702524 0.007490694 -0.24198 -0.9891948 0.01680225 -0.1456413 -0.9944195 -0.01425987 -0.1045305 -0.9972841 -0.01407694 -0.07229334 -0.9944098 0.01505243 -0.1045114 -0.9998797 0.01534336 0.002335131 -0.9885676 0.11446 -0.09814798 -0.9993799 0.03200238 -0.01469206 -0.920135 0.3381108 0.1975671 -0.8426621 0.4815915 0.240812 -0.8574323 0.4713344 0.206528 -0.7683726 0.5973535 0.2297224 -0.7898171 0.5840986 0.1871308 -0.7032386 0.6837599 0.194751 -0.7276394 0.6693499 0.1500391 -0.6485042 0.7465593 0.1486328 -0.6724882 0.7324241 0.1063702 -0.5987711 0.7946202 0.1002596 -0.6221941 0.7805411 0.06025207 -0.5523737 0.8319934 0.05167657 -0.5782082 0.8158434 0.00866729 -0.5131691 0.8582868 -0.001204133 -0.5460262 0.835927 -0.05551064 -0.4861062 0.8713663 -0.06649565 -0.952091 0.01321756 0.3055292 -0.9297021 0.01305878 0.3680812 -0.9285355 0.01491773 0.3709438 -0.9294922 0.01640135 0.3684772 -0.929764 0.01649332 0.3677867 -0.8981616 -0.01241099 0.4394904 -0.8959192 0.005260646 0.444186 -0.8984563 0.01597166 0.4387725 -0.8993405 0.007917106 0.4371775 -0.9021956 0.02079093 0.4308259 -0.3141918 0.9053921 0.2855678 -0.3297492 0.9131748 0.2395358 -0.3144053 0.9156984 0.2502912 -0.3346845 0.9222868 0.1933221 -0.2653853 0.9596377 0.0930916 -0.2494417 0.9577456 0.1431862 -0.2556245 0.9566962 0.1392434 -0.2398237 0.9516972 0.1917216 -0.2481761 0.9506596 0.1861582 -0.2326537 0.9423586 0.240484 -0.169847 0.9680297 0.1845821 -0.1812255 0.9742636 0.1340448 -0.177715 0.9745895 0.1363555 -0.1893458 0.9780015 0.08752894 -0.1869842 0.9783205 0.08902841 -0.1967583 0.9791521 0.05047243 -0.2149001 0.9756 0.04497361 -0.2276761 0.9737364 0.001118302 -0.2010195 0.9783398 -0.04942286 -0.188522 0.982068 -0.001444935 -0.1898453 0.9818123 -0.001839637 -0.1791445 0.9829344 0.04179906 -0.1143668 0.9846149 0.1321132 -0.1218189 0.9889753 0.0841906 -0.1208068 0.9890413 0.08487081 -0.1272764 0.990813 0.04571926 -0.1445334 0.9886846 0.04016143 -0.1533364 0.9881653 -0.00418508 -0.1523838 0.9883137 -0.003892421 -0.1625707 0.9853156 -0.05219066 -0.1616129 0.9854883 -0.05190479 -0.1757935 0.9775952 -0.1157769 0.2578132 0.9347956 0.2443144 0.3136861 0.9177127 0.2437304 0.3355855 0.9242789 0.1819093 0.9704695 0.1816561 0.1587136 0.9848839 0.1121369 0.1320192 0.9849793 0.1116555 0.1317156 0.9817345 0.1214966 0.1464107 0.9637914 0.2268776 0.1401175 0.3750838 0.9267748 0.02001649 0.4198746 0.9072452 0.02473282 0.4409805 0.8973744 -0.0159856 0.4878014 0.8729023 -0.009566247 0.5171498 0.8538305 -0.05941033 0.5651596 0.8234493 -0.05025964 0.5931589 0.7997224 -0.09277129 -0.4584379 0.8523331 0.2517201 -0.3865612 0.8863059 0.2550145 -0.4079371 0.890332 0.2022284 -0.3223143 0.9249262 0.2015568 -0.3378089 0.9274427 0.1604219 -0.3121211 0.9387802 0.1458497 -0.3292872 0.9389147 0.1000459 -0.2609127 0.9605954 0.09581822 -0.2735611 0.9600749 0.05848538 -0.2533888 0.9661996 0.04746001 -0.2677399 0.9634793 0.004792332 -0.2258971 0.9741499 0.001629769 -0.2405936 0.9695395 -0.0459128 -0.19957 0.9786573 -0.04901021 -0.2168895 0.9697338 -0.1121395 -0.1744025 0.9778926 -0.1153683 -0.1887226 0.9659302 -0.1770955 -0.5190507 0.8159347 0.2546311 -0.4403936 0.8593549 0.2599285 -0.4633113 0.8616365 0.2071839 -0.3943182 0.8952218 0.2075837 -0.4160596 0.8958058 0.1562897 -0.3562034 0.9216122 0.1541106 -0.3763271 0.9204892 0.10525 -0.323417 0.9407547 0.101893 -0.3414942 0.938188 0.05643814 -0.2935746 0.9544841 0.05267095 -0.3100472 0.9506752 0.009358346 -0.2650963 0.9642062 0.005525052 -0.281961 0.9585241 -0.04158818 -0.2386832 0.9700362 -0.0453909 -0.2590224 0.9598498 -0.1076846 -0.2152615 0.9701485 -0.1116889 -0.2327352 0.9571118 -0.172544 -0.1879128 0.9661774 -0.1766073 -0.1996391 0.9532317 -0.226922 -0.5828325 0.7711514 0.2561872 -0.4994533 0.8250787 0.2641811 -0.5234692 0.8252716 0.211912 -0.4479228 0.8681977 0.2135372 -0.4711936 0.8669784 0.1622501 -0.4049972 0.9001654 0.1602482 -0.4268139 0.8974615 0.1113232 -0.368897 0.9232199 0.1076106 -0.3886792 0.9192685 0.06224226 -0.3365755 0.939877 0.05786401 -0.3547663 0.9348369 0.01485937 -0.3065144 0.9518101 0.01031804 -0.3253818 0.9448856 -0.03630506 -0.2793145 0.9593284 -0.0408973 -0.3024342 0.9476732 -0.1022216 -0.2567938 0.9605134 -0.1071034 -0.2772249 0.9462061 -0.1668545 -0.2315484 0.9575222 -0.1718624 -0.2458215 0.9436974 -0.2213754 -0.1986079 0.9535957 -0.2262967 -0.2121774 0.9349727 -0.2842658 -0.6486095 0.7169079 0.2556344 -0.5620923 0.7827319 0.2671759 -0.5866839 0.7804945 0.2159407 -0.5065255 0.8338485 0.2193822 -0.5308461 0.8305387 0.1685466 -0.4582836 0.872963 0.1670684 -0.4815441 0.8684083 0.1182476 -0.4177515 0.9013476 0.1142632 -0.4390641 0.8957962 0.06908047 -0.3823356 0.921799 0.06407994 -0.4021079 0.915341 0.02144819 -0.3500236 0.9366022 0.01612198 -0.3707728 0.9282397 -0.02997976 -0.3218739 0.9461199 -0.03541868 -0.3476009 0.9327533 -0.09562975 -0.2995446 0.9486671 -0.1015087 -0.3226502 0.9328945 -0.1600151 -0.2757339 0.9467832 -0.1660494 -0.2923676 0.9319339 -0.214524 -0.2444027 0.9442536 -0.2205732 -0.2608532 0.9246506 -0.2774472 -0.2109085 0.9354919 -0.2835007 -0.2264381 0.9089336 -0.3500938 -0.9698351 -0.1033236 0.220781 -0.983682 -0.01215595 0.1795048 -0.9851191 -0.02027392 0.1706734 -0.9894083 0.07938706 0.1215278 -0.9908392 0.0724129 0.1139913 -0.9843969 0.1632581 0.06564712 -0.9857864 0.1575517 0.05833286 -0.9739596 0.2258806 0.01951134 -0.9750738 0.2215564 0.01199871 -0.9562495 0.2910324 -0.0297839 -0.9570268 0.2876067 -0.03717863 -0.9310513 0.3559156 -0.08042269 -0.9315131 0.3531218 -0.08711189 -0.9000744 0.4162185 -0.1289509 -0.9002593 0.4139258 -0.1349022 -0.8648957 0.4707708 -0.174156 -0.8648099 0.4688521 -0.1796711 -0.8261368 0.5202342 -0.2164587 -0.8257921 0.5187004 -0.2213985 -0.784087 0.565431 -0.2559212 -0.7834694 0.5640534 -0.2608054 -0.7391561 0.6064362 -0.293059 -0.7383518 0.605282 -0.2974399 -0.6917379 0.6436579 -0.3274192 -0.6907914 0.6426568 -0.3313602 -0.6423937 0.6771323 -0.3589182 -0.6413008 0.6762291 -0.362557 -0.5890342 0.7084116 -0.3888339 -0.6237191 0.6334071 -0.4580065 -0.5676065 0.6628017 -0.4883819 -0.6017423 0.5599997 -0.5694792 -0.8685883 -0.2868705 0.4040541 -0.8963417 -0.2298212 0.379149 -0.8985591 -0.2428345 0.3655448 -0.9241892 -0.1815326 0.3360363 -0.926167 -0.1934925 0.3236901 -0.9489367 -0.1270809 0.2887379 -0.9507351 -0.1379716 0.2776089 -0.9693593 -0.0661388 0.2365761 -0.9709734 -0.07573932 0.2268791 -0.9838238 0.001842498 0.1791296 -0.9852744 -0.00630027 0.1708647 -0.9902716 0.07735306 0.1156668 -0.9915704 0.07046896 0.108731 -0.9875683 0.1473744 0.0546782 -0.9887182 0.1418161 0.04821646 -0.979357 0.202109 0.003441035 -0.9802808 0.1975808 -0.003381371 -0.9644789 0.2591287 -0.05131131 -0.9650858 0.2554454 -0.05794 -0.9429603 0.3153541 -0.1066674 -0.9432824 0.3123171 -0.1125896 -0.9159957 0.3680297 -0.1597065 -0.9160796 0.3654051 -0.1651582 -0.8845266 0.416568 -0.2099615 -0.8843719 0.4143536 -0.2149363 -0.8489764 0.4614471 -0.257499 -0.848568 0.4594497 -0.2623706 -0.8096315 0.5028325 -0.3027482 -0.8090502 0.5012336 -0.3069247 -0.766987 0.5410655 -0.3449335 -0.7661674 0.5395377 -0.349123 -0.7214441 0.5758593 -0.3845835 -0.7204291 0.5744239 -0.388612 -0.6732423 0.6074715 -0.4215725 -0.6720662 0.6061409 -0.4253473 -0.6201854 0.6374524 -0.4571921 -0.6546533 0.5368415 -0.5321938 -0.5985916 0.5637813 -0.5690685 -0.6261172 0.4376314 -0.6453341 -0.7166606 0.6503548 0.2518659 -0.6267935 0.7315005 0.2683971 -0.6514002 0.7265217 0.2187328 -0.5683109 0.7915349 0.2247115 -0.5932458 0.7858283 0.1747382 -0.5163248 0.8384677 0.1743003 -0.5405997 0.831808 0.1258868 -0.4708433 0.8737626 0.1218416 -0.4933919 0.8663888 0.0770387 -0.431141 0.8994551 0.07140129 -0.4523273 0.8913742 0.02918869 -0.3960808 0.9179267 0.02303564 -0.4185566 0.907913 -0.02246087 -0.3661878 0.9300933 -0.02886277 -0.3942409 0.9148022 -0.0878126 -0.3438327 0.9342383 -0.09475171 -0.3694552 0.9167428 -0.1519394 -0.3209173 0.9336451 -0.159119 -0.339679 0.9176197 -0.2063797 -0.2907211 0.9326515 -0.2136413 -0.3098775 0.9118679 -0.2692078 -0.2594061 0.9253025 -0.2766295 -0.2781665 0.8977198 -0.3416472 -0.2249935 0.9096223 -0.3492352 -0.2423019 0.8724585 -0.4243893 -0.7875467 0.5664585 0.2426831 -0.6945111 0.6682898 0.2665389 -0.7180966 0.6604498 0.219416 -0.6317131 0.740584 0.229072 -0.6567738 0.7321872 0.1804164 -0.5771455 0.7961919 0.1816085 -0.602006 0.7871697 0.1339876 -0.5281161 0.8391164 0.1302972 -0.5515191 0.8297092 0.0860784 -0.4837895 0.8715277 0.07992011 -0.5061075 0.8616223 0.03824055 -0.4448112 0.895082 0.03116559 -0.4687666 0.8832173 -0.01361298 -0.4126617 0.910641 -0.02105939 -0.4427155 0.8932068 -0.07864105 -0.3895437 0.9169115 -0.08676981 -0.4173135 0.8975382 -0.1423895 -0.3671078 0.9178744 -0.1507932 -0.3877605 0.9005155 -0.1967582 -0.337614 0.9186157 -0.2053342 -0.3591161 0.8965466 -0.2593064 -0.307928 0.9128296 -0.2681837 -0.3296324 0.884025 -0.331425 -0.2763827 0.8986447 -0.3406615 -0.2972488 0.8604306 -0.413887 -0.2406993 0.8733523 -0.4234614 -0.2596575 0.8214036 -0.5078133 -0.5660699 0.8177067 -0.1045031 -0.5156275 0.8489221 -0.1160159 -0.5143132 0.8492953 -0.1190784 -0.4629529 0.8768419 -0.1297037 -0.4865873 0.8563939 -0.1726914 -0.4337623 0.8819976 -0.1842024 -0.4590264 0.8569248 -0.2344668 -0.406129 0.8799334 -0.2465286 -0.4325559 0.8483259 -0.3053502 -0.378672 0.8691351 -0.3181383 -0.4054536 0.828404 -0.3864641 -0.349314 0.8472532 -0.4001775 -0.3753118 0.7936644 -0.4787882 -0.3156291 0.8104566 -0.493496 -0.3401514 0.7356296 -0.5857869 -0.2763402 0.7497708 -0.6012321 -0.2921431 0.6735413 -0.6789659 -0.8981058 0.4395135 -0.01530253 -0.8544977 0.5176529 -0.04323518 -0.8545843 0.5168603 -0.05041056 -0.8087575 0.5832366 -0.07580548 -0.8084749 0.5827353 -0.08238977 -0.7616299 0.6393865 -0.1053791 -0.7610325 0.6391322 -0.1110844 -0.7126778 0.688897 -0.1323308 -0.7118111 0.6887913 -0.1374459 -0.6619158 0.7329187 -0.1571551 -0.6608734 0.7328852 -0.1616344 -0.6102999 0.7715384 -0.1796179 -0.6091889 0.7715313 -0.1833809 -0.5591638 0.8047236 -0.1993886 -0.5579046 0.8047264 -0.2028739 -0.5059478 0.8346179 -0.2177836 -0.5352612 0.7999832 -0.2711502 -0.4806051 0.828329 -0.2879064 -0.511176 0.7850386 -0.3498764 -0.4555687 0.8106064 -0.3679329 -0.4865453 0.7549821 -0.4396314 -0.4286201 0.7779958 -0.4593556 -0.459311 0.7026963 -0.5433704 -0.397809 0.7228485 -0.5650116 -0.4195953 0.6456298 -0.6380456 -0.9711406 0.1781085 0.1586292 -0.9610546 0.2232515 0.1628893 -0.9602131 0.2246276 0.1659317 -0.9061558 0.3710252 0.2030322 -0.9163364 0.3594616 0.1763947 -0.8426898 0.5012221 0.1965968 -0.8597048 0.4848258 0.1607844 -0.7767932 0.6075111 0.1658996 -0.7979611 0.5889825 0.127898 -0.7179247 0.6850638 0.1235789 -0.7409188 0.6660566 0.0860691 -0.6669412 0.7411031 0.07717347 -0.693076 0.7199306 0.03668171 -0.6235486 0.7813825 0.02507293 -0.6567547 0.7536885 -0.02504229 -0.5909951 0.8057246 -0.03914922 -0.6317464 0.7686228 -0.1005763 -0.6495793 0.7560984 -0.07976263 -0.6388449 0.7594633 -0.1228529 -0.5874602 0.797382 -0.138104 -0.5862184 0.7976308 -0.1418918 -0.5359661 0.8298147 -0.1553968 -0.5347223 0.8300196 -0.1585547 -0.4829356 0.8587795 -0.1710884 -0.5095103 0.8320538 -0.2192848 -0.4558807 0.8589829 -0.2330693 -0.4840586 0.8258055 -0.2893661 -0.4297558 0.8501989 -0.3040919 -0.4586422 0.808279 -0.3692322 -0.4025363 0.8304448 -0.3851311 -0.4312962 0.7758584 -0.4604644 -0.3726937 0.7956146 -0.4775949 -0.4007101 0.7203611 -0.5661373 -0.3378067 0.737532 -0.5847505 -0.3565582 0.6617918 -0.659468 -0.355902 0.6603132 -0.661302 -0.8585758 0.4607107 0.2249295 -0.7671961 0.5869498 0.2586508 -0.7876327 0.5769479 0.2162546 -0.6976643 0.6779865 0.2315145 -0.7219426 0.6667791 0.1849451 -0.6392222 0.7455333 0.188614 -0.6642416 0.7338765 0.1421566 -0.5879027 0.7968438 0.1393218 -0.6117815 0.7851876 0.0959376 -0.5402675 0.8367097 0.08960002 -0.5633103 0.8248109 0.04866784 -0.4968944 0.8668563 0.04069727 -0.5220089 0.8529338 -0.003275036 -0.4614796 0.887071 -0.01190507 -0.4931911 0.8672631 -0.06795054 -0.436913 0.8961669 -0.07740771 -0.4664435 0.8747537 -0.1312881 -0.414389 0.8991079 -0.141021 -0.4366515 0.8802917 -0.1855314 -0.3851796 0.9018923 -0.1955172 -0.4087398 0.8783797 -0.247752 -0.3567863 0.8978098 -0.2581496 -0.3810514 0.867673 -0.3192862 -0.3273959 0.8852881 -0.3302681 -0.3514136 0.8458928 -0.4012156 -0.2952185 0.8616541 -0.4127932 -0.3179619 0.8088301 -0.4946659 -0.2578385 0.8225947 -0.506811 -0.2783724 0.7482199 -0.6022258 -0.2253589 0.6815479 -0.6962082 -0.3672979 0.6000291 -0.7106739 -0.4304392 0.5850451 -0.6873458 -0.4416779 0.6130757 -0.6550258 -0.4875341 0.5990428 -0.6351836 -0.4562982 0.705461 -0.5423254 -0.5159275 0.6823945 -0.5178384 -0.4831553 0.7579042 -0.4383405 -0.5402498 0.7314757 -0.416021 -0.5078592 0.7877646 -0.3485773 -0.563196 0.7583575 -0.3281835 -0.5315355 0.802963 -0.2696679 -0.5838117 0.7718827 -0.2517163 -0.5849354 0.7721265 -0.2483371 -0.6347211 0.7379814 -0.2291561 -0.6357761 0.7382802 -0.2252357 -0.6851918 0.6992227 -0.2039605 -0.6861296 0.699607 -0.1994398 -0.7345165 0.6553297 -0.1761493 -0.7352401 0.6558411 -0.1711567 -0.7816755 0.6063317 -0.1461001 -0.7821529 0.6070368 -0.1405106 -0.8265112 0.5513544 -0.1135243 -0.8266684 0.5523601 -0.1073214 -0.869233 0.4882533 -0.07773685 -0.8690532 0.4896358 -0.07073438 -0.9087227 0.4156234 -0.03847414 -0.9082036 0.4173949 -0.03078585 -0.9418098 0.3361378 0.002377867 -0.9392393 0.3423454 0.02508896 -0.9387309 0.3439712 0.02163803 -0.9198948 0.3884739 0.05368256 -0.9595801 0.2702553 0.07853817 -0.9447756 0.3096479 0.1073192 -0.9769011 0.1773305 0.1192409 -0.9675056 0.209833 0.1410783 -0.9886667 0.05577498 0.1393824 -0.9865108 0.06886798 0.1485046 -0.9884453 -0.06773853 0.1356006 -0.9885739 -0.070607 0.1331784 -0.9763834 -0.1841246 0.1130206 -0.9747247 -0.203374 0.09247028 -0.9512792 -0.3012596 0.06565618 -0.9414985 -0.3365173 0.01835423 -0.9121584 -0.4097152 -0.01002454 -0.8883607 -0.4512158 -0.0849688 -0.8466252 -0.5185949 -0.1195212 -0.8301017 -0.5438049 -0.1233187 -0.8178021 -0.56016 -0.1319863 -0.7936301 -0.5792927 -0.1859335 -0.157018 0.6889727 -0.7075749 -0.1573542 0.6895154 -0.7069711 -0.1486641 0.7666391 -0.6246309 -0.08772283 0.6933535 -0.7152382 -0.0882163 0.6940741 -0.7144782 -0.08345425 0.7710164 -0.6313234 -0.150034 0.7657057 -0.6254475 -0.1387868 0.839479 -0.5253698 -0.01791322 0.6956779 -0.7181304 -0.01784598 0.6955649 -0.7182416 -0.01708495 0.7729556 -0.6342301 -0.08399397 0.7706609 -0.6316858 -0.07784682 0.844014 -0.5306416 -0.1398085 0.8388811 -0.5260533 -0.1295259 0.8893479 -0.4385014 0.05277055 0.6953232 -0.7167572 0.05306529 0.694927 -0.7171196 0.04973882 0.7722201 -0.6334052 -0.01707822 0.7729621 -0.6342223 -0.01612335 0.8459084 -0.5330846 -0.07846939 0.8436737 -0.5310906 -0.07280939 0.8937377 -0.4426417 -0.1303345 0.8889596 -0.4390487 -0.1209526 0.9246152 -0.361189 0.1226632 0.691996 -0.7114037 0.1229359 0.6916044 -0.7117375 0.1156858 0.7687414 -0.6290099 0.05009967 0.7724438 -0.633104 0.0459063 0.845229 -0.5324289 -0.01606994 0.8459282 -0.5330548 -0.01520103 0.8956255 -0.4445491 -0.07328188 0.893531 -0.442981 -0.06813794 0.9287061 -0.3645026 -0.121664 0.9243295 -0.3616805 -0.1133128 0.949338 -0.2931171 0.1910317 0.6865116 -0.7015759 0.1918714 0.6853688 -0.7024635 0.1807589 0.7626786 -0.6210053 0.1165066 0.7692424 -0.6282455 0.1073097 0.841735 -0.529119 0.04604971 0.8452999 -0.5323041 0.04226517 0.8948996 -0.4442616 -0.0154311 0.895529 -0.4447356 -0.01460081 0.930471 -0.3660745 -0.06858021 0.9285411 -0.3648399 -0.06399202 0.9531008 -0.2958107 -0.1139547 0.9491243 -0.2935599 -0.1066736 0.9663492 -0.2340731 0.2581337 0.6785083 -0.6877453 0.25923 0.6770192 -0.6887996 0.2445982 0.7541008 -0.6095111 0.1819806 0.7634099 -0.6197487 0.1679595 0.8358214 -0.5226779 0.1081418 0.8421359 -0.528311 0.09969329 0.8917301 -0.4414507 0.04262667 0.8950418 -0.4439405 0.03916096 0.9299021 -0.3657163 -0.01461166 0.930464 -0.3660917 -0.01387763 0.9547715 -0.297017 -0.06428819 0.9530136 -0.2960274 -0.06031686 0.9698246 -0.2362246 -0.1071625 0.9662141 -0.2344073 -0.1009146 0.9779046 -0.1830818 -0.3000912 0.6096491 -0.7336711 -0.2329419 0.6196793 -0.7494903 -0.2320313 0.6180825 -0.7510897 -0.1623943 0.6256144 -0.7630431 -0.1618171 0.6246743 -0.7639353 -0.09066104 0.6295236 -0.771674 -0.09053683 0.6293274 -0.7718486 -0.01837599 0.6314309 -0.7752144 -0.0181173 0.6310563 -0.7755255 0.0548889 0.6303277 -0.7743864 0.05457377 0.6307951 -0.7740281 0.1273165 0.6272157 -0.7683691 0.126398 0.6285503 -0.7674296 0.1980788 0.6221986 -0.7573862 0.1969805 0.6238027 -0.7563524 0.2674201 0.6147208 -0.7420276 0.2660921 0.6166452 -0.7409074 -0.5424793 0.5844591 -0.6034268 -0.5636799 0.4884524 -0.6660926 -0.5826518 0.4526107 -0.6750264 -0.5718219 0.4215959 -0.7037589 -0.581713 0.3198059 -0.7478865 -0.8198919 -0.5100362 0.2600775 -0.8578008 -0.4429334 0.260745 -0.8575786 -0.4504705 0.2482647 -0.8952245 -0.3717927 0.2456486 -0.8952366 -0.379013 0.2343093 -0.9308305 -0.2862056 0.2272462 -0.9296271 -0.270954 0.2497549 -0.9359697 -0.2702836 0.2256268 -0.9426427 -0.2067977 0.2620298 -0.9669358 -0.1121951 0.2290143 -0.9713504 -0.1151032 0.207918 -0.983488 -0.02807903 0.1787822 -0.9848403 -0.0357055 0.1697494 -0.988751 0.07901102 0.1269995 -0.9902914 0.072093 0.1188521 -0.9814674 0.1757714 0.07632923 -0.983022 0.1702656 0.06839191 -0.9688471 0.2451574 0.03511631 -0.9701012 0.241203 0.02692216 -0.9483737 0.3170232 -0.009140193 -0.9492465 0.3140651 -0.01715296 -0.9194561 0.3892949 -0.05522733 -0.9199854 0.3869282 -0.06255799 -0.8843984 0.4560057 -0.09949016 -0.8846089 0.4541355 -0.1059634 -0.8455671 0.5151386 -0.1401733 -0.8454747 0.5136607 -0.1460316 -0.8038581 0.5676856 -0.1776103 -0.803457 0.5665108 -0.1830915 -0.759335 0.6150136 -0.2125297 -0.7586878 0.6140899 -0.2174543 -0.7121062 0.6579481 -0.2449673 -0.7112869 0.657223 -0.2492568 -0.6630877 0.6963716 -0.2745566 -0.6620953 0.6957381 -0.2785291 -0.6129691 0.7303301 -0.3014745 -0.6118221 0.7297553 -0.3051738 -0.55954 0.7616296 -0.3268569 -0.5928052 0.704605 -0.3900179 -0.5369736 0.7345241 -0.41489 -0.5710958 0.6591051 -0.489316 -0.5128723 0.6854033 -0.5168988 -0.5459306 0.5806181 -0.6040219 -0.484425 0.6022816 -0.6344993 -0.5039807 0.5067566 -0.6994292 -0.5029746 0.5040805 -0.7020822 -0.5124481 0.4373556 -0.7389974 -0.579458 0.1267867 -0.8050799 -0.6398416 0.1223187 -0.75871 -0.639541 0.2014876 -0.7418828 -0.6959397 0.1921439 -0.6919167 -0.6901713 0.3004022 -0.658348 -0.7404451 0.2841483 -0.6090984 -0.7422397 0.2864479 -0.6058284 -0.7863407 0.2695822 -0.5558723 -0.7877775 0.2716953 -0.5528005 -0.8282313 0.2534019 -0.4998204 -0.8293416 0.2553173 -0.4969965 -0.8657734 0.235703 -0.441453 -0.8667595 0.2377777 -0.4383946 -0.899282 0.2166082 -0.3799644 -0.900035 0.2186533 -0.3769984 -0.9281551 0.1960915 -0.3163483 -0.9287284 0.1982364 -0.3133144 -0.9519279 0.1746276 -0.2516717 -0.9523149 0.1768055 -0.2486687 -0.9706903 0.1521353 -0.186052 -0.9709334 0.1546339 -0.1826928 -0.9847237 0.128256 -0.1177693 -0.9847814 0.1310352 -0.1141732 -0.9935396 0.1031066 -0.04741489 -0.9933613 0.1065422 -0.04338485 -0.996664 0.07926988 0.01942563 -0.9962466 0.08331286 0.0234906 -0.9943852 0.05183559 0.09225583 -0.9936622 0.05690014 0.09694194 -0.9857191 0.02273589 0.1668565 -0.9845173 0.02919501 0.1728388 -0.9714281 -0.004461526 0.2372921 -0.9696587 0.003384768 0.2444397 -0.9521577 -0.03003448 0.3041278 -0.9497511 -0.02093923 0.3123051 -0.9285598 -0.05401027 0.3672323 -0.9255057 -0.04384279 0.3761876 -0.9011599 -0.07663738 0.4266586 -0.8975633 -0.06583034 0.4359432 -0.8704371 -0.0984649 0.4823319 -0.8663766 -0.08721089 0.4917172 -0.87265 -0.221778 0.4350822 -0.8991699 -0.1715723 0.4025624 -0.9021034 -0.184505 0.3900864 -0.9262617 -0.1317712 0.3530945 -0.9288094 -0.1437889 0.3415229 -0.9501047 -0.0879122 0.299287 -0.9522465 -0.09864526 0.2889566 -0.9697209 -0.03945046 0.2410085 -0.9714906 -0.04883861 0.2319935 -0.9839496 0.01374882 0.1779165 -0.985379 0.005855262 0.1702762 -0.9913775 0.07228738 0.1092949 -0.9924756 0.06592559 0.1031804 -0.9909004 0.1273763 0.04349416 -0.9917962 0.122114 0.0377953 -0.984955 0.172288 -0.01343822 -0.985619 0.1678672 -0.01938706 -0.9728604 0.2192252 -0.07404762 -0.9732238 0.2156065 -0.07968312 -0.954819 0.2650999 -0.1343238 -0.954935 0.2620468 -0.1393938 -0.9316277 0.3083949 -0.1922562 -0.9315335 0.3056751 -0.1969979 -0.9037693 0.348922 -0.2479003 -0.9034809 0.3465966 -0.2521767 -0.8712637 0.387327 -0.301459 -0.8707674 0.3852445 -0.3055336 -0.8347951 0.4230086 -0.3523934 -0.8340587 0.4209791 -0.3565427 -0.7945749 0.4559404 -0.4009605 -0.7936893 0.4541504 -0.4047278 -0.7509049 0.4864605 -0.4466522 -0.7497315 0.4845836 -0.4506456 -0.7039954 0.514216 -0.4898698 -0.7027072 0.512522 -0.4934814 -0.6514245 0.5410363 -0.5319077 -0.6791033 0.4194985 -0.6023617 -0.6231421 0.4415302 -0.6455581 -0.6391137 0.3090717 -0.7042787 -0.5789463 0.3231793 -0.7485829 -0.5838907 0.2040399 -0.7857732 -0.8729451 -0.1572065 0.4617932 -0.8992714 -0.1154924 0.4218677 -0.9026899 -0.1275804 0.4109431 -0.9264627 -0.08470833 0.366731 -0.9293701 -0.09594219 0.356464 -0.9501932 -0.05156981 0.3073655 -0.9525537 -0.06164771 0.2980623 -0.969717 -0.01570379 0.2437263 -0.9715499 -0.02448266 0.2355663 -0.9841614 0.02298778 0.1757782 -0.9854989 0.0157355 0.1689512 -0.9925526 0.0651158 0.1029523 -0.993456 0.05937403 0.09757089 -0.9939157 0.1051464 0.03280115 -0.9945503 0.1004452 0.027938 -0.9898225 0.1392046 -0.02955549 -0.9902138 0.1352325 -0.03448045 -0.9799194 0.1749437 -0.09567046 -0.9800441 0.1715795 -0.1003703 -0.9645516 0.2094208 -0.1605716 -0.964459 0.2065381 -0.1648057 -0.9442512 0.2420987 -0.2231093 -0.9439856 0.2396135 -0.2268846 -0.9191728 0.2732617 -0.2836363 -0.9187084 0.2708812 -0.2873994 -0.8891607 0.3029402 -0.3429586 -0.8885242 0.3008146 -0.3464612 -0.8547888 0.3308638 -0.3998318 -0.853953 0.3288304 -0.4032803 -0.8165478 0.3566878 -0.4538982 -0.8154436 0.3545597 -0.4575359 -0.774289 0.3804875 -0.5056739 -0.7730144 0.3784684 -0.5091271 -0.7284578 0.4024099 -0.5544507 -0.7269378 0.4003416 -0.5579319 -0.6762549 0.4235591 -0.6027247 -0.6924859 0.2970422 -0.6574415 -0.636529 0.3124945 -0.7051086 -0.6419489 0.1984819 -0.7406123 -0.581377 0.2069234 -0.7868821 -0.5814 0.1247028 -0.8040046 -0.6622231 -0.7415162 0.1077694 -0.7153556 -0.6872128 0.1265108 -0.7420567 -0.6423901 0.1915382 -0.7411887 -0.646708 0.1800227 -0.7631146 -0.6007748 0.238172 -0.7623584 -0.6067602 0.2250597 -0.7828493 -0.5530599 0.2850818 -0.7823916 -0.5609605 0.2705304 -0.8004881 -0.4994129 0.3313695 -0.8005652 -0.5093364 0.3157084 -0.8151819 -0.4410758 0.3754076 -0.8159794 -0.4527814 0.3593978 -0.8263882 -0.3789671 0.4164933 -0.8280687 -0.3921896 0.4006116 -0.833853 -0.312931 0.4547123 -0.8365115 -0.3270345 0.4396557 -0.8371836 -0.2425978 0.4901733 -0.840717 -0.2564804 0.4768783 -0.8362936 -0.1726598 0.5203861 -0.8404066 -0.1854707 0.5092322 -0.8323608 -0.1088168 0.543447 -0.8366187 -0.1199173 0.534499 -0.8296563 -0.06949532 0.5539323 -0.8632685 -0.04270511 0.5029351 -0.8672044 -0.05250215 0.495177 -0.8956685 -0.02797186 0.4438418 -0.8991703 -0.03748852 0.4359902 -0.924584 -0.0134285 0.3807415 -0.9275211 -0.02237939 0.3731004 -0.9494924 0.001227259 0.3137879 -0.9517967 -0.006915211 0.3066518 -0.9698607 0.0162388 0.2431183 -0.9714854 0.009299695 0.2369171 -0.985065 0.03193813 0.1691951 -0.9861142 0.02621358 0.1639865 -0.9946234 0.04847538 0.09151262 -0.9951674 0.04424786 0.0876581 -0.9977948 0.06438803 0.01612484 -0.9980551 0.06100571 0.01282769 -0.9954553 0.07851743 -0.05388683 -0.9955 0.07561898 -0.05710971 -0.987398 0.09340596 -0.1277524 -0.9872547 0.09116268 -0.1304516 -0.9740951 0.1078718 -0.198752 -0.9738202 0.1059972 -0.2010942 -0.9560606 0.121578 -0.2667716 -0.9556149 0.1196581 -0.2692254 -0.9328897 0.1345331 -0.3340923 -0.9322969 0.132704 -0.3364705 -0.9044286 0.1469033 -0.4005354 -0.9036648 0.1451126 -0.4029049 -0.871194 0.1583701 -0.4646936 -0.8703786 0.1568289 -0.4667396 -0.8338655 0.1690747 -0.5254354 -0.8326768 0.1671844 -0.5279194 -0.7920699 0.1784922 -0.5837514 -0.7907491 0.176689 -0.586086 -0.7461103 0.1871165 -0.638989 -0.7443274 0.184965 -0.641689 -0.6939823 0.1948208 -0.6931331 -0.6945713 0.119289 -0.7094652 -0.6381462 0.1243039 -0.7598144 -0.3802987 0.004553139 -0.9248526 -0.4719849 2.54512e-4 -0.8816067 -0.447242 -9.57592e-6 -0.8944131 -0.4693692 -0.01288813 -0.882908 -0.4690989 -0.01289129 -0.8830516 -0.5122142 0.008135616 -0.8588192 -0.5889458 -0.001343727 -0.8081714 -0.5743453 -0.001534998 -0.8186118 0.3535341 0.3855335 -0.8522779 0.2816433 0.3933596 -0.875183 0.2829323 0.3911787 -0.8757447 0.208585 0.3972636 -0.8936856 0.2095537 0.3956543 -0.8941728 0.1340515 0.3998862 -0.906709 0.1346508 0.3989241 -0.9070439 0.05776107 0.4013053 -0.9141213 0.05798566 0.4009889 -0.9142459 -0.01882833 0.4014714 -0.915678 -0.01864999 0.4011982 -0.9158014 -0.0952726 0.3998091 -0.9116337 -0.09552228 0.4002091 -0.9114319 -0.1705054 0.3969984 -0.9018427 -0.1710889 0.3979598 -0.9013083 -0.244724 0.3929466 -0.886399 -0.245613 0.3944357 -0.8854913 -0.3166427 0.3877215 -0.8656843 -0.3176807 0.3896204 -0.8644507 -0.3874479 0.3810636 -0.8394491 -0.4565835 0.3374941 -0.8231824 -0.4074113 0.3444342 -0.8458021 -0.3880491 0.3092558 -0.8682042 -0.3192039 0.3159039 -0.8934841 -0.3183882 0.3145102 -0.8942663 -0.2466598 0.319867 -0.9147919 -0.2456477 0.3181701 -0.9156555 -0.1718183 0.3221386 -0.93097 -0.1713854 0.3214705 -0.9312808 -0.0959348 0.3240305 -0.94117 -0.09539878 0.3231895 -0.9415135 -0.01884388 0.3242967 -0.9457678 -0.0190376 0.3246043 -0.9456583 0.05838179 0.3242389 -0.944172 0.05826443 0.3244422 -0.9441094 0.1353505 0.3225846 -0.9368135 0.1344665 0.3239873 -0.9364566 0.2105455 0.3206585 -0.9234981 0.2098182 0.3218552 -0.9232473 0.2842835 0.3170841 -0.9047876 -0.01895147 0.003759562 -0.9998134 -0.06975638 -0.01536554 -0.9974458 -0.09289216 -0.01527917 -0.995559 0.2746952 0.007430315 -0.9615027 0.2073948 -0.01149529 -0.9781898 0.2021714 -0.01150554 -0.9792826 0.2081857 -0.008427739 -0.9780531 0.2070559 -0.008428335 -0.9782928 0.1291986 0.005284667 -0.9916048 0.06995159 -0.01395994 -0.9974527 0.05549573 -0.01394885 -0.9983615 0.06997787 -0.006773471 -0.9975256 0.06905436 -0.006771445 -0.99759 -0.06957393 -0.00372982 -0.9975699 -0.07266259 -0.003714561 -0.9973497 -0.166202 0.002603411 -0.9860883 -0.2075034 -0.01560586 -0.9781099 -0.2390118 -0.01539313 -0.9708947 -0.2079564 4.88379e-4 -0.978138 -0.3103033 0.001945734 -0.9506357 -0.3421292 -0.01479327 -0.9395365 -0.3417972 -0.01479667 -0.9396573 0.3335786 0.6065131 -0.7217113 0.3346527 0.6049314 -0.7225411 0.3233056 0.6684276 -0.6698344 0.3249328 0.6662061 -0.6712586 0.3071033 0.7429631 -0.5947213 0.2460338 0.7549659 -0.6078603 0.2276065 0.8272253 -0.5137057 0.1688593 0.8362395 -0.5217184 0.1560334 0.8860566 -0.4365288 0.1002252 0.8919258 -0.4409347 0.09253501 0.9269328 -0.3636385 0.03930568 0.9299444 -0.3655933 0.03622937 0.9542209 -0.2969006 -0.0141012 0.9547119 -0.2971975 -0.01344734 0.9713478 -0.2372823 -0.0606665 0.9697383 -0.2364893 -0.05723589 0.9810895 -0.1848983 -0.1013844 0.977795 -0.1834077 -0.0937519 0.9882883 -0.1204038 0.3982521 0.5950167 -0.6981049 0.4000908 0.5922271 -0.6994245 0.3868227 0.6558449 -0.6482559 0.3886564 0.6532984 -0.6497287 0.3681533 0.7293097 -0.5766892 0.3087577 0.7439542 -0.5926221 0.2863756 0.8161244 -0.5019263 0.2288335 0.8277881 -0.512252 0.2119152 0.8779001 -0.4293988 0.156805 0.8863239 -0.4357087 0.1451086 0.9216887 -0.3597685 0.09295082 0.9270461 -0.3632436 0.08611643 0.9515565 -0.2951684 0.03644359 0.9542684 -0.2967218 0.03376108 0.9709005 -0.2370918 -0.01349246 0.9713363 -0.2373263 -0.01293653 0.9825174 -0.185721 -0.05745381 0.9810463 -0.1850602 -0.05326479 0.991127 -0.1217793 -0.09436368 0.9882051 -0.1206083 -0.08685106 0.9946615 -0.05572789 -0.0873571 0.9946077 -0.05589634 -0.04952913 0.9971565 -0.05679559 -0.05363517 0.9910906 -0.1219129 -0.01231884 0.992401 -0.1224285 -0.01298475 0.9825094 -0.1857599 0.0315811 0.9821249 -0.1855624 0.03389227 0.970923 -0.2369808 0.08049708 0.9684805 -0.2357241 0.08645015 0.9516226 -0.2948574 0.1354162 0.9467568 -0.2920858 0.1458697 0.9218773 -0.3589767 0.1973963 0.9141755 -0.3540027 0.2129033 0.8782298 -0.4282343 0.2670144 0.8673074 -0.4200968 0.2876377 0.8166973 -0.5002701 0.3438809 0.8024234 -0.4877119 0.3696679 0.7302253 -0.5745579 0.4274695 0.7129289 -0.5558797 0.4499847 0.638064 -0.6248106 0.471569 0.6060164 -0.6405988 0.4614635 0.5785133 -0.6725875 0.7056406 0.7045134 -0.07571154 0.9820536 0.1852743 0.03527444 0.4504088 0.8848401 0.1191222 0.4993469 0.8577656 0.1220288 0.5182669 0.8509159 0.08568316 0.5698296 0.8167904 0.09026545 0.5881299 0.8066324 0.05871319 0.6410611 0.7647169 0.06518238 0.660929 0.749677 0.03402149 0.7140449 0.6987771 0.04301744 0.7380432 0.6747083 0.007811844 0.78771 0.6157038 0.02054399 0.8145731 0.5797912 -0.01768642 0.8568004 0.5156483 3.15924e-4 0.8754604 0.4825967 -0.02587842 0.9134783 0.4068872 3.41996e-4 0.9221065 0.386731 -0.01260632 0.9517908 0.3061348 0.01938909 0.95719 0.289274 0.01038485 0.9777786 0.2035734 0.05006909 0.9765517 0.2087809 0.05251127 0.1827728 0.9544175 0.235969 0.2505856 0.9389096 0.2359145 0.2630192 0.9447969 0.1953967 0.3461143 0.9173637 0.1965936 0.35869 0.9187951 0.1647941 0.3779336 0.9122292 0.1581264 0.3979196 0.9105618 0.1119701 0.4440647 0.8886028 0.1148554 0.4628591 0.88312 0.07655602 0.512009 0.8551545 0.08097994 0.5308186 0.8461803 0.04701709 0.5815784 0.8117525 0.0531463 0.6026788 0.7977562 0.01906567 0.6543964 0.7556517 0.0274921 0.6811215 0.7320714 -0.01203972 0.7321172 0.6811787 1.36689e-4 0.7636712 0.6440816 -0.04433172 0.8098917 0.5859748 -0.02663207 0.8333281 0.5496366 -0.05885434 0.8757336 0.4816255 -0.0335803 0.8880559 0.4568616 -0.05132448 0.9228985 0.3844929 -0.02058458 0.9321058 0.3605265 -0.0346322 0.9583252 0.2856699 0.002382636 0.964053 0.2656068 -0.007407724 0.9809405 0.1908369 0.03656667 0.9820693 0.1851974 0.03524148 -0.3752995 0.5296952 -0.76064 -0.3083753 0.5412156 -0.7822982 -0.3076176 0.5397162 -0.7836313 -0.2385254 0.5489501 -0.8010988 -0.2376704 0.5474306 -0.8023918 -0.1663693 0.5543207 -0.815506 -0.1658571 0.5534931 -0.8161721 -0.09304475 0.5579317 -0.8246545 -0.09264278 0.557303 -0.8251248 -0.01845771 0.5592228 -0.8288121 -0.01854932 0.5593547 -0.828721 0.05639857 0.5586811 -0.8274627 0.05609101 0.5591673 -0.8271552 0.1304121 0.5559029 -0.8209536 0.1299798 0.5565652 -0.8205733 0.2031415 0.5507699 -0.8095592 0.2021586 0.5523143 -0.8087527 0.2742763 0.5439922 -0.7929976 0.2732186 0.5456784 -0.7922037 0.3435372 0.5349062 -0.7719181 0.3416669 0.5378912 -0.7706729 0.4096909 0.5247697 -0.7461703 0.4082106 0.527196 -0.7452709 0.4736682 0.511789 -0.716736 0.4718766 0.5148147 -0.7157502 0.5346937 0.4971349 -0.6833444 0.5541396 0.4615223 -0.6927673 0.5956149 0.448345 -0.6665056 0.6109514 0.3200516 -0.7240894 0.6638695 0.306522 -0.6821449 0.4896561 0.3379303 -0.8037663 0.4867335 0.3353778 -0.8066054 0.4238691 0.3448556 -0.8375021 0.4212971 0.3426812 -0.8396894 0.3741388 0.34868 -0.8593268 0.3542315 0.3133293 -0.8811044 0.2829084 0.3194131 -0.9043994 -0.4482635 0.4464993 -0.7744019 -0.3830025 0.4585269 -0.8019117 -0.3819301 0.4563493 -0.8036633 -0.3141059 0.4664094 -0.8269218 -0.3131805 0.4646482 -0.8282634 -0.2427821 0.4727379 -0.8470985 -0.24207 0.4715226 -0.8479791 -0.1694068 0.4775615 -0.8621116 -0.1686858 0.4763251 -0.8629366 -0.09458386 0.4801931 -0.8720486 -0.09424948 0.4796624 -0.8723766 -0.0187698 0.481334 -0.8763364 -0.0185368 0.480933 -0.8765614 0.0575478 0.4803397 -0.8751927 0.05696433 0.4813209 -0.8746917 0.1331375 0.4784469 -0.867965 0.1324228 0.4796226 -0.8674252 0.2069666 0.4745389 -0.855557 0.2061781 0.4758234 -0.8550338 0.2796127 0.468515 -0.8380396 0.2784224 0.4704942 -0.8373268 0.3495529 0.4611037 -0.8155956 0.3479885 0.4637568 -0.8147599 0.4173085 0.4522132 -0.788262 0.4155274 0.4553135 -0.7874178 0.4819666 0.4417622 -0.7566732 0.4803268 0.4447205 -0.7559827 0.5422353 0.4296257 -0.7220822 0.5519152 0.3297016 -0.7659546 0.6083517 0.3174864 -0.7273999 -0.04695534 0.9988651 -0.007990479 -0.01132792 0.9999013 -0.0083099 -0.01179432 0.9982886 -0.05727845 0.02614527 0.9980227 -0.05715924 0.02893543 0.9920745 -0.1222739 0.06962752 0.9901498 -0.1214724 0.07589852 0.979945 -0.1842479 0.119458 0.9759418 -0.1823935 0.1273239 0.9641586 -0.232781 0.1729983 0.9577968 -0.2295584 0.1851438 0.9399508 -0.2867307 0.2333052 0.9307498 -0.2815555 0.2503084 0.9045231 -0.3452299 0.300825 0.8920402 -0.3372962 0.3228787 0.8546063 -0.4066908 0.3756058 0.8384501 -0.3948692 0.4021446 0.7868131 -0.4681931 0.4561876 0.767048 -0.4511435 0.4867894 0.695389 -0.5286496 0.5410612 0.6727034 -0.504701 0.5734077 0.5743049 -0.5842753 0.6258369 0.5509371 -0.5520839 0.6524288 0.4335916 -0.6215586 0.7020476 0.4124487 -0.5805302 0.7176766 0.2964019 -0.6301477 0.7634912 0.2801961 -0.581869 -0.08227485 0.9965837 -0.007205426 -0.04681313 0.9988722 -0.007941186 -0.04971963 0.9971434 -0.05686026 -0.01173239 0.9982907 -0.05725455 -0.01239168 0.9923968 -0.1224544 0.02885097 0.9920729 -0.1223067 0.0316652 0.982134 -0.1854998 0.07564467 0.9799236 -0.1844666 0.0807541 0.9685141 -0.235498 0.1268432 0.9641094 -0.2332466 0.1359668 0.9468514 -0.2915229 0.1844097 0.939844 -0.2875527 0.1982579 0.914372 -0.3530122 0.2492602 0.904307 -0.346552 0.2682352 0.8676982 -0.4185091 0.3216139 0.8542054 -0.4085311 0.3454571 0.8031462 -0.4854027 0.4007093 0.7861293 -0.4705665 0.4292749 0.7141089 -0.5529662 0.4851014 0.6942236 -0.5317239 0.5162898 0.5935018 -0.6174145 0.5714213 0.5724583 -0.5880214 0.5977035 0.4504435 -0.663213 0.650334 0.4312589 -0.6253651 0.6659683 0.3087879 -0.6790701 0.7155916 0.2938835 -0.6336885 -0.4549951 0.2156466 -0.8639885 -0.4577755 0.2129016 -0.8632001 -0.3876191 0.2184627 -0.8955588 -0.3894523 0.2167751 -0.8951735 -0.3172344 0.2213589 -0.922151 -0.3194386 0.2194281 -0.9218516 -0.2446612 0.223089 -0.9435954 -0.2463341 0.221685 -0.943491 -0.1707286 0.2243592 -0.9594346 -0.1717849 0.2235097 -0.9594443 -0.09481024 0.225238 -0.9696798 -0.09551477 0.2246798 -0.9697402 -0.01858317 0.225444 -0.974079 -0.01893711 0.225177 -0.9741339 0.05768448 0.2250013 -0.9726495 0.05858385 0.2256749 -0.9724396 0.1338008 0.2245652 -0.9652295 0.1350454 0.2255033 -0.9648374 0.2083485 0.2234965 -0.9521766 0.210694 0.2252582 -0.9512449 0.2820123 0.2223491 -0.9332898 0.2841498 0.2239634 -0.932255 0.3531655 0.2201783 -0.9092832 0.3557386 0.2221877 -0.90779 0.4220664 0.2175334 -0.8800791 0.4249372 0.2198472 -0.8781205 0.488291 0.2143263 -0.8459529 0.4909788 0.2165938 -0.8438169 0.5514971 0.2101818 -0.8072636 0.5539391 0.2123439 -0.8050228 0.6110016 0.2050959 -0.7645998 0.6136432 0.2076061 -0.7618017 0.6670893 0.1994998 -0.7177687 0.6695281 0.2020136 -0.7147886 0.7194348 0.1930035 -0.6672055 0.7214462 0.1952919 -0.6643618 0.7677873 0.1853557 -0.6133073 0.7694839 0.1875218 -0.6105162 0.8118581 0.1766993 -0.5564747 0.5432326 0.01192194 -0.8394976 0.4690493 -0.002838075 -0.8831675 0.4793635 -0.002775371 -0.8776122 0.7639669 0.0147795 -0.6450862 0.6933375 0.008921265 -0.7205579 0.7143936 0.009062826 -0.6996854 0.6947476 -0.006746113 -0.719222 0.6944181 -0.006748497 -0.7195401 0.6607567 0.01368063 -0.7504755 0.5885281 0.002862572 -0.8084717 0.603722 0.002966165 -0.7971895 0.5877749 -0.007841885 -0.8089866 0.5879027 -0.007841646 -0.8088938 -0.4527775 0.1296257 -0.8821507 -0.4545969 0.1279438 -0.8814603 -0.3849256 0.1307893 -0.9136337 -0.3870936 0.1289098 -0.9129846 -0.3149987 0.1312468 -0.9399735 -0.3166329 0.1298871 -0.9396132 -0.2426494 0.1317312 -0.9611286 -0.2440621 0.1306024 -0.9609249 -0.1691526 0.1319587 -0.9767161 -0.1702167 0.1311279 -0.9766431 -0.09415692 0.1320202 -0.986765 -0.09442508 0.1318135 -0.9867671 -0.0185967 0.1322394 -0.9910433 -0.01841598 0.1323741 -0.9910287 0.05700194 0.1323466 -0.9895632 0.0576561 0.1328176 -0.9894621 0.1320779 0.1323423 -0.982365 0.1335906 0.1334438 -0.9820114 0.2065556 0.1325155 -0.9694197 0.2080359 0.1336036 -0.9689536 0.2795119 0.1322208 -0.9509947 0.2816907 0.1338478 -0.9501238 0.3504589 0.1320154 -0.9272274 0.352868 0.1338543 -0.9260492 0.4194134 0.1315452 -0.898214 0.4218751 0.1335064 -0.8967706 0.485803 0.1307069 -0.8642403 0.488264 0.1327546 -0.8625396 0.5490279 0.1294634 -0.8257165 0.551695 0.1318152 -0.8235638 0.6089984 0.1280125 -0.7827732 0.6114255 0.1303107 -0.7804986 0.6658287 0.1259243 -0.7354015 0.6677768 0.1279174 -0.7332881 0.7183431 0.1230086 -0.6847277 0.7203856 0.1253078 -0.6821602 0.7672712 0.1197877 -0.6300364 0.7689817 0.121946 -0.627532 0.8119015 0.1158158 -0.5721912 0.8132705 0.1177868 -0.5698398 0.852353 0.1109827 -0.5110551 0.8878053 0.1053459 -0.4480003 0.8533752 0.1127105 -0.5089669 0.8517838 0.1671645 -0.4965084 0.8134022 0.1789465 -0.5534936 0.8074387 0.2647561 -0.5272067 0.765108 0.2823942 -0.5786739 0.74984 0.391744 -0.533176 0.7038002 0.4146339 -0.5768398 0.677556 0.5267322 -0.5132945 0.6274684 0.5526617 -0.5484968 0.5947651 0.6485291 -0.4750418 0.542602 0.6738849 -0.5014602 0.5106741 0.7450609 -0.4290645 0.4576459 0.7677792 -0.4484142 0.4290379 0.8198871 -0.3790935 0.3768666 0.8388514 -0.3928102 0.3521952 0.877204 -0.3263001 0.3019194 0.8922507 -0.3357582 0.2821014 0.9193655 -0.2742004 0.2340964 0.9308401 -0.2805988 0.2191419 0.9494577 -0.2247371 0.1735768 0.9578388 -0.2289451 0.1630974 0.9701604 -0.1794104 0.119795 0.9759596 -0.1820773 0.1101404 0.9866608 -0.1198734 0.07001185 0.990143 -0.1213063 0.0638225 0.9963608 -0.05649685 0.02625471 0.9980223 -0.05711627 0.02425599 0.999672 -0.008221447 -0.01134401 0.9999011 -0.008318781 -0.0109474 0.9992754 0.03645515 -0.04444086 0.9983372 0.03671592 -0.06077402 0.9972114 0.04331511 -0.07764118 0.9962776 0.03745442 -0.1108027 0.9931009 0.0383861 -0.1175084 0.9930541 -0.005953013 -0.1169585 0.99312 -0.005774974 -0.1247368 0.9907016 -0.05432593 -0.1240795 0.9907954 -0.05411893 -0.1349981 0.9837258 -0.1185712 -0.1340946 0.9838832 -0.1182906 -0.1451599 0.9727596 -0.1807416 -0.1444321 0.9729537 -0.1802787 -0.1534783 0.9607157 -0.2312353 -0.1527738 0.9609364 -0.2307842 -0.1632703 0.9431187 -0.2896034 -0.1623848 0.943448 -0.289028 -0.1744436 0.9177605 -0.3567706 -0.173348 0.9182413 -0.3560669 -0.1868498 0.8818667 -0.4328953 -0.1853926 0.8826275 -0.4319702 -0.2001495 0.8314821 -0.5182449 -0.198863 0.8322768 -0.5174639 -0.2149216 0.7583137 -0.6154423 -0.2133379 0.7594615 -0.6145772 -0.2258106 0.6823366 -0.6952887 -0.2912162 0.6717915 -0.6810943 -0.300759 0.6109452 -0.7323182 -0.3664872 0.5983361 -0.7125174 -0.3762681 0.5317302 -0.7587394 -0.4406733 0.5180042 -0.7331293 -0.4493876 0.4490014 -0.7723008 -0.5115182 0.4351347 -0.74095 -0.5207822 0.3291451 -0.7876861 -0.517875 0.3324339 -0.7882215 -0.5222499 0.2091276 -0.8267533 -0.5200293 0.2114884 -0.8275519 -0.5198078 0.1262574 -0.8449018 -0.517406 0.1286277 -0.8460177 0.9903471 0.1383947 0.007721126 0.995671 0.09189963 -0.0139212 0.9932017 0.04494553 -0.1073795 0.9829372 0.04944252 -0.1771723 0.9820122 0.07637441 -0.1726821 0.9663853 0.0863915 -0.242149 0.9647568 0.1188535 -0.2347726 0.9441958 0.1343646 -0.3007333 0.9396894 0.1898421 -0.2845064 0.9140536 0.2128624 -0.3452472 0.9031929 0.2894678 -0.3169404 0.8718596 0.3201382 -0.3706378 0.8521885 0.4055395 -0.3306243 0.8145596 0.4416915 -0.3760335 0.7873842 0.5220224 -0.327901 0.7440773 0.5598921 -0.3645132 0.714249 0.625306 -0.3143895 0.6669453 0.6614614 -0.3430054 0.6368758 0.7134574 -0.2921779 0.5872231 0.7460023 -0.3140853 0.5578876 0.7873598 -0.2623472 0.5078682 0.8151351 -0.2786124 0.4810745 0.8464972 -0.2280572 0.4318821 0.869422 -0.2399654 0.4087824 0.8921819 -0.1921163 0.3612662 0.9105955 -0.2007552 0.342389 0.9263893 -0.1567563 0.2970811 0.9408389 -0.1629878 0.2756112 0.9554515 -0.1055991 0.2345811 0.9658935 -0.1096436 0.2156911 0.9752818 -0.04798859 0.1778406 0.9827582 -0.05058848 0.1663752 0.9860576 -0.003118813 0.1308718 0.9913875 -0.004852592 0.1229121 0.9916438 0.03918206 0.9934683 0.1140407 -0.00394982 0.9934868 0.1138776 -0.003996193 0.2850334 0.9584833 0.008111715 0.3257929 0.9453681 0.01175063 0.3447416 0.9381507 -0.03204309 0.388142 0.9212042 -0.02699941 0.4158113 0.9057559 -0.08189707 0.4616428 0.8839263 -0.07456731 0.4895746 0.8632293 -0.1230932 0.5395324 0.8344516 -0.1122298 0.5612741 0.814418 -0.1472914 0.6118514 0.779712 -0.1329933 0.6356013 0.7533071 -0.1689364 0.6856781 0.7122496 -0.1501534 0.7102156 0.6790193 -0.1858134 0.7580422 0.631915 -0.1614173 0.7814778 0.5926402 -0.1951155 0.8250223 0.5407465 -0.1641082 0.8457359 0.4968373 -0.1946369 0.8827877 0.4428975 -0.1566137 0.9002241 0.3946036 -0.1840782 0.929301 0.3422194 -0.1388726 0.9429124 0.2904893 -0.1628869 0.9636619 0.2434087 -0.110037 0.9721307 0.1965771 -0.1277477 0.9850376 0.1583144 -0.06809931 0.9891279 0.1242682 -0.07863634 0.9952383 0.09642958 -0.01421618 0.9956698 0.09191399 -0.01391631 0.8882471 0.0708791 -0.4538649 0.8876207 0.06958365 -0.4552886 0.8526356 0.07341384 -0.5173228 0.8515322 0.07151269 -0.5194024 0.8119862 0.07490003 -0.5788509 0.8108237 0.07318115 -0.5806975 0.7671429 0.07615703 -0.6369395 0.7658005 0.07440847 -0.638759 0.7180076 0.07701283 -0.6917616 0.7165334 0.07528471 -0.6934784 0.6653269 0.07752573 -0.742516 0.6632415 0.07531851 -0.744606 0.6083247 0.07721507 -0.7899233 0.6064232 0.07535797 -0.7915631 0.5482359 0.07695418 -0.8327758 0.5463206 0.07522684 -0.834191 0.4849576 0.07655984 -0.8711801 0.4825209 0.07447826 -0.8727122 0.4185201 0.07554417 -0.9050602 0.4162669 0.07370555 -0.9062502 0.349588 0.07454156 -0.9339335 0.3476423 0.07299154 -0.9347819 0.2787418 0.0736221 -0.95754 0.2767535 0.07210266 -0.9582321 0.2059426 0.0725432 -0.9758716 0.2044107 0.07139801 -0.976278 0.1316751 0.07166963 -0.9886988 0.1306755 0.07092905 -0.9888848 0.05684995 0.07104265 -0.9958519 0.05642092 0.07072579 -0.9958989 -0.01846271 0.07068836 -0.9973276 -0.01874423 0.07049089 -0.9973364 -0.09373867 0.07030105 -0.9931118 -0.09342944 0.07053375 -0.9931244 -0.1684875 0.07018703 -0.9832019 -0.1676446 0.07083505 -0.9832994 -0.2417995 0.0703243 -0.9677746 -0.2408872 0.0710377 -0.9679499 -0.3139889 0.07034915 -0.9468168 -0.3126801 0.07142835 -0.9471691 -0.3838341 0.07054781 -0.9207033 -0.3822316 0.07192718 -0.921263 -0.4516656 0.07082223 -0.8893719 -0.4498325 0.07247769 -0.8901673 -0.5163332 0.07113438 -0.8534284 -0.5150374 0.07238674 -0.8541059 -0.5784539 0.0707966 -0.8126372 -0.5768319 0.0724799 -0.813641 -0.6372917 0.07058531 -0.7673832 -0.6356934 0.07239431 -0.7685396 -0.6920019 0.07019811 -0.7184745 -0.6907226 0.07178866 -0.7195476 -0.7421199 0.0693143 -0.6666736 -0.7415961 0.03764915 -0.6697894 -0.7882024 0.03697556 -0.6143044 -0.7873739 -0.003719925 -0.6164647 -0.7879099 -0.004250764 -0.615776 0.9182308 0.05641049 -0.3920079 0.8870635 0.01958829 -0.461232 0.8660298 -0.005040884 -0.499967 0.8501847 -0.005069315 -0.5264604 0.9448521 0.05294644 -0.3231894 0.9702974 -0.004603743 -0.2418715 0.9665197 -0.004530012 -0.2565526 0.966243 0.05039274 -0.2526559 0.9455566 0.05407559 -0.3209338 0.9448183 0.09210973 -0.3143792 0.919366 0.1007915 -0.3802726 0.917631 0.1449794 -0.3700464 0.8879719 0.1585494 -0.4317035 0.8824753 0.2300771 -0.4102463 0.8483595 0.2503126 -0.4665083 0.8347144 0.3445123 -0.4296082 0.7955019 0.3713771 -0.4788067 0.7716045 0.4713157 -0.4271863 0.7274314 0.5021718 -0.4676187 0.696139 0.5915315 -0.4067935 0.648019 0.6228406 -0.438339 0.6156908 0.692025 -0.3768639 0.5652152 0.7210407 -0.4007896 0.5344275 0.7736979 -0.3402631 0.483461 0.7988556 -0.3579039 0.4552747 0.8388366 -0.2984598 0.4050027 0.8597231 -0.3112061 0.3806746 0.8889951 -0.2545091 0.3321681 0.9056576 -0.2635315 0.312455 0.9261431 -0.2112603 0.2664462 0.9389794 -0.2175412 0.2512583 0.9528135 -0.17034 0.2075912 0.962493 -0.1746803 0.1915971 0.9747829 -0.1144063 0.1515761 0.9814845 -0.1171023 0.1387546 0.9888804 -0.05350559 0.1016473 0.9932934 -0.05510103 0.09480541 0.9954737 -0.006639957 0.05988395 0.9981768 -0.007553994 0.0560528 0.9977414 0.03701466 0.9983131 0.04639506 -0.03490757 0.9702732 0.006532192 -0.2419241 0.9702656 0.006534159 -0.2419548 0.9452801 0.02268564 -0.3254704 0.9272008 -0.004865884 -0.3745332 0.9181248 -0.004824638 -0.3962622 0.9271131 0.01087671 -0.374624 0.9272097 0.01087725 -0.3743848 0.204617 0.9788421 1.38715e-4 0.2420054 0.9702711 0.002759218 0.257618 0.9652792 -0.04323244 0.2979182 0.9537748 -0.03947806 0.3218913 0.9416659 -0.09824186 0.3651479 0.9263283 -0.09264445 0.390803 0.9087953 -0.1461653 0.4382728 0.8882193 -0.1377806 0.4594694 0.8702214 -0.1777709 0.5087556 0.8446694 -0.1664382 0.5332491 0.8197971 -0.2087539 0.5832511 0.7888908 -0.1935706 0.6101843 0.755953 -0.2370867 0.6595228 0.7196885 -0.216975 0.6873133 0.6782303 -0.260008 0.7346013 0.6369909 -0.2336741 0.7613561 0.587348 -0.2745166 0.8044981 0.5428412 -0.2410526 0.8290855 0.4841537 -0.2796648 0.866389 0.4389407 -0.2381203 0.8872265 0.3711693 -0.2739753 0.9171749 0.3294357 -0.2241927 0.931377 0.2616098 -0.2531744 0.9540441 0.226979 -0.195654 0.9616107 0.1703904 -0.2151095 0.9778859 0.1446342 -0.151063 0.9810661 0.1072348 -0.161276 0.9915339 0.09004378 -0.09355574 0.9927105 0.0706008 -0.09767961 0.998027 0.05855369 -0.0226643 0.9971163 0.07046425 -0.02817696 0.8659108 0.01409363 -0.5 0.8673899 0.01409798 -0.4974294 0.809511 0.01534974 -0.5869041 0.7878589 -0.005981504 -0.6158268 0.7881426 -0.005977332 -0.6154639 0.9865419 0.1622102 0.02056705 0.9865178 0.1623502 0.02061635 0.7371873 0.6650945 -0.1191819 0.786053 0.6105931 -0.09641975 0.8053666 0.5797849 -0.1234265 0.8490245 0.5197539 -0.09493899 0.8657181 0.486193 -0.1189481 0.9018015 0.4237796 -0.08464574 0.9151027 0.3893585 -0.1048185 0.9430277 0.3265181 -0.06391179 0.9528826 0.2925317 -0.08025026 0.9720261 0.2326332 -0.0323612 0.9785019 0.2012932 -0.04488909 0.9887883 0.1490225 0.009494483 0.9903417 0.1384329 0.00773561 0.4692794 -0.008778393 -0.8830062 0.4698768 -0.008775353 -0.8826885 0.4135923 0.009666383 -0.910411 0.3415552 -0.007671475 -0.9398304 0.3444917 -0.007659137 -0.9387581 0.3421272 -0.008937358 -0.9396113 0.342067 -0.008937656 -0.9396331 -0.6857385 0.7277727 0.01047098 -0.6686552 0.7434473 0.01365423 -0.6686365 0.7434641 0.01365494 -0.6304886 0.7761704 -0.006623566 -0.5780718 0.8159067 0.01137501 -0.5780445 0.8159261 0.01137363 -0.5769608 0.816737 0.007548928 -0.6344597 0.772954 -0.001742184 -0.6354747 0.7721216 -4.85883e-4 -0.6891666 0.7245298 -0.01030212 -0.6903802 0.7233941 -0.008731126 -0.7414348 0.6707487 -0.01925349 -0.5780866 0.8159705 0.002853095 -0.5780823 0.8159735 0.002852499 -0.5126367 0.8586047 -0.001348197 -0.4796857 0.8773955 0.008887529 -0.4796869 0.8773947 0.008887529 -0.4478456 0.8941087 0.002030014 -0.2649101 0.9641981 0.01203489 -0.3108949 0.9504354 0.004115879 -0.2647727 0.9643046 -0.003498852 -0.4799147 0.8773108 -0.002779662 -0.3747553 0.9270988 0.006804227 -0.3804208 0.9247884 0.006813287 -0.3748172 0.9270575 0.008758783 -0.374863 0.9270388 0.008758544 -0.3128041 0.9488515 0.04282957 -0.3109629 0.9494001 0.04406481 -0.3826109 0.9231687 0.03699266 -0.3800859 0.9241384 0.03876936 -0.4501026 0.8924612 0.03034251 -0.4469907 0.8939422 0.03266322 -0.5149261 0.8569272 0.02295565 -0.4290695 0.898997 0.08777219 -0.4464206 0.8917275 0.07437002 -0.3643066 0.9269962 0.08921164 -0.3795709 0.9218508 0.07821261 -0.2976608 0.9504051 0.09015715 -0.3105239 0.9470673 0.0814765 -0.3273633 0.9255648 0.1901665 -0.2895109 0.9326148 0.2154377 -0.3873338 0.9014642 0.1932224 -0.3440311 0.9118088 0.2241594 -0.2665181 0.9454527 0.1873165 -0.1942412 0.9809366 0.005829572 -0.1946738 0.9808508 0.005829751 -0.1231309 0.99239 -0.00101906 -0.007601618 0.9999353 0.008469283 -0.007655858 0.9999349 0.008469998 0.05507284 0.9980708 0.02866756 0.2228533 0.9747755 0.01221096 0.2735822 0.961789 0.01071774 0.2735165 0.9616378 0.02101236 0.2227554 0.9748629 -0.004738628 0.327403 0.9448418 0.009015202 0.3274301 0.9448325 0.009015619 0.3460178 0.9373156 0.04136723 0.3462179 0.9379777 0.01819151 0.3439256 0.9388457 0.01684945 0.3440055 0.9389615 0.003407716 0.3281412 0.9446228 0.003338754 0.05487668 0.9970001 0.05458438 0.05240887 0.9946679 0.08882111 -0.1234593 0.9626069 0.2411344 -0.1246241 0.9731847 0.1933403 -0.1423053 0.9726262 0.1837054 -0.1430764 0.9796596 0.1406996 -0.1594622 0.9784346 0.1312918 -0.1599679 0.9829471 0.09069341 -0.1671574 0.9821373 0.08639985 -0.1674016 0.984525 0.0518372 -0.1681714 0.9844186 0.05136662 -0.1683145 0.9853985 0.02569448 -0.1669179 0.985613 0.02655947 -0.1670041 0.9859457 0.004552662 -0.1233212 0.9922784 0.01325386 0.04675316 0.9902026 0.1315786 0.04645133 0.9813916 0.1863141 0.09574925 0.9782336 0.1840955 0.09508484 0.970193 0.2229004 -0.2347152 0.9497316 0.2071685 -0.2328686 0.941112 0.2451133 -0.2883111 0.928164 0.2353473 -0.2879432 0.9282183 0.2355836 -0.3421432 0.9060878 0.2488837 -0.2966024 0.9455485 0.1340337 -0.2677657 0.9512642 0.1529644 -0.3628875 0.9218276 0.1361863 -0.3287717 0.9307255 0.1601855 -0.427223 0.8934707 0.1385301 -0.3888315 0.9059517 0.1675164 -0.4490558 0.8805091 0.1518308 -0.4461783 0.8731744 0.1961923 -0.3985428 0.8871539 0.2326405 -0.3983992 0.8867849 0.2342876 -0.3630568 0.8948658 0.2596248 -0.3600088 0.8879299 0.2863117 -0.3541581 0.8890105 0.2902286 -0.3438807 0.8690647 0.3556299 -0.4223464 0.8424975 0.3343975 -0.2300699 0.9176275 0.32408 0.9945131 0.001758694 -0.1045972 0.9829657 0.02544653 -0.1820194 0.9824327 0.04771894 -0.1804134 0.9668746 0.05178517 -0.2499435 0.9659991 0.08452081 -0.24434 0.9453495 0.09387254 -0.3122539 0.9436377 0.1323632 -0.3033611 0.9183704 0.146938 -0.3674306 0.9133296 0.2106217 -0.3485221 0.8833834 0.2322249 -0.4070695 0.8710389 0.3178386 -0.3745263 0.8356812 0.3465716 -0.4260579 0.8136851 0.4396597 -0.3802843 0.7726289 0.4731411 -0.423299 0.7431014 0.5583388 -0.3688606 0.6972209 0.5928573 -0.4029928 0.6658165 0.6604405 -0.3471411 0.6168448 0.6928761 -0.373397 0.5860346 0.7454797 -0.3175274 0.5356554 0.7741633 -0.3372603 0.5065851 0.8149119 -0.2815855 0.4564855 0.8390409 -0.2960261 0.4306606 0.8693889 -0.2422693 0.3817545 0.8890444 -0.2527127 0.360155 0.9106463 -0.2025135 0.3133857 0.9261277 -0.209945 0.2961958 0.9409126 -0.1641699 0.2520283 0.9527774 -0.169402 0.2331109 0.9661574 -0.1104499 0.1927766 0.9746217 -0.1137971 0.1768228 0.9829159 -0.05108875 0.1394633 0.9887983 -0.05317759 0.1302465 0.9914683 -0.005138576 0.09522801 0.9954346 -0.006456911 0.0892831 0.9952782 0.03807795 0.0724309 0.9964113 0.04379791 0.0683788 0.9942102 0.08288848 0.005414724 0.9966004 0.0822097 0.004796147 0.9916144 0.1291427 -0.05524098 0.9900491 0.1294269 -0.05201351 0.9827678 0.1773758 -0.1116315 0.9776725 0.1780308 -0.1047213 0.9680765 0.2277314 -0.1709305 0.9585394 0.2280021 -0.1615952 0.9479825 0.2742561 -0.1681321 0.9449707 0.2806455 -0.1606994 0.934015 0.3190483 -0.1689822 0.929818 0.3269302 -0.1629799 0.9189445 0.359136 0.9969494 0.07491511 -0.02190482 0.9915759 0.09305024 -0.09010499 0.9892147 0.1207948 -0.082843 0.9780272 0.1475708 -0.147261 0.9721745 0.1932809 -0.1323605 0.9542341 0.2298637 -0.1913108 0.9429337 0.2874647 -0.168048 0.9173856 0.3319259 -0.2196106 0.9001616 0.3921005 -0.1896486 0.8666872 0.4409601 -0.2332545 0.8454743 0.4950885 -0.2001513 0.8049942 0.5443041 -0.2360453 0.780945 0.5916075 -0.2003137 0.7353609 0.6378411 -0.2289171 0.7093891 0.6785807 -0.1905136 0.6605266 0.7200233 -0.2127699 0.6344943 0.7532956 -0.1730976 0.5844225 0.7888872 -0.1900194 0.5600148 0.8146483 -0.1507708 0.5099912 0.8444864 -0.1635596 0.4882757 0.86356 -0.1259011 0.4394913 0.8879683 -0.1354982 0.4124374 0.9070748 -0.08432698 0.3679628 0.9254003 -0.09076172 0.3419274 0.9391188 -0.03379005 0.300137 0.9531318 -0.03817808 0.2827386 0.9591729 0.006809413 0.2437331 0.9698354 0.003688991 0.2299394 0.9720762 0.0468592 0.2112087 0.9760333 0.05243825 0.2009621 0.9755457 0.08902174 0.1335321 0.9872912 0.0861715 0.1252368 0.9833209 0.1318935 0.06531864 0.9892758 0.1306407 0.06104534 0.982299 0.1770934 0.004785001 0.9842397 0.176775 0.004248082 0.9746736 0.223592 -0.05133074 0.9733218 0.2236291 -0.04853516 0.9617117 0.2697315 -0.05037337 0.9611865 0.271262 -0.04786849 0.948073 0.3144301 -0.05034554 0.947259 0.31649 -0.04821985 0.9337992 0.3545337 -0.05137461 0.9326341 0.3571475 -0.05024898 0.9244087 0.3780791 -0.05420655 0.9228451 0.3813381 -0.05440968 0.9244729 0.3773455 0.6699438 0.73729 -0.08705693 0.6489309 0.7568265 -0.07811838 0.6194964 0.7842002 -0.03541636 0.5702721 0.8201913 -0.04556226 0.5410177 0.8410104 0.001207768 0.492614 0.8702279 -0.005890429 0.470997 0.8815194 0.03294771 0.4242685 0.905112 0.02772402 0.4059216 0.9115622 0.06543755 0.3614183 0.9303647 0.06163144 0.3440555 0.9332997 0.1028475 0.2816492 0.9544036 0.09893155 0.2670734 0.9532232 0.141554 0.1939989 0.9711396 0.1387532 0.1830152 0.9659401 0.1829348 0.1220886 0.9757302 0.181783 0.1149089 0.9672814 0.2261918 0.06074976 0.9722466 0.2259337 0.05691015 0.9604154 0.2726968 0.06026268 0.9609267 0.2701636 0.05652832 0.9463528 0.3181527 0.06080883 0.9471876 0.3148621 0.05752509 0.9315558 0.3590191 0.06275951 0.9327918 0.3549095 0.06073528 0.9215564 0.3834646 0.06714445 0.92323 0.3783361 0.06750494 0.9254309 0.3728548 0.00838387 0.9272622 0.3743188 0.008638918 0.943337 0.3317239 0.009901106 0.9436919 0.3306776 0.01010757 0.9576936 0.2876125 0.9924676 0.1224599 -0.00343424 0.9847409 0.162169 -0.06313896 0.9790593 0.1971595 -0.05070424 0.9633748 0.2469254 -0.1045798 0.9533987 0.2890551 -0.08647662 0.9290867 0.3450805 -0.1331067 0.9154338 0.3867964 -0.1112189 0.8827708 0.4449732 -0.1507135 0.8657373 0.4845446 -0.1253621 0.8253022 0.5420273 -0.1583753 0.8050021 0.5789775 -0.1294486 0.7586701 0.6325102 -0.1560472 0.7364219 0.6649354 -0.124675 0.6866213 0.7123171 -0.1454498 0.6641468 0.7390134 -0.112997 0.6130582 0.779447 -0.1289272 0.591858 0.8002165 -0.09673565 0.5408445 0.8340389 -0.1089333 0.51257 0.8563119 -0.06326073 0.4656057 0.8820999 -0.07149243 0.4368169 0.8993508 -0.01894831 0.391623 0.9197947 -0.02468371 0.3714091 0.9283012 0.0176683 0.3287031 0.9443369 0.013498 0.3115948 0.9485933 0.05549365 0.2910544 0.9547345 0.0613957 0.2787394 0.9556328 0.09523797 0.2028801 0.9749543 0.0911262 0.1911497 0.9721388 0.1356766 0.1270818 0.9828451 0.133663 0.119297 0.9765648 0.1791356 0.06253135 0.9819738 0.1783747 0.05856448 0.9728128 0.2240658 0.004671871 0.9745931 0.2239342 0.004177927 0.9627781 0.2702609 0.004744708 0.962901 0.2698131 0.00429368 0.9490098 0.3152174 0.005003094 0.9491921 0.3146575 0.004626512 0.9346324 0.3555856 0.005445301 0.9348778 0.354928 0.005236923 0.9252097 0.3794202 0.006152212 0.9255067 0.3786813 0.00619167 0.9276382 0.3734287 -0.06624662 0.9258072 0.3721457 -0.06802964 0.9418498 0.329076 0.9987094 0.04153978 -0.02922493 0.9934852 0.04690152 -0.103863 0.9926149 0.06800734 -0.1004524 0.9822722 0.07858461 -0.1701938 0.9808196 0.1046051 -0.164471 0.9651591 0.1210454 -0.2319826 0.9612641 0.1677857 -0.2186759 0.940216 0.1921612 -0.2811905 0.9309823 0.2590632 -0.2572126 0.9037849 0.2917986 -0.3130918 0.8867775 0.3687717 -0.2786273 0.8528347 0.4076701 -0.3263102 0.8285635 0.4823175 -0.2843459 0.7881312 0.5237065 -0.3233895 0.7606433 0.5861019 -0.2791172 0.7151361 0.6263691 -0.3102294 0.6863664 0.6775279 -0.2643049 0.6379823 0.7140518 -0.2882858 0.6090542 0.7556895 -0.2408039 0.5591014 0.7875987 -0.2590251 0.5319879 0.8198029 -0.2119246 0.4822828 0.8465111 -0.2254379 0.4582346 0.8703624 -0.180251 0.4098808 0.8920921 -0.190183 0.3896477 0.9089811 -0.148082 0.3433368 0.9262753 -0.1553514 0.3195514 0.9423085 -0.09970748 0.2774837 0.9550299 -0.1045027 0.2559006 0.9656931 -0.04418033 0.216944 0.9750357 -0.04733818 0.2033335 0.9791095 -5.13397e-4 0.1673201 0.9858991 -0.00266236 0.1573014 0.9866852 0.04133456 0.1397604 0.9890756 0.04686832 0.1323915 0.9875404 0.08506834 0.06889408 0.9941375 0.08333253 0.06436049 0.9894478 0.1298108 0.005008995 0.9915916 0.12931 0.00442934 0.9842924 0.1764907 -0.05298167 0.9828467 0.1766503 -0.04991614 0.9731491 0.2246985 -0.1086483 0.9683074 0.224892 -0.1025769 0.9570999 0.2709943 -0.1068841 0.9555265 0.2748543 -0.1017419 0.9433885 0.3157004 -0.1072598 0.9411311 0.3205739 -0.1030016 0.9288831 0.3557626 -0.1098566 0.9257939 0.3617143 -0.1078234 0.9189963 0.3792361 0.05222916 0.9895831 0.1341542 0.110034 0.9851654 0.1316886 0.1092611 0.9757708 0.1895609 0.1509922 0.9708548 0.1861252 0.1493703 0.9586601 0.2421967 0.2104323 0.9489508 0.2349694 0.2074557 0.9366194 0.2823232 0.1858855 0.9348396 0.3025253 0.1836878 0.9264297 0.3286134 0.1637545 0.9236869 0.3463916 0.1597505 0.9089843 0.3850032 0.2012729 0.9027093 0.3802702 0.2006395 0.9013864 0.3837268 0.05479133 0.9944311 0.09002703 0.1230853 0.9885253 0.08756577 0.1226055 0.9829245 0.1372129 0.173074 0.975851 0.133268 0.1717505 0.9658852 0.1938239 0.2063865 0.9599168 0.1896429 0.2047963 0.9512705 0.2305276 0.5300587 0.8479349 0.006671845 0.5300385 0.8479474 0.006670653 0.5301259 0.8479167 0.001970946 0.5301188 0.8479211 0.001971125 0.7876166 0.6161155 -0.00785911 0.7876743 0.6160423 -0.007831692 0.8300405 0.5576987 -0.002276957 0.4113445 0.9074667 0.08543932 0.4121088 0.9104934 0.03417694 0.4148814 0.9091812 0.03553849 0.4150613 0.9096941 0.01344186 0.4125834 0.9108412 0.01197183 0.412635 0.91089 0.003450095 0.4283477 0.9035685 0.009077847 0.4558137 0.8755807 0.159976 0.4592901 0.8850331 0.07595533 0.4768728 0.8750743 0.0826894 0.4777287 0.8780826 0.0273171 0.4811082 0.8761826 0.02896714 0.481248 0.8765474 0.008061349 0.4787972 0.877901 0.006575345 0.4787797 0.8778875 0.0091421 0.4283843 0.9035496 -0.009228408 0.5423581 0.8401209 0.006692826 0.5423906 0.8401262 7.68464e-4 0.544714 0.838619 0.002217948 0.5446321 0.838392 0.02179294 0.5406116 0.8410388 0.0198245 0.54017 0.8392818 0.06182754 0.5445286 0.8361071 0.06643515 0.5200662 0.8480221 0.1019301 0.5180909 0.8435162 0.1416416 0.5178495 0.8437013 0.1414216 0.4735055 0.8578469 0.1997277 0.4716736 0.8537268 0.2206232 0.4813938 0.84916 0.2172263 0.4779128 0.842112 0.2498937 -0.007691204 0.9998944 0.01233565 0.05465072 0.9985001 0.003296017 0.05461716 0.9981035 0.02839976 0.1294345 0.9912052 0.02754884 0.1293197 0.9901806 0.05309307 0.2019767 0.9781253 0.0497635 0.2016264 0.9753305 0.08987385 0.2621154 0.9613694 0.08405065 0.2607778 0.9543545 0.1456114 0.2973811 0.9444432 0.1399697 0.2947348 0.933454 0.2044385 0.3164874 0.9272685 0.2000227 0.3141211 0.9192333 0.2373563 0.5850275 0.7828506 0.211868 0.6129312 0.7711991 0.1719514 0.6148317 0.7743296 0.1496523 0.6343895 0.7637571 0.1192685 0.635626 0.7659659 0.09631228 0.6485518 0.7574613 0.07505482 0.6491693 0.7588537 0.05215781 0.6569617 0.7529149 0.03899276 0.6570991 0.7536004 0.01753044 0.6608864 0.7504035 0.011132 0.6608013 0.7505494 -0.00415349 0.6618939 0.7495738 -0.005976855 0.6618592 0.7495568 -0.01033955 0.6384533 0.7392808 0.2141056 0.6662455 0.7256551 0.1718768 0.6684939 0.7288787 0.1478237 0.6877875 0.7166512 0.1155836 0.6891655 0.7188405 0.09120929 0.7018085 0.7090499 0.06865239 0.7024106 0.7103545 0.04489815 0.7100273 0.7034965 0.03088414 0.7100694 0.70407 0.009324312 0.7139768 0.7001662 0.002148687 0.7138093 0.7002303 -0.01240611 0.7150482 0.6989218 -0.01464509 0.7150176 0.6989049 -0.01679098 0.6600199 0.7511589 -0.01158475 0.6600313 0.751227 -0.004098057 0.5275186 0.8495377 -0.003140747 0.6246536 0.7807633 0.01471257 0.8680992 0.4962468 0.01196193 0.8681409 0.4961737 0.01196235 0.9197533 0.3924144 0.008057475 0.9197509 0.3924201 0.008057415 0.9590408 0.2832302 -0.00464195 0.9587769 0.2841221 -0.004649519 0.9853691 0.1701499 0.009840667 0.985367 0.1701622 0.009840488 0.9923535 0.1199933 -0.02891957 0.992688 0.1201566 -0.01153779 0.998062 0.06203043 0.004957795 0.9955897 0.04379546 -0.08296507 0.9955865 0.04379642 -0.08300262 0.9941769 0.05004721 -0.09543436 0.9854138 0.1700659 -0.006102681 0.9813076 0.1924393 -0.001554608 0.9809584 0.1921882 -0.02800881 0.9924917 0.1189949 -0.02829498 0.9909033 0.118558 -0.06367743 0.9969829 0.03778415 -0.06780368 0.9964147 0.06818264 -0.05009108 0.9980723 0.06186568 0.004959046 0.9992631 0.03834164 0.00181353 0.9988474 0.03811001 -0.02918165 0.9977439 0.06608939 -0.01180809 0.9979867 0.03795403 -0.05081313 0.8300999 0.5576102 -0.002275526 0.8473365 0.5309922 -0.008256316 0.8472601 0.5308749 -0.0179488 0.8854929 0.4642888 -0.01839756 0.8849462 0.463841 -0.04149341 0.916284 0.3978131 -0.04656535 0.915786 0.3976449 -0.05669814 0.9147983 0.4003941 -0.0531851 0.9150647 0.4004334 -0.04805999 0.9130539 0.4058177 -0.04055243 0.9135919 0.4057356 -0.02699077 0.9100763 0.4142172 -0.01361501 0.910349 0.4138004 0.005825936 0.9044306 0.4257609 0.02707397 0.9038394 0.4247755 0.05138355 0.8941015 0.4402887 0.08202642 0.8920707 0.4384787 0.1093 0.8764081 0.4574564 0.150475 0.8766767 0.4576714 0.1482399 0.7876178 0.6160269 0.01300781 0.8059443 0.5918415 0.01332408 0.8060203 0.5916928 -0.01520305 0.8492452 0.5277664 -0.01566517 0.8488644 0.5273823 -0.03601604 0.8851922 0.4633938 -0.04124283 0.8848857 0.4632707 -0.04855507 0.8837185 0.4658384 -0.04512345 0.8840593 0.4658975 -0.03713148 0.8814677 0.4713386 -0.02923911 0.8819398 0.4711939 -0.01258838 0.8772692 0.4799954 0.001799345 0.8772831 0.479383 0.02380126 0.8695167 0.4917085 0.04651439 0.8685053 0.4903774 0.07231044 0.8558709 0.5063655 0.1052579 0.85336 0.5040414 0.1331129 0.8337944 0.5230457 0.1766642 0.8338028 0.5230554 0.1765955 0.8507487 0.5011687 0.1582927 0.851655 0.5018619 0.1510581 0.8680904 0.4962611 0.01200026 0.8839531 0.4675186 -0.007311284 0.8838294 0.4673575 -0.02055799 0.9169178 0.3985242 -0.02098566 0.9161861 0.3980253 -0.04668033 0.94248 0.330264 -0.05154865 0.9417434 0.3300654 -0.06462389 0.9410073 0.3327938 -0.06126689 0.9411121 0.3328035 -0.05958062 0.9397231 0.3378362 -0.05279493 0.9402239 0.3377953 -0.0432831 0.9378467 0.3456375 -0.0312789 0.9383345 0.3453813 -0.0155006 0.9343668 0.3562971 0.003335833 0.9342888 0.3556437 0.02494072 0.9275113 0.37009 0.0525012 0.9262079 0.3688231 0.07815641 0.9198144 0.3923525 0.001110136 0.9158104 0.4016097 0.001003444 0.9156316 0.401365 -0.0229156 0.9434525 0.3306869 -0.02331489 0.9425169 0.3301667 -0.05149686 0.9636669 0.2611476 -0.05610829 0.9626323 0.2609441 -0.07243895 0.9621625 0.2634899 -0.06940156 0.9619895 0.2634772 -0.07180505 0.9611606 0.2680185 -0.06585258 0.9614585 0.267997 -0.06144362 0.9601474 0.2747321 -0.05137592 0.9607058 0.2745922 -0.04054051 0.9585061 0.2840039 -0.02465671 0.9589119 0.2836168 -0.007035732 0.9903442 0.0534206 -0.1279248 0.9895172 0.05136644 -0.1349714 0.9895228 0.05136674 -0.1349304 0.9889463 0.05463892 -0.1378404 0.9245255 0.3706319 0.08879578 0.9262784 0.3710031 0.06607002 0.9362258 0.3460131 0.06128925 0.9354403 0.3454297 0.07503372 0.948072 0.311482 0.06433224 0.9664025 0.2565345 0.01600742 0.9590021 0.2832379 0.009554862 0.9645471 0.2637308 0.009748637 0.9643139 0.2634159 -0.02666491 0.9813005 0.1905802 -0.02699184 0.9799315 0.1900895 -0.06000304 0.9908003 0.1192367 -0.06401169 0.9889741 0.1191278 -0.08797079 0.9889363 0.1209064 -0.08594536 0.9877579 0.1209527 -0.09851312 0.9877575 0.1237019 -0.09504258 0.9868081 0.1238012 -0.104322 0.9868889 0.1273201 -0.09919649 0.9865548 0.1273685 -0.1024062 0.9867115 0.1320449 -0.09468185 0.9872093 0.131962 -0.0894652 0.9873141 0.1381487 -0.07826942 0.9883129 0.1379002 -0.06497174 0.9880396 0.146194 -0.04904431 0.9873935 0.1464418 -0.06007534 0.9890121 0.05474251 -0.1373264 0.9890191 0.05474138 -0.1372758 0.9888387 0.05615085 -0.1380043 0.9904853 0.057765 -0.124909 0.9901442 0.05780559 -0.1275657 0.9935435 0.04597193 -0.1037212 0.9935356 0.04597419 -0.1037959 0.9923193 0.05183118 -0.1123206 0.9913709 0.04843419 -0.1218118 0.9913836 0.04843354 -0.1217082 0.1083264 0.9940326 0.01284015 0.1283648 0.9916591 0.0116133 0.1283113 0.9913692 0.02689462 0.2031281 0.9788238 0.02535754 0.202964 0.9778947 0.05027556 0.2738723 0.9606863 0.04556053 0.2733786 0.9577819 0.08898478 0.3296014 0.9405717 0.08177858 0.3276662 0.9327313 0.1504905 0.3582181 0.9223873 0.1445046 0.3547984 0.9109932 0.2102606 0.3715742 0.9052375 0.2061011 0.3681301 0.8955903 0.2497965 0.3895618 0.8881091 0.243934 0.3837335 0.8758586 0.2926095 0.4124345 0.8431713 0.3449058 0.4049447 0.8330975 0.3767868 0.4026607 0.8351066 0.3747819 0.3289326 0.8586812 0.3930268 0.3345191 0.8683639 0.3661164 0.3714934 0.8679173 0.3297153 0.3781207 0.8796852 0.2884073 0.1893734 0.9132227 0.3607798 0.1826812 0.9435297 0.2763681 0.3666553 0.8343557 0.4116001 0.1735076 0.9114041 0.3731456 0.2668248 0.8917993 0.3653744 0.2453855 0.8908445 0.3823376 0.3124787 0.8728303 0.3748658 0.3232347 0.8825852 0.3414127 0.3566239 0.8709408 0.3380557 0.3703585 0.879027 0.3002435 0.4095053 0.8625649 0.2971315 0.4252315 0.8674113 0.25841 0.4702178 0.8446539 0.2558419 0.4875245 0.8456096 0.2174034 0.5378611 0.8149589 0.2157485 0.556057 0.8116748 0.1788431 0.6107071 0.7714667 0.1785383 0.6286711 0.7640752 0.1447823 0.6863677 0.712392 0.1462774 0.7020528 0.7021969 0.1184964 0.7583057 0.6403869 0.1219718 0.7711636 0.6286942 0.1002513 0.8217643 0.5599719 0.1055234 0.8338568 0.545255 0.08590573 0.8786818 0.4681435 0.09359449 0.8907029 0.4484714 0.07430851 0.9285639 0.3609923 0.08633446 0.9384408 0.3383732 0.0695157 0.9663839 0.2413107 0.08872079 0.9626045 0.2533813 0.09586727 0.3781362 0.8426364 0.3833758 0.4129767 0.8289048 0.3773157 0.4246978 0.8362588 0.3468474 0.4660555 0.8166374 0.3404344 0.480444 0.8217756 0.3063634 0.5281794 0.7944109 0.2998968 0.5437711 0.7960102 0.2658589 0.597325 0.7587931 0.2596845 0.6133794 0.756498 0.2268847 0.6717177 0.7069438 0.2214179 0.6871792 0.700855 0.1912776 0.7461774 0.638877 0.1872316 0.7597807 0.6298184 0.1614376 0.8143538 0.5580469 0.1594099 0.8245336 0.5480987 0.1404716 0.8737628 0.4656401 0.1404207 0.8804705 0.456498 0.1279903 0.9232994 0.3615058 0.1297378 0.9280691 0.3523911 0.1204499 0.9621901 0.2421545 0.1247051 0.9645435 0.2349996 0.1201298 0.9362633 0.3464466 0.05818933 0.9024519 0.4289879 0.03936958 0.8864076 0.4584763 0.06388306 0.844392 0.533243 0.0515176 0.8279225 0.5555877 0.07659554 0.7794274 0.6227809 0.06809425 0.7642847 0.6382841 0.09199148 0.7100055 0.6989608 0.08570885 0.6946706 0.7106761 0.1112306 0.6381139 0.7624829 0.106914 0.6206169 0.7718566 0.1381021 0.5659361 0.8131917 0.1357781 0.5470185 0.8191757 0.1724007 0.4957802 0.8512911 0.1717723 0.4773307 0.852998 0.2110685 0.4307265 0.877291 0.2117435 0.4136924 0.8748135 0.252111 0.3724762 0.8926961 0.2536837 0.3573498 0.8865013 0.2939672 0.321622 0.8993729 0.296121 0.3086906 0.8901492 0.3351784 0.2423571 0.9086318 0.3400757 0.2606643 0.9086467 0.3262138 0.1710348 0.9280253 0.3309327 0.1842064 0.9289746 0.321052 0.1719815 0.943243 0.2841039 0.2587216 0.9238978 0.2819151 0.2434864 0.9246067 0.2929452 0.3094019 0.9055259 0.2903331 0.3236432 0.9128724 0.2488358 0.3615964 0.898765 0.2479307 0.3779758 0.9025908 0.2060684 0.4211096 0.8833013 0.206023 0.4392728 0.8830961 0.1648658 0.4872381 0.8573388 0.1660398 0.5064328 0.8528618 0.1270925 0.5581867 0.8194931 0.1298411 0.576715 0.8113027 0.0958541 0.6307998 0.7694179 0.100438 0.647982 0.7582785 0.07164508 0.7028995 0.7069676 0.07828956 0.7207154 0.6913861 0.05054521 0.7729566 0.6316507 0.0596292 0.7934236 0.6079668 0.02924704 0.8391799 0.5422439 0.04181838 0.8609082 0.5086586 0.01017343 0.8991286 0.4367536 0.02853333 0.9127328 0.4084663 0.008610486 0.948292 0.3150766 0.03833085 0.9490891 0.312727 0.03783994 0.9741795 0.2147299 0.06975376 0.9683068 0.2394179 0.0711407 0.7109552 0.7031915 0.008030533 0.7605045 0.6492916 -0.007309198 0.7604827 0.649241 -0.01233267 0.8083386 0.5885788 -0.01280027 0.8080936 0.5882804 -0.03018206 0.8494091 0.5265386 -0.0355184 0.8492436 0.5264585 -0.04033428 0.8479034 0.5288607 -0.03696507 0.8482506 0.5289217 -0.02669793 0.845156 0.5341931 -0.01868212 0.8455079 0.5339627 2.52719e-4 0.8398287 0.5426425 0.01506751 0.8396006 0.541831 0.03860056 0.8300955 0.5541318 0.06228548 0.8287964 0.5524834 0.08864861 0.8137563 0.5681401 0.1225466 0.8110294 0.5653873 0.1502282 0.7881438 0.5837625 0.1950664 0.7878256 0.5834472 0.1972825 0.8017382 0.5683621 0.1848795 0.8021156 0.5686942 0.1822019 0.830811 0.5344645 0.1552445 0.8224207 0.5298797 0.2070071 0.8973509 0.4168575 0.1448842 0.8916262 0.4161219 0.1784526 0.9441977 0.3192498 0.08105754 0.9420905 0.3251298 0.08219587 0.9635219 0.2654785 0.03386425 0.967876 0.2500779 0.02601981 0.9776867 0.2099698 -0.006433129 0.9799518 0.1988624 -0.01217365 0.9870072 0.1528473 -0.04954499 0.9911938 0.08876794 -0.09826046 0.9866203 0.0333364 -0.1595903 0.9951056 0.03852921 -0.0909965 0.9329475 0.3384792 0.1226407 0.9406579 0.3198544 0.1133846 0.9557006 0.282405 0.08296924 0.9607664 0.2669881 0.07513487 0.9738705 0.2236048 0.03971612 0.9767006 0.2119484 0.03367483 0.9867206 0.1622721 -0.007097184 0.9878394 0.155097 -0.010881 0.9934571 0.09873455 -0.05739796 0.9550385 0.2960467 0.01605808 0.9546232 0.2952522 0.03899699 0.9149083 0.3868066 0.1154271 0.9153134 0.3871167 0.1110949 0.8960475 0.4268572 0.1220319 0.8971175 0.4276075 0.1110502 0.8816947 0.4573701 0.1158754 0.876567 0.4553131 0.1559502 0.8737993 0.4615752 0.1530472 0.854411 0.4809306 0.1966922 0.8491095 0.4794468 0.2216845 0.8781209 0.439359 0.1893869 0.86935 0.4389132 0.2271252 0.8879106 0.4115342 0.2055593 0.9181481 0.3579845 0.1698564 0.9264772 0.3400015 0.1613664 0.9450853 0.3000753 0.1294944 0.9507846 0.2847997 0.1220563 0.9674506 0.2384373 0.0847764 0.9707616 0.2267068 0.07890558 0.9841917 0.173463 0.03574252 0.9856331 0.1658698 0.03185385 0.9942439 0.1057367 -0.01729124 0.9945458 0.1025664 -0.01894438 0.9966829 0.0386933 -0.07159757 0.8989755 0.3914881 0.1964182 0.9067252 0.3909374 0.158169 0.9173044 0.369705 0.1478881 0.9189502 0.3697595 0.1371444 0.9148109 0.3817856 0.1317604 0.9172139 0.3821164 0.1127201 0.9528287 0.2999147 0.04657119 0.9536761 0.299862 0.02418339 0.9682959 0.2498044 -9.5519e-4 0.9664466 0.2568675 5.57909e-4 0.9790417 0.1981806 -0.04692411 0.9865576 0.1457672 -0.07386457 0.9878258 0.1462598 -0.05299484 0.9909647 0.09436887 -0.09530788 0.9935978 0.09664005 -0.0585162 0.9936414 0.09571397 -0.05929291 0.9944282 0.09737217 -0.04039132 0.05502092 0.9969878 0.05466389 0.128766 0.9902685 0.05279999 0.1285552 0.9875916 0.09020179 0.193107 0.9774051 0.08595967 0.1922515 0.9711481 0.1411056 0.2356501 0.96226 0.1361066 0.2337034 0.9517565 0.1988524 0.2615094 0.9454256 0.1943791 0.2587798 0.9339982 0.2463344 0.3122243 0.9202495 0.2359172 0.3079898 0.9087769 0.2815439 0.2768589 0.9086784 0.3124944 0.2747018 0.9032492 0.3296661 0.2456268 0.9013082 0.3568069 0.2401065 0.8879189 0.3923633 0.313068 0.8705002 0.3797603 0.2740539 0.8680713 0.4139404 0.398919 0.8307367 0.388253 0.3639432 0.8313029 0.4200965 0.4483501 0.8002507 0.3982224 0.4462284 0.7984348 0.4042055 0.4833542 0.7815696 0.3943578 0.4882702 0.7846061 0.3820807 0.5328238 0.7606764 0.3707699 0.5439917 0.7648227 0.3451369 0.5954461 0.7312688 0.332701 0.6082977 0.7328397 0.3048279 0.6663005 0.6863867 0.291405 0.6789677 0.6847171 0.2648875 0.7393505 0.6246137 0.251433 0.7508225 0.6199865 0.227777 0.8086292 0.5474744 0.2153848 0.8180874 0.5407133 0.1958625 0.8715298 0.4541535 0.1848796 0.8781099 0.4468822 0.1709371 0.9247696 0.3445131 0.1615917 0.9276092 0.3398423 0.1550756 0.9649865 0.2173357 0.146855 0.9614067 0.226185 0.1566448 0.535234 0.8133471 0.2280157 0.4938306 0.8287022 0.2634088 0.4879223 0.8195363 0.3004867 0.5081186 0.8099708 0.2928529 0.4961895 0.7954033 0.3480369 0.5202132 0.7839264 0.3388773 0.507893 0.7718551 0.3824718 0.5389685 0.7564017 0.3706338 0.5296995 0.7492833 0.3974834 0.5692639 0.7277677 0.3824824 0.5655944 0.7257153 0.3917146 0.6137377 0.695607 0.3734394 0.6167422 0.6966243 0.3665292 0.6732427 0.6541089 0.3447984 0.6811961 0.6549381 0.3271514 0.7422624 0.597673 0.3030403 0.7502694 0.5964052 0.2853015 0.8106863 0.5244238 0.260322 0.8169551 0.5215363 0.2461388 0.8743875 0.4322401 0.2204881 0.8782214 0.4290175 0.2113558 0.9288575 0.3206521 0.1854894 0.9300052 0.3190772 0.1824284 0.9590318 0.2303005 0.1649841 0.9658465 0.2158784 0.1433079 0.9761277 0.1519786 0.1551689 0.3687607 0.8340212 0.4103954 0.4256383 0.8126481 0.3980393 0.4309167 0.8166552 0.383908 0.4702978 0.7985627 0.3756563 0.4820006 0.8043922 0.3473166 0.5282766 0.7787299 0.3383842 0.5422344 0.7821062 0.3070697 0.5947809 0.7466963 0.2977924 0.6093654 0.7465781 0.2670114 0.6676747 0.6984425 0.2576599 0.681864 0.6947326 0.2289285 0.7416635 0.6335447 0.2203554 0.7544892 0.6266949 0.1949349 0.8107372 0.554387 0.1880432 0.8211411 0.545566 0.167586 0.8725308 0.4607012 0.1626176 0.8791781 0.4524711 0.1493851 0.9238459 0.353735 0.1462202 0.927065 0.3480165 0.1394106 0.9658629 0.219649 0.1373442 0.9638008 0.2268544 0.1400897 0.9968026 0.079445 0.008560061 0.9994304 0.03362065 -0.002915859 0.9905238 0.1222456 0.0625987 0.9896609 0.1278401 0.06502676 0.9749059 0.1924418 0.1119136 0.9724197 0.2023271 0.1160339 0.9531654 0.2589082 0.1563406 0.9487035 0.2718229 0.1614746 0.926576 0.3210523 0.1959138 0.9198437 0.3364522 0.2017116 0.8960748 0.3790571 0.2310104 0.5971016 0.7479745 0.2898343 0.6216832 0.7324548 0.2775248 0.6082125 0.7206521 0.3327736 0.6399698 0.7001748 0.3165344 0.6262829 0.6910798 0.3608027 0.6674202 0.6629331 0.3392199 0.6566783 0.6578949 0.3687112 0.7080807 0.6185028 0.3406993 0.7022611 0.616959 0.3552339 0.7615323 0.5631031 0.3209106 0.7606639 0.5630732 0.3230156 0.8225541 0.4927608 0.2838863 0.8242758 0.4923453 0.279581 0.884855 0.401573 0.2361587 0.8851523 0.4013922 0.23535 0.9386969 0.2885551 0.1886382 0.9368897 0.2906116 0.1943773 0.9675079 0.1956519 0.1601529 0.9661062 0.1981638 0.1654387 0.9797214 0.1362315 0.1469252 0.978603 0.1388789 0.1518189 0.9934679 0.07222968 0.08834314 0.9908022 0.0964598 0.09490311 0.9808301 0.1495103 0.1249763 0.9789567 0.1592268 0.1276348 0.9611661 0.2230052 0.1625685 0.9574958 0.2360154 0.1658267 0.9364362 0.2915222 0.1951976 0.5903987 0.7759339 0.2221619 0.5482478 0.7944917 0.2611659 0.542056 0.786206 0.2967414 0.5639052 0.7742731 0.2872495 0.5510802 0.7609178 0.3425124 0.5785997 0.7456914 0.3304041 0.5654627 0.7349481 0.3743038 0.6014215 0.7140707 0.3583229 0.591335 0.7078539 0.3863494 0.636528 0.6788867 0.3659852 0.6318241 0.676934 0.3775696 0.686483 0.6361413 0.3522292 0.6877813 0.6363954 0.3492248 0.7485399 0.5809444 0.3196744 0.7537062 0.5806781 0.3077989 0.8151039 0.5094311 0.2758367 0.8194944 0.507909 0.2654386 0.8786745 0.4176769 0.2312518 0.8807567 0.416181 0.2259672 0.9330909 0.3052648 0.1901445 0.9327452 0.3056952 0.1911466 0.9627442 0.2136331 0.1657845 0.9627141 0.2136929 0.1658825 0.9785667 0.1411818 0.1499167 0.9761236 0.1519845 0.1551885 0.9954605 0.07748913 0.05526208 0.9968222 0.0624001 0.04951548 0.9860108 0.1351214 0.09759604 0.9846592 0.1427526 0.1003396 0.9678129 0.2076848 0.1421455 0.9647987 0.2187986 0.1459136 0.9440502 0.2754114 0.1814328 0.938978 0.2894359 0.1858689 0.915835 0.3385617 0.2159221 0.8885546 0.3955348 0.2324287 0.8870987 0.3960713 0.2370307 0.8450935 0.4566341 0.2780332 0.8528203 0.4558867 0.2546859 0.7954421 0.5239247 0.3045895 0.8063849 0.5255844 0.271117 0.7556204 0.5766306 0.3107011 0.7689539 0.5814782 0.2656939 0.7280154 0.6187184 0.2952648 0.7414157 0.6264242 0.2406148 0.7100323 0.6535695 0.2621091 0.720256 0.6620362 0.2072186 0.6965875 0.6819835 0.2228553 0.6977894 0.6833614 0.214726 0.6890882 0.69038 0.2203022 0.6901371 0.6917078 0.2127231 0.7171076 0.6762132 0.1687973 0.719639 0.6794175 0.1432188 0.7381152 0.6657024 0.1096644 0.7395707 0.6677968 0.08415865 0.7515631 0.6568662 0.06066173 0.7521011 0.6580417 0.03640204 0.7592919 0.6503846 0.02181077 0.7592179 0.6508363 5.69253e-4 0.7629751 0.6463896 -0.007037103 0.7627277 0.6463913 -0.02061462 0.764103 0.644672 -0.023341 0.7641049 0.6446742 -0.02321946 0.7134745 0.7004527 -0.01789462 0.7135327 0.7005873 -0.006972849 0.6570856 0.7537879 -0.006517887 0.6570832 0.7537941 -0.006010115 0.6246772 0.7807445 0.01471328 0.1083115 0.9940972 0.006292521 0.2015771 0.9794577 0.005427479 0.2014895 0.9791866 0.02440798 0.2755766 0.9610226 0.02220761 0.2753846 0.9602175 0.04632341 0.3439291 0.9381291 0.04033023 0.3432951 0.9351419 0.08751118 0.3954377 0.9150828 0.07907372 0.3927833 0.906404 0.1554125 0.4180443 0.8960704 0.149321 0.4138088 0.8844141 0.2158101 0.4265365 0.8792648 0.2120384 0.4229747 0.8708342 0.2504802 0.4427251 0.8627732 0.244166 0.4347621 0.8484402 0.3018794 0.4541833 0.8404753 0.2954974 0.443326 0.8250054 0.3504688 0.4648837 0.8160969 0.3433206 0.4535359 0.8029888 0.3866707 0.4805442 0.7914228 0.3777926 0.4721286 0.7836275 0.4037606 0.5064784 0.7676464 0.3926814 0.5036841 0.7656692 0.4000664 0.5460743 0.7431569 0.3866793 0.5502541 0.745158 0.3767758 0.600443 0.7134444 0.3612 0.6103975 0.7158542 0.3390688 0.6677576 0.6713728 0.321494 0.678658 0.6712849 0.2979933 0.7394863 0.6124807 0.2793343 0.7493327 0.609751 0.2582718 0.8085461 0.5373395 0.2398324 0.8165291 0.5326692 0.2225846 0.872042 0.4445815 0.2046714 0.8774473 0.4393361 0.1925361 0.9261431 0.3338409 0.1755262 0.9285606 0.3301966 0.1695455 0.9669914 0.2034907 0.1533597 0.9665247 0.2048249 0.1545212 0.9950304 0.03565031 -0.09297186 0.9986217 0.03967207 -0.03436571 0.9935373 0.1112526 0.02251142 0.993013 0.115423 0.0245527 0.9811928 0.1783242 0.07390111 0.9792883 0.1868584 0.07796347 0.9626003 0.242405 0.1209982 0.9586955 0.2546851 0.1266436 0.9388225 0.3030344 0.163654 0.9326307 0.3181039 0.170323 0.9108754 0.3598977 0.2019394 0.9021527 0.3772471 0.2092974 0.8799961 0.412423 0.2356144 0.8504362 0.460228 0.2548497 0.8557336 0.4602156 0.2364776 0.8213672 0.5025737 0.2697696 0.8334342 0.5049594 0.2245069 0.7892989 0.5543999 0.2639092 0.801661 0.5596613 0.2100453 0.7666972 0.595943 0.2388043 0.7763033 0.602526 0.1852452 0.7501136 0.6285174 0.2056585 0.7504726 0.6288866 0.2032064 0.7394628 0.6391179 0.2114783 0.7401598 0.6398871 0.2066593 0.7654629 0.6227872 0.1618726 0.7681794 0.6258385 0.1350067 0.785195 0.6109694 0.1009221 0.786638 0.6128839 0.0746591 0.7975443 0.6011164 0.05081641 0.797958 0.6021264 0.02659094 0.8045381 0.5937876 0.01161819 0.8043261 0.5941233 -0.008780241 0.8077932 0.5892311 -0.0166369 0.8074807 0.5891898 -0.02882045 0.8088711 0.5871205 -0.03189492 0.8089376 0.5871547 -0.02948528 0.7629184 0.6460446 -0.02412575 0.7630525 0.6462608 -0.009897768 0.7107306 0.7034011 -0.009432315 0.7106768 0.7034739 0.007940351 0.7110282 0.7031213 0.00771141 0.1818408 0.8987617 0.3989504 0.2806445 0.8781121 0.387502 0.2555416 0.8763582 0.408283 0.3242074 0.8582206 0.3979283 0.3293914 0.8637846 0.3812841 0.3605405 0.8532564 0.3767812 0.3719149 0.8619157 0.3446457 0.4089131 0.84686 0.3400267 0.4231731 0.8535792 0.3038537 0.4664407 0.8323579 0.2993553 0.4823685 0.8356513 0.2626931 0.5314665 0.8066201 0.2586649 0.5485093 0.805944 0.2226923 0.6027223 0.7671589 0.2195294 0.6199798 0.7623454 0.1856192 0.6781772 0.7115447 0.183793 0.6943671 0.70304 0.153588 0.75222 0.6407522 0.1536288 0.7653951 0.6303088 0.1299285 0.8180763 0.5597727 0.1319304 0.8280747 0.5487968 0.1145189 0.8751371 0.4691658 0.1184 0.8837149 0.4564008 0.1036644 0.9245035 0.3649152 0.1101371 0.9315993 0.3502127 0.09733313 0.962931 0.2470372 0.1083354 0.9671562 0.2339553 0.09936785 0.9906145 0.06041657 -0.122608 0.9907587 0.06039148 -0.1214498 0.9886176 0.0609979 -0.1375303 0.9885326 0.06038588 -0.1384087 0.9885138 0.0603882 -0.1385414 0.9197009 0.3925365 0.008084297 0.942747 0.3333221 -0.01116162 0.9425426 0.3331539 -0.02494192 0.9649231 0.2613103 -0.02530592 0.9637758 0.2607852 -0.05592358 0.9798188 0.1905898 -0.06025564 0.9784185 0.1904191 -0.08023583 0.9781879 0.1926838 -0.07759869 0.9775977 0.1926726 -0.08473545 0.9772619 0.1963636 -0.08000385 0.9771086 0.1963715 -0.08183509 0.9766503 0.2016683 -0.07405394 0.9769979 0.2016111 -0.0694862 0.9762656 0.2087908 -0.05755048 0.9769513 0.2085875 -0.04536002 0.975497 0.2182611 -0.02770847 0.9759492 0.2178174 -0.008873939 0.9729737 0.2303885 0.01560407 0.9730085 0.2306646 0.006948649 0.9852356 0.1624658 -0.05399888 0.9842024 0.1626291 -0.06998157 0.9867181 0.06547188 -0.1486641 0.9895566 0.08838707 -0.1138664 0.9846867 0.1727909 0.02313923 0.9712108 0.236828 -0.02573442 0.9650579 0.2616224 -0.01473164 0.9423521 0.3297318 -0.05700451 0.9328672 0.3577537 -0.04208362 0.9014249 0.4259 -0.07773423 0.8884094 0.4552906 -0.05864679 0.8490629 0.5208811 -0.08817756 0.8331769 0.5490797 -0.06578689 0.7865517 0.6108987 -0.09021812 0.7587009 0.6493412 -0.05224007 0.7106338 0.7001829 -0.06887418 0.6752956 0.7373113 -0.0186516 0.6250251 0.7800353 -0.02981173 0.5965768 0.8024417 0.01355099 0.5465494 0.8374071 0.005783855 0.5249184 0.8500961 0.04239708 0.4761344 0.8786068 0.0366894 0.4573453 0.8863141 0.07268279 0.4106212 0.9092264 0.06854045 0.3923743 0.9133903 0.1084459 0.3487799 0.931226 0.1056924 0.331531 0.9315908 0.1490836 0.2711329 0.9513149 0.1465844 0.2574945 0.9476657 0.18875 0.1871753 0.964298 0.187336 0.1771146 0.9569075 0.2301272 0.1188564 0.9659366 0.2298689 0.1115806 0.9542871 0.2772834 0.118332 0.9548989 0.2723338 0.1108838 0.9397328 0.3234303 0.1193705 0.9408749 0.3170254 0.1126766 0.9241777 0.3649652 0.1229938 0.9259927 0.3569456 0.1185537 0.9130831 0.3901592 0.1310008 0.9155831 0.3801928 0.1315971 0.9174881 0.3753637 0.08307248 0.921797 0.3786677 0.08529371 0.9374083 0.3376252 0.09574335 0.9395788 0.3286716 0.09727889 0.9508985 0.2938176 0.1086996 0.9527369 0.2836846 0.1103017 0.965599 0.2354829 0.04012715 0.9702576 0.2387261 0.04054123 0.9821414 0.1837242 -0.05797755 -0.998245 0.01206916 -0.2861654 -0.9581792 0.001453518 -0.3950489 -0.9183084 0.02541637 -0.3951887 -0.9182483 0.02541691 -0.1731954 -0.9848037 0.01285582 -0.1730362 -0.9848316 0.01285582 -0.285997 -0.9576571 0.03314781 -0.07027727 -0.9717087 -0.2254849 -0.07019847 -0.9717439 -0.2253574 -0.0256102 -0.9928348 -0.1167188 -0.02561056 -0.9928448 -0.1166336 -0.0232802 -0.9738421 -0.2260303 -0.04302871 -0.9511848 -0.3056077 -0.01955521 -0.9305863 -0.36555 -0.0195536 -0.930526 -0.3657036 -0.04017484 -0.913106 -0.4057382 -0.024342 -0.8612334 -0.5076264 -0.05799353 -0.9981483 0.01835155 -0.111074 -0.9937821 0.007741034 -0.1109827 -0.993292 -0.03246521 -0.1851326 -0.9821687 -0.03271812 -0.1844664 -0.978829 -0.08869075 -0.2577666 -0.9621127 -0.08885794 -0.2544016 -0.9490202 -0.1861194 -0.3246982 -0.9275327 -0.1850789 -0.316022 -0.9008042 -0.2977954 -0.3156883 -0.9011362 -0.2971442 -0.3046891 -0.8674402 -0.3933346 -0.3039574 -0.86834 -0.3919126 -0.287702 -0.8186285 -0.4970664 -0.1731662 -0.9847492 0.01680779 -0.1844815 -0.9827166 0.01532 -0.1843292 -0.9822908 -0.03358012 -0.257803 -0.9656012 -0.03393971 -0.2568623 -0.9622755 -0.08970898 -0.328594 -0.9401828 -0.08990138 -0.3243725 -0.9275902 -0.1853615 -0.3928292 -0.90101 -0.1840279 -0.3827132 -0.8759444 -0.2936869 -0.382297 -0.8764174 -0.2928168 -0.369518 -0.8449022 -0.3867775 -0.4989359 -0.866609 0.007210612 -0.5605325 -0.8280312 0.01295173 -0.560706 -0.8279137 0.01295357 -0.6196029 -0.7849063 0.0038082 -0.7061064 -0.7079619 0.01426821 -0.7061117 -0.7077535 0.02216541 -0.7060914 -0.7077738 0.02216589 -0.7835057 -0.6213492 0.006641805 -0.8500818 -0.5262876 0.01955854 -0.9022673 -0.4311767 4.79188e-4 -0.9089602 -0.416862 0.004196524 -0.9022572 -0.4310315 0.01200544 -0.9022432 -0.4310604 0.01200532 -0.7835853 -0.6212489 0.006642103 -0.8382744 -0.5452358 0.003766715 -0.8380377 -0.5452468 -0.01997321 -0.877477 -0.4791984 -0.02008026 -0.8759862 -0.4786598 -0.05943882 -0.9090652 -0.4124298 -0.05917865 -0.9064568 -0.4113577 -0.09550452 -0.6193203 -0.7846474 0.02776724 -0.6440798 -0.7644527 0.02780973 -0.6441647 -0.7648289 -0.009417355 -0.7015286 -0.7125766 -0.009605944 -0.7004774 -0.7118076 -0.05158925 -0.7520944 -0.6570001 -0.05200994 -0.7494217 -0.6548098 -0.09793478 -0.7958601 -0.5976319 -0.09717458 -0.7891864 -0.5922984 -0.1623809 -0.8302955 -0.5344551 -0.1580109 -0.819609 -0.5265175 -0.2258775 -0.8049189 -0.5207336 -0.2845034 -0.02433449 -0.8610746 -0.5078963 -0.02842152 -0.8574869 -0.5137203 -0.02854329 -0.8611018 -0.5076309 -0.03269487 -0.7896919 -0.6126319 -0.01151949 -0.7683686 -0.6399042 -0.01151961 -0.7683858 -0.6398832 -0.03542256 -0.7185998 -0.6945211 -0.005945563 -0.6587919 -0.7523018 -0.1475734 -0.7817168 -0.6059217 -0.1486085 -0.7803511 -0.6074273 -0.1603474 -0.8463725 -0.5078802 -0.1611405 -0.8454601 -0.5091476 -0.1707866 -0.8997681 -0.4015585 -0.171212 -0.8993673 -0.4022749 -0.1777464 -0.9362527 -0.3030467 -0.1779492 -0.9361001 -0.3033988 -0.1830869 -0.9652794 -0.1863195 -0.110092 -0.9762058 -0.1868209 -0.1115685 -0.9898991 -0.08747738 -0.04611808 -0.995101 -0.08744806 -0.0274924 -0.9988636 -0.03893375 -0.3384745 -0.9402595 -0.03670585 -0.03415155 -0.9993182 0.01403278 -0.03411996 -0.9989125 -0.0317744 -0.1115074 -0.9932512 -0.03191047 -0.1111111 -0.9899129 -0.08790266 -0.1851861 -0.978753 -0.08802729 -0.1827414 -0.9652889 -0.1866094 -0.254729 -0.9489862 -0.1858447 -0.2477288 -0.9208942 -0.3009722 -0.2475002 -0.9210931 -0.3005515 -0.2385995 -0.885595 -0.3984869 -0.23802 -0.8862258 -0.3974298 -0.2248807 -0.8339301 -0.5039735 -0.2239044 -0.8352125 -0.5022816 -0.207834 -0.7712841 -0.6016029 -0.0235747 -0.9821123 -0.1868149 -0.1103197 -0.9762159 -0.1866338 -0.1071861 -0.9463292 -0.3049132 -0.1070978 -0.9463834 -0.3047761 -0.1031088 -0.9086056 -0.4047278 -0.1028516 -0.9088162 -0.4043201 -0.09696245 -0.8532377 -0.5124294 -0.09650707 -0.8537083 -0.5117312 -0.08936631 -0.7863845 -0.611239 -0.08864909 -0.78722 -0.6102673 -0.08113396 -0.716154 -0.6932105 -0.08024454 -0.7172536 -0.6921764 -0.07325851 -0.6507256 -0.7557707 -0.005949676 -0.6588419 -0.752258 -0.01113259 -0.6532033 -0.7571007 -0.01132917 -0.6588744 -0.7521677 -0.03303474 -0.5733942 -0.8186133 -0.01687961 -0.5646881 -0.8251318 -0.01688921 -0.56483 -0.8250344 -0.02056592 -0.5066881 -0.8618842 -8.45388e-4 -0.4983413 -0.8669806 -0.3686518 -0.846122 -0.3849331 -0.3497162 -0.7995444 -0.4882904 -0.2865416 -0.8203696 -0.4948612 -0.2665625 -0.7593309 -0.5936 -0.2064603 -0.773351 -0.5994184 -0.1893462 -0.7051072 -0.6833535 -0.1338331 -0.7135723 -0.6876796 -0.1222234 -0.6475901 -0.7521227 -0.07222187 -0.652013 -0.7547603 -0.06407129 -0.5734943 -0.8167003 -0.06115084 -0.5722847 -0.8177719 -0.05465126 -0.5069476 -0.8602426 -0.05141454 -0.5057746 -0.8611322 -0.04823267 -0.4716515 -0.880465 -0.04137372 -0.4703286 -0.8815211 -0.02509331 -0.4644285 -0.885255 -0.295956 -0.6895554 -0.6610019 -0.2716133 -0.6290547 -0.7283657 -0.2189507 -0.6410684 -0.7355895 -0.1955761 -0.5680615 -0.7994099 -0.1862419 -0.5655387 -0.8034177 -0.1678636 -0.5057 -0.8462206 -0.1575285 -0.5031362 -0.8497287 -0.1490345 -0.4736176 -0.8680295 -0.1283219 -0.4715008 -0.8724794 -0.1261258 -0.462888 -0.8773979 -0.3484164 -0.8017863 -0.4855356 -0.3250209 -0.7442647 -0.583465 -0.264998 -0.7620168 -0.5908524 -0.2435633 -0.6963283 -0.6751325 -0.1876437 -0.707819 -0.6810156 -0.1715247 -0.6430407 -0.7463765 -0.1206085 -0.6498422 -0.7504391 -0.1071634 -0.5725458 -0.8128392 -0.1021807 -0.570724 -0.8147596 -0.09153592 -0.5069116 -0.8571242 -0.08598709 -0.5051155 -0.8587577 -0.08087205 -0.4723379 -0.8776997 -0.06952255 -0.4704923 -0.8796612 -0.06812417 -0.4603448 -0.8851225 -0.04068893 -0.4620295 -0.8859307 -0.004441857 -0.4513053 -0.8923586 -0.004981577 -0.4712113 -0.8820064 -0.03187322 -0.4643365 -0.8850852 -8.45052e-4 -0.4983068 -0.8670004 -0.82268 -0.5111807 -0.2487811 -0.8510065 -0.4671462 -0.2399219 -0.8297743 -0.453325 -0.3255323 -0.8295896 -0.4575133 -0.320098 -0.808183 -0.4437163 -0.3872417 -0.808215 -0.4495108 -0.3804321 -0.7826902 -0.4331184 -0.4469953 -0.7829568 -0.4405582 -0.4391893 -0.7548931 -0.4225053 -0.5016233 -0.7552767 -0.4313862 -0.4934198 -0.7231112 -0.4105876 -0.5554531 -0.7871304 -0.5075091 -0.3505143 -0.7867249 -0.5119817 -0.3448753 -0.7623218 -0.4938721 -0.4182774 -0.7620828 -0.4999977 -0.4113784 -0.7332448 -0.4786245 -0.4829809 -0.7331793 -0.4863814 -0.4752698 -0.7018772 -0.4631209 -0.5411908 -0.7018465 -0.4724347 -0.5331202 -0.6658129 -0.4454587 -0.5985482 -0.7016385 -0.417779 -0.5772037 -0.6740439 -0.3993638 -0.6214286 -0.2707968 -0.4796252 -0.834643 -0.2693076 -0.4800519 -0.8348795 -0.2826322 -0.5027769 -0.8169056 -0.5607865 -0.8278593 0.01294833 -0.5863085 -0.8100668 0.005842685 -0.5862616 -0.8100938 -0.006754696 -0.6472203 -0.7622714 -0.006948351 -0.6463072 -0.7614958 -0.04910343 -0.7018589 -0.7105857 -0.04961907 -0.6992933 -0.7081419 -0.09759187 -0.7500733 -0.6541916 -0.09707444 -0.743189 -0.6478366 -0.1672663 -0.7884404 -0.5930225 -0.1633592 -0.7768456 -0.5831387 -0.2376136 -0.7763738 -0.5847819 -0.2351039 -0.7622826 -0.5727668 -0.3014358 -0.7616682 -0.5756772 -0.297418 -0.7408518 -0.5579311 -0.3739673 -0.7402384 -0.5623698 -0.3684934 -0.7133955 -0.5395373 -0.4471759 -0.7128689 -0.5457274 -0.440454 -0.6813892 -0.5189482 -0.5161412 -0.6809431 -0.5269418 -0.5085754 -0.6472749 -0.4981706 -0.5769414 -0.6467725 -0.5076442 -0.569195 -0.6080169 -0.4742526 -0.6367104 -0.6431175 -0.4509908 -0.6188759 -0.6125556 -0.4273073 -0.6649694 -0.6467214 -0.4063609 -0.6454629 -0.6375325 -0.3998643 -0.6585294 -0.3950542 -0.9183225 0.024823 -0.3943409 -0.918629 0.02482455 -0.3943939 -0.9189414 2.11962e-4 -0.4637993 -0.8859403 4.40041e-5 -0.4632751 -0.8852453 -0.04143625 -0.5288624 -0.8476653 -0.04205071 -0.5268666 -0.8446435 -0.0948112 -0.5888915 -0.8026312 -0.09481519 -0.582293 -0.7932142 -0.1781744 -0.6390861 -0.7488457 -0.1754967 -0.626222 -0.7322902 -0.2675765 -0.6256063 -0.73353 -0.2656135 -0.6096619 -0.713058 -0.3462091 -0.6087229 -0.7154459 -0.3429191 -0.5850052 -0.685032 -0.4341661 -0.5838255 -0.6889189 -0.4295797 -0.5537461 -0.6503826 -0.519969 -0.5523819 -0.6559907 -0.5143448 -0.51831 -0.6122366 -0.5970939 -0.5167485 -0.6194667 -0.5909585 -0.4821131 -0.5747057 -0.6612719 -0.4802637 -0.5831056 -0.6552363 -0.4405639 -0.5312288 -0.7236708 -0.47336 -0.517097 -0.7131208 -0.4403306 -0.4780895 -0.7599602 -0.4683583 -0.4670222 -0.7500205 -0.4559971 -0.4535077 -0.7657659 -0.4585222 -0.4524698 -0.7648717 -0.4714509 -0.4661036 -0.7486531 -0.4747564 -0.4645122 -0.7475526 -0.4971944 -0.4854527 -0.71912 -0.3383603 -0.5157422 -0.7870975 -0.3785465 -0.5015303 -0.7779268 -0.3609432 -0.4791729 -0.800071 -0.3622509 -0.4786874 -0.7997705 -0.35413 -0.4672749 -0.8100902 -0.352977 -0.4676358 -0.8103851 -0.3658241 -0.4862367 -0.7935658 -0.3397514 -0.4939957 -0.8003358 -0.3699907 -0.5415656 -0.7548601 -0.3373305 -0.552047 -0.7625302 -0.3725311 -0.6141278 -0.6957497 -0.3749392 -0.6071388 -0.7005735 -0.4057536 -0.6608722 -0.6313573 -0.4077468 -0.6549765 -0.6361984 -0.4389657 -0.70903 -0.5518927 -0.4406604 -0.704392 -0.5564625 -0.4689333 -0.753198 -0.4612963 -0.47029 -0.750052 -0.4650263 -0.4928647 -0.7890423 -0.3667381 -0.4938519 -0.7872112 -0.3693358 -0.5090535 -0.8135116 -0.2811825 -0.5096266 -0.8126514 -0.2826278 -0.5217668 -0.8337226 -0.1807373 -0.4585381 -0.8696905 -0.1827056 -0.4641991 -0.8809019 -0.09236395 -0.3964474 -0.913416 -0.09219974 -0.3979323 -0.9166496 -0.03746443 -0.3275144 -0.9441244 -0.03692626 -0.3278305 -0.94473 0.003539085 -0.7061434 -0.7079252 0.01426833 -0.6987028 -0.7152701 0.01425611 -0.6986266 -0.7153841 -0.01210612 -0.752018 -0.6590281 -0.01228624 -0.7508341 -0.6582849 -0.05393779 -0.7980372 -0.6001631 -0.05423122 -0.7953006 -0.5982449 -0.09798008 -0.8373513 -0.5380032 -0.09693121 -0.831016 -0.5336422 -0.1569669 -0.867827 -0.4730119 -0.1521053 -0.8538851 -0.4641091 -0.2355484 -0.8862961 -0.4055519 -0.2236221 -0.8683041 -0.395413 -0.2994938 -0.868303 -0.3992785 -0.2943242 -0.8502008 -0.3892118 -0.3545039 -0.8504452 -0.394543 -0.3479638 -0.8287906 -0.3825526 -0.4083622 -0.8279958 -0.3736604 -0.4180919 -0.8007806 -0.3813368 -0.4618796 -0.7785643 -0.3690418 -0.5075882 -0.7593715 -0.3775691 -0.5299025 -0.7357814 -0.3641231 -0.5709992 -0.71053 -0.3729887 -0.5966797 -0.7028141 -0.3683379 -0.6085883 -0.6511913 -0.3910305 -0.6504192 -0.668198 -0.402171 -0.6259154 -0.9436571 -0.3306005 0.01465344 -0.9756147 -0.2192279 0.01073116 -0.9441937 -0.3285499 -0.02352088 -0.9370478 -0.349201 3.29286e-4 -0.9366649 -0.3492441 -0.02621859 -0.9377107 -0.346557 -0.02443444 -0.975664 -0.21925 0.003044068 -0.9918622 0.1268899 0.01041936 -0.9918473 0.1270065 0.01041847 -0.8500733 -0.526301 0.0195657 -0.8759761 -0.4823389 -0.003922998 -0.8757102 -0.4823218 -0.02230209 -0.9100261 -0.4139468 -0.02237391 -0.9084854 -0.4135114 -0.06052154 -0.9362168 -0.3462562 -0.06004017 -0.9437579 -0.3174491 -0.09245038 -0.9354928 -0.3445479 -0.07835835 -0.9295192 -0.3420546 -0.1378143 -0.783413 -0.6211199 0.02178061 -0.7958539 -0.6050966 0.02179098 -0.7957869 -0.6053256 -0.01744639 -0.8401764 -0.5420282 -0.01758193 -0.8387665 -0.5414034 -0.05790799 -0.8767652 -0.4774258 -0.05785673 -0.8740643 -0.4760801 -0.09674459 -0.9066911 -0.4109507 -0.09503114 -0.9013223 -0.4082733 -0.1446765 -0.9290792 -0.3428699 -0.1387517 -0.9189479 -0.338131 -0.2029833 -0.9630202 0.2692251 0.0104869 -0.9629975 0.2693066 0.01048618 -0.9254037 0.3788788 0.008886694 -0.9254217 0.3788346 0.00888741 -0.8752844 0.4835036 0.01008707 -0.8752678 0.4835335 0.01008641 -0.8672177 0.4979277 -0.001256048 -0.7850089 0.6194308 -0.008160233 -0.8749238 0.484259 -0.00129491 -0.8755419 0.4831405 -0.001280248 -0.8283652 0.5601693 -0.004622161 -0.8133283 0.5816735 0.01238167 -0.8133199 0.5816851 0.01238006 -0.7454116 0.6665661 0.007153987 -0.745607 0.6663479 0.007132172 -0.7374196 0.6753987 0.007001996 -0.7454596 0.6665501 -9.99463e-4 -0.6686797 0.7435477 -0.002124309 -0.7882179 0.6147665 -0.02783471 -0.7400842 0.6723071 -0.0166912 -0.7402929 0.6722795 -0.002583742 -0.6893289 0.7243448 0.01226276 -0.685437 0.7280926 0.007568299 -0.6344997 0.7726514 0.02049535 -0.6307255 0.7758389 0.01611107 -0.591216 0.8061284 0.02491587 -0.572614 0.8196746 0.01571148 -0.5111952 0.859074 0.02591115 -0.3107972 0.9502599 0.02027851 -0.3129982 0.949567 0.01883345 -0.3803564 0.9247033 0.01589959 -0.3827919 0.9237249 0.01424068 -0.4477933 0.8940717 0.01081782 -0.4502469 0.892858 0.009075999 -0.5126081 0.8586068 0.005223512 -0.5150131 0.8571754 0.003432631 -0.5747208 0.8183493 -8.04865e-4 -0.5769507 0.816775 -0.002560615 -0.6334343 0.773764 -0.00709933 -0.6354295 0.7721093 -0.008766055 -0.6886453 0.7249716 -0.0135582 -0.6903128 0.7233544 -0.0150547 -0.7400679 0.6722335 -0.020042 -0.7413999 0.6707244 -0.02133446 -0.787253 0.6160635 -0.02642768 -0.7882273 0.6147711 -0.02746605 -0.8301646 0.5565628 -0.03262913 -0.5658608 0.8244893 0.004354119 -0.574725 0.8183431 -0.002416312 -0.6304841 0.7761973 -0.00279814 -0.6334359 0.7737777 -0.005192577 -0.6858246 0.7277454 -0.005595207 -0.6886647 0.7250353 -0.008060574 -0.7374668 0.6753303 -0.008472919 -0.7401404 0.6723628 -0.01097798 -0.7849959 0.6193962 -0.01139819 -0.7874078 0.6162766 -0.01387178 -0.8283225 0.5600693 -0.01429021 -0.8304389 0.5568593 -0.0167011 -0.8671394 0.4977717 -0.01710903 -0.9253257 0.3791725 -8.24521e-4 -0.9306589 0.3658873 -6.87432e-4 -0.9304795 0.3656688 -0.0222308 -0.9026075 0.4299096 -0.02185451 -0.9020062 0.4294654 -0.04409575 -0.8688271 0.4935762 -0.03901666 -0.8686068 0.4934812 -0.04470622 -0.8293426 0.5577581 -0.03311848 -0.8296754 0.557815 -0.02193725 -0.7834993 0.6213778 -0.004317879 -0.7836472 0.6209842 0.0166077 -0.7290601 0.6832438 0.0406146 -0.7284865 0.6820006 0.06467425 -0.6763379 0.7312405 0.08862465 -0.6649179 0.7429533 0.07684242 -0.6216062 0.7777129 0.09364014 -0.6099345 0.7882086 0.08189713 -0.5636878 0.8202518 0.09717595 -0.5520926 0.829365 0.08571803 -0.9800698 0.1985987 -0.004660069 -0.9740083 0.2262515 -0.01086133 -0.9737541 0.2260856 -0.02623611 -0.9553582 0.2943115 -0.0259124 -0.9543361 0.2938035 -0.0540589 -0.9307093 0.3624215 -0.04930567 -0.9300886 0.3622397 -0.06097269 -0.9006702 0.4316827 -0.04942935 -0.900981 0.4317356 -0.04286682 -0.8648671 0.5014178 -0.02419143 -0.8652872 0.5012363 -0.006363987 -0.8205657 0.571177 0.02070838 -0.820242 0.5702732 0.04462838 -0.7648212 0.6393256 0.07944482 -0.763359 0.6373082 0.1054573 -0.6957542 0.7033214 0.1458254 -0.6933541 0.7000935 0.1706734 -0.6382392 0.7431816 0.2008282 -0.6165956 0.765451 0.1841052 -0.5841938 0.7868661 0.1988957 -0.5619598 0.8070359 0.1813681 -0.5279644 0.8266752 0.1945809 -0.9630151 0.2692432 0.01049458 -0.9548969 0.2968446 -0.007442057 -0.9546728 0.2966567 -0.02438861 -0.9314945 0.3629604 -0.02403622 -0.930691 0.362473 -0.04927253 -0.9021486 0.4291431 -0.04431867 -0.9017531 0.4289976 -0.05293679 -0.8673683 0.4959476 -0.04133343 -0.8677195 0.4960095 -0.03221118 -0.8263884 0.5629274 -0.01396566 -0.8266761 0.5626482 0.005805671 -0.776739 0.6290366 0.03145903 -0.7762616 0.6279408 0.0557534 -0.7161262 0.6924265 0.08780038 -0.7147014 0.690274 0.1127998 -0.6612659 0.7368962 0.1403974 -0.6451284 0.7536716 0.1256526 -0.6066835 0.7821059 0.1422871 -0.5901183 0.797221 0.1272754 -0.5493267 0.8234081 0.1422655 -0.5328406 0.8365727 0.1273863 -0.9044095 0.4126271 0.1085461 -0.9536647 0.3002744 0.01895099 -0.9522503 0.2989289 0.06213706 -0.9816814 0.186807 -0.03748214 -0.982336 0.1863152 -0.01740211 -0.9906588 0.09532856 -0.09750795 -0.9896188 0.09551268 -0.1073869 -0.9858165 0.01409196 -0.1672345 -0.9871627 0.013866 -0.1591156 -0.9777684 -0.05996632 -0.2009307 -0.9832494 -0.06117069 -0.1716946 -0.971199 -0.1313025 -0.1988269 -0.9789924 -0.1334593 -0.1541516 -0.9944484 -0.1046664 -0.01083791 -0.99061 -0.1367178 3.82815e-4 -0.9901531 -0.136866 -0.02940291 -0.9975435 -0.06364494 -0.02926647 -0.9953763 -0.06380558 -0.07179868 -0.997601 0.009214043 -0.0686106 -0.9949336 0.00934422 -0.1000996 -0.9924402 0.08287554 -0.09052187 -0.990872 0.08298319 -0.1062382 -0.9834923 0.1581245 -0.0879752 -0.9829623 0.1581729 -0.09363061 -0.9695764 0.2365013 -0.0631563 -0.9700736 0.2364131 -0.05537146 -0.9478424 0.3185521 -0.01093441 -0.9480329 0.3180513 0.008774757 -0.9124017 0.4037383 0.06721967 -0.9107258 0.4022083 0.09384691 -0.8566796 0.4891005 0.1639539 -0.8597643 0.4917295 0.1378675 -0.7732493 0.5937656 0.2225489 -0.7806494 0.6006239 0.1727355 -0.6895136 0.6840288 0.2380664 -0.6872568 0.6819971 0.2501161 -0.5895653 0.7487997 0.3028398 -0.9999212 0.01121616 0.005660235 -0.996578 0.0819298 -0.0109443 -0.9962351 0.08177757 -0.02877652 -0.9878215 0.1529557 -0.02852272 -0.9863348 0.152494 -0.06236433 -0.9728197 0.2241491 -0.05813068 -0.9715787 0.2239537 -0.07667988 -0.9527854 0.2964588 -0.06566923 -0.9527581 0.2964594 -0.0660597 -0.9277384 0.3702603 -0.04699718 -0.9282755 0.3702023 -0.03542613 -0.8951542 0.4457146 -0.006112635 -0.8953084 0.445205 0.01468092 -0.8514126 0.521671 0.05436968 -0.8502455 0.5201822 0.08058053 -0.7925963 0.5959374 0.1290345 -0.7898504 0.5930246 0.1563918 -0.71671 0.6649391 0.210197 -0.7195707 0.6683584 0.1884545 -0.6146841 0.7477734 0.2509949 -0.6193538 0.7543112 0.2177511 -0.5618386 0.7901217 0.2450411 -0.5256019 0.8158493 0.2411075 -0.5068826 0.8254001 0.2485657 -0.471189 0.8477849 0.2433963 -0.7080438 0.6514808 0.2724826 -0.7998189 0.5645583 0.2038717 -0.8018289 0.5657879 0.1922358 -0.8781509 0.4649223 0.1126874 -0.8722214 0.4606332 0.1644594 -0.9346383 0.3489408 0.06849598 -0.9330208 0.3475552 0.09315353 -0.9668412 0.2549424 0.01491999 -0.9667832 0.2555261 -0.006074428 -0.983386 0.16833 -0.06794917 -0.9827116 0.1684632 -0.07680028 -0.988689 0.08809334 -0.1213821 -0.9896429 0.08796119 -0.1134456 -0.9896652 0.01226216 -0.1428724 -0.9927164 0.01174628 -0.1199008 -0.9886933 -0.06126701 -0.1368651 -0.9922981 -0.06194865 -0.1072705 -0.98423 -0.1338922 -0.1156038 -0.9881641 -0.1346365 -0.07351762 -0.9918612 0.1268958 0.01044076 -0.9879826 0.1543861 -0.007440328 -0.9876509 0.1541945 -0.02774465 -0.9741625 0.2241736 -0.0274536 -0.972912 0.2236713 -0.0584253 -0.9542725 0.2940375 -0.05390864 -0.9533736 0.2938345 -0.06884938 -0.9292359 0.3649798 -0.05753672 -0.9294267 0.365005 -0.05419862 -0.8987138 0.4371197 -0.03521549 -0.8992308 0.4370148 -0.0200538 -0.8601356 0.5099988 0.008243024 -0.8600339 0.5092888 0.03109186 -0.8100251 0.5823821 0.0684877 -0.8086385 0.5805953 0.09493702 -0.7455711 0.6516825 0.1394048 -0.7429293 0.6485434 0.1656734 -0.6658835 0.7147338 0.2139035 -0.6682048 0.7179011 0.1952444 -0.6119055 0.7581101 0.2254791 -0.5647565 0.7948418 0.2219837 -0.5575252 0.7990373 0.2251783 -0.5102092 0.8316116 0.2193374 -0.9689605 0.246944 -0.01158684 -0.9776986 0.2076238 -0.03159165 -0.9782515 0.2072623 -0.008144736 -0.9894289 0.1014834 -0.1035932 -0.9911144 0.1011205 -0.08641093 -0.9863221 0.0143671 -0.164202 -0.9859178 0.01443356 -0.1666072 -0.9728507 -0.06135547 -0.2231527 -0.9768502 -0.062191 -0.2046853 -0.9607721 -0.1314292 -0.2442199 -0.9700261 -0.1339381 -0.202756 -0.925391 0.3789099 0.00888288 -0.9013062 0.433054 -0.01055681 -0.9012052 0.4329418 -0.0197668 -0.8688972 0.4946134 -0.01937204 -0.8684725 0.4942369 -0.0385425 -0.8308079 0.5555567 -0.03339016 -0.8307142 0.5555104 -0.03636008 -0.7868317 0.6166642 -0.02492433 -0.7871152 0.6166881 -0.01206666 -0.7364865 0.6764355 0.004760503 -0.736502 0.675927 0.02622097 -0.6852087 0.7269082 0.04575556 -0.6777808 0.7343124 0.03739738 -0.6303745 0.7744907 0.05284184 -0.6230076 0.7809305 0.04482549 -0.5721982 0.817987 0.05904519 -0.5649769 0.8235053 0.05138349 -0.5107393 0.8573247 0.0643419 -0.5353937 0.8397421 0.09048223 -0.4920542 0.8674002 0.07416051 -0.4894182 0.8605976 0.1408603 -0.5222316 0.8354724 0.1710559 -0.5057141 0.8444131 0.1766917 -0.5039408 0.8406362 0.1984304 -0.4530063 0.8585214 0.2402631 -0.4537883 0.8602151 0.2326072 -0.4152943 0.8710936 0.2621581 -0.4100402 0.8608881 0.301229 -0.4654953 0.838349 0.2836993 -0.426375 0.8486815 0.3129605 -0.5195717 0.8072419 0.2800104 -0.02643758 -0.514263 -0.857225 -0.02636122 -0.5126074 -0.8582184 -0.00923109 -0.4792018 -0.8776563 -0.02859872 -0.4696561 -0.8823861 -0.02859729 -0.4696515 -0.8823887 0.001756429 -0.5753847 -0.8178812 -0.02434366 -0.5126551 -0.8582496 -0.02434307 -0.512636 -0.8582609 -0.2747136 -0.5565574 -0.7840768 -0.2496331 -0.502074 -0.8280128 -0.2343075 -0.4994392 -0.8340628 -0.2232699 -0.4738653 -0.8518229 -0.1927778 -0.4726582 -0.8599018 -0.1937614 -0.4752356 -0.8582586 -0.1629913 -0.471672 -0.8665792 -0.167959 -0.4853792 -0.8580192 -0.4986917 -0.8662518 0.03023833 -0.5248537 -0.8506537 0.03028166 -0.5249745 -0.8511074 -0.00425136 -0.5892882 -0.8079108 -0.004442155 -0.5885094 -0.8071479 -0.04657185 -0.647762 -0.7603821 -0.04715561 -0.6453536 -0.7577137 -0.09689515 -0.7001042 -0.7074772 -0.09659254 -0.6931598 -0.7000877 -0.171484 -0.7425799 -0.6483453 -0.1679986 -0.730267 -0.636321 -0.2486079 -0.7296912 -0.6379555 -0.2460969 -0.7146091 -0.6232319 -0.3176728 -0.7138552 -0.6260399 -0.3138231 -0.6915462 -0.6042876 -0.3957276 -0.690724 -0.6086204 -0.3904891 -0.6620132 -0.5806697 -0.4738789 -0.6611783 -0.5868761 -0.4673541 -0.6279317 -0.5544691 -0.5461373 -0.6271004 -0.5623021 -0.5390375 -0.5921155 -0.5280222 -0.6087625 -0.5911189 -0.5373816 -0.6014977 -0.5509059 -0.4975866 -0.6700078 -0.5850172 -0.4780535 -0.6551488 -0.5525705 -0.4490479 -0.7021551 -0.5843775 -0.4323162 -0.6867355 -0.5738693 -0.4236733 -0.7008389 -0.5826962 -0.4188171 -0.6964606 -0.5992463 -0.4316621 -0.6742193 -0.6120081 -0.4233691 -0.6679855 -0.6197975 -0.4284637 -0.6574724 -0.5899516 -0.4661644 -0.6592783 -0.2859088 -0.9576835 0.03314632 -0.3255699 -0.9452018 0.02445262 -0.3256133 -0.9455008 0.002077341 -0.3969373 -0.9178438 0.001932084 -0.3965224 -0.9171939 -0.03905874 -0.4648004 -0.8845272 -0.03965383 -0.4630534 -0.8813832 -0.09351623 -0.5280074 -0.8440636 -0.09362095 -0.5218079 -0.833705 -0.1807004 -0.5820822 -0.7933217 -0.1783843 -0.5694124 -0.7744801 -0.2755908 -0.5688011 -0.7755354 -0.2738801 -0.5530111 -0.7521122 -0.3584774 -0.5520164 -0.754253 -0.3555002 -0.528544 -0.7194858 -0.4505346 -0.5272511 -0.7230308 -0.4463549 -0.4976716 -0.679255 -0.5393846 -0.4961209 -0.6843859 -0.5343033 -0.4630355 -0.6352874 -0.618068 -0.461217 -0.6418966 -0.6125746 -0.4281076 -0.5924164 -0.682471 -0.4259086 -0.6002417 -0.6769874 -0.3879891 -0.5429332 -0.7447738 -0.420579 -0.5307779 -0.7357909 -0.388607 -0.4872975 -0.7820012 -0.4153742 -0.4781106 -0.7738699 -0.4025887 -0.4620361 -0.7902184 -0.4039409 -0.461553 -0.7898104 -0.4144818 -0.4743911 -0.7766324 -0.4148134 -0.4742521 -0.7765403 -0.4347903 -0.4960755 -0.751576 -0.3954636 -0.5119954 -0.7625415 -0.1821307 -0.5591354 -0.8088238 -0.2022601 -0.5275912 -0.8250688 -0.1929056 -0.5095143 -0.8385599 -0.2364844 -0.4902054 -0.8389123 -0.2302887 -0.4779204 -0.8476787 -0.02936464 -0.5458395 -0.8373751 -0.03128784 -0.5825315 -0.8122057 -0.02326643 -0.5752213 -0.8176669 -0.02326595 -0.5752095 -0.8176752 -0.004082679 -0.6558633 -0.7548688 -0.03198295 -0.6244789 -0.7803867 -0.03485053 -0.6714491 -0.7402308 -0.03824973 -0.7241753 -0.6885544 -0.01820802 -0.750649 -0.6604504 -0.01999878 -0.6558695 -0.7546094 -0.2691371 -0.6342087 -0.7248066 -0.2413055 -0.564218 -0.7895756 -0.2297585 -0.561643 -0.7948385 -0.2078776 -0.5042988 -0.8381347 -0.1950606 -0.5016006 -0.8428217 -0.1851752 -0.473954 -0.8608587 -0.1596361 -0.4721326 -0.8669527 -0.1596802 -0.4722736 -0.866868 -0.1198404 -0.4661373 -0.8765583 -0.1268434 -0.4920652 -0.8612681 -0.08580464 -0.4829779 -0.8714183 -0.09730952 -0.5278058 -0.8437725 -0.08033275 -0.5178489 -0.851692 -0.09061151 -0.5574826 -0.8252289 -0.07712382 -0.5488764 -0.8323381 -0.088701 -0.5919747 -0.8010606 -0.07819575 -0.5847545 -0.8074327 -0.0916056 -0.6317923 -0.7697058 -0.08340919 -0.6258339 -0.7754837 -0.09923678 -0.6769235 -0.7293331 -0.09272336 -0.6720275 -0.7346982 -0.1116954 -0.7271013 -0.6773831 -0.1070142 -0.7235662 -0.681909 -0.1289336 -0.7793672 -0.6131582 -0.07728451 -0.7816632 -0.6188939 -0.09376293 -0.8409919 -0.5328612 -0.04672342 -0.8425469 -0.5365926 -0.03563964 -0.8478143 -0.5290945 -0.02186119 -0.7821861 -0.6226613 -0.07756024 -0.7811681 -0.6194844 -0.06396859 -0.7235602 -0.6872909 -0.06580197 -0.7252273 -0.685358 -0.05457866 -0.6709523 -0.7394892 -0.05751711 -0.6735586 -0.7368926 -0.0483312 -0.6240149 -0.7799164 -0.05234616 -0.6274098 -0.776928 -0.04465299 -0.5820904 -0.8118972 -0.05013459 -0.5864413 -0.8084388 -0.04359775 -0.5453042 -0.8371037 -0.05096662 -0.5507251 -0.8331292 -0.04528129 -0.5134705 -0.8569118 -0.05480909 -0.5199388 -0.8524434 -0.0484218 -0.477438 -0.8773302 -0.0726037 -0.4842969 -0.871886 -0.06878709 -0.4600553 -0.8852217 -0.09750241 -0.4664397 -0.8791628 -0.0983771 -0.4708958 -0.8766865 -0.1145037 -0.4730327 -0.8735725 -0.121404 -0.5042699 -0.8549696 -0.1292253 -0.506506 -0.8524979 -0.1438528 -0.5685129 -0.8099997 -0.1509536 -0.5707668 -0.8071172 -0.1695162 -0.6462178 -0.7440879 -0.2212539 -0.6369066 -0.7385098 -0.2416369 -0.6998389 -0.6721884 -0.2980512 -0.6851416 -0.6646401 -0.3233543 -0.7475715 -0.5801543 -0.4632253 -0.635109 -0.6181092 -0.4121215 -0.6005851 -0.6851667 -0.4623685 -0.5971092 -0.6554967 -0.2458029 -0.5128608 -0.8225296 -0.267634 -0.5464294 -0.7935913 -0.1714381 -0.5667716 -0.8058406 -0.1931378 -0.607333 -0.7706131 -0.1673862 -0.5949503 -0.78614 -0.1956164 -0.6452367 -0.7385146 -0.1729425 -0.6338551 -0.7538691 -0.2059312 -0.6883472 -0.6955361 -0.1852502 -0.6779468 -0.7113864 -0.2233678 -0.7346743 -0.6405938 -0.2052077 -0.7259588 -0.6564097 -0.2426363 -0.7747139 -0.5839058 -0.1807139 -0.7819246 -0.5966041 -0.2136128 -0.8307505 -0.5140265 -0.2980322 -0.6073346 -0.7364249 -0.3376825 -0.6479787 -0.6827109 -0.3015277 -0.6450247 -0.7021569 -0.3488804 -0.6895714 -0.6346446 -0.3142309 -0.6869385 -0.6552668 -0.3679668 -0.7314304 -0.5741168 -0.3358132 -0.729838 -0.5954544 -0.3950578 -0.7704451 -0.5003436 -0.3668196 -0.7705403 -0.5212591 -0.4300026 -0.8028438 -0.4129645 -0.4076844 -0.8048048 -0.4313731 -0.4277152 -0.6783483 -0.5974139 -0.49383 -0.7108294 -0.5008528 -0.4495037 -0.7165729 -0.5333572 -0.5074089 -0.7379351 -0.4449585 -0.4129845 -0.840995 -0.3495299 -0.4234672 -0.8397057 -0.3399561 -0.4567146 -0.8272019 -0.3273363 -0.4715268 -0.8241127 -0.3138483 -0.5199932 -0.8019451 -0.2940939 -0.4592751 -0.7921097 -0.4020308 -0.4865263 -0.7871157 -0.3791322 -0.4188521 -0.763036 -0.4922796 -0.4528821 -0.7599169 -0.466288 -0.3878533 -0.725875 -0.5680452 -0.4261094 -0.7246727 -0.5415535 -0.3660214 -0.6850165 -0.6299054 -0.4069542 -0.6851201 -0.6041513 -0.3531693 -0.643849 -0.6787708 -0.2322388 -0.5633239 -0.7929258 -0.2690173 -0.6140871 -0.741975 -0.2316702 -0.6004602 -0.7653605 -0.270717 -0.6517109 -0.7085092 -0.2361782 -0.6386734 -0.7323362 -0.2815954 -0.6938552 -0.6627738 -0.2488377 -0.6817849 -0.6879311 -0.3002564 -0.7376483 -0.6047489 -0.2699196 -0.7274806 -0.6308054 -0.3281767 -0.7814537 -0.5306884 -0.2848222 -0.7761996 -0.5624859 -0.3377053 -0.8194599 -0.4630774 -0.3247905 -0.8186465 -0.4736338 -0.3805775 -0.8513126 -0.3611479 -0.3738015 -0.8516433 -0.3673911 -0.4270809 -0.8685165 -0.251557 -0.4270352 -0.8685247 -0.2516067 -0.469827 -0.8695654 -0.1520482 -0.4285798 -0.8877081 -0.1682074 -0.4038844 -0.8937025 -0.1953799 -0.3920073 -0.9038814 -0.1712564 -0.3343615 -0.9227664 -0.1915842 -0.333908 -0.9256748 -0.1778532 -0.2689981 -0.9426625 -0.1975535 -0.2414928 -0.9232896 -0.2986932 -0.225069 -0.9359228 -0.2709109 -0.185694 -0.8876005 -0.4215246 -0.1848939 -0.8898851 -0.4170358 -0.1538884 -0.8364746 -0.5259551 -0.5540103 -0.6529006 -0.5165207 -0.4883939 -0.6251404 -0.6088275 -0.5422875 -0.6160253 -0.5713468 -0.4859196 -0.587597 -0.6470023 -0.5408068 -0.5785842 -0.6105477 -0.03696495 -0.9246248 -0.3790813 -0.0352357 -0.9018964 -0.430513 -0.05720007 -0.9013076 -0.4293866 -0.05610233 -0.9007769 -0.4306432 -0.1139658 -0.8979597 -0.4250652 -0.094217 -0.840117 -0.5341598 -0.153822 -0.8366495 -0.5256962 -0.1280756 -0.7813257 -0.6108411 -0.182283 -0.7772521 -0.6022061 -0.1525411 -0.7243376 -0.6723588 -0.1624131 -0.7304114 -0.6634163 -0.1348024 -0.6743895 -0.7259664 -0.1469455 -0.6820136 -0.7164248 -0.1234936 -0.6292153 -0.7673575 -0.1377057 -0.6379621 -0.7576553 -0.1176915 -0.5892514 -0.799332 -0.1347791 -0.5992572 -0.7891295 -0.117375 -0.5545633 -0.823822 -0.1382921 -0.5659398 -0.8127653 -0.1226739 -0.5246232 -0.8424498 -0.1482416 -0.5373088 -0.8302553 -0.1335988 -0.4983359 -0.8566288 -0.2046648 -0.4974451 -0.843007 -0.1950042 -0.4749687 -0.8581248 -0.230711 -0.4778158 -0.8476228 -0.2284441 -0.4728187 -0.8510322 -0.2635641 -0.473044 -0.8406922 -0.2755022 -0.4964125 -0.8232092 -0.5812323 -0.5134891 -0.6312671 -0.4820874 -0.5453203 -0.6857242 -0.5034198 -0.5357996 -0.677855 -0.409163 -0.5580705 -0.7219023 -0.4342706 -0.5486398 -0.7144253 -0.3473227 -0.5634941 -0.7495608 -0.3734561 -0.555088 -0.7432415 -0.783372 -0.6212971 -0.01784354 -0.7493721 -0.6619362 0.01679307 -0.749283 -0.6620841 -0.01482576 -0.7982204 -0.6021792 -0.01498496 -0.7969139 -0.6014831 -0.05609357 -0.8396849 -0.5401549 -0.0562331 -0.836943 -0.538522 -0.09757381 -0.8743687 -0.4756296 -0.09620833 -0.8684751 -0.4721568 -0.1510591 -0.9007713 -0.4091292 -0.1456862 -0.8887248 -0.4025079 -0.2194443 -0.9171069 -0.3409 -0.2066451 -0.9024125 -0.3337945 -0.2724573 -0.9018297 -0.3237762 -0.2861332 -0.8860246 -0.3337647 -0.3218098 -0.8668071 -0.3247324 -0.3784105 -0.8568008 -0.3325055 -0.3941225 -0.8308067 -0.3202753 -0.4551748 -0.8147371 -0.3296014 -0.4770393 -0.7959375 -0.3205798 -0.5135292 -0.774206 -0.3308062 -0.539604 -0.7678877 -0.3276169 -0.5504686 -0.7224918 -0.3531075 -0.594408 -0.7385132 -0.3617863 -0.5689542 -0.687683 -0.3870999 -0.6142034 -0.7103043 -0.3990002 -0.5798851 -0.6552019 -0.4228866 -0.6260012 -0.681225 -0.4359283 -0.5881319 -0.8491058 -0.2891099 -0.4420804 -0.9166404 -0.1654053 -0.363884 -0.9214494 -0.1665951 -0.3509662 -0.9022604 -0.1908984 -0.3866318 -0.9179497 -0.1935098 -0.3462983 -0.8811144 -0.244028 -0.4050776 -0.7318072 -0.4163433 -0.5395523 -0.7140913 -0.4105932 -0.5669982 -0.7646207 -0.3836741 -0.5178315 -0.7390679 -0.3743889 -0.5600104 -0.7862133 -0.346422 -0.5117231 -0.7641971 -0.3375127 -0.5496254 -0.8065653 -0.3095586 -0.5036129 -0.7931059 -0.3036753 -0.5279815 -0.8297497 -0.2770439 -0.4845227 -0.8348287 -0.2791636 -0.4744773 -0.851818 -0.2685004 -0.4497931 -0.865504 -0.2739402 -0.4193564 -0.8778067 -0.2646214 -0.399288 -0.8971247 -0.272214 -0.3479466 -0.9046138 -0.2648315 -0.3339735 -0.9244323 -0.2727417 -0.2665272 -0.9280381 -0.2678605 -0.2588365 -0.9429284 -0.2739121 -0.189363 -0.9442458 -0.2714975 -0.1862497 -0.9525092 -0.274735 -0.1313285 -0.9527735 -0.2741373 -0.1306582 -0.9581097 -0.2759423 -0.07669287 -0.9577113 -0.2771307 -0.07737934 -0.960358 -0.2775351 -0.02620965 -0.9596691 -0.2797684 -0.02765828 -0.9600152 -0.2795721 0.01449769 -0.9434747 -0.3305652 -0.02412927 -0.9796243 -0.02914267 -0.1987132 -0.9650246 -0.08798474 -0.2469539 -0.962907 -0.09712696 -0.2517467 -0.9414929 -0.1439248 -0.3047568 -0.9170025 -0.1958368 -0.3474974 -0.9874021 0.1498708 -0.05075395 -0.9908198 0.1169772 -0.06776869 -0.9875342 0.1160455 -0.1063466 -0.9819296 0.01463168 -0.1886804 -0.9838198 0.01443594 -0.178579 -0.9646851 -0.06755691 -0.2545955 -0.9676895 -0.06818234 -0.2427518 -0.9411723 -0.1388854 -0.3080677 -0.9456618 -0.1400314 -0.2934538 -0.9889557 0.03140616 -0.1448455 -0.9875891 0.008561491 -0.1568265 -0.9801608 0.0078758 -0.1980475 -0.9597455 -0.07949298 -0.2693874 -0.9590306 -0.07937163 -0.2719569 -0.9313193 -0.1454999 -0.3338773 -0.9348377 -0.1464285 -0.3234769 -0.3948445 -0.918395 0.02546763 -0.4610302 -0.8873497 0.007861971 -0.4610126 -0.8873916 -0.001904964 -0.5279439 -0.8492766 -0.002087593 -0.5272966 -0.848544 -0.04395121 -0.590088 -0.8061078 -0.04456877 -0.5878698 -0.8032471 -0.09593379 -0.6463 -0.7570458 -0.09580224 -0.6394501 -0.7486248 -0.1751129 -0.6926566 -0.7004483 -0.172044 -0.6799175 -0.6861842 -0.2585799 -0.6793181 -0.6876043 -0.2563735 -0.663621 -0.6700674 -0.3325914 -0.6627691 -0.6726593 -0.3290389 -0.6394395 -0.6466144 -0.4159411 -0.6383929 -0.6508983 -0.4108355 -0.6085817 -0.617658 -0.4981233 -0.6074815 -0.6235501 -0.4920889 -0.5733791 -0.5854532 -0.5731326 -0.5721588 -0.5930899 -0.5664617 -0.5368432 -0.5533905 -0.6368348 -0.5353906 -0.5623669 -0.6301591 -0.4948786 -0.5163553 -0.698908 -0.528285 -0.4997683 -0.6864013 -0.4950481 -0.4656106 -0.7335763 -0.5246537 -0.4521493 -0.7213179 -0.5130677 -0.4411419 -0.7363121 -0.5181772 -0.4387216 -0.7341769 -0.5332276 -0.4523833 -0.714855 -0.5406095 -0.4482808 -0.7118889 -0.5520163 -0.4572787 -0.6972621 -0.498829 -0.4978085 -0.7094761 -0.4799813 -0.5176055 -0.7083097 -0.5851842 -0.4631034 -0.6656537 -0.5558668 -0.4977809 -0.6657524 -0.6240571 -0.4573663 -0.6335369 -0.6523529 -0.4707797 -0.5939716 -0.6350507 -0.4865028 -0.6000214 -0.9447832 0.3163157 0.0856111 -0.9372482 0.3316832 0.1074816 -0.9232375 0.3669937 0.1137899 -0.8878302 0.43722 0.1435146 -0.9079583 0.3960226 0.1370323 -0.9019395 0.4118193 0.1300389 -0.941084 0.3316236 0.06623196 -0.9443359 0.3213254 0.07056754 -0.9544516 0.2943649 0.0486989 -0.9686071 0.2473592 0.02477669 -0.9804649 0.195998 -0.01653814 -0.9796814 0.1954537 -0.04497212 -0.987384 0.1119281 -0.1120051 -0.9897527 0.111718 -0.08893144 -0.9840963 0.01556086 -0.1769536 -0.9865545 0.01513284 -0.1627308 -0.9698291 -0.06432688 -0.2351462 -0.9712275 -0.06461113 -0.2292218 -0.9501726 -0.133839 -0.2815304 -0.9581407 -0.1359099 -0.2519823 -0.7685735 0.5905688 0.2460147 -0.8536036 0.4928539 0.1686887 -0.8555302 0.4937663 0.1557658 -0.9196653 0.3863071 0.07058626 -0.9157286 0.3835959 0.1195633 -0.9626248 0.2700735 0.02034568 -0.9621152 0.2692258 0.04303359 -0.9836943 0.1758936 -0.03750944 -0.9828903 0.1762027 -0.05366128 -0.9891585 0.09129077 -0.1150295 -0.9890344 0.09130847 -0.1160764 -0.9870691 0.01350188 -0.1597259 -0.9898135 0.01302218 -0.1417738 -0.9835829 -0.06011694 -0.1701491 -0.988697 -0.06125026 -0.1368457 -0.9792909 -0.1325617 -0.1530259 -0.9842503 -0.1338163 -0.1155191 -0.6479865 0.7038865 0.2909595 -0.743961 0.6272152 0.2304847 -0.74608 0.6288077 0.2190104 -0.8311421 0.5364291 0.1464465 -0.8240354 0.5306574 0.1984153 -0.8998674 0.4227592 0.1073017 -0.8973661 0.4207468 0.1330646 -0.9419854 0.3305106 0.05853617 -0.9428331 0.3315164 0.03409844 -0.9693133 0.2443925 -0.02653783 -0.9687159 0.2446678 -0.0415616 -0.9828939 0.1625671 -0.08655327 -0.9828359 0.1625723 -0.08719986 -0.989429 0.08534449 -0.1172454 -0.9909763 0.08515501 -0.103511 -0.9925682 0.01068896 -0.1212197 -0.9950383 0.01037418 -0.09895068 -0.9921911 -0.06253707 -0.1079167 -0.9954687 -0.06292736 -0.07128924 -0.9879848 -0.1356334 -0.07409167 -0.9903444 -0.1356402 -0.02863365 -0.9944338 -0.1046382 0.01233923 -0.9978961 -0.06414616 -0.009424567 -0.9974926 -0.06426149 -0.02965086 -0.9995273 0.008737325 -0.02947425 -0.9975767 0.008439898 -0.06906235 -0.9945277 0.08139127 -0.06549972 -0.9924075 0.08134812 -0.09224981 -0.9845083 0.1549091 -0.08213818 -0.9836289 0.1549215 -0.09205251 -0.9703143 0.2304708 -0.07330352 -0.9704056 0.2304676 -0.07209515 -0.9502851 0.3085736 -0.04172229 -0.9508438 0.3083775 -0.0282762 -0.9209094 0.3894875 0.01501822 -0.9205851 0.3886857 0.03803443 -0.87656 0.4720759 0.09373903 -0.8742632 0.4700067 0.1214817 -0.812527 0.5523461 0.186316 -0.8158465 0.5554693 0.160774 -0.7211379 0.6505196 0.2382951 -0.7280721 0.6578988 0.1925625 -0.6329703 0.732418 0.2508239 -0.6305083 0.7298147 0.2642534 -0.5330739 0.7873354 0.3097345 -0.529156 0.7829262 0.3271403 -0.4891812 0.7951399 0.3584055 -0.5857344 0.7451497 0.318853 -0.545494 0.7601993 0.3528931 -0.6442366 0.7008982 0.306106 -0.6051945 0.718737 0.3422821 -0.7043337 0.6490893 0.2873975 -0.667609 0.6696677 0.3253359 -0.7648689 0.5887267 0.261489 -0.7320906 0.611519 0.3001466 -0.8249129 0.518042 0.2261665 -0.7976559 0.5421437 0.264245 -0.8816286 0.4362817 0.1799704 -0.8616155 0.4597705 0.2150112 -0.9195741 0.3670274 0.1402654 -0.9068245 0.388248 0.1641125 -0.9425317 0.3166949 0.106482 -0.9335712 0.3351278 0.1270202 -0.9621533 0.2635846 0.06916832 -0.9565207 0.2787193 0.08592867 -0.9775584 0.2086544 0.02903407 -0.974591 0.2200855 0.04165029 -0.9882869 0.1519718 -0.01391547 -0.9872372 0.1591433 -0.006020605 -0.9938188 0.09351783 -0.05982077 -0.9937565 0.095591 -0.05753755 -0.9935138 0.03363555 -0.1086232 -0.9931628 0.02979236 -0.1128726 -0.9867492 -0.0269885 -0.1599932 -0.9844166 -0.03759151 -0.1717875 -0.973276 -0.0865519 -0.2127031 -0.9670299 -0.1040796 -0.2324236 -0.9534767 -0.14316 -0.265306 -0.9419893 -0.1661815 -0.2916159 -0.927945 -0.1961252 -0.3169434 -0.910731 -0.2226786 -0.3478269 -0.8969938 -0.2457576 -0.3674309 -0.8729268 -0.2754577 -0.4026437 -0.8613503 -0.291352 -0.4161607 -0.8308475 -0.3222939 -0.453673 -0.9017286 -0.347775 -0.2567841 -0.8776366 -0.3801931 -0.2919028 -0.8555721 -0.4102865 -0.3156918 -0.8234579 -0.4434938 -0.3538793 -0.8059789 -0.4625535 -0.3693809 -0.7678408 -0.4939351 -0.4079812 -0.9542629 -0.2177595 -0.2048493 -0.9646608 -0.193382 -0.1789779 -0.9825069 -0.1322632 -0.1310988 -0.9867213 -0.1156358 -0.1140593 -0.9976356 -0.03974258 -0.05606871 -0.9982217 -0.03319656 -0.04951357 -0.9989105 0.04572707 0.00932908 -0.9989682 0.04465639 0.00827974 -0.9899416 0.1247615 0.06671088 -0.9911339 0.1183465 0.0603975 -0.9734082 0.197098 0.1167436 -0.976459 0.1872462 0.107083 -0.9508065 0.264445 0.1613569 -0.9562709 0.2517378 0.1489101 -0.9227358 0.3283311 0.2018851 -0.9112443 -0.3597423 -0.2005481 -0.8903948 -0.3916354 -0.231989 -0.8662148 -0.4278414 -0.2581157 -0.8373781 -0.4612275 -0.2933721 -0.8175603 -0.4846556 -0.3109729 -0.7821955 -0.5169476 -0.3477578 -0.8945734 -0.3285151 -0.3030123 -0.8687278 -0.3603687 -0.3397744 -0.8489768 -0.3858311 -0.3610718 -0.8154384 -0.4181531 -0.4002604 -0.8001165 -0.4341635 -0.4139031 -0.7607071 -0.4647485 -0.4531376 -0.7145214 -0.5030767 -0.4861821 -0.7547234 -0.5057576 -0.4178541 -0.711924 -0.5343394 -0.4556816 -0.7667022 -0.5319373 -0.3594586 -0.7263991 -0.5616024 -0.3961656 -0.6572482 -0.6626433 -0.3590666 -0.644592 -0.6631438 -0.3804489 -0.6831327 -0.6358305 -0.3592344 -0.4865596 0.7923558 0.3680109 -0.4497967 0.8014139 0.3942317 -0.5430523 0.7580174 0.3612533 -0.5057131 0.7695689 0.3898948 -0.6028377 0.7169966 0.3500039 -0.5660339 0.7311875 0.3807501 -0.6652369 0.6682705 0.3329783 -0.6298708 0.6852253 0.3656899 -0.7294991 0.6103807 0.308653 -0.6969078 0.6299383 0.3427789 -0.7946516 0.5413101 0.2747951 -0.7666049 0.5627713 0.3092016 -0.8581442 0.4594258 0.2291649 -0.8366582 0.4811613 0.2616997 -0.901827 0.3886163 0.1889058 -0.8879811 0.4085535 0.211125 -0.9291234 0.3361535 0.1540473 -0.9190025 0.3539358 0.1736778 -0.9529111 0.28044 0.1153861 -0.9462993 0.2952734 0.1316485 -0.9721526 0.2224994 0.07357621 -0.9683633 0.2341505 0.08629041 -0.9863406 0.1622337 0.02850544 -0.9847569 0.1699719 0.03692477 -0.9948506 0.09930288 -0.02028471 -0.9945937 0.1024705 -0.01683068 -0.9967705 0.03400963 -0.07274717 -0.9966222 0.03098988 -0.07605296 -0.9910966 -0.03317022 -0.1289479 -0.9892615 -0.04292052 -0.1397126 -0.9772126 -0.09995126 -0.1872574 -0.9711607 -0.1178538 -0.207262 -0.9556059 -0.1630982 -0.2453901 -0.9437608 -0.186999 -0.2726666 -0.9273994 -0.2211393 -0.3017081 -0.951348 -0.1782088 -0.2513535 -0.9008409 -0.275644 -0.3354194 -0.8533284 -0.3366756 -0.398096 -0.8620052 -0.3255627 -0.3885307 -0.8015508 -0.388472 -0.4545394 -0.7315192 -0.4531131 -0.5094785 -0.7621581 -0.4321089 -0.4820758 -0.6964915 -0.4856039 -0.5282882 -0.7256606 -0.4914857 -0.481517 -0.6528688 -0.5315843 -0.5396116 -0.7034786 -0.5407668 -0.4611824 -0.6577612 -0.5658459 -0.4971607 -0.7156114 -0.5703493 -0.4032394 -0.6722546 -0.5964388 -0.4385596 -0.7126666 -0.59506 -0.371497 -0.6333462 -0.6518784 -0.4170458 -0.6450326 -0.6523703 -0.3979271 -0.9701595 -0.2209396 -0.09988111 -0.9763602 -0.2001253 -0.08167392 -0.9925158 -0.1184186 -0.02982354 -0.9938936 -0.1082533 -0.02137237 -0.9992451 -0.01201879 0.03694385 -0.9992738 -0.01376557 0.03553175 -0.9931119 0.07709175 0.08823686 -0.9942538 0.06901007 0.08183497 -0.9789315 0.1568042 0.1307882 -0.9819029 0.1451343 0.1216667 -0.9591776 0.2285539 0.1665574 -0.3516331 0.8527017 0.3863341 -0.3453521 0.8452426 0.4077952 -0.425271 0.8160892 0.3913349 -0.3965093 0.8220662 0.408641 -0.4812133 0.7860437 0.3880323 -0.4511535 0.7940596 0.4073449 -0.5418363 0.7490753 0.3811821 -0.5113463 0.7593563 0.402372 -0.6062833 0.7041299 0.3696238 -0.5758801 0.7169784 0.3928157 -0.6736989 0.6497552 0.3520627 -0.6443409 0.6652901 0.3771125 -0.7440673 0.583158 0.3260226 -0.7169761 0.6013174 0.3526511 -0.8156892 0.5013344 0.2886433 -0.7933424 0.5208451 0.315164 -0.867168 0.4283586 0.2540251 -0.8754813 0.4175077 0.2433515 -0.8991968 0.3733748 0.2281154 -0.9308864 0.3135744 0.1874076 -0.9641416 0.214788 0.155876 -0.9405761 0.281146 0.1904559 -0.9243392 0.3250875 0.1997882 -0.914668 0.3431608 0.2135962 -0.8505993 0.4529032 0.2671322 -0.8664804 0.4335821 0.2474239 -0.7724546 0.5574737 0.3041993 -0.7942784 0.5375797 0.2830724 -0.6966838 0.6387834 0.3264774 -0.7215843 0.6209012 0.3062645 -0.6257836 0.7024688 0.3390168 -0.651511 0.6875172 0.3207079 -0.5587625 0.7538497 0.3456807 -0.5842279 0.7417538 0.3293619 -0.4948329 0.7960298 0.3485358 -0.5197992 0.7863341 0.3338977 -0.4351456 0.8302014 0.3484452 -0.4589259 0.8226925 0.335506 -0.3809488 0.8573042 0.3462768 -0.4031819 0.8516391 0.3348961 -0.3253492 0.8810124 0.3434608 -0.3173081 0.8737496 0.3686152 -0.2457835 0.8932192 0.3764968 -0.243132 0.8892937 0.3873549 -0.1828951 0.9008615 0.3936981 -0.1827734 0.9005752 0.3944089 -0.2236143 0.9003653 0.3732813 -0.2291806 0.9148901 0.3323437 -0.161912 0.9258649 0.341407 -0.1661547 0.9442927 0.2840843 -0.0854429 0.9528578 0.2911385 -0.08710044 0.9698198 0.2277351 -0.06881821 0.9691721 0.236579 -0.06944996 0.9796218 0.1884618 -0.07953166 0.9798263 0.1833447 -0.07999151 0.9874473 0.1361958 -0.08930546 0.9873267 0.131189 -0.08958691 0.9918666 0.09041446 -0.0936883 0.9916963 0.08809733 -0.09382718 0.9941202 0.0540505 -0.09426331 0.9940929 0.0537939 -0.09434998 0.9951527 0.02773529 -0.09350639 0.9952179 0.02824634 -0.09354692 0.9955269 0.01323288 -0.1233246 0.99236 0.003590047 -0.9621827 -0.2236691 -0.1554889 -0.9707745 -0.2001311 -0.1324552 -0.9882578 -0.1292275 -0.08152765 -0.9909907 -0.1151777 -0.06834959 -0.999547 -0.02887338 -0.008503675 -0.9996433 -0.02604597 -0.005922377 -0.9968969 0.05955153 0.05148017 -0.9973212 0.05540466 0.04775863 -0.9848099 0.1399502 0.1027795 -0.9868218 0.131076 0.09487771 -0.9661098 0.2125421 0.1464849 -0.9701054 0.2008857 0.1361629 -0.9419825 0.2800261 0.1850796 -0.9482096 0.266379 0.1730343 -0.9126958 0.3443022 0.2200964 -0.9214668 0.3289713 0.2065838 -0.8582013 0.4365274 0.2700641 -0.8737909 0.4180064 0.2485162 -0.7798501 0.5396829 0.3171375 -0.8019526 0.5203213 0.2934927 -0.7030594 0.6204889 0.3474205 -0.729204 0.602685 0.3240869 -0.6310152 0.6840247 0.3659646 -0.6585303 0.6690636 0.3445165 -0.5630745 0.7352926 0.377216 -0.5908657 0.7230995 0.3577775 -0.4988262 0.777248 0.3834817 -0.5263219 0.7675259 0.3659088 -0.4388312 0.8114392 0.3859971 -0.4655279 0.80389 0.3701957 -0.3845047 0.8387336 0.3855934 -0.409796 0.833081 0.3715418 -0.331166 0.86195 0.3838897 -0.3289639 0.8595937 0.3910007 -0.2581896 0.8786842 0.4015625 -0.2574015 0.8773708 0.4049257 -0.3111154 0.8734459 0.3745657 -0.3182902 0.886586 0.3356437 -0.2505695 0.9029977 0.3490127 -0.2578215 0.9229616 0.2857799 -0.1830631 0.9370781 0.2972751 -0.1868395 0.9548461 0.2309978 -0.1784942 0.9553095 0.2356344 -0.1797671 0.9632323 0.1996681 -0.2047856 0.9611507 0.185074 -0.2058185 0.9675812 0.1463746 -0.2287394 0.9644546 0.1323091 -0.2294982 0.9690796 0.09063851 -0.2397012 0.9671915 0.08416676 -0.2400476 0.9695503 0.04846966 -0.2413408 0.9692702 0.04764437 -0.2415205 0.9701309 0.02266716 -0.2396026 0.9705772 0.02388644 -0.2396756 0.9707789 0.01200598 -0.2649649 0.9642513 0.003602802 -0.2493643 -0.9683718 0.008581697 -0.2569742 -0.9664114 0.003656387 -0.2567437 -0.9658422 -0.0350942 -0.3287556 -0.9437457 -0.03555196 -0.3275428 -0.9404536 -0.09090024 -0.3975762 -0.9130356 -0.09109997 -0.3925778 -0.9010745 -0.1842479 -0.4586461 -0.8696545 -0.1826062 -0.4473616 -0.846489 -0.2886592 -0.4468525 -0.8471545 -0.2874931 -0.4326535 -0.8181367 -0.3787658 -0.4317038 -0.8196682 -0.3765317 -0.4106544 -0.7767013 -0.4775962 -0.4092973 -0.7794002 -0.4743533 -0.3831025 -0.7259679 -0.571142 -0.3813686 -0.7299823 -0.567172 -0.3527661 -0.6714668 -0.6516813 -0.3506644 -0.6766711 -0.6474185 -0.3228048 -0.6192508 -0.7157691 -0.3203202 -0.6253016 -0.7116129 -0.2885152 -0.5589777 -0.7773694 -0.3212894 -0.5500162 -0.7708796 -0.2934039 -0.4987795 -0.8155571 -0.3192833 -0.4921414 -0.8098488 -0.3067403 -0.4711131 -0.8270206 -0.308661 -0.4705898 -0.8266038 -0.3145481 -0.4801449 -0.8188531 -0.3127474 -0.4807319 -0.8191983 -0.3281134 -0.5033503 -0.7993624 -0.2888696 -0.5155528 -0.8066968 -0.3205047 -0.5571904 -0.7660391 -0.2945761 -0.5644181 -0.7711401 -0.3365333 -0.609977 -0.7174075 -0.3503379 -0.6061012 -0.7140761 -0.3956532 -0.6444738 -0.6543028 -0.4147201 -0.6383336 -0.6484887 -0.4748724 -0.6742627 -0.565567 -0.501726 -0.6633301 -0.5552156 -0.5576263 -0.6815878 -0.473805 -0.6917653 -0.7157135 -0.09599441 -0.6914824 -0.7150626 -0.1026524 -0.6743157 -0.7255687 -0.1372897 -0.6739597 -0.7242175 -0.1459022 -0.6554119 -0.7329751 -0.1821612 -0.6549819 -0.7305453 -0.1931384 -0.6363822 -0.7368358 -0.2282339 -0.6359107 -0.7331052 -0.241194 -0.6179764 -0.7369558 -0.2738638 -0.617559 -0.7317639 -0.2883446 -0.6002253 -0.7335545 -0.3187906 -0.5999504 -0.7267966 -0.3344045 -0.5836889 -0.7268208 -0.361993 -0.5836249 -0.7184163 -0.3784971 -0.5685091 -0.7170533 -0.4032765 -0.568736 -0.7071438 -0.4201037 -0.5548853 -0.7047417 -0.4420877 -0.5557885 -0.6837871 -0.4727944 -0.6341134 -0.6395998 -0.4345256 -0.5913298 -0.6334225 -0.4991042 -0.6454263 -0.6144701 -0.4537087 -0.5774007 -0.5984438 -0.5554041 -0.6334154 -0.5813406 -0.5107133 -0.5739369 -0.5619405 -0.5956672 -0.6307619 -0.5454905 -0.5518875 -0.5986341 -0.5331693 -0.5978024 -0.7184121 -0.4531859 -0.5277373 -0.7093004 -0.4507236 -0.5419791 -0.8034734 -0.3662505 -0.4693517 -0.7862281 -0.3627738 -0.5002407 -0.8226723 -0.3317387 -0.4616923 -0.8044506 -0.3270241 -0.4958978 -0.8558961 -0.2775172 -0.4363784 -0.8376688 -0.2723078 -0.4734547 -0.8690054 -0.24431 -0.4302816 -0.8595369 -0.2410988 -0.4506303 -0.8853369 -0.2161321 -0.4116618 -0.889481 -0.2175244 -0.4018793 -0.9011098 -0.2076546 -0.3806321 -0.9098401 -0.2104678 -0.3576231 -0.918094 -0.2021924 -0.3409131 -0.9312598 -0.2064418 -0.3002284 -0.9361971 -0.2001563 -0.2889163 -0.9502691 -0.204825 -0.2345964 -0.9525768 -0.2008736 -0.2285768 -0.9636534 -0.2046263 -0.1717569 -0.9644169 -0.202872 -0.1695379 -0.9709376 -0.2049653 -0.1235697 -0.971042 -0.2046681 -0.1232407 -0.9756735 -0.2058814 -0.07532709 -0.9753971 -0.2069607 -0.07594662 -0.9779188 -0.2071541 -0.02760648 -0.9775106 -0.2089205 -0.02872872 -0.9779155 -0.2087271 0.01069474 -0.975682 -0.2191699 0.003043711 -0.9999285 0.01122319 0.004128098 -0.999948 0.009042501 0.004730939 -0.9995281 0.008794844 -0.02943474 -0.9962803 0.08106744 -0.02921885 -0.9945579 0.08067524 -0.06592619 -0.986268 0.1530654 -0.06201916 -0.9846253 0.152921 -0.08442968 -0.971236 0.2263931 -0.07380241 -0.970862 0.2263808 -0.0786066 -0.9516656 0.3012902 -0.05963873 -0.9520812 0.3012599 -0.05276358 -0.9253872 0.3783361 -0.02281242 -0.9257891 0.3780069 -0.005064487 -0.8884921 0.4574185 0.03674554 -0.8876873 0.4562668 0.06190317 -0.8364267 0.5360742 0.1140834 -0.8337811 0.5335329 0.1419571 -0.7657137 0.6108582 0.2013332 -0.768931 0.6142595 0.1772865 -0.6681063 0.7017334 0.247395 -0.6740604 0.7090093 0.2072402 -0.5772699 0.774577 0.2584376 -0.5746 0.7712771 0.2737999 -0.4788134 0.8203405 0.312697 -0.4712055 0.8102701 0.348465 -0.4157541 0.8439326 0.3390078 -0.4026704 0.8262944 0.3938201 -0.410998 0.8187002 0.4010123 -0.4510416 0.8026695 0.3902348 -0.4183818 0.8096641 0.4115831 -0.5073237 0.7709302 0.3850834 -0.4736462 0.780165 0.4086587 -0.5677762 0.7323864 0.3758199 -0.5339347 0.7441114 0.4015122 -0.631449 0.6860817 0.3613365 -0.5985471 0.7003804 0.3888556 -0.697964 0.6303474 0.3398653 -0.6667328 0.6474079 0.3692296 -0.7666113 0.5627695 0.309189 -0.7387051 0.5821987 0.339646 -0.8351351 0.4810778 0.2666716 -0.8130059 0.5013291 0.2961259 -0.8835561 0.4090508 0.2280485 -0.8689246 0.428082 0.2484271 -0.9144384 0.3550971 0.194187 -0.9035792 0.372139 0.2122669 -0.9419559 0.2972537 0.156075 -0.934519 0.3118705 0.1714968 -0.9646759 0.237103 0.1148158 -0.9601534 0.2488589 0.12718 -0.982267 0.1739994 0.06982856 -0.9799497 0.1828603 0.07912546 -0.9939642 0.1077025 0.02086502 -0.9933738 0.1120724 0.02546107 -0.9987487 0.03742235 -0.03317755 -0.9987497 0.03614997 -0.03452962 -0.9951593 -0.03548294 -0.09164643 -0.9939405 -0.04399621 -0.1007316 -0.9818529 -0.1101573 -0.154371 -0.9764807 -0.1278626 -0.1735994 -0.9593883 -0.1803624 -0.2168954 -0.9477766 -0.204981 -0.2443405 -0.914921 -0.2707747 -0.2993339 -0.9343031 -0.2627372 -0.2409294 -0.9170049 -0.2912876 -0.2724952 -0.941453 -0.2756654 -0.1941004 -0.9261909 -0.3039184 -0.223168 -0.9493762 -0.2812657 -0.1399097 -0.9369834 -0.3080732 -0.1647815 0.9945216 0.001758038 -0.1045175 0.9938572 -0.003204047 -0.1106247 0.9945202 -0.003287255 -0.1044936 0.9990345 0.02800184 -0.03385525 0.9996362 0.02055948 -0.01746433 -0.5877974 -0.01042604 -0.808941 -0.5877105 -0.01042741 -0.8090043 -0.6331599 0.0114665 -0.7739361 -0.6944902 -0.002545177 -0.7194977 -0.6882387 -0.002638757 -0.7254795 -0.6946541 -0.007675051 -0.719303 -0.6943863 -0.007679045 -0.7195615 -0.2393638 0.9270755 0.2885071 -0.230893 0.9320263 0.2793125 -0.2434442 0.9415174 0.2329804 -0.1639255 0.9585787 0.2329279 -0.1749771 0.9677751 0.1810926 -0.1089215 0.9776281 0.179943 -0.1161282 0.9845707 0.1309006 -0.05470401 0.9900273 0.1298213 -0.05807238 0.9948972 0.0825057 0.005278229 0.9966098 0.08210408 0.005830049 0.999067 0.04279112 0.02264779 0.9990738 0.03658968 0.02437222 0.9996696 -0.008172571 0.05962556 0.9981915 -0.007659792 0.06405502 0.9963512 -0.05640262 0.1012085 0.9933276 -0.05529242 0.1107894 0.9866238 -0.1195794 0.1507123 0.9815678 -0.1175187 0.1636414 0.9701724 -0.1788493 0.2069844 0.9625 -0.1753607 0.2199192 0.9494927 -0.2238287 0.2656148 0.938968 -0.2186044 0.2831405 0.9194576 -0.2728173 0.3310643 0.9055806 -0.2651797 0.3533384 0.8774076 -0.3245119 0.4037516 0.8595122 -0.3134065 0.430467 0.8203397 -0.3764852 0.4820741 0.7983793 -0.3608257 0.5121299 0.7458627 -0.4259248 0.5637989 0.7201567 -0.4043579 0.5962845 0.6498423 -0.4713279 0.6466733 0.6214784 -0.4422423 0.6790645 0.5285375 -0.5094308 0.7261044 0.5002751 -0.4716961 0.7514182 0.3940313 -0.5292543 0.7942003 0.3691312 -0.4826886 0.8088256 0.2669478 -0.523966 0.8471447 0.248008 -0.4699342 0.8529393 0.1691525 -0.4938444 0.8869919 0.1565018 -0.4344567 0.8886898 0.1071315 -0.4458176 0.9187008 0.09911429 -0.3823159 0.9192833 0.06655597 -0.3879286 0.9278381 0.04204928 -0.3706054 0.8877216 0.04442292 -0.4582324 0.8870814 0.04298877 -0.459607 0.8514972 0.04441475 -0.5224748 0.8508947 0.04328352 -0.5235503 0.8106533 0.04448252 -0.5838344 0.8097644 0.04304838 -0.585174 0.765496 0.04400348 -0.6419342 0.7642925 0.04231303 -0.6434801 0.716087 0.04302889 -0.6966835 0.7149149 0.04154568 -0.6979762 0.6626932 0.04207986 -0.7477079 0.6611708 0.04033011 -0.7491506 0.605785 0.04068809 -0.7945873 0.6044372 0.0392698 -0.7956844 0.5456349 0.03950405 -0.8370914 0.5436776 0.0375626 -0.8384531 0.4817975 0.03766953 -0.8754726 0.4801393 0.03613871 -0.8764474 0.4155664 0.03616487 -0.9088436 0.41399 0.03478395 -0.9096167 0.3469723 0.03475624 -0.9372312 0.3451921 0.0332418 -0.9379432 0.2761896 0.03317439 -0.9605305 0.2749917 0.03220117 -0.9609072 0.2039704 0.03212469 -0.9784499 0.2026299 0.03106242 -0.9787626 0.1303771 0.03098767 -0.9909802 0.1293545 0.03017932 -0.9911391 0.05630058 0.0301212 -0.9979595 0.05561447 0.029585 -0.9980139 -0.01864558 0.02955234 -0.9993894 -0.01898854 0.02929538 -0.9993904 -0.09315288 0.0292927 -0.9952209 -0.09316343 0.02929306 -0.9952198 -0.1671885 0.02931922 -0.985489 -0.1664519 0.0299105 -0.9855959 -0.2402867 0.02995419 -0.9702398 -0.2396792 0.03045219 -0.9703745 -0.311929 0.03050369 -0.9496157 -0.3107437 0.03152155 -0.9499709 -0.3814101 0.03155589 -0.9238673 -0.380777 0.03212398 -0.9241088 -0.4489543 0.03214073 -0.8929766 -0.4479039 0.0331372 -0.8934676 -0.5141395 0.03310066 -0.8570677 -0.5127222 0.03452444 -0.8578602 -0.5759939 0.03439587 -0.81673 -0.5751665 0.03527384 -0.8172757 -0.6349079 0.03505545 -0.7717921 -0.6336265 0.03654521 -0.7727755 -0.6900467 0.03617388 -0.7228603 -0.6891306 0.03734135 -0.7236745 -0.7409753 0.03681707 -0.6705224 -0.740635 0.01466536 -0.6717476 -0.7882037 -0.003706276 -0.6154033 0.9897096 0.09898221 0.1033325 0.9911221 0.08110487 0.1053522 0.9755401 0.1650603 0.1451782 0.9730787 0.1771467 0.1474348 0.9550487 0.2389766 0.1754202 0.9346341 0.3033072 0.1856446 0.9307498 0.3069635 0.1986916 0.8912951 0.3854752 0.2387506 0.8931635 0.3845212 0.2332432 0.8320229 0.4752683 0.2861084 0.8352749 0.4747577 0.2773464 0.7745305 0.5440043 0.3227412 0.7814517 0.5447142 0.3043353 0.7254634 0.5971774 0.3421727 0.7365568 0.6007018 0.310872 0.6897855 0.6390131 0.3403797 0.7035989 0.6461394 0.2957239 0.6674016 0.6736188 0.3175105 0.6811051 0.6835246 0.2624694 0.6532747 0.7039738 0.2786632 0.6636239 0.7141187 0.2227957 0.6423217 0.7295573 0.234881 0.6443281 0.7321969 0.2207465 0.586486 0.7700297 0.2511745 0.6404347 0.7421888 0.1974826 0.5327028 0.8089374 0.2486927 0.5863693 0.7851026 0.1994621 0.5283086 0.8189322 0.2241431 0.5300837 0.8223522 0.2067566 0.5572794 0.812765 0.1698609 0.5588389 0.8157271 0.1492933 0.5781411 0.8068883 0.1211783 0.5792032 0.809053 0.09978455 0.5920656 0.801898 0.08011245 0.592651 0.8033444 0.05833369 0.6003631 0.7983888 0.04625713 0.600561 0.7991766 0.0253666 0.6102427 0.7921507 0.01006686 0.6051047 0.796137 0.003760397 0.6050843 0.7961518 -0.003954589 0.6029386 0.7977699 -0.005342662 0.6029355 0.7977861 -0.002506077 0.6247535 0.7808057 0.005064785 -0.03352659 -0.9956582 -0.08683711 -0.04801946 -0.9972233 -0.05691909 -0.09222328 -0.9942828 -0.05382096 -0.09086382 -0.9942646 -0.05640637 -0.1603905 -0.9859353 -0.0469737 -0.1576035 -0.9861413 -0.05183327 -0.2166289 -0.9754238 -0.04025506 -0.2125679 -0.976017 -0.0469653 -0.2745808 -0.9610487 -0.03147703 -0.268913 -0.9623206 -0.04031044 -0.328432 -0.9442542 -0.0227245 -0.3211244 -0.946443 -0.03353667 -0.377874 -0.9257408 -0.01467132 -0.369314 -0.9289196 -0.026753 -0.4247365 -0.9052919 -0.006747484 -0.4149635 -0.9096198 -0.01992905 -0.4683732 -0.8835306 4.72217e-4 -0.4580682 -0.8888238 -0.01287454 -0.509764 -0.8602809 0.007579147 -0.4992905 -0.8664177 -0.005430638 -0.5498135 -0.835154 0.01493877 -0.5397368 -0.8418289 0.002914011 -0.5894209 -0.8074968 0.02306574 -0.5800629 -0.8144783 0.01233482 -0.630053 -0.775871 0.03251743 -0.6219217 -0.7827262 0.02351981 -0.6731731 -0.7381761 0.04397636 -0.6664839 -0.7446095 0.03682339 -0.7196774 -0.6919045 0.05773055 -0.7142 -0.6980083 0.05198889 -0.7704844 -0.6331775 0.07375776 -0.7660228 -0.6390853 0.06913095 -0.8232294 -0.560375 0.09095734 -0.8009627 -0.5973478 0.04042971 -0.8016877 -0.5963206 0.04121553 -0.7768939 -0.6294762 -0.01399391 -0.7829652 -0.6220217 -0.007393121 -0.761793 -0.6454776 -0.0550484 -0.8177443 -0.5750247 -0.02531629 -0.8020092 -0.5940889 -0.06196564 -0.8087378 -0.5856691 -0.05417448 -0.788248 -0.6070684 -0.1006644 -0.7971822 -0.5969316 -0.09040629 -0.7739481 -0.6172675 -0.1413695 -0.7852707 -0.605659 -0.1285577 -0.7595266 -0.6242002 -0.1830127 -0.7734096 -0.6113452 -0.1676146 -0.7453666 -0.6275969 -0.2248352 -0.7618219 -0.6138363 -0.20696 -0.7318089 -0.6274192 -0.2660847 -0.7504379 -0.6133286 -0.2463148 -0.7188986 -0.6239791 -0.3063248 -0.7395592 -0.6098182 -0.2849108 -0.7009951 -0.618504 -0.3550475 -0.7459399 -0.5805031 -0.3264811 -0.7817199 -0.550611 -0.2928169 -0.8004047 -0.5307475 -0.2786748 -0.8310449 -0.4989123 -0.2458681 -0.853483 -0.4695721 -0.2259843 -0.8779773 -0.437096 -0.1951998 -0.9041475 -0.393238 -0.1669767 -0.920769 -0.3637246 -0.1410278 -0.9473282 -0.3029252 -0.1039502 -0.956335 -0.2796852 -0.0848506 -0.9768025 -0.2095125 -0.04428815 -0.9806016 -0.1933997 -0.03189313 -0.9947986 -0.1000493 0.01912963 -0.9951582 -0.09573543 0.02224647 -0.9969933 0.0101087 0.07682561 -0.9974279 0.00265491 0.07162845 -0.9882329 0.09743726 0.1179057 -0.9903278 0.08518099 0.1095217 -0.9728341 0.175188 0.1513381 -0.9769058 0.1602946 0.1412828 -0.9528974 0.2449284 0.1788766 -0.9587619 0.2290512 0.1682596 -0.9136373 0.3438169 0.2169262 -0.9240341 0.3253335 0.2007968 -0.845541 0.4681439 0.2567133 -0.8616255 0.447867 0.2387819 -0.768552 0.5734057 0.2837849 -0.789702 0.55316 0.2653016 -0.6941208 0.6550182 0.298576 -0.7178161 0.6369385 0.2811576 -0.6247555 0.7186099 0.3054183 -0.6486109 0.7037147 0.2899822 -0.5588327 0.7700157 0.307867 -0.5819855 0.7580621 0.294338 -0.4955325 0.8123075 0.3075779 -0.5176867 0.8028435 0.2957074 -0.4359833 0.8465843 0.3053094 -0.4569657 0.8391935 0.2948505 -0.3820255 0.8735568 0.3015878 -0.4012243 0.8680019 0.292561 -0.3240587 0.8979694 0.2977197 -0.3135547 0.8905036 0.3296772 -0.240547 0.9109934 0.3350048 -0.2332229 0.9017394 0.3639688 -0.1731017 0.9133761 0.3684834 -0.1705462 0.9079833 0.3827276 -0.1163887 0.9149108 0.3865127 -0.1166036 0.9157012 0.3845711 -0.1430709 0.9171538 0.3719671 -0.1468278 0.9326598 0.329526 -0.07539278 0.9391976 0.3349983 -0.07713061 0.9555948 0.284411 0.01143568 0.9580148 0.2864907 0.01160794 0.9710665 0.2385274 -0.01437103 0.9763284 0.2158156 -0.01444989 0.9825978 0.1851831 -0.01653456 0.9827504 0.1841964 -0.01663994 0.9909592 0.1331285 -0.01868265 0.9910604 0.1320995 -0.01874572 0.9957863 0.08976829 -0.01960945 0.9958108 0.08931118 -0.01963961 0.9982954 0.05496019 -0.01966345 0.9982957 0.05494517 -0.01968163 0.9993926 0.02876329 -0.01956981 0.9993929 0.02882927 -0.0195803 0.9997624 0.009581744 -0.007588624 0.9998952 0.01233452 -0.5780869 0.8159711 -0.002613544 0.6247143 0.7808479 -0.002970337 0.8094722 -0.58715 -0.003093957 0.2442653 -0.9697036 -0.003089189 -0.5608291 -0.8279317 -1.97359e-4 -0.9999331 0.01117813 -0.002989947 -0.9999327 0.01122194 -0.002989947 -0.9999338 0.01111787 -0.002983927 -0.9944853 -0.1046434 0.007005572 -0.9975633 -0.06976544 4.98273e-4 -0.9945059 -0.1046628 -0.001978695 -0.9945043 -0.1046767 -0.001978695 -0.9756627 -0.2192566 0.002994358 -0.9756827 -0.2191674 0.002989232 -0.9781474 -0.2079117 6.90952e-4 -0.9756701 -0.219244 2.77139e-5 -0.9445449 -0.3283824 -3.11935e-5 -0.9437494 -0.3306618 -3.11941e-5 -0.9437591 -0.3306339 -3.32877e-5 -0.9396936 -0.3420083 0.002538025 -0.9022668 -0.4311752 -0.001695096 -0.9023206 -0.4310624 -0.001695156 -0.8829448 -0.4694716 0.002236485 -0.9022685 -0.4310737 0.009336352 -0.850234 -0.5263961 -0.003088355 -0.8502582 -0.5263568 -0.003086686 -0.8502405 -0.5263854 -0.003086686 -0.7835462 -0.6212767 0.008410692 -0.7834947 -0.6213414 0.008422732 -0.8090133 -0.5877882 -0.001682519 -0.7836073 -0.6212519 -0.002390384 -0.7834928 -0.6213965 -0.002390205 -0.7062606 -0.7079402 0.004087924 -0.706279 -0.7079219 0.004084825 -0.7193432 -0.6946546 -6.31936e-4 -0.706225 -0.7079872 -6.93773e-4 -0.7061764 -0.7080358 -6.93635e-4 -0.6156627 -0.7880094 8.34933e-4 -0.6196066 -0.78491 0.002058863 -0.6195585 -0.7849478 0.002051055 -0.5607615 -0.8279774 -1.97532e-4 -0.5605866 -0.8280958 -1.9524e-4 -0.4999925 -0.8660285 0.001513361 -0.4989491 -0.8666306 0.001232743 -0.49892 -0.8666473 0.001228868 -0.394972 -0.9186926 -0.001030623 -0.3953156 -0.9185448 -0.001030623 -0.3746125 -0.9271813 -4.98671e-4 -0.3951721 -0.9185952 0.00469011 -0.3951722 -0.9185951 0.004689693 -0.2861425 -0.958143 0.009199917 -0.2419081 -0.9702988 -8.59677e-4 -0.2860647 -0.958207 -0.002565383 -0.2861647 -0.958177 -0.002565383 -0.1730495 -0.9849084 -0.003108382 -0.173209 -0.9848803 -0.003095269 -0.1731899 -0.9848836 -0.00309503 -0.173154 -0.9848899 -0.003093361 -0.05800074 -0.9982726 0.009372293 -0.1045355 -0.9945209 7.09626e-4 0.03636765 -0.9993338 0.003079533 0.03490579 -0.9993849 0.003361284 -0.05798161 -0.9983143 -0.002602756 -0.05802649 -0.9983116 -0.002602756 0.1301814 -0.9914871 -0.002474665 0.1306309 -0.991428 -0.002479493 0.1736423 -0.9848058 -0.002477288 0.1302401 -0.9914436 0.008785188 0.2442156 -0.9697161 -0.003084003 0.3548889 -0.9349047 -0.00269097 0.3090096 -0.9510488 0.004395008 0.2445183 -0.9696398 -0.003062129 0.2442294 -0.9697127 -0.003089129 0.3550032 -0.9348613 -0.00269097 0.3548521 -0.9349186 -0.00269407 0.4383692 -0.8987882 0.003488302 0.4608367 -0.8874841 -0.001259624 0.4609088 -0.8874467 -0.001264035 0.4607483 -0.88753 -0.001263976 0.5605571 -0.8281142 0.001593828 0.5592018 -0.8290305 0.001384496 0.5605548 -0.8281166 0.001174569 0.6527315 -0.7575888 -9.80953e-4 0.6527153 -0.7576026 -9.81263e-4 0.6526697 -0.7576419 -9.84505e-4 0.6691234 -0.7431442 0.003287315 0.7361305 -0.6768348 -0.002551794 0.735948 -0.6770334 -0.002545714 0.7660457 -0.6427813 -0.002543032 0.7360451 -0.6768714 0.00910449 0.8093534 -0.5873139 -0.003077208 0.8720676 -0.4893784 -0.002619743 0.8480359 -0.5299209 0.004376769 0.8095185 -0.5870864 -0.003088831 0.8094846 -0.5871331 -0.003094077 0.8722316 -0.4890862 -0.002619743 0.8720654 -0.4893825 -0.002622902 0.9135403 -0.4067342 0.003385186 0.9228818 -0.3850817 -0.001136481 0.9228919 -0.3850576 -0.001138627 0.9228263 -0.3852147 -0.001138567 0.9612748 -0.275588 0.001396834 0.9612789 -0.2755738 0.001399338 0.9612624 -0.275632 0.001384377 0.9867261 -0.1623901 -0.001118659 0.9867289 -0.1623725 -0.001118659 0.9902655 -0.1391918 -1.40215e-4 0.9867243 -0.1623315 0.004889547 0.9988834 -0.04717028 -0.002616226 0.9988946 -0.0469321 -0.002624809 0.9988887 -0.0470581 -0.002624809 0.9999905 0 0.004367828 0.9980757 0.06196284 -0.002340137 0.9980803 0.06189036 -0.002340137 0.9980717 0.06202882 -0.002335727 0.9853945 0.1701705 0.006302416 0.990265 0.1391902 0.001229286 0.9854151 0.1701593 -0.001742184 0.985431 0.1700672 -0.001742184 0.9612605 0.275633 0.002177774 0.9587993 0.2840844 2.37656e-4 0.9590506 0.2832348 4.2847e-4 0.9590454 0.2832526 4.26916e-4 0.9197487 0.3925076 -4.00263e-4 0.9198023 0.3923657 0.003609955 0.9135429 0.4067346 0.002545416 0.9197834 0.3924263 -4.00688e-4 0.9197794 0.3924356 -4.00228e-4 0.8681483 0.4963 -0.002228617 0.8682039 0.4962026 -0.002228498 0.8480439 0.5299258 4.08333e-4 0.8681339 0.4962684 0.007834017 0.8301007 0.5576125 0.001066565 0.8300533 0.5576832 0.001062452 0.7876953 0.6160621 -0.001934349 0.7876396 0.6161333 -0.00193423 0.7660478 0.6427831 8.25938e-4 0.7876662 0.6160638 0.006878495 0.7109768 0.7032092 -0.002973496 0.710985 0.7032011 -0.00297296 0.711046 0.7031392 -0.00297302 0.669125 0.7431459 0.002465844 0.7108911 0.7032021 0.01186585 0.6247421 0.7808255 -0.002969205 0.6247611 0.7808104 -0.002970516 0.5301004 0.8479066 0.006935238 0.5592002 0.8290265 0.003225684 0.5301252 0.8479171 -0.00196135 0.5300768 0.8479474 -0.001962065 0.5300482 0.8479654 -0.001962065 0.428401 0.9035841 0.002916455 0.4383715 0.8987925 0.001584351 0.4283655 0.9036056 7.19582e-5 0.3281272 0.9446336 -5.57837e-5 0.3090127 0.951058 -5.53009e-5 0.3274394 0.9448594 0.004933238 0.3274121 0.9448688 0.004929184 0.2227146 0.9748314 0.01010519 0.1736424 0.9848065 -0.002128481 0.2228688 0.9748446 -0.002743661 0.2227576 0.9748701 -0.002743482 0.108312 0.9941123 -0.003076136 0.1082064 0.9941238 -0.003084003 0.1083351 0.9941096 -0.003083586 -0.007589221 0.9999684 -0.002416849 0.03490597 0.9993893 0.001670598 -0.007691562 0.9999343 0.008502781 0.1082293 0.9941212 -0.003081202 -0.1233254 0.9923661 -7.05828e-4 -0.1045351 0.9945165 0.003078222 -0.007601857 0.9999682 -0.002420008 -0.007656097 0.9999678 -0.002417266 -0.1233321 0.9923652 -7.06194e-4 -0.1231306 0.9923902 -7.06012e-4 -0.1946771 0.9808675 2.39981e-4 -0.2649289 0.9642673 -0.00115025 -0.2419082 0.970299 5.01575e-4 -0.2649633 0.9642459 0.004963338 -0.1942461 0.9809529 2.18191e-4 -0.2647721 0.9643104 -0.00115031 -0.3748779 0.9270732 0.001411378 -0.3746122 0.9271806 0.001392722 -0.3748316 0.9270919 0.001347482 -0.3747627 0.9271199 0.001351714 -0.4799186 0.8773124 -0.001105427 -0.479706 0.8774287 -0.001105248 -0.4999933 0.866029 7.33024e-4 -0.4796993 0.8774195 0.004866361 -0.5780814 0.815975 -0.002612948 -0.668694 0.7435312 -0.003100216 -0.6156567 0.7880025 0.004362344 -0.5781075 0.8159565 -0.002610564 -0.5780801 0.8159759 -0.002613365 -0.6687195 0.7435083 -0.00310111 -0.668679 0.7435448 -0.00310111 -0.7193366 0.6946482 0.004342913 -0.7454586 0.6665504 -0.001451611 -0.7456313 0.6663572 -0.001455724 -0.7454266 0.6665861 -0.001455903 -0.8133807 0.5817269 0.002387642 -0.8090134 0.5877884 0.001499056 -0.8133909 0.5817174 4.68852e-4 -0.8755334 0.4831575 -4.37351e-4 -0.8749302 0.4842491 -4.33874e-4 -0.8753125 0.4835576 -4.34055e-4 -0.8829457 0.4694721 0.001687645 -0.8753251 0.4835212 0.003672778 -0.9254231 0.378929 -0.002257585 -0.9254465 0.3788718 -0.002257645 -0.9254394 0.3788893 -0.002257883 -0.9396908 0.3420072 0.003508985 -0.925297 0.3791606 0.007920444 -0.9630641 0.2692551 -0.003044188 -0.9630488 0.2693099 -0.003044188 -0.9630683 0.2692404 -0.003042221 -0.9781379 0.2079097 0.004461705 -0.9800773 0.198592 0.003149867 -0.9800129 0.1989086 0.003178715 -0.9919106 0.1269037 -0.002955257 -0.9918977 0.1270059 -0.002955257 -0.997563 0.06976699 -7.90556e-4 -0.9918475 0.1268858 0.01177471 -0.9999327 0.01121526 -0.002986669</float_array>
          <technique_common>
            <accessor source="#shape0_002-mesh-normals-array" count="7688" stride="3">
              <param name="X" type="float"/>
              <param name="Y" type="float"/>
              <param name="Z" type="float"/>
            </accessor>
          </technique_common>
        </source>
        <vertices id="shape0_002-mesh-vertices">
          <input semantic="POSITION" source="#shape0_002-mesh-positions"/>
        </vertices>
        <triangles material="Material_001-material" count="7746">
          <input semantic="VERTEX" source="#shape0_002-mesh-vertices" offset="0"/>
          <input semantic="NORMAL" source="#shape0_002-mesh-normals" offset="1"/>
          <p>3 0 3873 0 13 0 13 1 3873 1 0 1 13 1 0 1 1 1 3865 2 2 2 13 2 13 3 2 3 3870 3 13 1 3870 1 3 1 3859 1 4 1 13 1 13 4 4 4 5 4 13 5 5 5 3865 5 6 1 7 1 13 1 13 6 7 6 8 6 13 7 8 7 3859 7 12 1 9 1 13 1 13 8 9 8 10 8 13 9 10 9 6 9 11 1 3841 1 13 1 13 10 3841 10 3845 10 13 11 3845 11 12 11 17 12 14 12 13 12 13 13 14 13 3839 13 13 14 3839 14 11 14 15 1 3827 1 13 1 13 1 3827 1 16 1 13 15 16 15 17 15 18 1 3821 1 13 1 13 15 3821 15 3822 15 13 1 3822 1 15 1 20 1 3814 1 13 1 13 14 3814 14 3816 14 13 13 3816 13 18 13 3805 16 19 16 13 16 13 11 19 11 3809 11 13 10 3809 10 20 10 21 1 3802 1 13 1 13 9 3802 9 3803 9 13 8 3803 8 3805 8 3794 1 3798 1 13 1 13 7 3798 7 3800 7 13 6 3800 6 21 6 3788 2 3790 2 13 2 13 5 3790 5 3792 5 13 4 3792 4 3794 4 1 17 3786 17 13 17 13 1 3786 1 22 1 13 3 22 3 3788 3 23 18 152 18 24 18 24 18 152 18 154 18 24 18 154 18 102 18 139 19 144 19 24 19 24 18 144 18 148 18 24 20 148 20 23 20 132 18 138 18 24 18 24 21 138 21 140 21 24 22 140 22 139 22 127 18 126 18 24 18 24 23 126 23 25 23 24 24 25 24 132 24 47 18 43 18 24 18 24 25 43 25 41 25 24 26 41 26 127 26 48 27 26 27 24 27 24 28 26 28 52 28 24 29 52 29 47 29 29 18 61 18 24 18 24 18 61 18 27 18 24 30 27 30 48 30 74 18 28 18 24 18 24 18 28 18 67 18 24 18 67 18 29 18 82 18 78 18 24 18 24 18 78 18 70 18 24 18 70 18 74 18 89 27 85 27 24 27 24 30 85 30 30 30 24 18 30 18 82 18 31 31 92 31 24 31 24 29 92 29 88 29 24 28 88 28 89 28 118 18 123 18 24 18 24 26 123 26 32 26 24 25 32 25 31 25 36 18 113 18 24 18 24 24 113 24 33 24 24 23 33 23 118 23 108 19 34 19 24 19 24 22 34 22 35 22 24 21 35 21 36 21 102 18 37 18 24 18 24 20 37 20 105 20 24 18 105 18 108 18 41 32 38 32 39 32 41 33 39 33 127 33 127 34 39 34 1512 34 127 35 1512 35 1511 35 40 36 41 36 1504 36 1504 37 41 37 43 37 40 38 1513 38 41 38 41 39 1513 39 42 39 41 40 42 40 38 40 47 41 46 41 1596 41 1508 42 44 42 43 42 43 43 44 43 1506 43 43 44 1506 44 1504 44 47 45 1596 45 43 45 43 46 1596 46 1507 46 43 47 1507 47 1508 47 1601 48 45 48 47 48 47 49 45 49 1598 49 47 50 1598 50 46 50 1367 51 1366 51 52 51 1366 52 1363 52 52 52 52 53 1363 53 1361 53 52 54 1361 54 47 54 47 55 1361 55 1113 55 47 56 1113 56 1601 56 26 57 48 57 1346 57 1346 58 49 58 26 58 26 59 49 59 50 59 26 60 50 60 51 60 51 61 1358 61 26 61 26 62 1358 62 1357 62 26 63 1357 63 52 63 52 64 1357 64 1356 64 52 65 1356 65 1367 65 58 66 53 66 48 66 53 67 54 67 48 67 48 68 54 68 1347 68 48 69 1347 69 1346 69 61 70 55 70 27 70 27 71 55 71 56 71 27 72 56 72 1262 72 1262 73 1373 73 27 73 27 74 1373 74 57 74 27 75 57 75 48 75 48 76 57 76 1332 76 48 77 1332 77 58 77 1266 78 61 78 59 78 59 79 61 79 29 79 1266 80 60 80 61 80 61 81 60 81 1265 81 61 82 1265 82 55 82 67 83 62 83 64 83 1271 84 1260 84 29 84 29 85 1260 85 63 85 29 86 63 86 59 86 67 87 64 87 29 87 29 88 64 88 65 88 29 89 65 89 1271 89 1203 90 67 90 1185 90 1185 91 67 91 28 91 1203 92 66 92 67 92 67 93 66 93 1232 93 67 94 1232 94 62 94 69 95 1184 95 28 95 28 96 1184 96 68 96 28 97 68 97 1185 97 69 98 28 98 996 98 996 99 28 99 74 99 996 100 74 100 995 100 70 101 71 101 72 101 72 102 500 102 70 102 70 103 500 103 73 103 70 104 73 104 74 104 74 105 73 105 75 105 74 106 75 106 995 106 472 107 471 107 78 107 78 108 471 108 515 108 78 109 515 109 70 109 70 110 515 110 76 110 70 111 76 111 71 111 77 112 522 112 82 112 82 113 522 113 520 113 82 114 520 114 78 114 78 115 520 115 167 115 78 116 167 116 472 116 30 117 79 117 80 117 80 118 81 118 30 118 30 119 81 119 425 119 30 120 425 120 82 120 82 121 425 121 83 121 82 122 83 122 77 122 431 123 84 123 85 123 85 124 84 124 430 124 85 125 430 125 30 125 30 126 430 126 1042 126 30 127 1042 127 79 127 89 128 90 128 1000 128 1000 129 1003 129 89 129 89 130 1003 130 86 130 89 131 86 131 85 131 85 132 86 132 87 132 85 133 87 133 431 133 310 134 309 134 88 134 88 135 309 135 308 135 88 136 308 136 89 136 89 137 308 137 1002 137 89 138 1002 138 90 138 96 139 91 139 92 139 92 140 91 140 316 140 316 141 315 141 92 141 92 142 315 142 93 142 92 143 93 143 88 143 88 144 93 144 311 144 88 145 311 145 310 145 101 146 94 146 31 146 31 147 94 147 95 147 31 148 95 148 92 148 92 149 95 149 318 149 92 150 318 150 96 150 209 151 207 151 32 151 32 152 207 152 97 152 97 153 98 153 32 153 32 154 98 154 99 154 32 155 99 155 31 155 31 156 99 156 100 156 31 157 100 157 101 157 209 158 32 158 211 158 211 159 32 159 123 159 211 160 123 160 3639 160 1990 161 102 161 155 161 155 162 102 162 154 162 103 163 37 163 1988 163 1988 164 37 164 102 164 1988 165 102 165 1989 165 1989 166 102 166 1990 166 103 167 2296 167 37 167 37 168 2296 168 2295 168 37 169 2295 169 105 169 105 170 2295 170 2294 170 105 171 2294 171 107 171 2132 172 108 172 104 172 104 173 108 173 105 173 104 174 105 174 106 174 106 175 105 175 107 175 110 176 34 176 2137 176 2137 177 34 177 108 177 2137 178 108 178 109 178 109 179 108 179 2132 179 110 180 111 180 34 180 34 181 111 181 2134 181 34 182 2134 182 35 182 2134 183 2133 183 35 183 35 184 2133 184 112 184 35 185 112 185 36 185 36 186 112 186 2284 186 36 187 2284 187 113 187 113 188 2284 188 114 188 113 189 114 189 115 189 2271 190 33 190 2272 190 2272 191 33 191 113 191 2272 192 113 192 116 192 116 193 113 193 115 193 2271 194 2270 194 33 194 33 195 2270 195 117 195 33 196 117 196 118 196 118 197 117 197 119 197 118 198 119 198 120 198 120 199 121 199 118 199 118 200 121 200 122 200 118 201 122 201 123 201 123 202 122 202 3637 202 123 203 3637 203 3639 203 124 204 125 204 126 204 1511 205 128 205 127 205 127 206 128 206 129 206 127 207 129 207 126 207 126 208 129 208 1585 208 126 209 1585 209 124 209 125 210 130 210 126 210 126 211 130 211 134 211 126 212 134 212 25 212 1546 213 132 213 131 213 131 214 132 214 25 214 131 215 25 215 133 215 133 216 25 216 134 216 1581 217 138 217 135 217 135 218 138 218 132 218 135 219 132 219 136 219 136 220 132 220 1546 220 142 221 140 221 137 221 137 222 140 222 138 222 137 223 138 223 1577 223 1577 224 138 224 1581 224 3641 225 139 225 3643 225 3643 226 139 226 140 226 3643 227 140 227 141 227 141 228 140 228 142 228 3641 229 3640 229 139 229 139 230 3640 230 143 230 139 231 143 231 144 231 144 232 143 232 145 232 144 233 145 233 146 233 146 234 147 234 144 234 144 235 147 235 149 235 144 236 149 236 148 236 149 237 1995 237 148 237 148 238 1995 238 150 238 148 239 150 239 23 239 151 240 152 240 1991 240 1991 241 152 241 23 241 1991 242 23 242 1993 242 1993 243 23 243 150 243 151 244 153 244 152 244 152 245 153 245 1987 245 152 246 1987 246 154 246 154 247 1987 247 1986 247 154 248 1986 248 155 248 867 249 913 249 869 249 792 250 791 250 923 250 795 251 156 251 157 251 756 252 956 252 158 252 2854 253 2853 253 711 253 2851 254 2849 254 871 254 3824 255 698 255 159 255 690 256 951 256 952 256 160 257 681 257 161 257 613 258 622 258 621 258 2923 259 2886 259 575 259 2884 260 2887 260 586 260 2889 261 2890 261 649 261 162 262 789 262 1077 262 1061 263 1062 263 671 263 163 264 3807 264 800 264 986 265 988 265 164 265 165 266 1220 266 445 266 493 267 166 267 1180 267 167 268 520 268 521 268 492 269 1173 269 168 269 168 270 1173 270 491 270 539 271 445 271 169 271 426 272 474 272 521 272 416 273 1044 273 525 273 87 274 86 274 415 274 370 275 170 275 371 275 1052 276 171 276 372 276 903 277 172 277 902 277 902 278 172 278 900 278 235 279 1021 279 173 279 174 280 212 280 175 280 324 281 176 281 327 281 177 282 327 282 328 282 256 283 254 283 893 283 178 284 893 284 259 284 268 285 259 285 179 285 269 286 179 286 891 286 906 287 332 287 189 287 180 288 2756 288 181 288 831 289 182 289 833 289 181 290 2756 290 182 290 182 291 2756 291 1110 291 182 292 1110 292 833 292 904 293 1106 293 183 293 183 294 1106 294 2726 294 184 295 183 295 185 295 185 296 183 296 2726 296 185 297 2726 297 2773 297 191 298 186 298 193 298 193 299 186 299 2737 299 193 300 2737 300 2712 300 906 301 190 301 187 301 187 302 190 302 188 302 187 303 188 303 905 303 906 304 189 304 190 304 190 305 189 305 331 305 190 306 331 306 188 306 221 307 195 307 219 307 219 308 195 308 191 308 219 309 191 309 192 309 192 310 191 310 193 310 221 311 194 311 195 311 195 312 194 312 2848 312 195 313 2848 313 191 313 191 314 2848 314 2637 314 191 315 2637 315 186 315 2034 316 2033 316 199 316 199 317 2033 317 196 317 199 318 196 318 197 318 2033 319 1102 319 196 319 196 320 1102 320 2623 320 196 321 2623 321 194 321 194 322 2623 322 2622 322 194 323 2622 323 2848 323 2024 324 2034 324 198 324 198 325 2034 325 199 325 198 326 199 326 223 326 223 327 199 327 197 327 218 328 2287 328 233 328 233 329 2287 329 2286 329 233 330 2286 330 2866 330 216 331 204 331 218 331 218 332 204 332 200 332 218 333 200 333 2287 333 205 334 2192 334 201 334 201 335 2192 335 215 335 2192 336 202 336 215 336 215 337 202 337 203 337 215 338 203 338 216 338 216 339 203 339 2209 339 216 340 2209 340 204 340 205 341 201 341 206 341 206 342 201 342 214 342 206 343 214 343 2268 343 207 344 209 344 208 344 208 345 209 345 211 345 2268 346 214 346 210 346 210 347 214 347 208 347 210 348 208 348 3638 348 3638 349 208 349 211 349 3638 350 211 350 3639 350 174 351 208 351 212 351 212 352 208 352 214 352 212 353 214 353 213 353 213 354 214 354 201 354 213 355 201 355 230 355 230 356 201 356 215 356 230 357 215 357 231 357 231 358 215 358 216 358 231 359 216 359 217 359 217 360 216 360 218 360 217 361 218 361 232 361 232 362 218 362 233 362 2712 363 905 363 193 363 193 364 905 364 188 364 193 365 188 365 192 365 192 366 188 366 331 366 192 367 331 367 219 367 219 368 331 368 220 368 219 369 220 369 221 369 221 370 220 370 329 370 221 371 329 371 194 371 194 372 329 372 222 372 194 373 222 373 196 373 196 374 222 374 326 374 196 375 326 375 197 375 197 376 326 376 224 376 197 377 224 377 223 377 223 378 224 378 325 378 223 379 325 379 225 379 327 380 177 380 324 380 324 381 177 381 281 381 324 382 281 382 323 382 323 383 281 383 226 383 323 384 226 384 227 384 175 385 212 385 228 385 228 386 212 386 213 386 228 387 213 387 229 387 229 388 213 388 230 388 229 389 230 389 321 389 321 390 230 390 231 390 321 391 231 391 322 391 322 392 231 392 217 392 322 393 217 393 225 393 225 394 217 394 232 394 225 395 232 395 223 395 223 396 232 396 233 396 223 397 233 397 198 397 198 398 233 398 2866 398 198 399 2866 399 2024 399 175 400 319 400 174 400 174 401 319 401 101 401 174 402 101 402 100 402 100 403 99 403 174 403 174 404 99 404 98 404 174 405 98 405 208 405 208 406 98 406 97 406 208 407 97 407 207 407 234 408 1021 408 239 408 239 409 1021 409 235 409 239 410 235 410 236 410 973 411 236 411 883 411 883 412 236 412 235 412 883 413 235 413 882 413 882 414 235 414 173 414 882 415 173 415 881 415 973 416 974 416 236 416 236 417 974 417 237 417 236 418 237 418 239 418 239 419 237 419 238 419 239 420 238 420 234 420 234 421 238 421 1019 421 975 422 240 422 253 422 253 423 240 423 241 423 242 424 243 424 244 424 244 425 243 425 245 425 244 426 245 426 1057 426 1057 427 245 427 248 427 1057 428 248 428 1058 428 1058 429 248 429 247 429 1058 430 247 430 1060 430 242 431 1055 431 401 431 401 432 1055 432 1054 432 246 433 1060 433 972 433 972 434 1060 434 247 434 972 435 247 435 249 435 249 436 247 436 248 436 249 437 248 437 250 437 250 438 248 438 245 438 250 439 245 439 251 439 251 440 245 440 243 440 251 441 243 441 252 441 252 442 243 442 242 442 252 443 242 443 241 443 241 444 242 444 401 444 241 445 401 445 253 445 254 446 256 446 255 446 255 447 256 447 264 447 255 448 264 448 897 448 897 449 264 449 258 449 897 450 258 450 257 450 257 451 258 451 267 451 257 452 267 452 898 452 259 453 268 453 178 453 178 454 268 454 271 454 178 455 271 455 260 455 260 456 271 456 261 456 260 457 261 457 265 457 265 458 261 458 262 458 265 459 262 459 266 459 266 460 262 460 263 460 266 461 263 461 899 461 893 462 178 462 256 462 256 463 178 463 260 463 256 464 260 464 264 464 264 465 260 465 265 465 264 466 265 466 258 466 258 467 265 467 266 467 258 468 266 468 267 468 267 469 266 469 899 469 267 470 899 470 898 470 179 471 269 471 268 471 268 472 269 472 270 472 268 473 270 473 271 473 271 474 270 474 272 474 271 475 272 475 261 475 261 476 272 476 273 476 261 477 273 477 262 477 262 478 273 478 274 478 262 479 274 479 263 479 263 480 274 480 901 480 263 481 901 481 899 481 291 482 275 482 276 482 276 483 275 483 277 483 276 484 277 484 278 484 278 485 277 485 279 485 278 486 279 486 294 486 294 487 279 487 320 487 294 488 320 488 295 488 295 489 320 489 227 489 295 490 227 490 280 490 280 491 227 491 226 491 280 492 226 492 896 492 896 493 226 493 281 493 896 494 281 494 895 494 895 495 281 495 177 495 895 496 177 496 894 496 894 497 177 497 328 497 894 498 328 498 892 498 892 499 328 499 330 499 892 500 330 500 283 500 283 501 330 501 282 501 283 502 282 502 284 502 284 503 282 503 285 503 284 504 285 504 890 504 890 505 285 505 286 505 890 506 286 506 889 506 889 507 286 507 288 507 889 508 288 508 287 508 287 509 288 509 908 509 287 510 908 510 885 510 885 511 908 511 910 511 885 512 910 512 289 512 289 513 910 513 911 513 289 514 911 514 913 514 313 515 312 515 317 515 317 516 312 516 290 516 304 517 291 517 292 517 292 518 291 518 276 518 292 519 276 519 305 519 305 520 276 520 278 520 305 521 278 521 293 521 293 522 278 522 294 522 293 523 294 523 307 523 307 524 294 524 295 524 307 525 295 525 296 525 1016 526 399 526 1014 526 1014 527 399 527 298 527 1014 528 298 528 297 528 297 529 298 529 1011 529 399 530 400 530 298 530 298 531 400 531 299 531 298 532 299 532 1011 532 1011 533 299 533 300 533 1011 534 300 534 404 534 1001 535 302 535 301 535 301 536 302 536 304 536 301 537 304 537 303 537 303 538 304 538 292 538 303 539 292 539 1006 539 1006 540 292 540 305 540 1006 541 305 541 1008 541 1008 542 305 542 293 542 1008 543 293 543 306 543 306 544 293 544 307 544 306 545 307 545 1010 545 1010 546 307 546 296 546 1010 547 296 547 900 547 1002 548 308 548 1001 548 311 549 93 549 290 549 1001 550 308 550 302 550 302 551 308 551 309 551 302 552 309 552 310 552 310 553 311 553 302 553 302 554 311 554 290 554 302 555 290 555 304 555 304 556 290 556 312 556 304 557 312 557 291 557 291 558 312 558 313 558 291 559 313 559 275 559 314 560 402 560 1054 560 318 561 95 561 319 561 319 562 95 562 94 562 319 563 94 563 101 563 93 564 315 564 290 564 290 565 315 565 316 565 290 566 316 566 317 566 317 567 316 567 91 567 317 568 91 568 96 568 96 569 318 569 317 569 317 570 318 570 319 570 317 571 319 571 313 571 313 572 319 572 175 572 313 573 175 573 275 573 275 574 175 574 228 574 275 575 228 575 277 575 277 576 228 576 229 576 277 577 229 577 279 577 279 578 229 578 321 578 279 579 321 579 320 579 320 580 321 580 322 580 320 581 322 581 227 581 227 582 322 582 225 582 227 583 225 583 323 583 323 584 225 584 325 584 323 585 325 585 324 585 324 586 325 586 224 586 324 587 224 587 176 587 176 588 224 588 326 588 176 589 326 589 327 589 327 590 326 590 222 590 327 591 222 591 328 591 328 592 222 592 329 592 328 593 329 593 330 593 330 594 329 594 220 594 330 595 220 595 282 595 282 596 220 596 331 596 282 597 331 597 285 597 285 598 331 598 189 598 285 599 189 599 286 599 286 600 189 600 332 600 560 601 333 601 1059 601 1059 602 333 602 335 602 1059 603 335 603 334 603 334 604 335 604 336 604 334 605 336 605 337 605 337 606 336 606 338 606 337 607 338 607 1056 607 1056 608 338 608 339 608 1056 609 339 609 340 609 340 610 339 610 392 610 340 611 392 611 341 611 341 612 392 612 391 612 341 613 391 613 1053 613 1053 614 391 614 444 614 382 615 388 615 390 615 1034 616 1036 616 342 616 342 617 1036 617 357 617 342 618 357 618 343 618 343 619 357 619 344 619 343 620 344 620 375 620 375 621 344 621 345 621 375 622 345 622 346 622 346 623 345 623 347 623 346 624 347 624 379 624 379 625 347 625 348 625 379 626 348 626 380 626 380 627 348 627 365 627 380 628 365 628 381 628 350 629 1040 629 1041 629 369 630 368 630 1126 630 1126 631 368 631 351 631 1039 632 1040 632 353 632 353 633 1040 633 350 633 353 634 350 634 349 634 349 635 350 635 351 635 349 636 351 636 354 636 354 637 351 637 368 637 354 638 368 638 366 638 1041 639 3254 639 350 639 350 640 3254 640 1128 640 350 641 1128 641 351 641 351 642 1128 642 1127 642 351 643 1127 643 1126 643 358 644 1039 644 352 644 352 645 1039 645 353 645 352 646 353 646 359 646 359 647 353 647 349 647 359 648 349 648 360 648 360 649 349 649 354 649 360 650 354 650 355 650 355 651 354 651 366 651 355 652 366 652 356 652 1036 653 358 653 357 653 357 654 358 654 352 654 357 655 352 655 344 655 344 656 352 656 359 656 344 657 359 657 345 657 345 658 359 658 360 658 345 659 360 659 347 659 347 660 360 660 355 660 347 661 355 661 348 661 348 662 355 662 356 662 348 663 356 663 365 663 469 664 537 664 538 664 361 665 537 665 362 665 362 666 537 666 469 666 362 667 469 667 363 667 438 668 364 668 437 668 437 669 364 669 381 669 437 670 381 670 533 670 533 671 381 671 365 671 533 672 365 672 534 672 534 673 365 673 356 673 534 674 356 674 535 674 535 675 356 675 366 675 535 676 366 676 536 676 536 677 366 677 368 677 536 678 368 678 367 678 367 679 368 679 369 679 402 680 314 680 403 680 403 681 314 681 1051 681 403 682 1051 682 405 682 370 683 371 683 372 683 372 684 171 684 370 684 370 685 171 685 373 685 370 686 373 686 170 686 388 687 382 687 374 687 374 688 382 688 383 688 374 689 383 689 386 689 386 690 383 690 384 690 386 691 384 691 385 691 396 692 1034 692 395 692 395 693 1034 693 342 693 395 694 342 694 394 694 394 695 342 695 343 695 394 696 343 696 393 696 393 697 343 697 375 697 393 698 375 698 376 698 376 699 375 699 346 699 376 700 346 700 377 700 377 701 346 701 379 701 377 702 379 702 378 702 378 703 379 703 380 703 378 704 380 704 390 704 390 705 380 705 381 705 390 706 381 706 382 706 382 707 381 707 364 707 382 708 364 708 383 708 383 709 364 709 438 709 383 710 438 710 384 710 385 711 441 711 386 711 386 712 441 712 442 712 386 713 442 713 374 713 374 714 442 714 387 714 374 715 387 715 388 715 388 716 387 716 389 716 388 717 389 717 390 717 390 718 389 718 444 718 390 719 444 719 378 719 378 720 444 720 391 720 378 721 391 721 377 721 377 722 391 722 392 722 377 723 392 723 376 723 376 724 392 724 339 724 376 725 339 725 393 725 393 726 339 726 338 726 393 727 338 727 394 727 394 728 338 728 336 728 394 729 336 729 395 729 395 730 336 730 335 730 395 731 335 731 396 731 396 732 335 732 333 732 525 733 1044 733 397 733 397 734 1044 734 1045 734 397 735 1045 735 526 735 526 736 1045 736 1047 736 526 737 1047 737 398 737 398 738 1047 738 1049 738 398 739 1049 739 443 739 87 740 415 740 431 740 1016 741 253 741 399 741 399 742 253 742 401 742 399 743 401 743 400 743 400 744 401 744 1054 744 400 745 1054 745 299 745 299 746 1054 746 402 746 299 747 402 747 300 747 300 748 402 748 403 748 300 749 403 749 404 749 404 750 403 750 405 750 404 751 405 751 406 751 406 752 405 752 407 752 406 753 407 753 408 753 408 754 407 754 1050 754 408 755 1050 755 1009 755 1009 756 1050 756 1048 756 1009 757 1048 757 409 757 409 758 1048 758 1046 758 409 759 1046 759 410 759 410 760 1046 760 411 760 410 761 411 761 1007 761 1007 762 411 762 412 762 1007 763 412 763 1005 763 1005 764 412 764 413 764 1005 765 413 765 1004 765 1004 766 413 766 414 766 1004 767 414 767 415 767 415 768 414 768 429 768 415 769 429 769 431 769 416 770 417 770 418 770 418 771 417 771 423 771 418 772 423 772 1043 772 1043 773 423 773 419 773 525 774 420 774 416 774 416 775 420 775 421 775 416 776 421 776 417 776 417 777 421 777 422 777 417 778 422 778 423 778 423 779 422 779 424 779 423 780 424 780 419 780 424 781 425 781 81 781 474 782 426 782 476 782 476 783 426 783 427 783 476 784 427 784 428 784 428 785 427 785 523 785 428 786 523 786 524 786 424 787 81 787 419 787 419 788 81 788 80 788 419 789 80 789 79 789 1042 790 430 790 429 790 429 791 430 791 84 791 429 792 84 792 431 792 477 793 432 793 458 793 458 794 432 794 433 794 458 795 433 795 434 795 434 796 433 796 435 796 434 797 435 797 456 797 456 798 435 798 527 798 533 799 436 799 437 799 437 800 436 800 439 800 437 801 439 801 438 801 438 802 439 802 529 802 438 803 529 803 384 803 384 804 529 804 440 804 384 805 440 805 385 805 385 806 440 806 398 806 385 807 398 807 441 807 441 808 398 808 443 808 441 809 443 809 442 809 442 810 443 810 371 810 442 811 371 811 387 811 387 812 371 812 170 812 387 813 170 813 389 813 389 814 170 814 373 814 389 815 373 815 444 815 444 816 373 816 171 816 444 817 171 817 1053 817 1053 818 171 818 1052 818 1220 819 1169 819 445 819 445 820 1169 820 478 820 445 821 478 821 169 821 169 822 478 822 446 822 169 823 446 823 503 823 503 824 446 824 480 824 503 825 480 825 505 825 505 826 480 826 447 826 479 827 450 827 481 827 481 828 450 828 1122 828 481 829 1122 829 482 829 448 830 449 830 479 830 479 831 449 831 1172 831 479 832 1172 832 450 832 450 833 1172 833 1123 833 450 834 1123 834 1122 834 451 835 452 835 532 835 532 836 452 836 453 836 532 837 453 837 531 837 531 838 453 838 454 838 531 839 454 839 530 839 530 840 454 840 465 840 530 841 465 841 528 841 528 842 465 842 455 842 528 843 455 843 527 843 527 844 455 844 462 844 527 845 462 845 456 845 456 846 462 846 457 846 456 847 457 847 434 847 434 848 457 848 461 848 434 849 461 849 458 849 458 850 461 850 460 850 458 851 460 851 477 851 477 852 460 852 459 852 475 853 459 853 550 853 550 854 459 854 460 854 550 855 460 855 548 855 548 856 460 856 461 856 548 857 461 857 546 857 546 858 461 858 457 858 546 859 457 859 545 859 545 860 457 860 462 860 545 861 462 861 543 861 543 862 462 862 455 862 543 863 455 863 463 863 463 864 455 864 465 864 463 865 465 865 464 865 464 866 465 866 454 866 464 867 454 867 466 867 466 868 454 868 453 868 466 869 453 869 467 869 467 870 453 870 452 870 467 871 452 871 540 871 540 872 452 872 451 872 540 873 451 873 538 873 538 874 451 874 468 874 538 875 468 875 469 875 469 876 468 876 470 876 469 877 470 877 363 877 363 878 470 878 1136 878 167 879 521 879 472 879 471 880 472 880 473 880 473 881 472 881 521 881 473 882 521 882 551 882 551 883 521 883 474 883 551 884 474 884 475 884 475 885 474 885 476 885 475 886 476 886 459 886 459 887 476 887 428 887 459 888 428 888 477 888 477 889 428 889 524 889 477 890 524 890 432 890 1169 891 448 891 478 891 478 892 448 892 479 892 478 893 479 893 446 893 446 894 479 894 481 894 446 895 481 895 480 895 480 896 481 896 482 896 480 897 482 897 447 897 447 898 482 898 483 898 447 899 483 899 484 899 484 900 483 900 490 900 484 901 490 901 486 901 486 902 490 902 485 902 486 903 485 903 507 903 507 904 485 904 488 904 507 905 488 905 508 905 508 906 488 906 487 906 508 907 487 907 510 907 497 908 487 908 518 908 518 909 487 909 488 909 518 910 488 910 489 910 489 911 488 911 485 911 489 912 485 912 516 912 516 913 485 913 490 913 516 914 490 914 491 914 491 915 490 915 483 915 491 916 483 916 168 916 168 917 483 917 482 917 168 918 482 918 492 918 492 919 482 919 1122 919 166 920 494 920 498 920 494 921 166 921 495 921 495 922 166 922 493 922 495 923 493 923 496 923 1180 924 1181 924 493 924 493 925 1181 925 997 925 493 926 997 926 496 926 496 927 997 927 73 927 510 928 498 928 511 928 511 929 498 929 494 929 511 930 494 930 514 930 514 931 494 931 495 931 514 932 495 932 501 932 501 933 495 933 496 933 501 934 496 934 500 934 500 935 496 935 73 935 510 936 487 936 498 936 498 937 487 937 497 937 498 938 497 938 166 938 166 939 497 939 499 939 166 940 499 940 1180 940 500 941 72 941 501 941 501 942 72 942 71 942 501 943 71 943 76 943 539 944 169 944 502 944 502 945 169 945 503 945 502 946 503 946 541 946 541 947 503 947 505 947 541 948 505 948 504 948 504 949 505 949 447 949 504 950 447 950 542 950 542 951 447 951 484 951 542 952 484 952 544 952 544 953 484 953 486 953 544 954 486 954 506 954 506 955 486 955 507 955 506 956 507 956 547 956 547 957 507 957 508 957 547 958 508 958 509 958 509 959 508 959 510 959 509 960 510 960 549 960 549 961 510 961 511 961 549 962 511 962 512 962 512 963 511 963 514 963 512 964 514 964 513 964 513 965 514 965 501 965 513 966 501 966 552 966 552 967 501 967 76 967 552 968 76 968 515 968 1173 969 1175 969 491 969 491 970 1175 970 517 970 491 971 517 971 516 971 516 972 517 972 1177 972 516 973 1177 973 489 973 489 974 1177 974 1178 974 489 975 1178 975 518 975 518 976 1178 976 519 976 518 977 519 977 497 977 497 978 519 978 1179 978 497 979 1179 979 499 979 522 980 77 980 424 980 424 981 77 981 83 981 424 982 83 982 425 982 520 983 522 983 521 983 521 984 522 984 424 984 521 985 424 985 426 985 426 986 424 986 422 986 426 987 422 987 427 987 427 988 422 988 421 988 427 989 421 989 523 989 523 990 421 990 420 990 523 991 420 991 524 991 524 992 420 992 525 992 524 993 525 993 432 993 432 994 525 994 397 994 432 995 397 995 433 995 433 996 397 996 526 996 433 997 526 997 435 997 435 998 526 998 398 998 435 999 398 999 527 999 527 1000 398 1000 440 1000 527 1001 440 1001 528 1001 528 1002 440 1002 529 1002 528 1003 529 1003 530 1003 530 1004 529 1004 439 1004 530 1005 439 1005 531 1005 531 1006 439 1006 436 1006 531 1007 436 1007 532 1007 532 1008 436 1008 533 1008 532 1009 533 1009 451 1009 451 1010 533 1010 534 1010 451 1011 534 1011 468 1011 468 1012 534 1012 535 1012 468 1013 535 1013 470 1013 470 1014 535 1014 536 1014 470 1015 536 1015 1136 1015 1136 1016 536 1016 367 1016 361 1017 165 1017 537 1017 537 1018 165 1018 445 1018 537 1019 445 1019 538 1019 538 1020 445 1020 539 1020 538 1021 539 1021 540 1021 540 1022 539 1022 502 1022 540 1023 502 1023 467 1023 467 1024 502 1024 541 1024 467 1025 541 1025 466 1025 466 1026 541 1026 504 1026 466 1027 504 1027 464 1027 464 1028 504 1028 542 1028 464 1029 542 1029 463 1029 463 1030 542 1030 544 1030 463 1031 544 1031 543 1031 543 1032 544 1032 506 1032 543 1033 506 1033 545 1033 545 1034 506 1034 547 1034 545 1035 547 1035 546 1035 546 1036 547 1036 509 1036 546 1037 509 1037 548 1037 548 1038 509 1038 549 1038 548 1039 549 1039 550 1039 550 1040 549 1040 512 1040 550 1041 512 1041 475 1041 475 1042 512 1042 513 1042 475 1043 513 1043 551 1043 551 1044 513 1044 552 1044 551 1045 552 1045 473 1045 473 1046 552 1046 515 1046 473 1047 515 1047 471 1047 553 1048 554 1048 733 1048 733 1049 554 1049 555 1049 558 1050 556 1050 3811 1050 3811 1051 556 1051 554 1051 3811 1052 554 1052 3812 1052 3812 1053 554 1053 553 1053 557 1054 986 1054 686 1054 558 1055 3810 1055 757 1055 757 1056 3810 1056 559 1056 757 1057 559 1057 3808 1057 163 1058 800 1058 3808 1058 1062 1059 1063 1059 669 1059 560 1060 1061 1060 1032 1060 789 1061 162 1061 561 1061 561 1062 162 1062 562 1062 561 1063 562 1063 1075 1063 788 1064 799 1064 790 1064 789 1065 563 1065 3806 1065 564 1066 565 1066 566 1066 566 1067 565 1067 568 1067 566 1068 568 1068 567 1068 567 1069 568 1069 593 1069 567 1070 593 1070 1076 1070 1076 1071 593 1071 569 1071 1076 1072 569 1072 570 1072 570 1073 569 1073 594 1073 570 1074 594 1074 571 1074 571 1075 594 1075 596 1075 571 1076 596 1076 572 1076 572 1077 596 1077 574 1077 572 1078 574 1078 573 1078 573 1079 574 1079 597 1079 789 1080 3806 1080 1077 1080 1077 1081 3806 1081 3779 1081 1077 1082 3779 1082 3804 1082 2886 1083 2885 1083 575 1083 575 1084 2885 1084 585 1084 575 1085 585 1085 576 1085 576 1086 585 1086 578 1086 576 1087 578 1087 577 1087 577 1088 578 1088 587 1088 577 1089 587 1089 579 1089 579 1090 587 1090 580 1090 579 1091 580 1091 595 1091 595 1092 580 1092 588 1092 595 1093 588 1093 581 1093 581 1094 588 1094 590 1094 581 1095 590 1095 582 1095 582 1096 590 1096 583 1096 582 1097 583 1097 584 1097 584 1098 583 1098 992 1098 2885 1099 2884 1099 585 1099 585 1100 2884 1100 586 1100 585 1101 586 1101 578 1101 578 1102 586 1102 603 1102 578 1103 603 1103 587 1103 587 1104 603 1104 605 1104 587 1105 605 1105 580 1105 580 1106 605 1106 606 1106 580 1107 606 1107 588 1107 588 1108 606 1108 589 1108 588 1109 589 1109 590 1109 590 1110 589 1110 608 1110 590 1111 608 1111 583 1111 583 1112 608 1112 591 1112 583 1113 591 1113 992 1113 992 1114 591 1114 592 1114 2925 1115 2923 1115 565 1115 565 1116 2923 1116 575 1116 565 1117 575 1117 568 1117 568 1118 575 1118 576 1118 568 1119 576 1119 593 1119 593 1120 576 1120 577 1120 593 1121 577 1121 569 1121 569 1122 577 1122 579 1122 569 1123 579 1123 594 1123 594 1124 579 1124 595 1124 594 1125 595 1125 596 1125 596 1126 595 1126 581 1126 596 1127 581 1127 574 1127 574 1128 581 1128 582 1128 574 1129 582 1129 597 1129 597 1130 582 1130 584 1130 1078 1131 598 1131 564 1131 564 1132 598 1132 601 1132 2925 1133 565 1133 599 1133 599 1134 565 1134 564 1134 599 1135 564 1135 600 1135 600 1136 564 1136 601 1136 600 1137 601 1137 602 1137 2887 1138 2889 1138 586 1138 586 1139 2889 1139 649 1139 586 1140 649 1140 603 1140 603 1141 649 1141 604 1141 603 1142 604 1142 605 1142 605 1143 604 1143 650 1143 605 1144 650 1144 606 1144 606 1145 650 1145 653 1145 606 1146 653 1146 589 1146 589 1147 653 1147 607 1147 589 1148 607 1148 608 1148 608 1149 607 1149 609 1149 608 1150 609 1150 591 1150 591 1151 609 1151 654 1151 591 1152 654 1152 592 1152 592 1153 654 1153 656 1153 2891 1154 610 1154 611 1154 611 1155 610 1155 613 1155 611 1156 613 1156 612 1156 612 1157 613 1157 621 1157 612 1158 621 1158 651 1158 614 1159 616 1159 615 1159 615 1160 616 1160 626 1160 615 1161 626 1161 617 1161 617 1162 626 1162 628 1162 617 1163 628 1163 644 1163 644 1164 628 1164 618 1164 644 1165 618 1165 619 1165 619 1166 618 1166 629 1166 619 1167 629 1167 640 1167 652 1168 651 1168 627 1168 627 1169 651 1169 621 1169 627 1170 621 1170 620 1170 620 1171 621 1171 622 1171 620 1172 622 1172 630 1172 630 1173 622 1173 623 1173 630 1174 623 1174 2941 1174 610 1175 2916 1175 613 1175 613 1176 2916 1176 624 1176 613 1177 624 1177 622 1177 622 1178 624 1178 625 1178 622 1179 625 1179 623 1179 616 1180 652 1180 626 1180 626 1181 652 1181 627 1181 626 1182 627 1182 628 1182 628 1183 627 1183 620 1183 628 1184 620 1184 618 1184 618 1185 620 1185 630 1185 618 1186 630 1186 629 1186 629 1187 630 1187 2941 1187 647 1188 648 1188 2968 1188 986 1189 164 1189 686 1189 686 1190 164 1190 632 1190 686 1191 632 1191 631 1191 631 1192 632 1192 643 1192 631 1193 643 1193 633 1193 633 1194 643 1194 634 1194 633 1195 634 1195 689 1195 689 1196 634 1196 645 1196 689 1197 645 1197 635 1197 635 1198 645 1198 646 1198 635 1199 646 1199 636 1199 636 1200 646 1200 647 1200 636 1201 647 1201 637 1201 637 1202 647 1202 2968 1202 637 1203 2968 1203 2967 1203 2941 1204 638 1204 629 1204 629 1205 638 1205 639 1205 629 1206 639 1206 640 1206 640 1207 639 1207 641 1207 640 1208 641 1208 642 1208 988 1209 655 1209 164 1209 164 1210 655 1210 614 1210 164 1211 614 1211 632 1211 632 1212 614 1212 615 1212 632 1213 615 1213 643 1213 643 1214 615 1214 617 1214 643 1215 617 1215 634 1215 634 1216 617 1216 644 1216 634 1217 644 1217 645 1217 645 1218 644 1218 619 1218 645 1219 619 1219 646 1219 646 1220 619 1220 640 1220 646 1221 640 1221 647 1221 647 1222 640 1222 642 1222 647 1223 642 1223 648 1223 2890 1224 2891 1224 649 1224 649 1225 2891 1225 611 1225 649 1226 611 1226 604 1226 604 1227 611 1227 612 1227 604 1228 612 1228 650 1228 650 1229 612 1229 651 1229 650 1230 651 1230 653 1230 653 1231 651 1231 652 1231 653 1232 652 1232 607 1232 607 1233 652 1233 616 1233 607 1234 616 1234 609 1234 609 1235 616 1235 614 1235 609 1236 614 1236 654 1236 654 1237 614 1237 655 1237 654 1238 655 1238 656 1238 656 1239 655 1239 988 1239 982 1240 981 1240 925 1240 925 1241 981 1241 980 1241 925 1242 980 1242 657 1242 657 1243 980 1243 979 1243 657 1244 979 1244 658 1244 658 1245 979 1245 977 1245 658 1246 977 1246 927 1246 927 1247 977 1247 660 1247 927 1248 660 1248 659 1248 659 1249 660 1249 661 1249 659 1250 661 1250 683 1250 3233 1251 662 1251 929 1251 929 1252 662 1252 680 1252 929 1253 680 1253 928 1253 928 1254 680 1254 663 1254 928 1255 663 1255 664 1255 664 1256 663 1256 665 1256 664 1257 665 1257 666 1257 666 1258 665 1258 676 1258 666 1259 676 1259 667 1259 667 1260 676 1260 668 1260 667 1261 668 1261 926 1261 926 1262 668 1262 669 1262 926 1263 669 1263 670 1263 670 1264 669 1264 1063 1264 670 1265 1063 1265 1065 1265 1061 1266 671 1266 1032 1266 1032 1267 671 1267 675 1267 1032 1268 675 1268 672 1268 672 1269 675 1269 677 1269 672 1270 677 1270 1033 1270 1033 1271 677 1271 678 1271 1033 1272 678 1272 1035 1272 1035 1273 678 1273 679 1273 1035 1274 679 1274 1037 1274 1037 1275 679 1275 673 1275 1037 1276 673 1276 1038 1276 1038 1277 673 1277 1030 1277 1038 1278 1030 1278 674 1278 1062 1279 669 1279 671 1279 671 1280 669 1280 668 1280 671 1281 668 1281 675 1281 675 1282 668 1282 676 1282 675 1283 676 1283 677 1283 677 1284 676 1284 665 1284 677 1285 665 1285 678 1285 678 1286 665 1286 663 1286 678 1287 663 1287 679 1287 679 1288 663 1288 680 1288 679 1289 680 1289 673 1289 673 1290 680 1290 662 1290 673 1291 662 1291 1030 1291 681 1292 3190 1292 661 1292 661 1293 3190 1293 682 1293 661 1294 682 1294 683 1294 683 1295 682 1295 3191 1295 683 1296 3191 1296 684 1296 557 1297 686 1297 685 1297 685 1298 686 1298 631 1298 685 1299 631 1299 983 1299 983 1300 631 1300 633 1300 983 1301 633 1301 687 1301 687 1302 633 1302 689 1302 687 1303 689 1303 688 1303 688 1304 689 1304 635 1304 688 1305 635 1305 978 1305 978 1306 635 1306 636 1306 978 1307 636 1307 976 1307 976 1308 636 1308 637 1308 976 1309 637 1309 161 1309 161 1310 637 1310 2967 1310 161 1311 2967 1311 160 1311 3825 1312 690 1312 691 1312 691 1313 690 1313 952 1313 691 1314 952 1314 697 1314 697 1315 952 1315 695 1315 694 1316 692 1316 693 1316 693 1317 2537 1317 694 1317 694 1318 2537 1318 2538 1318 694 1319 2538 1319 695 1319 695 1320 2538 1320 696 1320 695 1321 696 1321 697 1321 705 1322 706 1322 692 1322 692 1323 706 1323 2597 1323 692 1324 2597 1324 693 1324 698 1325 3823 1325 159 1325 159 1326 3823 1326 699 1326 159 1327 699 1327 700 1327 701 1328 719 1328 702 1328 702 1329 719 1329 700 1329 702 1330 700 1330 703 1330 703 1331 700 1331 699 1331 955 1332 2578 1332 705 1332 705 1333 2578 1333 704 1333 705 1334 704 1334 706 1334 958 1335 2596 1335 707 1335 958 1336 707 1336 709 1336 707 1337 708 1337 709 1337 709 1338 708 1338 710 1338 709 1339 710 1339 955 1339 955 1340 710 1340 2579 1340 955 1341 2579 1341 2578 1341 2851 1342 871 1342 2853 1342 1026 1343 1027 1343 873 1343 873 1344 1027 1344 712 1344 873 1345 712 1345 711 1345 711 1346 712 1346 713 1346 711 1347 713 1347 2854 1347 716 1348 816 1348 958 1348 809 1349 715 1349 714 1349 714 1350 715 1350 811 1350 816 1351 716 1351 717 1351 717 1352 716 1352 718 1352 717 1353 718 1353 818 1353 3820 1354 749 1354 720 1354 720 1355 749 1355 719 1355 720 1356 719 1356 721 1356 721 1357 719 1357 701 1357 3820 1358 3819 1358 749 1358 749 1359 3819 1359 3815 1359 749 1360 3815 1360 730 1360 740 1361 722 1361 742 1361 742 1362 722 1362 723 1362 742 1363 723 1363 724 1363 724 1364 723 1364 727 1364 724 1365 727 1365 725 1365 725 1366 727 1366 728 1366 725 1367 728 1367 744 1367 744 1368 728 1368 726 1368 744 1369 726 1369 954 1369 723 1370 754 1370 727 1370 727 1371 754 1371 158 1371 727 1372 158 1372 728 1372 728 1373 158 1373 956 1373 728 1374 956 1374 726 1374 729 1375 747 1375 3818 1375 3818 1376 747 1376 730 1376 3818 1377 730 1377 3817 1377 3817 1378 730 1378 3815 1378 729 1379 731 1379 747 1379 747 1380 731 1380 732 1380 747 1381 732 1381 555 1381 555 1382 732 1382 3813 1382 555 1383 3813 1383 733 1383 750 1384 739 1384 746 1384 746 1385 739 1385 741 1385 746 1386 741 1386 734 1386 734 1387 741 1387 735 1387 734 1388 735 1388 736 1388 736 1389 735 1389 737 1389 736 1390 737 1390 748 1390 748 1391 737 1391 743 1391 748 1392 743 1392 738 1392 738 1393 743 1393 745 1393 739 1394 740 1394 741 1394 741 1395 740 1395 742 1395 741 1396 742 1396 735 1396 735 1397 742 1397 724 1397 735 1398 724 1398 737 1398 737 1399 724 1399 725 1399 737 1400 725 1400 743 1400 743 1401 725 1401 744 1401 743 1402 744 1402 745 1402 745 1403 744 1403 954 1403 745 1404 954 1404 953 1404 556 1405 750 1405 554 1405 554 1406 750 1406 746 1406 554 1407 746 1407 555 1407 555 1408 746 1408 734 1408 555 1409 734 1409 747 1409 747 1410 734 1410 736 1410 747 1411 736 1411 730 1411 730 1412 736 1412 748 1412 730 1413 748 1413 749 1413 749 1414 748 1414 738 1414 749 1415 738 1415 719 1415 719 1416 738 1416 745 1416 719 1417 745 1417 700 1417 700 1418 745 1418 953 1418 700 1419 953 1419 159 1419 558 1420 757 1420 556 1420 556 1421 757 1421 759 1421 556 1422 759 1422 750 1422 750 1423 759 1423 751 1423 750 1424 751 1424 739 1424 739 1425 751 1425 761 1425 739 1426 761 1426 740 1426 740 1427 761 1427 752 1427 740 1428 752 1428 722 1428 722 1429 752 1429 753 1429 722 1430 753 1430 723 1430 723 1431 753 1431 763 1431 723 1432 763 1432 754 1432 754 1433 763 1433 765 1433 754 1434 765 1434 158 1434 158 1435 765 1435 755 1435 158 1436 755 1436 756 1436 3808 1437 800 1437 757 1437 757 1438 800 1438 758 1438 757 1439 758 1439 759 1439 759 1440 758 1440 801 1440 759 1441 801 1441 751 1441 751 1442 801 1442 760 1442 751 1443 760 1443 761 1443 761 1444 760 1444 804 1444 761 1445 804 1445 752 1445 752 1446 804 1446 806 1446 752 1447 806 1447 753 1447 753 1448 806 1448 762 1448 753 1449 762 1449 763 1449 763 1450 762 1450 807 1450 763 1451 807 1451 765 1451 765 1452 807 1452 764 1452 765 1453 764 1453 755 1453 755 1454 764 1454 766 1454 755 1455 766 1455 756 1455 756 1456 766 1456 808 1456 756 1457 808 1457 767 1457 767 1458 808 1458 768 1458 767 1459 768 1459 957 1459 798 1460 769 1460 772 1460 795 1461 775 1461 770 1461 770 1462 775 1462 773 1462 770 1463 773 1463 771 1463 769 1464 771 1464 772 1464 772 1465 771 1465 773 1465 772 1466 773 1466 774 1466 774 1467 773 1467 775 1467 774 1468 775 1468 1071 1468 1071 1469 775 1469 795 1469 1071 1470 795 1470 1070 1470 1070 1471 795 1471 157 1471 809 1472 776 1472 777 1472 777 1473 776 1473 778 1473 777 1474 778 1474 780 1474 780 1475 778 1475 779 1475 780 1476 779 1476 781 1476 781 1477 779 1477 782 1477 781 1478 782 1478 1074 1478 1074 1479 782 1479 805 1479 1074 1480 805 1480 783 1480 783 1481 805 1481 784 1481 783 1482 784 1482 785 1482 785 1483 784 1483 786 1483 785 1484 786 1484 787 1484 787 1485 786 1485 803 1485 787 1486 803 1486 1075 1486 1075 1487 803 1487 802 1487 1075 1488 802 1488 561 1488 561 1489 802 1489 788 1489 561 1490 788 1490 789 1490 789 1491 788 1491 790 1491 789 1492 790 1492 563 1492 985 1493 791 1493 987 1493 987 1494 791 1494 792 1494 987 1495 792 1495 989 1495 989 1496 792 1496 793 1496 989 1497 793 1497 990 1497 990 1498 793 1498 796 1498 990 1499 796 1499 991 1499 991 1500 796 1500 794 1500 991 1501 794 1501 993 1501 993 1502 794 1502 797 1502 993 1503 797 1503 994 1503 994 1504 797 1504 1072 1504 994 1505 1072 1505 1073 1505 922 1506 157 1506 923 1506 923 1507 157 1507 156 1507 923 1508 156 1508 792 1508 792 1509 156 1509 795 1509 792 1510 795 1510 793 1510 793 1511 795 1511 770 1511 793 1512 770 1512 796 1512 796 1513 770 1513 771 1513 796 1514 771 1514 794 1514 794 1515 771 1515 769 1515 794 1516 769 1516 797 1516 797 1517 769 1517 798 1517 797 1518 798 1518 1072 1518 3807 1519 799 1519 800 1519 800 1520 799 1520 788 1520 800 1521 788 1521 758 1521 758 1522 788 1522 802 1522 758 1523 802 1523 801 1523 801 1524 802 1524 803 1524 801 1525 803 1525 760 1525 760 1526 803 1526 786 1526 760 1527 786 1527 804 1527 804 1528 786 1528 784 1528 804 1529 784 1529 806 1529 806 1530 784 1530 805 1530 806 1531 805 1531 762 1531 762 1532 805 1532 782 1532 762 1533 782 1533 807 1533 807 1534 782 1534 779 1534 807 1535 779 1535 764 1535 764 1536 779 1536 778 1536 764 1537 778 1537 766 1537 766 1538 778 1538 776 1538 766 1539 776 1539 808 1539 808 1540 776 1540 809 1540 808 1541 809 1541 768 1541 768 1542 809 1542 714 1542 768 1543 714 1543 810 1543 810 1544 714 1544 811 1544 810 1545 811 1545 1069 1545 812 1546 2678 1546 1028 1546 812 1547 1028 1547 813 1547 813 1548 1028 1548 826 1548 813 1549 826 1549 814 1549 2596 1550 958 1550 815 1550 815 1551 958 1551 816 1551 815 1552 816 1552 817 1552 817 1553 816 1553 717 1553 817 1554 717 1554 819 1554 819 1555 717 1555 818 1555 819 1556 818 1556 939 1556 934 1557 821 1557 820 1557 820 1558 821 1558 822 1558 820 1559 822 1559 935 1559 935 1560 822 1560 917 1560 835 1561 823 1561 829 1561 829 1562 823 1562 1093 1562 829 1563 1093 1563 824 1563 824 1564 1093 1564 2738 1564 824 1565 2738 1565 827 1565 827 1566 2738 1566 825 1566 827 1567 825 1567 826 1567 826 1568 825 1568 2815 1568 826 1569 2815 1569 814 1569 826 1570 860 1570 827 1570 827 1571 860 1571 828 1571 827 1572 828 1572 824 1572 824 1573 828 1573 830 1573 824 1574 830 1574 829 1574 829 1575 830 1575 857 1575 829 1576 857 1576 835 1576 835 1577 857 1577 856 1577 835 1578 856 1578 831 1578 831 1579 856 1579 832 1579 831 1580 832 1580 182 1580 182 1581 832 1581 854 1581 182 1582 854 1582 181 1582 833 1583 834 1583 831 1583 831 1584 834 1584 1079 1584 831 1585 1079 1585 835 1585 835 1586 1079 1586 2757 1586 835 1587 2757 1587 823 1587 861 1588 836 1588 837 1588 837 1589 836 1589 838 1589 837 1590 838 1590 859 1590 859 1591 838 1591 848 1591 859 1592 848 1592 858 1592 858 1593 848 1593 849 1593 858 1594 849 1594 839 1594 839 1595 849 1595 840 1595 839 1596 840 1596 855 1596 855 1597 840 1597 853 1597 855 1598 853 1598 841 1598 841 1599 853 1599 907 1599 841 1600 907 1600 184 1600 915 1601 914 1601 847 1601 847 1602 914 1602 912 1602 847 1603 912 1603 842 1603 842 1604 912 1604 844 1604 842 1605 844 1605 843 1605 843 1606 844 1606 845 1606 843 1607 845 1607 850 1607 850 1608 845 1608 909 1608 850 1609 909 1609 851 1609 851 1610 909 1610 846 1610 851 1611 846 1611 852 1611 862 1612 916 1612 861 1612 861 1613 916 1613 915 1613 861 1614 915 1614 836 1614 836 1615 915 1615 847 1615 836 1616 847 1616 838 1616 838 1617 847 1617 842 1617 838 1618 842 1618 848 1618 848 1619 842 1619 843 1619 848 1620 843 1620 849 1620 849 1621 843 1621 850 1621 849 1622 850 1622 840 1622 840 1623 850 1623 851 1623 840 1624 851 1624 853 1624 853 1625 851 1625 852 1625 853 1626 852 1626 907 1626 2773 1627 180 1627 185 1627 185 1628 180 1628 181 1628 185 1629 181 1629 184 1629 184 1630 181 1630 854 1630 184 1631 854 1631 841 1631 841 1632 854 1632 832 1632 841 1633 832 1633 855 1633 855 1634 832 1634 856 1634 855 1635 856 1635 839 1635 839 1636 856 1636 857 1636 839 1637 857 1637 858 1637 858 1638 857 1638 830 1638 858 1639 830 1639 859 1639 859 1640 830 1640 828 1640 859 1641 828 1641 837 1641 837 1642 828 1642 860 1642 837 1643 860 1643 861 1643 861 1644 860 1644 826 1644 861 1645 826 1645 862 1645 862 1646 826 1646 1028 1646 1012 1647 901 1647 1013 1647 1013 1648 901 1648 274 1648 1013 1649 274 1649 1015 1649 1015 1650 274 1650 273 1650 1015 1651 273 1651 1017 1651 1017 1652 273 1652 272 1652 1017 1653 272 1653 863 1653 863 1654 272 1654 270 1654 863 1655 270 1655 1018 1655 1018 1656 270 1656 269 1656 1018 1657 269 1657 1020 1657 1020 1658 269 1658 891 1658 1020 1659 891 1659 864 1659 864 1660 891 1660 865 1660 864 1661 865 1661 1022 1661 1022 1662 865 1662 888 1662 1022 1663 888 1663 866 1663 866 1664 888 1664 887 1664 866 1665 887 1665 1023 1665 1023 1666 887 1666 886 1666 1023 1667 886 1667 868 1667 868 1668 886 1668 867 1668 868 1669 867 1669 1024 1669 1024 1670 867 1670 869 1670 1024 1671 869 1671 870 1671 2853 1672 871 1672 711 1672 711 1673 871 1673 872 1673 711 1674 872 1674 873 1674 873 1675 872 1675 874 1675 873 1676 874 1676 1026 1676 1026 1677 874 1677 875 1677 1026 1678 875 1678 1025 1678 1025 1679 875 1679 876 1679 1025 1680 876 1680 877 1680 877 1681 876 1681 940 1681 877 1682 940 1682 878 1682 878 1683 940 1683 942 1683 878 1684 942 1684 879 1684 879 1685 942 1685 880 1685 879 1686 880 1686 881 1686 881 1687 880 1687 944 1687 881 1688 944 1688 882 1688 882 1689 944 1689 946 1689 882 1690 946 1690 883 1690 883 1691 946 1691 884 1691 883 1692 884 1692 973 1692 913 1693 867 1693 289 1693 289 1694 867 1694 886 1694 289 1695 886 1695 885 1695 885 1696 886 1696 887 1696 885 1697 887 1697 287 1697 287 1698 887 1698 888 1698 287 1699 888 1699 889 1699 889 1700 888 1700 865 1700 889 1701 865 1701 890 1701 890 1702 865 1702 891 1702 890 1703 891 1703 284 1703 284 1704 891 1704 179 1704 284 1705 179 1705 283 1705 283 1706 179 1706 259 1706 283 1707 259 1707 892 1707 892 1708 259 1708 893 1708 892 1709 893 1709 894 1709 894 1710 893 1710 254 1710 894 1711 254 1711 895 1711 895 1712 254 1712 255 1712 895 1713 255 1713 896 1713 896 1714 255 1714 897 1714 896 1715 897 1715 280 1715 280 1716 897 1716 257 1716 280 1717 257 1717 295 1717 295 1718 257 1718 898 1718 295 1719 898 1719 296 1719 296 1720 898 1720 899 1720 296 1721 899 1721 900 1721 900 1722 899 1722 901 1722 900 1723 901 1723 902 1723 902 1724 901 1724 1012 1724 902 1725 1012 1725 903 1725 2712 1726 904 1726 905 1726 905 1727 904 1727 183 1727 905 1728 183 1728 187 1728 187 1729 183 1729 184 1729 187 1730 184 1730 906 1730 906 1731 184 1731 907 1731 906 1732 907 1732 332 1732 332 1733 907 1733 852 1733 332 1734 852 1734 286 1734 286 1735 852 1735 846 1735 286 1736 846 1736 288 1736 288 1737 846 1737 909 1737 288 1738 909 1738 908 1738 908 1739 909 1739 845 1739 908 1740 845 1740 910 1740 910 1741 845 1741 844 1741 910 1742 844 1742 911 1742 911 1743 844 1743 912 1743 911 1744 912 1744 913 1744 913 1745 912 1745 914 1745 913 1746 914 1746 869 1746 869 1747 914 1747 915 1747 869 1748 915 1748 870 1748 870 1749 915 1749 916 1749 821 1750 962 1750 822 1750 822 1751 962 1751 918 1751 822 1752 918 1752 917 1752 917 1753 918 1753 919 1753 917 1754 919 1754 964 1754 957 1755 768 1755 920 1755 920 1756 768 1756 810 1756 920 1757 810 1757 959 1757 959 1758 810 1758 1069 1758 959 1759 1069 1759 960 1759 960 1760 1069 1760 1068 1760 960 1761 1068 1761 961 1761 961 1762 1068 1762 921 1762 961 1763 921 1763 950 1763 922 1764 923 1764 924 1764 924 1765 923 1765 791 1765 924 1766 791 1766 1067 1766 1067 1767 791 1767 985 1767 1067 1768 985 1768 1066 1768 1066 1769 985 1769 984 1769 1066 1770 984 1770 1065 1770 1065 1771 984 1771 982 1771 1065 1772 982 1772 670 1772 670 1773 982 1773 925 1773 670 1774 925 1774 926 1774 926 1775 925 1775 657 1775 926 1776 657 1776 667 1776 667 1777 657 1777 658 1777 667 1778 658 1778 666 1778 666 1779 658 1779 927 1779 666 1780 927 1780 664 1780 664 1781 927 1781 659 1781 664 1782 659 1782 928 1782 928 1783 659 1783 683 1783 928 1784 683 1784 929 1784 929 1785 683 1785 684 1785 929 1786 684 1786 3233 1786 967 1787 965 1787 930 1787 930 1788 965 1788 931 1788 930 1789 931 1789 963 1789 970 1790 932 1790 966 1790 966 1791 932 1791 933 1791 966 1792 933 1792 964 1792 718 1793 934 1793 818 1793 818 1794 934 1794 820 1794 818 1795 820 1795 939 1795 939 1796 820 1796 935 1796 939 1797 935 1797 936 1797 936 1798 935 1798 917 1798 936 1799 917 1799 941 1799 941 1800 917 1800 964 1800 941 1801 964 1801 943 1801 943 1802 964 1802 933 1802 943 1803 933 1803 937 1803 937 1804 933 1804 932 1804 937 1805 932 1805 945 1805 945 1806 932 1806 938 1806 945 1807 938 1807 947 1807 2849 1808 2596 1808 871 1808 871 1809 2596 1809 815 1809 871 1810 815 1810 872 1810 872 1811 815 1811 817 1811 872 1812 817 1812 874 1812 874 1813 817 1813 819 1813 874 1814 819 1814 875 1814 875 1815 819 1815 939 1815 875 1816 939 1816 876 1816 876 1817 939 1817 936 1817 876 1818 936 1818 940 1818 940 1819 936 1819 941 1819 940 1820 941 1820 942 1820 942 1821 941 1821 943 1821 942 1822 943 1822 880 1822 880 1823 943 1823 937 1823 880 1824 937 1824 944 1824 944 1825 937 1825 945 1825 944 1826 945 1826 946 1826 946 1827 945 1827 947 1827 946 1828 947 1828 884 1828 1064 1829 967 1829 948 1829 948 1830 967 1830 930 1830 948 1831 930 1831 949 1831 949 1832 930 1832 963 1832 949 1833 963 1833 950 1833 951 1834 3824 1834 952 1834 952 1835 3824 1835 159 1835 952 1836 159 1836 695 1836 695 1837 159 1837 953 1837 695 1838 953 1838 694 1838 694 1839 953 1839 954 1839 694 1840 954 1840 692 1840 692 1841 954 1841 726 1841 692 1842 726 1842 705 1842 705 1843 726 1843 956 1843 705 1844 956 1844 955 1844 955 1845 956 1845 756 1845 955 1846 756 1846 709 1846 709 1847 756 1847 767 1847 709 1848 767 1848 958 1848 958 1849 767 1849 957 1849 958 1850 957 1850 716 1850 716 1851 957 1851 920 1851 716 1852 920 1852 718 1852 718 1853 920 1853 959 1853 718 1854 959 1854 934 1854 934 1855 959 1855 960 1855 934 1856 960 1856 821 1856 821 1857 960 1857 961 1857 821 1858 961 1858 962 1858 962 1859 961 1859 950 1859 962 1860 950 1860 918 1860 918 1861 950 1861 963 1861 918 1862 963 1862 919 1862 919 1863 963 1863 931 1863 919 1864 931 1864 964 1864 964 1865 931 1865 965 1865 964 1866 965 1866 966 1866 966 1867 965 1867 967 1867 966 1868 967 1868 970 1868 970 1869 967 1869 1064 1869 246 1870 972 1870 968 1870 968 1871 972 1871 971 1871 968 1872 971 1872 969 1872 1064 1873 969 1873 970 1873 970 1874 969 1874 971 1874 970 1875 971 1875 932 1875 932 1876 971 1876 972 1876 932 1877 972 1877 938 1877 938 1878 972 1878 249 1878 938 1879 249 1879 947 1879 947 1880 249 1880 250 1880 947 1881 250 1881 884 1881 884 1882 250 1882 251 1882 884 1883 251 1883 973 1883 973 1884 251 1884 252 1884 973 1885 252 1885 974 1885 974 1886 252 1886 241 1886 974 1887 241 1887 237 1887 237 1888 241 1888 240 1888 237 1889 240 1889 238 1889 238 1890 240 1890 975 1890 238 1891 975 1891 1019 1891 681 1892 661 1892 161 1892 161 1893 661 1893 660 1893 161 1894 660 1894 976 1894 976 1895 660 1895 977 1895 976 1896 977 1896 978 1896 978 1897 977 1897 979 1897 978 1898 979 1898 688 1898 688 1899 979 1899 980 1899 688 1900 980 1900 687 1900 687 1901 980 1901 981 1901 687 1902 981 1902 983 1902 983 1903 981 1903 982 1903 983 1904 982 1904 685 1904 685 1905 982 1905 984 1905 685 1906 984 1906 557 1906 557 1907 984 1907 985 1907 557 1908 985 1908 986 1908 986 1909 985 1909 987 1909 986 1910 987 1910 988 1910 988 1911 987 1911 989 1911 988 1912 989 1912 656 1912 656 1913 989 1913 990 1913 656 1914 990 1914 592 1914 592 1915 990 1915 991 1915 592 1916 991 1916 992 1916 992 1917 991 1917 993 1917 992 1918 993 1918 584 1918 584 1919 993 1919 994 1919 584 1920 994 1920 597 1920 597 1921 994 1921 1073 1921 597 1922 1073 1922 573 1922 995 1923 999 1923 996 1923 996 1924 999 1924 69 1924 1181 1925 1183 1925 997 1925 997 1926 1183 1926 998 1926 997 1927 998 1927 73 1927 73 1928 998 1928 999 1928 73 1929 999 1929 75 1929 75 1930 999 1930 995 1930 1003 1931 1000 1931 1001 1931 1001 1932 1000 1932 90 1932 1001 1933 90 1933 1002 1933 86 1934 1003 1934 415 1934 415 1935 1003 1935 1001 1935 415 1936 1001 1936 1004 1936 1004 1937 1001 1937 301 1937 1004 1938 301 1938 1005 1938 1005 1939 301 1939 303 1939 1005 1940 303 1940 1007 1940 1007 1941 303 1941 1006 1941 1007 1942 1006 1942 410 1942 410 1943 1006 1943 1008 1943 410 1944 1008 1944 409 1944 409 1945 1008 1945 306 1945 409 1946 306 1946 1009 1946 1009 1947 306 1947 1010 1947 1009 1948 1010 1948 408 1948 408 1949 1010 1949 900 1949 408 1950 900 1950 406 1950 406 1951 900 1951 172 1951 406 1952 172 1952 404 1952 404 1953 172 1953 903 1953 404 1954 903 1954 1011 1954 1011 1955 903 1955 1012 1955 1011 1956 1012 1956 297 1956 297 1957 1012 1957 1013 1957 297 1958 1013 1958 1014 1958 1014 1959 1013 1959 1015 1959 1014 1960 1015 1960 1016 1960 1016 1961 1015 1961 1017 1961 1016 1962 1017 1962 253 1962 253 1963 1017 1963 863 1963 253 1964 863 1964 975 1964 975 1965 863 1965 1018 1965 975 1966 1018 1966 1019 1966 1019 1967 1018 1967 1020 1967 1019 1968 1020 1968 234 1968 234 1969 1020 1969 864 1969 234 1970 864 1970 1021 1970 1021 1971 864 1971 1022 1971 1021 1972 1022 1972 173 1972 173 1973 1022 1973 866 1973 173 1974 866 1974 881 1974 881 1975 866 1975 1023 1975 881 1976 1023 1976 879 1976 879 1977 1023 1977 868 1977 879 1978 868 1978 878 1978 878 1979 868 1979 1024 1979 878 1980 1024 1980 877 1980 877 1981 1024 1981 870 1981 877 1982 870 1982 1025 1982 1025 1983 870 1983 916 1983 1025 1984 916 1984 1026 1984 1026 1985 916 1985 862 1985 1026 1986 862 1986 1027 1986 1027 1987 862 1987 1028 1987 1027 1988 1028 1988 712 1988 712 1989 1028 1989 2678 1989 712 1990 2678 1990 713 1990 3233 1991 3234 1991 662 1991 662 1992 3234 1992 1029 1992 662 1993 1029 1993 1030 1993 1030 1994 1029 1994 1031 1994 1030 1995 1031 1995 674 1995 674 1996 1031 1996 1084 1996 674 1997 1084 1997 3238 1997 560 1998 1032 1998 333 1998 333 1999 1032 1999 672 1999 333 2000 672 2000 396 2000 396 2001 672 2001 1033 2001 396 2002 1033 2002 1034 2002 1034 2003 1033 2003 1035 2003 1034 2004 1035 2004 1036 2004 1036 2005 1035 2005 1037 2005 1036 2006 1037 2006 358 2006 358 2007 1037 2007 1038 2007 358 2008 1038 2008 1039 2008 1039 2009 1038 2009 674 2009 1039 2010 674 2010 1040 2010 1040 2011 674 2011 3238 2011 1040 2012 3238 2012 1041 2012 79 2013 1042 2013 419 2013 419 2014 1042 2014 429 2014 419 2015 429 2015 1043 2015 1043 2016 429 2016 414 2016 1043 2017 414 2017 418 2017 418 2018 414 2018 413 2018 418 2019 413 2019 416 2019 416 2020 413 2020 412 2020 416 2021 412 2021 1044 2021 1044 2022 412 2022 411 2022 1044 2023 411 2023 1045 2023 1045 2024 411 2024 1046 2024 1045 2025 1046 2025 1047 2025 1047 2026 1046 2026 1048 2026 1047 2027 1048 2027 1049 2027 1049 2028 1048 2028 1050 2028 1049 2029 1050 2029 443 2029 443 2030 1050 2030 407 2030 443 2031 407 2031 371 2031 371 2032 407 2032 405 2032 371 2033 405 2033 372 2033 372 2034 405 2034 1051 2034 372 2035 1051 2035 1052 2035 1052 2036 1051 2036 314 2036 1052 2037 314 2037 1053 2037 1053 2038 314 2038 1054 2038 1053 2039 1054 2039 341 2039 341 2040 1054 2040 1055 2040 341 2041 1055 2041 340 2041 340 2042 1055 2042 242 2042 340 2043 242 2043 1056 2043 1056 2044 242 2044 244 2044 1056 2045 244 2045 337 2045 337 2046 244 2046 1057 2046 337 2047 1057 2047 334 2047 334 2048 1057 2048 1058 2048 334 2049 1058 2049 1059 2049 1059 2050 1058 2050 1060 2050 1059 2051 1060 2051 560 2051 560 2052 1060 2052 246 2052 560 2053 246 2053 1061 2053 1061 2054 246 2054 968 2054 1061 2055 968 2055 1062 2055 1062 2056 968 2056 969 2056 1062 2057 969 2057 1063 2057 1063 2058 969 2058 1064 2058 1063 2059 1064 2059 1065 2059 1065 2060 1064 2060 948 2060 1065 2061 948 2061 1066 2061 1066 2062 948 2062 949 2062 1066 2063 949 2063 1067 2063 1067 2064 949 2064 950 2064 1067 2065 950 2065 924 2065 924 2066 950 2066 921 2066 924 2067 921 2067 922 2067 922 2068 921 2068 1068 2068 922 2069 1068 2069 157 2069 157 2070 1068 2070 1069 2070 157 2071 1069 2071 1070 2071 1070 2072 1069 2072 811 2072 1070 2073 811 2073 1071 2073 1071 2074 811 2074 715 2074 1071 2075 715 2075 774 2075 774 2076 715 2076 809 2076 774 2077 809 2077 772 2077 772 2078 809 2078 777 2078 772 2079 777 2079 798 2079 798 2080 777 2080 780 2080 798 2081 780 2081 1072 2081 1072 2082 780 2082 781 2082 1072 2083 781 2083 1073 2083 1073 2084 781 2084 1074 2084 1073 2085 1074 2085 573 2085 573 2086 1074 2086 783 2086 573 2087 783 2087 572 2087 572 2088 783 2088 785 2088 572 2089 785 2089 571 2089 571 2090 785 2090 787 2090 571 2091 787 2091 570 2091 570 2092 787 2092 1075 2092 570 2093 1075 2093 1076 2093 1076 2094 1075 2094 562 2094 1076 2095 562 2095 567 2095 567 2096 562 2096 162 2096 567 2097 162 2097 566 2097 566 2098 162 2098 1077 2098 566 2099 1077 2099 564 2099 564 2100 1077 2100 3804 2100 564 2101 3804 2101 1078 2101 1079 2102 834 2102 3695 2102 3428 2103 1080 2103 1081 2103 3380 2104 3379 2104 3432 2104 3435 2105 1082 2105 3358 2105 3432 2106 3434 2106 3385 2106 1083 2107 3323 2107 3571 2107 3237 2108 1084 2108 1031 2108 3118 2109 3383 2109 3119 2109 3355 2110 1085 2110 3342 2110 3155 2111 3872 2111 1086 2111 3602 2112 3781 2112 3135 2112 3410 2113 3601 2113 3411 2113 3782 2114 1087 2114 3123 2114 3568 2115 2982 2115 3319 2115 2948 2116 2939 2116 2946 2116 1088 2117 2910 2117 3049 2117 1089 2118 3051 2118 2912 2118 2924 2119 2925 2119 599 2119 2893 2120 1090 2120 2897 2120 1091 2121 1092 2121 2926 2121 2815 2122 825 2122 2816 2122 2738 2123 1093 2123 2739 2123 2700 2124 812 2124 813 2124 2862 2125 1094 2125 2683 2125 1095 2126 3825 2126 691 2126 3706 2127 2762 2127 3707 2127 1096 2128 2662 2128 2663 2128 3843 2129 3842 2129 2792 2129 1097 2130 2350 2130 2345 2130 1098 2131 3850 2131 2795 2131 3852 2132 1099 2132 2794 2132 1100 2133 2598 2133 2509 2133 2847 2134 2637 2134 2848 2134 206 2135 2268 2135 2450 2135 210 2136 3638 2136 2449 2136 2192 2137 205 2137 1101 2137 2081 2138 2127 2138 2080 2138 2032 2139 1102 2139 2033 2139 2110 2140 2062 2140 1103 2140 1104 2141 2114 2141 2188 2141 2187 2142 1787 2142 1786 2142 2250 2143 1575 2143 1105 2143 2814 2144 1106 2144 904 2144 1622 2145 1621 2145 2414 2145 2210 2146 1107 2146 1108 2146 2399 2147 1109 2147 2466 2147 2755 2148 1110 2148 2756 2148 1111 2149 1112 2149 1620 2149 2096 2150 2175 2150 2095 2150 3648 2151 1614 2151 3646 2151 1601 2152 1113 2152 1362 2152 1114 2153 1115 2153 1580 2153 1484 2154 1853 2154 1851 2154 1625 2155 3767 2155 1626 2155 1116 2156 1754 2156 1755 2156 1397 2157 1432 2157 1431 2157 1358 2158 51 2158 1372 2158 1117 2159 1899 2159 1118 2159 1119 2160 1371 2160 1369 2160 1936 2161 1933 2161 1120 2161 1272 2162 1337 2162 1339 2162 1263 2163 1264 2163 1267 2163 1203 2164 1185 2164 1121 2164 1122 2165 1123 2165 1124 2165 1124 2166 1123 2166 1125 2166 3574 2167 3573 2167 1157 2167 1153 2168 1156 2168 1154 2168 165 2169 361 2169 1219 2169 3254 2170 1041 2170 3255 2170 1128 2171 3252 2171 3306 2171 369 2172 1126 2172 3306 2172 3306 2173 1126 2173 1127 2173 3306 2174 1127 2174 1128 2174 3302 2175 1140 2175 1129 2175 1141 2176 1131 2176 1130 2176 1130 2177 1131 2177 1132 2177 1130 2178 1132 2178 1139 2178 1139 2179 1132 2179 1135 2179 1139 2180 1135 2180 1138 2180 1138 2181 1135 2181 1133 2181 1138 2182 1133 2182 1134 2182 1134 2183 1133 2183 363 2183 1134 2184 363 2184 1136 2184 1131 2185 3719 2185 1132 2185 1132 2186 3719 2186 3718 2186 1132 2187 3718 2187 1135 2187 1135 2188 3718 2188 3717 2188 1135 2189 3717 2189 1133 2189 1133 2190 3717 2190 362 2190 1133 2191 362 2191 363 2191 1136 2192 367 2192 1134 2192 1134 2193 367 2193 1137 2193 1134 2194 1137 2194 1138 2194 1138 2195 1137 2195 1129 2195 1138 2196 1129 2196 1139 2196 1139 2197 1129 2197 1140 2197 1139 2198 1140 2198 1130 2198 1130 2199 1140 2199 3300 2199 1130 2200 3300 2200 1141 2200 1141 2201 3300 2201 3298 2201 1161 2202 3725 2202 3298 2202 3298 2203 3725 2203 3724 2203 3298 2204 3724 2204 1141 2204 1141 2205 3724 2205 3722 2205 1141 2206 3722 2206 1131 2206 1131 2207 3722 2207 3720 2207 1131 2208 3720 2208 3719 2208 3270 2209 3291 2209 1144 2209 3301 2210 3271 2210 1142 2210 1142 2211 3271 2211 1144 2211 1142 2212 1144 2212 1143 2212 1143 2213 1144 2213 3291 2213 1143 2214 3291 2214 1145 2214 1145 2215 3293 2215 1143 2215 1143 2216 3293 2216 1146 2216 1143 2217 1146 2217 1142 2217 1142 2218 1146 2218 1147 2218 1142 2219 1147 2219 3301 2219 3301 2220 1147 2220 3299 2220 3293 2221 1148 2221 1146 2221 1146 2222 1148 2222 3296 2222 1146 2223 3296 2223 1147 2223 1147 2224 3296 2224 3297 2224 1147 2225 3297 2225 3299 2225 3290 2226 1150 2226 1149 2226 1149 2227 1150 2227 3281 2227 1149 2228 3281 2228 3280 2228 3583 2229 3582 2229 1151 2229 1151 2230 3582 2230 1152 2230 1151 2231 1152 2231 3282 2231 1153 2232 1154 2232 3282 2232 1152 2233 3581 2233 3282 2233 3282 2234 3581 2234 3578 2234 3282 2235 3578 2235 1153 2235 1153 2236 3578 2236 1155 2236 1153 2237 1155 2237 1156 2237 3574 2238 1157 2238 3576 2238 1155 2239 3576 2239 1156 2239 1156 2240 3576 2240 1157 2240 1156 2241 1157 2241 1154 2241 1154 2242 1157 2242 1162 2242 1154 2243 1162 2243 1159 2243 1159 2244 1162 2244 1158 2244 1159 2245 1158 2245 3292 2245 3292 2246 1158 2246 3294 2246 3295 2247 1160 2247 1161 2247 1161 2248 1160 2248 3727 2248 1161 2249 3727 2249 3725 2249 1168 2250 3729 2250 3295 2250 3295 2251 3729 2251 3728 2251 3295 2252 3728 2252 1160 2252 3738 2253 3737 2253 3573 2253 3573 2254 3737 2254 1166 2254 3573 2255 1166 2255 1157 2255 1157 2256 1166 2256 1163 2256 1157 2257 1163 2257 1162 2257 1162 2258 1163 2258 1167 2258 1162 2259 1167 2259 1158 2259 1158 2260 1167 2260 1168 2260 1158 2261 1168 2261 3294 2261 3294 2262 1168 2262 3295 2262 3734 2263 1479 2263 1164 2263 1164 2264 1479 2264 1932 2264 1164 2265 1932 2265 3732 2265 3737 2266 1165 2266 1166 2266 1166 2267 1165 2267 3736 2267 1166 2268 3736 2268 1163 2268 1163 2269 3736 2269 3735 2269 1163 2270 3735 2270 1167 2270 1167 2271 3735 2271 3733 2271 1167 2272 3733 2272 1168 2272 1168 2273 3733 2273 3731 2273 1168 2274 3731 2274 3729 2274 1220 2275 1218 2275 1169 2275 1169 2276 1218 2276 1170 2276 1169 2277 1170 2277 448 2277 448 2278 1170 2278 1171 2278 448 2279 1171 2279 449 2279 449 2280 1171 2280 1125 2280 449 2281 1125 2281 1172 2281 1172 2282 1125 2282 1123 2282 1122 2283 1124 2283 492 2283 492 2284 1124 2284 1215 2284 492 2285 1215 2285 1173 2285 1173 2286 1215 2286 1174 2286 1173 2287 1174 2287 1175 2287 1175 2288 1174 2288 1176 2288 1175 2289 1176 2289 517 2289 517 2290 1176 2290 1177 2290 1177 2291 1176 2291 1212 2291 1177 2292 1212 2292 1178 2292 1178 2293 1212 2293 1211 2293 1178 2294 1211 2294 519 2294 519 2295 1211 2295 1210 2295 519 2296 1210 2296 1179 2296 1179 2297 1210 2297 1208 2297 1179 2298 1208 2298 499 2298 499 2299 1208 2299 1180 2299 1180 2300 1208 2300 1182 2300 1180 2301 1182 2301 1181 2301 1181 2302 1182 2302 1206 2302 1181 2303 1206 2303 1183 2303 1183 2304 1206 2304 1121 2304 1183 2305 1121 2305 998 2305 69 2306 999 2306 1184 2306 1184 2307 999 2307 68 2307 998 2308 1121 2308 999 2308 999 2309 1121 2309 1185 2309 999 2310 1185 2310 68 2310 1219 2311 1186 2311 1217 2311 1217 2312 1186 2312 1187 2312 1217 2313 1187 2313 1216 2313 1216 2314 1187 2314 1189 2314 1216 2315 1189 2315 1188 2315 1188 2316 1189 2316 1224 2316 1188 2317 1224 2317 1190 2317 1190 2318 1224 2318 1225 2318 1190 2319 1225 2319 1191 2319 1191 2320 1225 2320 1226 2320 1191 2321 1226 2321 1214 2321 1214 2322 1226 2322 1192 2322 1214 2323 1192 2323 1194 2323 1194 2324 1192 2324 1193 2324 1194 2325 1193 2325 1213 2325 1213 2326 1193 2326 1195 2326 1213 2327 1195 2327 1196 2327 1196 2328 1195 2328 1197 2328 1196 2329 1197 2329 1209 2329 1209 2330 1197 2330 1199 2330 1209 2331 1199 2331 1198 2331 1198 2332 1199 2332 1229 2332 1198 2333 1229 2333 1200 2333 1200 2334 1229 2334 1201 2334 1200 2335 1201 2335 1207 2335 1207 2336 1201 2336 1231 2336 1207 2337 1231 2337 1205 2337 1205 2338 1231 2338 1202 2338 1205 2339 1202 2339 1204 2339 65 2340 64 2340 1270 2340 1270 2341 64 2341 62 2341 1270 2342 62 2342 1232 2342 66 2343 1203 2343 1204 2343 1204 2344 1203 2344 1121 2344 1204 2345 1121 2345 1205 2345 1205 2346 1121 2346 1206 2346 1205 2347 1206 2347 1207 2347 1207 2348 1206 2348 1182 2348 1207 2349 1182 2349 1200 2349 1200 2350 1182 2350 1208 2350 1200 2351 1208 2351 1198 2351 1198 2352 1208 2352 1210 2352 1198 2353 1210 2353 1209 2353 1209 2354 1210 2354 1211 2354 1209 2355 1211 2355 1196 2355 1196 2356 1211 2356 1212 2356 1196 2357 1212 2357 1213 2357 1213 2358 1212 2358 1176 2358 1213 2359 1176 2359 1194 2359 1194 2360 1176 2360 1174 2360 1194 2361 1174 2361 1214 2361 1214 2362 1174 2362 1215 2362 1214 2363 1215 2363 1191 2363 1191 2364 1215 2364 1124 2364 1191 2365 1124 2365 1190 2365 1190 2366 1124 2366 1125 2366 1190 2367 1125 2367 1188 2367 1188 2368 1125 2368 1171 2368 1188 2369 1171 2369 1216 2369 1216 2370 1171 2370 1170 2370 1216 2371 1170 2371 1217 2371 1217 2372 1170 2372 1218 2372 1217 2373 1218 2373 1219 2373 1219 2374 1218 2374 1220 2374 1219 2375 1220 2375 165 2375 1186 2376 1221 2376 1187 2376 1187 2377 1221 2377 1222 2377 1187 2378 1222 2378 1189 2378 1189 2379 1222 2379 1246 2379 1189 2380 1246 2380 1224 2380 1224 2381 1246 2381 1223 2381 1224 2382 1223 2382 1225 2382 1225 2383 1223 2383 1227 2383 1225 2384 1227 2384 1226 2384 1226 2385 1227 2385 1228 2385 1226 2386 1228 2386 1192 2386 1192 2387 1228 2387 1244 2387 1192 2388 1244 2388 1193 2388 1193 2389 1244 2389 1242 2389 1193 2390 1242 2390 1195 2390 1195 2391 1242 2391 1241 2391 1195 2392 1241 2392 1197 2392 1197 2393 1241 2393 1238 2393 1197 2394 1238 2394 1199 2394 1199 2395 1238 2395 1236 2395 1199 2396 1236 2396 1229 2396 1229 2397 1236 2397 1234 2397 1229 2398 1234 2398 1201 2398 1201 2399 1234 2399 1230 2399 1201 2400 1230 2400 1231 2400 1231 2401 1230 2401 1233 2401 1231 2402 1233 2402 1202 2402 1202 2403 1233 2403 1270 2403 1202 2404 1270 2404 1204 2404 1204 2405 1270 2405 1232 2405 1204 2406 1232 2406 66 2406 1268 2407 1233 2407 1249 2407 1249 2408 1233 2408 1230 2408 1249 2409 1230 2409 1235 2409 1235 2410 1230 2410 1234 2410 1235 2411 1234 2411 1250 2411 1250 2412 1234 2412 1236 2412 1250 2413 1236 2413 1237 2413 1237 2414 1236 2414 1238 2414 1237 2415 1238 2415 1239 2415 1239 2416 1238 2416 1241 2416 1239 2417 1241 2417 1240 2417 1240 2418 1241 2418 1242 2418 1240 2419 1242 2419 1243 2419 1243 2420 1242 2420 1244 2420 1243 2421 1244 2421 1253 2421 1253 2422 1244 2422 1228 2422 1253 2423 1228 2423 1245 2423 1245 2424 1228 2424 1227 2424 1245 2425 1227 2425 1256 2425 1256 2426 1227 2426 1223 2426 1256 2427 1223 2427 1257 2427 1257 2428 1223 2428 1246 2428 1257 2429 1246 2429 1259 2429 1259 2430 1246 2430 1222 2430 1259 2431 1222 2431 1247 2431 1247 2432 1222 2432 1221 2432 1267 2433 1268 2433 1248 2433 1248 2434 1268 2434 1249 2434 1248 2435 1249 2435 1376 2435 1376 2436 1249 2436 1235 2436 1376 2437 1235 2437 1377 2437 1377 2438 1235 2438 1250 2438 1377 2439 1250 2439 1251 2439 1251 2440 1250 2440 1237 2440 1251 2441 1237 2441 1252 2441 1252 2442 1237 2442 1239 2442 1252 2443 1239 2443 1379 2443 1379 2444 1239 2444 1240 2444 1379 2445 1240 2445 1381 2445 1381 2446 1240 2446 1243 2446 1381 2447 1243 2447 1382 2447 1382 2448 1243 2448 1253 2448 1382 2449 1253 2449 1383 2449 1383 2450 1253 2450 1245 2450 1383 2451 1245 2451 1254 2451 1254 2452 1245 2452 1256 2452 1254 2453 1256 2453 1255 2453 1255 2454 1256 2454 1257 2454 1255 2455 1257 2455 1258 2455 1258 2456 1257 2456 1259 2456 1258 2457 1259 2457 3721 2457 3721 2458 1259 2458 1247 2458 1269 2459 63 2459 1261 2459 1261 2460 63 2460 1260 2460 1261 2461 1260 2461 1271 2461 1262 2462 56 2462 1263 2462 1263 2463 56 2463 55 2463 1263 2464 55 2464 1264 2464 1264 2465 55 2465 1265 2465 1265 2466 60 2466 1264 2466 1264 2467 60 2467 1266 2467 1264 2468 1266 2468 1269 2468 1269 2469 1266 2469 59 2469 1269 2470 59 2470 63 2470 1337 2471 1272 2471 1336 2471 1267 2472 1264 2472 1268 2472 1268 2473 1264 2473 1269 2473 1268 2474 1269 2474 1233 2474 1233 2475 1269 2475 1261 2475 1233 2476 1261 2476 1270 2476 1270 2477 1261 2477 1271 2477 1270 2478 1271 2478 65 2478 1272 2479 1374 2479 1336 2479 1336 2480 1374 2480 1375 2480 1336 2481 1375 2481 1330 2481 1330 2482 1375 2482 1273 2482 1330 2483 1273 2483 1329 2483 1329 2484 1273 2484 1274 2484 1329 2485 1274 2485 1275 2485 1275 2486 1274 2486 1378 2486 1275 2487 1378 2487 1325 2487 1325 2488 1378 2488 1277 2488 1325 2489 1277 2489 1276 2489 1276 2490 1277 2490 1380 2490 1276 2491 1380 2491 1323 2491 1323 2492 1380 2492 1278 2492 1323 2493 1278 2493 1280 2493 1280 2494 1278 2494 1279 2494 1280 2495 1279 2495 1281 2495 1281 2496 1279 2496 1282 2496 1281 2497 1282 2497 1321 2497 1321 2498 1282 2498 1384 2498 1321 2499 1384 2499 1319 2499 1319 2500 1384 2500 1283 2500 1319 2501 1283 2501 1284 2501 1284 2502 1283 2502 3723 2502 1293 2503 1285 2503 1294 2503 1294 2504 1285 2504 1287 2504 1294 2505 1287 2505 1286 2505 1286 2506 1287 2506 1288 2506 1286 2507 1288 2507 1289 2507 1289 2508 1288 2508 1304 2508 1289 2509 1304 2509 1297 2509 1297 2510 1304 2510 1291 2510 1297 2511 1291 2511 1290 2511 1290 2512 1291 2512 1292 2512 1290 2513 1292 2513 1298 2513 1298 2514 1292 2514 1306 2514 1298 2515 1306 2515 1299 2515 1299 2516 1306 2516 1307 2516 1299 2517 1307 2517 1300 2517 1300 2518 1307 2518 1334 2518 1300 2519 1334 2519 1335 2519 3726 2520 1293 2520 1320 2520 1320 2521 1293 2521 1294 2521 1320 2522 1294 2522 1295 2522 1295 2523 1294 2523 1286 2523 1295 2524 1286 2524 1322 2524 1322 2525 1286 2525 1289 2525 1322 2526 1289 2526 1296 2526 1296 2527 1289 2527 1297 2527 1296 2528 1297 2528 1324 2528 1324 2529 1297 2529 1290 2529 1324 2530 1290 2530 1326 2530 1326 2531 1290 2531 1298 2531 1326 2532 1298 2532 1327 2532 1327 2533 1298 2533 1299 2533 1327 2534 1299 2534 1328 2534 1328 2535 1299 2535 1300 2535 1328 2536 1300 2536 1331 2536 1331 2537 1300 2537 1335 2537 1331 2538 1335 2538 1301 2538 1285 2539 1308 2539 1287 2539 1287 2540 1308 2540 1302 2540 1287 2541 1302 2541 1288 2541 1288 2542 1302 2542 1309 2542 1288 2543 1309 2543 1304 2543 1304 2544 1309 2544 1303 2544 1304 2545 1303 2545 1291 2545 1291 2546 1303 2546 1305 2546 1291 2547 1305 2547 1292 2547 1292 2548 1305 2548 1312 2548 1292 2549 1312 2549 1306 2549 1306 2550 1312 2550 1313 2550 1306 2551 1313 2551 1307 2551 1307 2552 1313 2552 1314 2552 1307 2553 1314 2553 1334 2553 1938 2554 1936 2554 1849 2554 1308 2555 3730 2555 1302 2555 1302 2556 3730 2556 1931 2556 1302 2557 1931 2557 1309 2557 1309 2558 1931 2558 1310 2558 1309 2559 1310 2559 1303 2559 1303 2560 1310 2560 1311 2560 1303 2561 1311 2561 1305 2561 1305 2562 1311 2562 1934 2562 1305 2563 1934 2563 1312 2563 1312 2564 1934 2564 1935 2564 1312 2565 1935 2565 1313 2565 1313 2566 1935 2566 1937 2566 1313 2567 1937 2567 1314 2567 1315 2568 1316 2568 1939 2568 1939 2569 1316 2569 1317 2569 1939 2570 1317 2570 1941 2570 1899 2571 1941 2571 1900 2571 1318 2572 1317 2572 1480 2572 1480 2573 1317 2573 1316 2573 1480 2574 1316 2574 1468 2574 1468 2575 1316 2575 1315 2575 1468 2576 1315 2576 1938 2576 1284 2577 3726 2577 1319 2577 1319 2578 3726 2578 1320 2578 1319 2579 1320 2579 1321 2579 1321 2580 1320 2580 1295 2580 1321 2581 1295 2581 1281 2581 1281 2582 1295 2582 1322 2582 1281 2583 1322 2583 1280 2583 1280 2584 1322 2584 1296 2584 1280 2585 1296 2585 1323 2585 1323 2586 1296 2586 1324 2586 1323 2587 1324 2587 1276 2587 1276 2588 1324 2588 1326 2588 1276 2589 1326 2589 1325 2589 1325 2590 1326 2590 1327 2590 1325 2591 1327 2591 1275 2591 1275 2592 1327 2592 1328 2592 1275 2593 1328 2593 1329 2593 1329 2594 1328 2594 1331 2594 1329 2595 1331 2595 1330 2595 1330 2596 1331 2596 1301 2596 1330 2597 1301 2597 1336 2597 57 2598 1355 2598 1332 2598 1332 2599 1355 2599 58 2599 1937 2600 1349 2600 1314 2600 1314 2601 1349 2601 1333 2601 1314 2602 1333 2602 1334 2602 1334 2603 1333 2603 1350 2603 1334 2604 1350 2604 1335 2604 1335 2605 1350 2605 1351 2605 1335 2606 1351 2606 1301 2606 1301 2607 1351 2607 1353 2607 1301 2608 1353 2608 1336 2608 1336 2609 1353 2609 1338 2609 1336 2610 1338 2610 1337 2610 1337 2611 1338 2611 1355 2611 1337 2612 1355 2612 1339 2612 1339 2613 1355 2613 57 2613 1339 2614 57 2614 1373 2614 50 2615 49 2615 1340 2615 1340 2616 49 2616 1346 2616 1940 2617 1341 2617 1342 2617 1342 2618 1341 2618 1370 2618 1342 2619 1370 2619 1343 2619 1343 2620 1370 2620 1344 2620 1343 2621 1344 2621 1352 2621 1352 2622 1344 2622 1345 2622 1352 2623 1345 2623 1354 2623 1354 2624 1345 2624 1340 2624 1354 2625 1340 2625 1348 2625 1348 2626 1340 2626 1346 2626 1346 2627 1347 2627 1348 2627 1348 2628 1347 2628 54 2628 1348 2629 54 2629 53 2629 1349 2630 1940 2630 1333 2630 1333 2631 1940 2631 1342 2631 1333 2632 1342 2632 1350 2632 1350 2633 1342 2633 1343 2633 1350 2634 1343 2634 1351 2634 1351 2635 1343 2635 1352 2635 1351 2636 1352 2636 1353 2636 1353 2637 1352 2637 1354 2637 1353 2638 1354 2638 1338 2638 1338 2639 1354 2639 1348 2639 1338 2640 1348 2640 1355 2640 1355 2641 1348 2641 53 2641 1355 2642 53 2642 58 2642 1365 2643 1356 2643 1372 2643 1372 2644 1356 2644 1357 2644 1372 2645 1357 2645 1358 2645 1372 2646 1371 2646 1365 2646 1365 2647 1371 2647 1119 2647 1365 2648 1119 2648 1364 2648 1359 2649 1360 2649 1362 2649 1113 2650 1361 2650 1362 2650 1362 2651 1361 2651 1364 2651 1362 2652 1364 2652 1359 2652 1359 2653 1364 2653 1119 2653 1361 2654 1363 2654 1364 2654 1364 2655 1363 2655 1366 2655 1364 2656 1366 2656 1365 2656 1365 2657 1366 2657 1367 2657 1365 2658 1367 2658 1356 2658 1947 2659 1360 2659 1945 2659 1945 2660 1360 2660 1359 2660 1945 2661 1359 2661 1943 2661 1943 2662 1359 2662 1119 2662 1943 2663 1119 2663 1368 2663 1368 2664 1119 2664 1369 2664 1368 2665 1369 2665 1942 2665 1341 2666 1942 2666 1370 2666 1370 2667 1942 2667 1369 2667 1370 2668 1369 2668 1344 2668 1344 2669 1369 2669 1371 2669 1344 2670 1371 2670 1345 2670 1345 2671 1371 2671 1372 2671 1345 2672 1372 2672 1340 2672 1340 2673 1372 2673 51 2673 1340 2674 51 2674 50 2674 1373 2675 1262 2675 1339 2675 1339 2676 1262 2676 1263 2676 1339 2677 1263 2677 1272 2677 1272 2678 1263 2678 1267 2678 1272 2679 1267 2679 1374 2679 1374 2680 1267 2680 1248 2680 1374 2681 1248 2681 1375 2681 1375 2682 1248 2682 1376 2682 1375 2683 1376 2683 1273 2683 1273 2684 1376 2684 1377 2684 1273 2685 1377 2685 1274 2685 1274 2686 1377 2686 1251 2686 1274 2687 1251 2687 1378 2687 1378 2688 1251 2688 1252 2688 1378 2689 1252 2689 1277 2689 1277 2690 1252 2690 1379 2690 1277 2691 1379 2691 1380 2691 1380 2692 1379 2692 1381 2692 1380 2693 1381 2693 1278 2693 1278 2694 1381 2694 1382 2694 1278 2695 1382 2695 1279 2695 1279 2696 1382 2696 1383 2696 1279 2697 1383 2697 1282 2697 1282 2698 1383 2698 1254 2698 1282 2699 1254 2699 1384 2699 1384 2700 1254 2700 1255 2700 1384 2701 1255 2701 1283 2701 1283 2702 1255 2702 1258 2702 1283 2703 1258 2703 3723 2703 3723 2704 1258 2704 3721 2704 3747 2705 1385 2705 1386 2705 1387 2706 3746 2706 1459 2706 1459 2707 3746 2707 1388 2707 1459 2708 1388 2708 3749 2708 1806 2709 1808 2709 1460 2709 1460 2710 1808 2710 1389 2710 1460 2711 1389 2711 1387 2711 1430 2712 1390 2712 1807 2712 1807 2713 1390 2713 1391 2713 1807 2714 1391 2714 3745 2714 1386 2715 1385 2715 3580 2715 3580 2716 1385 2716 1392 2716 3580 2717 1392 2717 3579 2717 3579 2718 1392 2718 1393 2718 3579 2719 1393 2719 3577 2719 3577 2720 1393 2720 3744 2720 3577 2721 3744 2721 1394 2721 1394 2722 3744 2722 3743 2722 1394 2723 3743 2723 3575 2723 3575 2724 3743 2724 1395 2724 3575 2725 1395 2725 3572 2725 3572 2726 1395 2726 3741 2726 3572 2727 3741 2727 3738 2727 1396 2728 1432 2728 3742 2728 3742 2729 1432 2729 1397 2729 3742 2730 1397 2730 3740 2730 1398 2731 1399 2731 1400 2731 1400 2732 1399 2732 1401 2732 1400 2733 1401 2733 1515 2733 1515 2734 1401 2734 1435 2734 1515 2735 1435 2735 1516 2735 1516 2736 1435 2736 1402 2736 1516 2737 1402 2737 1437 2737 1489 2738 1403 2738 1404 2738 1404 2739 1403 2739 1405 2739 1404 2740 1405 2740 3739 2740 3739 2741 1405 2741 1408 2741 1470 2742 1417 2742 1486 2742 1486 2743 1417 2743 1406 2743 1403 2744 1409 2744 1405 2744 1405 2745 1409 2745 1407 2745 1405 2746 1407 2746 1408 2746 1408 2747 1407 2747 1412 2747 1489 2748 1406 2748 1403 2748 1403 2749 1406 2749 1417 2749 1403 2750 1417 2750 1409 2750 1409 2751 1417 2751 1410 2751 1409 2752 1410 2752 1407 2752 1407 2753 1410 2753 1411 2753 1407 2754 1411 2754 1412 2754 1412 2755 1411 2755 1413 2755 1421 2756 1415 2756 1414 2756 1414 2757 1415 2757 1419 2757 1414 2758 1419 2758 1416 2758 1416 2759 1419 2759 1418 2759 1416 2760 1418 2760 1413 2760 1413 2761 1411 2761 1416 2761 1416 2762 1411 2762 1410 2762 1416 2763 1410 2763 1414 2763 1414 2764 1410 2764 1417 2764 1414 2765 1417 2765 1421 2765 1421 2766 1417 2766 1470 2766 1421 2767 1470 2767 1471 2767 3734 2768 1413 2768 1479 2768 1479 2769 1413 2769 1418 2769 1479 2770 1418 2770 1477 2770 1477 2771 1418 2771 1419 2771 1477 2772 1419 2772 1475 2772 1475 2773 1419 2773 1415 2773 1475 2774 1415 2774 1420 2774 1420 2775 1415 2775 1421 2775 1420 2776 1421 2776 1473 2776 1473 2777 1421 2777 1471 2777 1422 2778 1423 2778 1800 2778 1800 2779 1423 2779 1424 2779 1800 2780 1424 2780 1801 2780 1801 2781 1424 2781 1494 2781 1801 2782 1494 2782 1425 2782 1425 2783 1494 2783 1493 2783 1425 2784 1493 2784 1426 2784 1426 2785 1493 2785 1427 2785 1426 2786 1427 2786 1803 2786 1803 2787 1427 2787 1429 2787 1803 2788 1429 2788 1428 2788 1428 2789 1429 2789 1431 2789 1428 2790 1431 2790 1430 2790 1430 2791 1431 2791 1432 2791 1430 2792 1432 2792 1390 2792 1390 2793 1432 2793 1396 2793 1390 2794 1396 2794 1391 2794 1496 2795 1433 2795 1434 2795 1434 2796 1433 2796 1472 2796 1434 2797 1472 2797 1469 2797 1399 2798 1523 2798 1401 2798 1401 2799 1523 2799 1524 2799 1401 2800 1524 2800 1435 2800 1435 2801 1524 2801 1436 2801 1435 2802 1436 2802 1402 2802 1402 2803 1436 2803 1527 2803 1402 2804 1527 2804 1437 2804 1437 2805 1527 2805 1528 2805 1437 2806 1528 2806 1438 2806 1438 2807 1528 2807 1530 2807 1438 2808 1530 2808 1520 2808 1520 2809 1530 2809 1531 2809 1520 2810 1531 2810 1439 2810 1439 2811 1531 2811 1533 2811 1439 2812 1533 2812 1440 2812 1440 2813 1533 2813 1534 2813 1440 2814 1534 2814 1441 2814 1441 2815 1534 2815 1442 2815 3755 2816 1443 2816 1756 2816 1756 2817 1443 2817 1587 2817 1756 2818 1587 2818 1444 2818 1444 2819 1587 2819 1589 2819 1444 2820 1589 2820 1758 2820 1758 2821 1589 2821 1590 2821 1758 2822 1590 2822 1759 2822 1759 2823 1590 2823 1445 2823 1759 2824 1445 2824 1760 2824 1760 2825 1445 2825 1447 2825 1760 2826 1447 2826 1446 2826 1446 2827 1447 2827 1448 2827 1446 2828 1448 2828 1761 2828 1761 2829 1448 2829 1594 2829 1761 2830 1594 2830 1449 2830 1449 2831 1594 2831 1734 2831 1449 2832 1734 2832 1762 2832 1450 2833 1536 2833 1525 2833 1525 2834 1536 2834 1537 2834 1525 2835 1537 2835 1526 2835 1526 2836 1537 2836 1452 2836 1526 2837 1452 2837 1451 2837 1451 2838 1452 2838 1453 2838 1451 2839 1453 2839 1529 2839 1529 2840 1453 2840 1454 2840 1529 2841 1454 2841 1455 2841 1455 2842 1454 2842 1539 2842 1455 2843 1539 2843 1532 2843 1532 2844 1539 2844 1542 2844 1532 2845 1542 2845 1456 2845 1456 2846 1542 2846 1457 2846 1456 2847 1457 2847 1535 2847 1535 2848 1457 2848 1458 2848 1535 2849 1458 2849 1743 2849 1743 2850 1458 2850 1744 2850 1387 2851 1459 2851 1460 2851 1460 2852 1459 2852 3749 2852 1460 2853 3749 2853 1806 2853 1806 2854 3749 2854 1514 2854 1806 2855 1514 2855 1805 2855 1805 2856 1514 2856 1461 2856 1805 2857 1461 2857 1804 2857 1804 2858 1461 2858 1462 2858 1804 2859 1462 2859 1463 2859 1463 2860 1462 2860 1517 2860 1463 2861 1517 2861 1464 2861 1464 2862 1517 2862 1518 2862 1464 2863 1518 2863 1802 2863 1802 2864 1518 2864 1519 2864 1802 2865 1519 2865 1465 2865 1465 2866 1519 2866 1521 2866 1465 2867 1521 2867 1466 2867 1466 2868 1521 2868 1522 2868 1466 2869 1522 2869 1799 2869 1799 2870 1522 2870 1467 2870 1799 2871 1467 2871 1798 2871 1938 2872 1849 2872 1468 2872 1468 2873 1849 2873 1850 2873 1468 2874 1850 2874 1480 2874 1480 2875 1850 2875 1852 2875 1480 2876 1852 2876 1481 2876 1486 2877 1469 2877 1470 2877 1470 2878 1469 2878 1472 2878 1470 2879 1472 2879 1471 2879 1471 2880 1472 2880 1474 2880 1471 2881 1474 2881 1473 2881 1473 2882 1474 2882 1499 2882 1473 2883 1499 2883 1420 2883 1420 2884 1499 2884 1476 2884 1420 2885 1476 2885 1475 2885 1475 2886 1476 2886 1501 2886 1475 2887 1501 2887 1477 2887 1477 2888 1501 2888 1478 2888 1477 2889 1478 2889 1479 2889 1479 2890 1478 2890 1503 2890 1479 2891 1503 2891 1932 2891 1318 2892 1480 2892 1482 2892 1482 2893 1480 2893 1481 2893 1482 2894 1481 2894 1854 2894 1851 2895 1498 2895 1484 2895 1484 2896 1498 2896 1483 2896 1484 2897 1483 2897 1485 2897 1489 2898 1490 2898 1406 2898 1406 2899 1490 2899 1491 2899 1406 2900 1491 2900 1486 2900 1486 2901 1491 2901 1492 2901 1486 2902 1492 2902 1469 2902 1469 2903 1492 2903 1487 2903 1469 2904 1487 2904 1434 2904 1434 2905 1487 2905 1488 2905 1434 2906 1488 2906 1496 2906 1496 2907 1488 2907 1495 2907 3739 2908 3740 2908 1404 2908 1404 2909 3740 2909 1397 2909 1404 2910 1397 2910 1489 2910 1489 2911 1397 2911 1431 2911 1489 2912 1431 2912 1490 2912 1490 2913 1431 2913 1429 2913 1490 2914 1429 2914 1491 2914 1491 2915 1429 2915 1427 2915 1491 2916 1427 2916 1492 2916 1492 2917 1427 2917 1493 2917 1492 2918 1493 2918 1487 2918 1487 2919 1493 2919 1494 2919 1487 2920 1494 2920 1488 2920 1488 2921 1494 2921 1424 2921 1488 2922 1424 2922 1495 2922 1495 2923 1424 2923 1423 2923 1422 2924 1857 2924 1423 2924 1423 2925 1857 2925 1856 2925 1423 2926 1856 2926 1495 2926 1495 2927 1856 2927 1497 2927 1495 2928 1497 2928 1496 2928 1496 2929 1497 2929 1485 2929 1496 2930 1485 2930 1433 2930 1433 2931 1485 2931 1483 2931 1433 2932 1483 2932 1472 2932 1472 2933 1483 2933 1498 2933 1472 2934 1498 2934 1474 2934 1474 2935 1498 2935 1851 2935 1474 2936 1851 2936 1499 2936 1499 2937 1851 2937 1500 2937 1499 2938 1500 2938 1476 2938 1476 2939 1500 2939 1502 2939 1476 2940 1502 2940 1501 2940 1501 2941 1502 2941 1120 2941 1501 2942 1120 2942 1478 2942 1478 2943 1120 2943 1933 2943 1478 2944 1933 2944 1503 2944 1504 2945 1506 2945 1505 2945 1505 2946 1506 2946 1509 2946 1507 2947 1597 2947 1508 2947 1508 2948 1597 2948 1509 2948 1508 2949 1509 2949 44 2949 44 2950 1509 2950 1506 2950 128 2951 1511 2951 1510 2951 1510 2952 1511 2952 1512 2952 1510 2953 1512 2953 1549 2953 1549 2954 1512 2954 39 2954 1549 2955 39 2955 38 2955 38 2956 42 2956 1549 2956 1549 2957 42 2957 1513 2957 1549 2958 1513 2958 1505 2958 1505 2959 1513 2959 40 2959 1505 2960 40 2960 1504 2960 3749 2961 1398 2961 1514 2961 1514 2962 1398 2962 1400 2962 1514 2963 1400 2963 1461 2963 1461 2964 1400 2964 1515 2964 1461 2965 1515 2965 1462 2965 1462 2966 1515 2966 1516 2966 1462 2967 1516 2967 1517 2967 1517 2968 1516 2968 1437 2968 1517 2969 1437 2969 1518 2969 1518 2970 1437 2970 1438 2970 1518 2971 1438 2971 1519 2971 1519 2972 1438 2972 1520 2972 1519 2973 1520 2973 1521 2973 1521 2974 1520 2974 1439 2974 1521 2975 1439 2975 1522 2975 1522 2976 1439 2976 1440 2976 1522 2977 1440 2977 1467 2977 1467 2978 1440 2978 1441 2978 1523 2979 1450 2979 1524 2979 1524 2980 1450 2980 1525 2980 1524 2981 1525 2981 1436 2981 1436 2982 1525 2982 1526 2982 1436 2983 1526 2983 1527 2983 1527 2984 1526 2984 1451 2984 1527 2985 1451 2985 1528 2985 1528 2986 1451 2986 1529 2986 1528 2987 1529 2987 1530 2987 1530 2988 1529 2988 1455 2988 1530 2989 1455 2989 1531 2989 1531 2990 1455 2990 1532 2990 1531 2991 1532 2991 1533 2991 1533 2992 1532 2992 1456 2992 1533 2993 1456 2993 1534 2993 1534 2994 1456 2994 1535 2994 1534 2995 1535 2995 1442 2995 1442 2996 1535 2996 1743 2996 1536 2997 1116 2997 1537 2997 1537 2998 1116 2998 1755 2998 1537 2999 1755 2999 1452 2999 1452 3000 1755 3000 1538 3000 1452 3001 1538 3001 1453 3001 1453 3002 1538 3002 1757 3002 1453 3003 1757 3003 1454 3003 1454 3004 1757 3004 1540 3004 1454 3005 1540 3005 1539 3005 1539 3006 1540 3006 1541 3006 1539 3007 1541 3007 1542 3007 1542 3008 1541 3008 1543 3008 1542 3009 1543 3009 1457 3009 1457 3010 1543 3010 1544 3010 1457 3011 1544 3011 1458 3011 1458 3012 1544 3012 1545 3012 1458 3013 1545 3013 1744 3013 1557 3014 1558 3014 1546 3014 1600 3015 1599 3015 1597 3015 1597 3016 1599 3016 1547 3016 1597 3017 1547 3017 1509 3017 1509 3018 1547 3018 1573 3018 1509 3019 1573 3019 1505 3019 1505 3020 1573 3020 1548 3020 1505 3021 1548 3021 1549 3021 1549 3022 1548 3022 1550 3022 1549 3023 1550 3023 1510 3023 1510 3024 1550 3024 1551 3024 1510 3025 1551 3025 1552 3025 1552 3026 1551 3026 1553 3026 1552 3027 1553 3027 1584 3027 1584 3028 1553 3028 1554 3028 1584 3029 1554 3029 1583 3029 1583 3030 1554 3030 1570 3030 1583 3031 1570 3031 1555 3031 1555 3032 1570 3032 1556 3032 1555 3033 1556 3033 1557 3033 1557 3034 1556 3034 1567 3034 1557 3035 1567 3035 1558 3035 1558 3036 1567 3036 1559 3036 1558 3037 1559 3037 1560 3037 1560 3038 1559 3038 1564 3038 1560 3039 1564 3039 1562 3039 1546 3040 131 3040 1557 3040 1557 3041 131 3041 133 3041 1557 3042 133 3042 1555 3042 1555 3043 133 3043 134 3043 1555 3044 134 3044 1583 3044 1582 3045 1958 3045 1561 3045 1958 3046 1562 3046 1563 3046 1563 3047 1562 3047 1564 3047 1563 3048 1564 3048 1565 3048 1565 3049 1564 3049 1559 3049 1565 3050 1559 3050 1566 3050 1566 3051 1559 3051 1567 3051 1566 3052 1567 3052 1956 3052 1956 3053 1567 3053 1556 3053 1956 3054 1556 3054 1568 3054 1568 3055 1556 3055 1570 3055 1568 3056 1570 3056 1569 3056 1569 3057 1570 3057 1554 3057 1569 3058 1554 3058 1571 3058 1571 3059 1554 3059 1553 3059 1571 3060 1553 3060 1954 3060 1954 3061 1553 3061 1551 3061 1954 3062 1551 3062 1572 3062 1572 3063 1551 3063 1550 3063 1572 3064 1550 3064 1952 3064 1952 3065 1550 3065 1548 3065 1952 3066 1548 3066 1951 3066 1951 3067 1548 3067 1573 3067 1951 3068 1573 3068 1574 3068 1574 3069 1573 3069 1547 3069 1574 3070 1547 3070 1949 3070 1949 3071 1547 3071 1599 3071 1949 3072 1599 3072 1947 3072 1105 3073 1575 3073 1579 3073 1579 3074 1575 3074 1576 3074 1579 3075 1576 3075 1578 3075 1578 3076 1576 3076 2251 3076 1578 3077 2251 3077 1115 3077 2251 3078 137 3078 1577 3078 1115 3079 1114 3079 1578 3079 1578 3080 1114 3080 1582 3080 1578 3081 1582 3081 1579 3081 1579 3082 1582 3082 1561 3082 1579 3083 1561 3083 1105 3083 2251 3084 1577 3084 1115 3084 1115 3085 1577 3085 1581 3085 1115 3086 1581 3086 1580 3086 1580 3087 1581 3087 135 3087 1580 3088 135 3088 136 3088 1958 3089 1582 3089 1562 3089 1562 3090 1582 3090 1114 3090 1562 3091 1114 3091 1560 3091 1560 3092 1114 3092 1580 3092 1560 3093 1580 3093 1558 3093 1558 3094 1580 3094 136 3094 1558 3095 136 3095 1546 3095 134 3096 130 3096 1583 3096 1583 3097 130 3097 125 3097 1583 3098 125 3098 1584 3098 1584 3099 125 3099 124 3099 1584 3100 124 3100 1552 3100 1552 3101 124 3101 1585 3101 1552 3102 1585 3102 1510 3102 1510 3103 1585 3103 129 3103 1510 3104 129 3104 128 3104 1443 3105 1586 3105 1587 3105 1587 3106 1586 3106 1588 3106 1587 3107 1588 3107 1589 3107 1589 3108 1588 3108 1774 3108 1589 3109 1774 3109 1590 3109 1590 3110 1774 3110 1591 3110 1590 3111 1591 3111 1445 3111 1445 3112 1591 3112 1592 3112 1445 3113 1592 3113 1447 3113 1447 3114 1592 3114 1593 3114 1447 3115 1593 3115 1448 3115 1448 3116 1593 3116 1776 3116 1448 3117 1776 3117 1594 3117 1594 3118 1776 3118 1595 3118 1594 3119 1595 3119 1734 3119 1734 3120 1595 3120 1780 3120 1507 3121 1596 3121 1597 3121 1597 3122 1596 3122 46 3122 1597 3123 46 3123 1600 3123 1600 3124 46 3124 1598 3124 1600 3125 1598 3125 45 3125 1947 3126 1599 3126 1360 3126 1360 3127 1599 3127 1600 3127 1360 3128 1600 3128 1362 3128 1362 3129 1600 3129 45 3129 1362 3130 45 3130 1601 3130 3769 3131 3644 3131 3767 3131 3767 3132 3644 3132 1602 3132 3767 3133 1602 3133 1626 3133 1626 3134 1602 3134 1603 3134 1629 3135 1627 3135 1604 3135 1604 3136 1627 3136 1603 3136 1604 3137 1603 3137 1605 3137 1605 3138 1603 3138 1602 3138 1605 3139 1602 3139 3645 3139 3645 3140 1602 3140 3644 3140 3645 3141 1613 3141 1605 3141 1605 3142 1613 3142 1606 3142 1605 3143 1606 3143 1604 3143 1604 3144 1606 3144 1607 3144 1604 3145 1607 3145 1629 3145 1629 3146 1607 3146 1608 3146 1629 3147 1608 3147 1630 3147 1630 3148 1608 3148 1609 3148 1610 3149 1609 3149 1611 3149 1611 3150 1609 3150 1608 3150 1611 3151 1608 3151 1612 3151 1612 3152 1608 3152 1607 3152 1613 3153 3646 3153 1606 3153 1606 3154 3646 3154 1614 3154 1606 3155 1614 3155 1607 3155 1607 3156 1614 3156 2174 3156 1607 3157 2174 3157 1612 3157 1612 3158 2174 3158 1615 3158 1612 3159 1615 3159 1611 3159 1611 3160 1615 3160 2177 3160 1611 3161 2177 3161 1610 3161 1610 3162 2177 3162 1616 3162 1617 3163 1619 3163 1618 3163 1618 3164 1619 3164 2653 3164 1618 3165 2653 3165 1620 3165 3698 3166 3695 3166 2755 3166 3695 3167 834 3167 2755 3167 2755 3168 834 3168 833 3168 2755 3169 833 3169 1110 3169 2636 3170 2737 3170 186 3170 1621 3171 1622 3171 2436 3171 2436 3172 1622 3172 1623 3172 2436 3173 1623 3173 1624 3173 1624 3174 1623 3174 2411 3174 1624 3175 2411 3175 2434 3175 2434 3176 2411 3176 2409 3176 2434 3177 2409 3177 2408 3177 1633 3178 1625 3178 1635 3178 1635 3179 1625 3179 1626 3179 1635 3180 1626 3180 1636 3180 1636 3181 1626 3181 1603 3181 1636 3182 1603 3182 1637 3182 1637 3183 1603 3183 1627 3183 1637 3184 1627 3184 1628 3184 1628 3185 1627 3185 1629 3185 1628 3186 1629 3186 1641 3186 1641 3187 1629 3187 1630 3187 1641 3188 1630 3188 1643 3188 1643 3189 1630 3189 1609 3189 1643 3190 1609 3190 1631 3190 1631 3191 1609 3191 1610 3191 1631 3192 1610 3192 1632 3192 1632 3193 1610 3193 1616 3193 1632 3194 1616 3194 2179 3194 3763 3195 1633 3195 1634 3195 1634 3196 1633 3196 1635 3196 1634 3197 1635 3197 1648 3197 1648 3198 1635 3198 1636 3198 1648 3199 1636 3199 1638 3199 1638 3200 1636 3200 1637 3200 1638 3201 1637 3201 1639 3201 1639 3202 1637 3202 1628 3202 1639 3203 1628 3203 1640 3203 1640 3204 1628 3204 1641 3204 1640 3205 1641 3205 1642 3205 1642 3206 1641 3206 1643 3206 1642 3207 1643 3207 1644 3207 1644 3208 1643 3208 1631 3208 1644 3209 1631 3209 1645 3209 1645 3210 1631 3210 1632 3210 1645 3211 1632 3211 1646 3211 1646 3212 1632 3212 2179 3212 1646 3213 2179 3213 1647 3213 3761 3214 3763 3214 1653 3214 1653 3215 3763 3215 1634 3215 1653 3216 1634 3216 1654 3216 1654 3217 1634 3217 1648 3217 1654 3218 1648 3218 1656 3218 1656 3219 1648 3219 1638 3219 1656 3220 1638 3220 1649 3220 1649 3221 1638 3221 1639 3221 1649 3222 1639 3222 1658 3222 1658 3223 1639 3223 1640 3223 1658 3224 1640 3224 1661 3224 1661 3225 1640 3225 1642 3225 1661 3226 1642 3226 1662 3226 1662 3227 1642 3227 1644 3227 1662 3228 1644 3228 1650 3228 1650 3229 1644 3229 1645 3229 1650 3230 1645 3230 1651 3230 1651 3231 1645 3231 1646 3231 1651 3232 1646 3232 1652 3232 1652 3233 1646 3233 1647 3233 1652 3234 1647 3234 2181 3234 1704 3235 3761 3235 1705 3235 1705 3236 3761 3236 1653 3236 1705 3237 1653 3237 1706 3237 1706 3238 1653 3238 1654 3238 1706 3239 1654 3239 1655 3239 1655 3240 1654 3240 1656 3240 1655 3241 1656 3241 1657 3241 1657 3242 1656 3242 1649 3242 1657 3243 1649 3243 1659 3243 1659 3244 1649 3244 1658 3244 1659 3245 1658 3245 1660 3245 1660 3246 1658 3246 1661 3246 1660 3247 1661 3247 1709 3247 1709 3248 1661 3248 1662 3248 1709 3249 1662 3249 1710 3249 1710 3250 1662 3250 1650 3250 1710 3251 1650 3251 1711 3251 1711 3252 1650 3252 1651 3252 1711 3253 1651 3253 1714 3253 1714 3254 1651 3254 1652 3254 1714 3255 1652 3255 1663 3255 1663 3256 1652 3256 2181 3256 1663 3257 2181 3257 1715 3257 1854 3258 1855 3258 1684 3258 1684 3259 1855 3259 1664 3259 1684 3260 1664 3260 1685 3260 1685 3261 1664 3261 1665 3261 1685 3262 1665 3262 1686 3262 1686 3263 1665 3263 1666 3263 1686 3264 1666 3264 1687 3264 1687 3265 1666 3265 1667 3265 1687 3266 1667 3266 1668 3266 1668 3267 1667 3267 1669 3267 1668 3268 1669 3268 1691 3268 1691 3269 1669 3269 1860 3269 1691 3270 1860 3270 1693 3270 1693 3271 1860 3271 1670 3271 1693 3272 1670 3272 1672 3272 1672 3273 1670 3273 1671 3273 1672 3274 1671 3274 1673 3274 1673 3275 1671 3275 1674 3275 1673 3276 1674 3276 1696 3276 1696 3277 1674 3277 1861 3277 1696 3278 1861 3278 1675 3278 1675 3279 1861 3279 1864 3279 1675 3280 1864 3280 1699 3280 1699 3281 1864 3281 1676 3281 1699 3282 1676 3282 1677 3282 1677 3283 1676 3283 1867 3283 1677 3284 1867 3284 1678 3284 1678 3285 1867 3285 1868 3285 1678 3286 1868 3286 1679 3286 1679 3287 1868 3287 1847 3287 1679 3288 1847 3288 1680 3288 1941 3289 1317 3289 1900 3289 1900 3290 1317 3290 1318 3290 1900 3291 1318 3291 1681 3291 1681 3292 1318 3292 1482 3292 1681 3293 1482 3293 1682 3293 1682 3294 1482 3294 1854 3294 1682 3295 1854 3295 1902 3295 1902 3296 1854 3296 1684 3296 1902 3297 1684 3297 1683 3297 1683 3298 1684 3298 1685 3298 1683 3299 1685 3299 1906 3299 1906 3300 1685 3300 1686 3300 1906 3301 1686 3301 1688 3301 1688 3302 1686 3302 1687 3302 1688 3303 1687 3303 1689 3303 1689 3304 1687 3304 1668 3304 1689 3305 1668 3305 1690 3305 1690 3306 1668 3306 1691 3306 1690 3307 1691 3307 1692 3307 1692 3308 1691 3308 1693 3308 1692 3309 1693 3309 1694 3309 1694 3310 1693 3310 1672 3310 1694 3311 1672 3311 1910 3311 1910 3312 1672 3312 1673 3312 1910 3313 1673 3313 1695 3313 1695 3314 1673 3314 1696 3314 1695 3315 1696 3315 1697 3315 1697 3316 1696 3316 1675 3316 1697 3317 1675 3317 1698 3317 1698 3318 1675 3318 1699 3318 1698 3319 1699 3319 1700 3319 1700 3320 1699 3320 1677 3320 1700 3321 1677 3321 1701 3321 1701 3322 1677 3322 1678 3322 1701 3323 1678 3323 1702 3323 1702 3324 1678 3324 1679 3324 1702 3325 1679 3325 1703 3325 1703 3326 1679 3326 1680 3326 1703 3327 1680 3327 1917 3327 3759 3328 1704 3328 1719 3328 1719 3329 1704 3329 1705 3329 1719 3330 1705 3330 1720 3330 1720 3331 1705 3331 1706 3331 1720 3332 1706 3332 1722 3332 1722 3333 1706 3333 1655 3333 1722 3334 1655 3334 1724 3334 1724 3335 1655 3335 1657 3335 1724 3336 1657 3336 1707 3336 1707 3337 1657 3337 1659 3337 1707 3338 1659 3338 1708 3338 1708 3339 1659 3339 1660 3339 1708 3340 1660 3340 1725 3340 1725 3341 1660 3341 1709 3341 1725 3342 1709 3342 1726 3342 1726 3343 1709 3343 1710 3343 1726 3344 1710 3344 1728 3344 1728 3345 1710 3345 1711 3345 1728 3346 1711 3346 1712 3346 1712 3347 1711 3347 1714 3347 1712 3348 1714 3348 1713 3348 1713 3349 1714 3349 1663 3349 1713 3350 1663 3350 1731 3350 1731 3351 1663 3351 1715 3351 1731 3352 1715 3352 1716 3352 1717 3353 3759 3353 1718 3353 1718 3354 3759 3354 1719 3354 1718 3355 1719 3355 1775 3355 1775 3356 1719 3356 1720 3356 1775 3357 1720 3357 1721 3357 1721 3358 1720 3358 1722 3358 1721 3359 1722 3359 1723 3359 1723 3360 1722 3360 1724 3360 1723 3361 1724 3361 1777 3361 1777 3362 1724 3362 1707 3362 1777 3363 1707 3363 1778 3363 1778 3364 1707 3364 1708 3364 1778 3365 1708 3365 1779 3365 1779 3366 1708 3366 1725 3366 1779 3367 1725 3367 1781 3367 1781 3368 1725 3368 1726 3368 1781 3369 1726 3369 1727 3369 1727 3370 1726 3370 1728 3370 1727 3371 1728 3371 1729 3371 1729 3372 1728 3372 1712 3372 1729 3373 1712 3373 1730 3373 1730 3374 1712 3374 1713 3374 1730 3375 1713 3375 1784 3375 1784 3376 1713 3376 1731 3376 1784 3377 1731 3377 1785 3377 1785 3378 1731 3378 1716 3378 1785 3379 1716 3379 1732 3379 1762 3380 1734 3380 1733 3380 1733 3381 1734 3381 1780 3381 1733 3382 1780 3382 1764 3382 1764 3383 1780 3383 1782 3383 1764 3384 1782 3384 1765 3384 1765 3385 1782 3385 1783 3385 1765 3386 1783 3386 1735 3386 1735 3387 1783 3387 1736 3387 1735 3388 1736 3388 1767 3388 1767 3389 1736 3389 1737 3389 1767 3390 1737 3390 1770 3390 1770 3391 1737 3391 1738 3391 1770 3392 1738 3392 1772 3392 1772 3393 1738 3393 1739 3393 1772 3394 1739 3394 1741 3394 1741 3395 1739 3395 1740 3395 1741 3396 1740 3396 1773 3396 1798 3397 1467 3397 1797 3397 1797 3398 1467 3398 1441 3398 1797 3399 1441 3399 1796 3399 1796 3400 1441 3400 1442 3400 1796 3401 1442 3401 1742 3401 1742 3402 1442 3402 1743 3402 1742 3403 1743 3403 1793 3403 1793 3404 1743 3404 1744 3404 1793 3405 1744 3405 1745 3405 1745 3406 1744 3406 1763 3406 1745 3407 1763 3407 1746 3407 1746 3408 1763 3408 1747 3408 1746 3409 1747 3409 1790 3409 1790 3410 1747 3410 1748 3410 1790 3411 1748 3411 1789 3411 1789 3412 1748 3412 1766 3412 1789 3413 1766 3413 1788 3413 1788 3414 1766 3414 1768 3414 1788 3415 1768 3415 1749 3415 1749 3416 1768 3416 1769 3416 1749 3417 1769 3417 1750 3417 1750 3418 1769 3418 1771 3418 1750 3419 1771 3419 1751 3419 1751 3420 1771 3420 1752 3420 1751 3421 1752 3421 1753 3421 1754 3422 3755 3422 1755 3422 1755 3423 3755 3423 1756 3423 1755 3424 1756 3424 1538 3424 1538 3425 1756 3425 1444 3425 1538 3426 1444 3426 1757 3426 1757 3427 1444 3427 1758 3427 1757 3428 1758 3428 1540 3428 1540 3429 1758 3429 1759 3429 1540 3430 1759 3430 1541 3430 1541 3431 1759 3431 1760 3431 1541 3432 1760 3432 1543 3432 1543 3433 1760 3433 1446 3433 1543 3434 1446 3434 1544 3434 1544 3435 1446 3435 1761 3435 1544 3436 1761 3436 1545 3436 1545 3437 1761 3437 1449 3437 1545 3438 1449 3438 1744 3438 1744 3439 1449 3439 1762 3439 1744 3440 1762 3440 1763 3440 1763 3441 1762 3441 1733 3441 1763 3442 1733 3442 1747 3442 1747 3443 1733 3443 1764 3443 1747 3444 1764 3444 1748 3444 1748 3445 1764 3445 1765 3445 1748 3446 1765 3446 1766 3446 1766 3447 1765 3447 1735 3447 1766 3448 1735 3448 1768 3448 1768 3449 1735 3449 1767 3449 1768 3450 1767 3450 1769 3450 1769 3451 1767 3451 1770 3451 1769 3452 1770 3452 1771 3452 1771 3453 1770 3453 1772 3453 1771 3454 1772 3454 1752 3454 1752 3455 1772 3455 1741 3455 1752 3456 1741 3456 1753 3456 1753 3457 1741 3457 1773 3457 1586 3458 1717 3458 1588 3458 1588 3459 1717 3459 1718 3459 1588 3460 1718 3460 1774 3460 1774 3461 1718 3461 1775 3461 1774 3462 1775 3462 1591 3462 1591 3463 1775 3463 1721 3463 1591 3464 1721 3464 1592 3464 1592 3465 1721 3465 1723 3465 1592 3466 1723 3466 1593 3466 1593 3467 1723 3467 1777 3467 1593 3468 1777 3468 1776 3468 1776 3469 1777 3469 1778 3469 1776 3470 1778 3470 1595 3470 1595 3471 1778 3471 1779 3471 1595 3472 1779 3472 1780 3472 1780 3473 1779 3473 1781 3473 1780 3474 1781 3474 1782 3474 1782 3475 1781 3475 1727 3475 1782 3476 1727 3476 1783 3476 1783 3477 1727 3477 1729 3477 1783 3478 1729 3478 1736 3478 1736 3479 1729 3479 1730 3479 1736 3480 1730 3480 1737 3480 1737 3481 1730 3481 1784 3481 1737 3482 1784 3482 1738 3482 1738 3483 1784 3483 1785 3483 1738 3484 1785 3484 1739 3484 1739 3485 1785 3485 1732 3485 1739 3486 1732 3486 1740 3486 1810 3487 1837 3487 2185 3487 1773 3488 1786 3488 1753 3488 1753 3489 1786 3489 1787 3489 1753 3490 1787 3490 1751 3490 1751 3491 1787 3491 1870 3491 1751 3492 1870 3492 1750 3492 1750 3493 1870 3493 1869 3493 1750 3494 1869 3494 1749 3494 1749 3495 1869 3495 1866 3495 1749 3496 1866 3496 1788 3496 1788 3497 1866 3497 1865 3497 1788 3498 1865 3498 1789 3498 1789 3499 1865 3499 1863 3499 1789 3500 1863 3500 1790 3500 1790 3501 1863 3501 1862 3501 1790 3502 1862 3502 1746 3502 1746 3503 1862 3503 1791 3503 1746 3504 1791 3504 1745 3504 1745 3505 1791 3505 1792 3505 1745 3506 1792 3506 1793 3506 1793 3507 1792 3507 1794 3507 1793 3508 1794 3508 1742 3508 1742 3509 1794 3509 1795 3509 1742 3510 1795 3510 1796 3510 1796 3511 1795 3511 1859 3511 1796 3512 1859 3512 1797 3512 1797 3513 1859 3513 1858 3513 1797 3514 1858 3514 1798 3514 1798 3515 1858 3515 1857 3515 1798 3516 1857 3516 1799 3516 1799 3517 1857 3517 1422 3517 1799 3518 1422 3518 1466 3518 1466 3519 1422 3519 1800 3519 1466 3520 1800 3520 1465 3520 1465 3521 1800 3521 1801 3521 1465 3522 1801 3522 1802 3522 1802 3523 1801 3523 1425 3523 1802 3524 1425 3524 1464 3524 1464 3525 1425 3525 1426 3525 1464 3526 1426 3526 1463 3526 1463 3527 1426 3527 1803 3527 1463 3528 1803 3528 1804 3528 1804 3529 1803 3529 1428 3529 1804 3530 1428 3530 1805 3530 1805 3531 1428 3531 1430 3531 1805 3532 1430 3532 1806 3532 1806 3533 1430 3533 1807 3533 1806 3534 1807 3534 1808 3534 1808 3535 1807 3535 3745 3535 1808 3536 3745 3536 1389 3536 1811 3537 1837 3537 1809 3537 1809 3538 1837 3538 1810 3538 1809 3539 1810 3539 2184 3539 1839 3540 1811 3540 1812 3540 1812 3541 1811 3541 1809 3541 1812 3542 1809 3542 1813 3542 1813 3543 1809 3543 2184 3543 1813 3544 2184 3544 2183 3544 1840 3545 1839 3545 1814 3545 1814 3546 1839 3546 1812 3546 1814 3547 1812 3547 1815 3547 1815 3548 1812 3548 1813 3548 1815 3549 1813 3549 1817 3549 1817 3550 1813 3550 2183 3550 1817 3551 2183 3551 2182 3551 1841 3552 1840 3552 1820 3552 1820 3553 1840 3553 1814 3553 1820 3554 1814 3554 1821 3554 1821 3555 1814 3555 1815 3555 1821 3556 1815 3556 1816 3556 1816 3557 1815 3557 1817 3557 1816 3558 1817 3558 1823 3558 1823 3559 1817 3559 2182 3559 1823 3560 2182 3560 1818 3560 1826 3561 1841 3561 1819 3561 1819 3562 1841 3562 1820 3562 1819 3563 1820 3563 1828 3563 1828 3564 1820 3564 1821 3564 1828 3565 1821 3565 1831 3565 1831 3566 1821 3566 1816 3566 1831 3567 1816 3567 1822 3567 1822 3568 1816 3568 1823 3568 1822 3569 1823 3569 1824 3569 1824 3570 1823 3570 1818 3570 1824 3571 1818 3571 1825 3571 1845 3572 1826 3572 1833 3572 1833 3573 1826 3573 1819 3573 1833 3574 1819 3574 1827 3574 1827 3575 1819 3575 1828 3575 1827 3576 1828 3576 1829 3576 1829 3577 1828 3577 1831 3577 1829 3578 1831 3578 1830 3578 1830 3579 1831 3579 1822 3579 1830 3580 1822 3580 1835 3580 1835 3581 1822 3581 1824 3581 1835 3582 1824 3582 1836 3582 1836 3583 1824 3583 1825 3583 1836 3584 1825 3584 2180 3584 1997 3585 1845 3585 1832 3585 1832 3586 1845 3586 1833 3586 1832 3587 1833 3587 1999 3587 1999 3588 1833 3588 1827 3588 1999 3589 1827 3589 2002 3589 2002 3590 1827 3590 1829 3590 2002 3591 1829 3591 1834 3591 1834 3592 1829 3592 1830 3592 1834 3593 1830 3593 2003 3593 2003 3594 1830 3594 1835 3594 2003 3595 1835 3595 2004 3595 2004 3596 1835 3596 1836 3596 2004 3597 1836 3597 2006 3597 2006 3598 1836 3598 2180 3598 2006 3599 2180 3599 2178 3599 2051 3600 2185 3600 2052 3600 2052 3601 2185 3601 1837 3601 2052 3602 1837 3602 2053 3602 2053 3603 1837 3603 1811 3603 2053 3604 1811 3604 1838 3604 1838 3605 1811 3605 1839 3605 1838 3606 1839 3606 2055 3606 2055 3607 1839 3607 1840 3607 2055 3608 1840 3608 1842 3608 1842 3609 1840 3609 1841 3609 1842 3610 1841 3610 1843 3610 1843 3611 1841 3611 1826 3611 1843 3612 1826 3612 1844 3612 1844 3613 1826 3613 1845 3613 1844 3614 1845 3614 1846 3614 1846 3615 1845 3615 1997 3615 1846 3616 1997 3616 2057 3616 1847 3617 1871 3617 1680 3617 1680 3618 1871 3618 1872 3618 1680 3619 1872 3619 1917 3619 1917 3620 1872 3620 1848 3620 1917 3621 1848 3621 1918 3621 1936 3622 1120 3622 1849 3622 1849 3623 1120 3623 1502 3623 1849 3624 1502 3624 1850 3624 1850 3625 1502 3625 1500 3625 1850 3626 1500 3626 1852 3626 1852 3627 1500 3627 1851 3627 1852 3628 1851 3628 1481 3628 1481 3629 1851 3629 1853 3629 1481 3630 1853 3630 1854 3630 1854 3631 1853 3631 1484 3631 1854 3632 1484 3632 1855 3632 1855 3633 1484 3633 1485 3633 1855 3634 1485 3634 1664 3634 1664 3635 1485 3635 1497 3635 1664 3636 1497 3636 1665 3636 1665 3637 1497 3637 1856 3637 1665 3638 1856 3638 1666 3638 1666 3639 1856 3639 1857 3639 1666 3640 1857 3640 1667 3640 1667 3641 1857 3641 1858 3641 1667 3642 1858 3642 1669 3642 1669 3643 1858 3643 1859 3643 1669 3644 1859 3644 1860 3644 1860 3645 1859 3645 1795 3645 1860 3646 1795 3646 1670 3646 1670 3647 1795 3647 1794 3647 1670 3648 1794 3648 1671 3648 1671 3649 1794 3649 1792 3649 1671 3650 1792 3650 1674 3650 1674 3651 1792 3651 1791 3651 1674 3652 1791 3652 1861 3652 1861 3653 1791 3653 1862 3653 1861 3654 1862 3654 1864 3654 1864 3655 1862 3655 1863 3655 1864 3656 1863 3656 1676 3656 1676 3657 1863 3657 1865 3657 1676 3658 1865 3658 1867 3658 1867 3659 1865 3659 1866 3659 1867 3660 1866 3660 1868 3660 1868 3661 1866 3661 1869 3661 1868 3662 1869 3662 1847 3662 1847 3663 1869 3663 1870 3663 1847 3664 1870 3664 1871 3664 1871 3665 1870 3665 1787 3665 1871 3666 1787 3666 1872 3666 1872 3667 1787 3667 2187 3667 1872 3668 2187 3668 1848 3668 2191 3669 1960 3669 1930 3669 1930 3670 1960 3670 1959 3670 1930 3671 1959 3671 1873 3671 1873 3672 1959 3672 1874 3672 1873 3673 1874 3673 1875 3673 1875 3674 1874 3674 1876 3674 1875 3675 1876 3675 1878 3675 1878 3676 1876 3676 1877 3676 1878 3677 1877 3677 1928 3677 1928 3678 1877 3678 1879 3678 1928 3679 1879 3679 1880 3679 1880 3680 1879 3680 1957 3680 1880 3681 1957 3681 1926 3681 1926 3682 1957 3682 1881 3682 1926 3683 1881 3683 1882 3683 1882 3684 1881 3684 1883 3684 1882 3685 1883 3685 1884 3685 1884 3686 1883 3686 1885 3686 1884 3687 1885 3687 1924 3687 1924 3688 1885 3688 1955 3688 1924 3689 1955 3689 1886 3689 1886 3690 1955 3690 1887 3690 1886 3691 1887 3691 1922 3691 1922 3692 1887 3692 1888 3692 1922 3693 1888 3693 1889 3693 1889 3694 1888 3694 1953 3694 1889 3695 1953 3695 1891 3695 1891 3696 1953 3696 1890 3696 1891 3697 1890 3697 1920 3697 1920 3698 1890 3698 1892 3698 1920 3699 1892 3699 1893 3699 1893 3700 1892 3700 1950 3700 1893 3701 1950 3701 1894 3701 1894 3702 1950 3702 1948 3702 1894 3703 1948 3703 1895 3703 1895 3704 1948 3704 1946 3704 1895 3705 1946 3705 1897 3705 1897 3706 1946 3706 1896 3706 1897 3707 1896 3707 1898 3707 1898 3708 1896 3708 1944 3708 1898 3709 1944 3709 1117 3709 1899 3710 1900 3710 1118 3710 1118 3711 1900 3711 1681 3711 1118 3712 1681 3712 1919 3712 1919 3713 1681 3713 1682 3713 1919 3714 1682 3714 1901 3714 1901 3715 1682 3715 1902 3715 1901 3716 1902 3716 1903 3716 1903 3717 1902 3717 1683 3717 1903 3718 1683 3718 1904 3718 1904 3719 1683 3719 1906 3719 1904 3720 1906 3720 1905 3720 1905 3721 1906 3721 1688 3721 1905 3722 1688 3722 1907 3722 1907 3723 1688 3723 1689 3723 1907 3724 1689 3724 1908 3724 1908 3725 1689 3725 1690 3725 1908 3726 1690 3726 1921 3726 1921 3727 1690 3727 1692 3727 1921 3728 1692 3728 1923 3728 1923 3729 1692 3729 1694 3729 1923 3730 1694 3730 1909 3730 1909 3731 1694 3731 1910 3731 1909 3732 1910 3732 1911 3732 1911 3733 1910 3733 1695 3733 1911 3734 1695 3734 1925 3734 1925 3735 1695 3735 1697 3735 1925 3736 1697 3736 1912 3736 1912 3737 1697 3737 1698 3737 1912 3738 1698 3738 1927 3738 1927 3739 1698 3739 1700 3739 1927 3740 1700 3740 1913 3740 1913 3741 1700 3741 1701 3741 1913 3742 1701 3742 1914 3742 1914 3743 1701 3743 1702 3743 1914 3744 1702 3744 1915 3744 1915 3745 1702 3745 1703 3745 1915 3746 1703 3746 1916 3746 1916 3747 1703 3747 1917 3747 1916 3748 1917 3748 1929 3748 1929 3749 1917 3749 1918 3749 1929 3750 1918 3750 2190 3750 1117 3751 1118 3751 1898 3751 1898 3752 1118 3752 1919 3752 1898 3753 1919 3753 1897 3753 1897 3754 1919 3754 1901 3754 1897 3755 1901 3755 1895 3755 1895 3756 1901 3756 1903 3756 1895 3757 1903 3757 1894 3757 1894 3758 1903 3758 1904 3758 1894 3759 1904 3759 1893 3759 1893 3760 1904 3760 1905 3760 1893 3761 1905 3761 1920 3761 1920 3762 1905 3762 1907 3762 1920 3763 1907 3763 1891 3763 1891 3764 1907 3764 1908 3764 1891 3765 1908 3765 1889 3765 1889 3766 1908 3766 1921 3766 1889 3767 1921 3767 1922 3767 1922 3768 1921 3768 1923 3768 1922 3769 1923 3769 1886 3769 1886 3770 1923 3770 1909 3770 1886 3771 1909 3771 1924 3771 1924 3772 1909 3772 1911 3772 1924 3773 1911 3773 1884 3773 1884 3774 1911 3774 1925 3774 1884 3775 1925 3775 1882 3775 1882 3776 1925 3776 1912 3776 1882 3777 1912 3777 1926 3777 1926 3778 1912 3778 1927 3778 1926 3779 1927 3779 1880 3779 1880 3780 1927 3780 1913 3780 1880 3781 1913 3781 1928 3781 1928 3782 1913 3782 1914 3782 1928 3783 1914 3783 1878 3783 1878 3784 1914 3784 1915 3784 1878 3785 1915 3785 1875 3785 1875 3786 1915 3786 1916 3786 1875 3787 1916 3787 1873 3787 1873 3788 1916 3788 1929 3788 1873 3789 1929 3789 1930 3789 1930 3790 1929 3790 2190 3790 1930 3791 2190 3791 2191 3791 3730 3792 3732 3792 1931 3792 1931 3793 3732 3793 1932 3793 1931 3794 1932 3794 1310 3794 1310 3795 1932 3795 1503 3795 1310 3796 1503 3796 1311 3796 1311 3797 1503 3797 1933 3797 1311 3798 1933 3798 1934 3798 1934 3799 1933 3799 1936 3799 1934 3800 1936 3800 1935 3800 1935 3801 1936 3801 1938 3801 1935 3802 1938 3802 1937 3802 1937 3803 1938 3803 1315 3803 1937 3804 1315 3804 1349 3804 1349 3805 1315 3805 1939 3805 1349 3806 1939 3806 1940 3806 1940 3807 1939 3807 1941 3807 1940 3808 1941 3808 1341 3808 1341 3809 1941 3809 1899 3809 1341 3810 1899 3810 1942 3810 1942 3811 1899 3811 1117 3811 1942 3812 1117 3812 1368 3812 1368 3813 1117 3813 1944 3813 1368 3814 1944 3814 1943 3814 1943 3815 1944 3815 1896 3815 1943 3816 1896 3816 1945 3816 1945 3817 1896 3817 1946 3817 1945 3818 1946 3818 1947 3818 1947 3819 1946 3819 1948 3819 1947 3820 1948 3820 1949 3820 1949 3821 1948 3821 1950 3821 1949 3822 1950 3822 1574 3822 1574 3823 1950 3823 1892 3823 1574 3824 1892 3824 1951 3824 1951 3825 1892 3825 1890 3825 1951 3826 1890 3826 1952 3826 1952 3827 1890 3827 1953 3827 1952 3828 1953 3828 1572 3828 1572 3829 1953 3829 1888 3829 1572 3830 1888 3830 1954 3830 1954 3831 1888 3831 1887 3831 1954 3832 1887 3832 1571 3832 1571 3833 1887 3833 1955 3833 1571 3834 1955 3834 1569 3834 1569 3835 1955 3835 1885 3835 1569 3836 1885 3836 1568 3836 1568 3837 1885 3837 1883 3837 1568 3838 1883 3838 1956 3838 1956 3839 1883 3839 1881 3839 1956 3840 1881 3840 1566 3840 1566 3841 1881 3841 1957 3841 1566 3842 1957 3842 1565 3842 1565 3843 1957 3843 1879 3843 1565 3844 1879 3844 1563 3844 1563 3845 1879 3845 1877 3845 1563 3846 1877 3846 1958 3846 1958 3847 1877 3847 1876 3847 1958 3848 1876 3848 1561 3848 1561 3849 1876 3849 1874 3849 1561 3850 1874 3850 1105 3850 1105 3851 1874 3851 1959 3851 1105 3852 1959 3852 2250 3852 2250 3853 1959 3853 1960 3853 1994 3854 1995 3854 1961 3854 1961 3855 1995 3855 149 3855 1961 3856 149 3856 3690 3856 149 3857 147 3857 3690 3857 3690 3858 147 3858 146 3858 3690 3859 146 3859 1962 3859 1962 3860 146 3860 145 3860 1962 3861 145 3861 1963 3861 2065 3862 1964 3862 2077 3862 2077 3863 1964 3863 1965 3863 2077 3864 1965 3864 2075 3864 2075 3865 1965 3865 1985 3865 2075 3866 1985 3866 1966 3866 1966 3867 1985 3867 1984 3867 1966 3868 1984 3868 1967 3868 1967 3869 1984 3869 1968 3869 1967 3870 1968 3870 2072 3870 2072 3871 1968 3871 1982 3871 2072 3872 1982 3872 1969 3872 1969 3873 1982 3873 1979 3873 1969 3874 1979 3874 1970 3874 1970 3875 1979 3875 1977 3875 1970 3876 1977 3876 1972 3876 1972 3877 1977 3877 1971 3877 1972 3878 1971 3878 1973 3878 1973 3879 1971 3879 1975 3879 1973 3880 1975 3880 1974 3880 1974 3881 1975 3881 2066 3881 2188 3882 2066 3882 1104 3882 1104 3883 2066 3883 1975 3883 1104 3884 1975 3884 1976 3884 1976 3885 1975 3885 1971 3885 1976 3886 1971 3886 2117 3886 2117 3887 1971 3887 1977 3887 2117 3888 1977 3888 1978 3888 1978 3889 1977 3889 1979 3889 1978 3890 1979 3890 1980 3890 1980 3891 1979 3891 1982 3891 1980 3892 1982 3892 1981 3892 1981 3893 1982 3893 1968 3893 1981 3894 1968 3894 1983 3894 1983 3895 1968 3895 1984 3895 1983 3896 1984 3896 2119 3896 2119 3897 1984 3897 1985 3897 2119 3898 1985 3898 2120 3898 2120 3899 1985 3899 1965 3899 2120 3900 1965 3900 2122 3900 2122 3901 1965 3901 1964 3901 3684 3902 1986 3902 3685 3902 3685 3903 1986 3903 1987 3903 3685 3904 1987 3904 3687 3904 3680 3905 2296 3905 3681 3905 3681 3906 2296 3906 103 3906 3681 3907 103 3907 3682 3907 103 3908 1988 3908 3682 3908 3682 3909 1988 3909 1989 3909 3682 3910 1989 3910 3683 3910 3683 3911 1989 3911 1990 3911 3683 3912 1990 3912 3684 3912 3684 3913 1990 3913 155 3913 3684 3914 155 3914 1986 3914 1987 3915 153 3915 3687 3915 3687 3916 153 3916 151 3916 3687 3917 151 3917 3688 3917 3688 3918 151 3918 1991 3918 3688 3919 1991 3919 1992 3919 1992 3920 1991 3920 1993 3920 1992 3921 1993 3921 1994 3921 1994 3922 1993 3922 150 3922 1994 3923 150 3923 1995 3923 2058 3924 2057 3924 1996 3924 1996 3925 2057 3925 1997 3925 1996 3926 1997 3926 2007 3926 2007 3927 1997 3927 1832 3927 2007 3928 1832 3928 1998 3928 1998 3929 1832 3929 1999 3929 1998 3930 1999 3930 2000 3930 2000 3931 1999 3931 2002 3931 2000 3932 2002 3932 2001 3932 2001 3933 2002 3933 1834 3933 2001 3934 1834 3934 2011 3934 2011 3935 1834 3935 2003 3935 2011 3936 2003 3936 2014 3936 2014 3937 2003 3937 2004 3937 2014 3938 2004 3938 2005 3938 2005 3939 2004 3939 2006 3939 2005 3940 2006 3940 2016 3940 2016 3941 2006 3941 2178 3941 2016 3942 2178 3942 2176 3942 2060 3943 2058 3943 2021 3943 2021 3944 2058 3944 1996 3944 2021 3945 1996 3945 2020 3945 2020 3946 1996 3946 2007 3946 2020 3947 2007 3947 2008 3947 2008 3948 2007 3948 1998 3948 2008 3949 1998 3949 2009 3949 2009 3950 1998 3950 2000 3950 2009 3951 2000 3951 2019 3951 2019 3952 2000 3952 2001 3952 2019 3953 2001 3953 2010 3953 2010 3954 2001 3954 2011 3954 2010 3955 2011 3955 2012 3955 2012 3956 2011 3956 2014 3956 2012 3957 2014 3957 2013 3957 2013 3958 2014 3958 2005 3958 2013 3959 2005 3959 2015 3959 2015 3960 2005 3960 2016 3960 2015 3961 2016 3961 2017 3961 2017 3962 2016 3962 2176 3962 2017 3963 2176 3963 2175 3963 2175 3964 2096 3964 2017 3964 2017 3965 2096 3965 2097 3965 2017 3966 2097 3966 2015 3966 2015 3967 2097 3967 2099 3967 2015 3968 2099 3968 2013 3968 2013 3969 2099 3969 2100 3969 2013 3970 2100 3970 2012 3970 2012 3971 2100 3971 2018 3971 2012 3972 2018 3972 2010 3972 2010 3973 2018 3973 2103 3973 2010 3974 2103 3974 2019 3974 2019 3975 2103 3975 2105 3975 2019 3976 2105 3976 2009 3976 2009 3977 2105 3977 2107 3977 2009 3978 2107 3978 2008 3978 2008 3979 2107 3979 2109 3979 2008 3980 2109 3980 2020 3980 2020 3981 2109 3981 1103 3981 2020 3982 1103 3982 2021 3982 2021 3983 1103 3983 2062 3983 2021 3984 2062 3984 2060 3984 2022 3985 2023 3985 2870 3985 2050 3986 2024 3986 2866 3986 1112 3987 1111 3987 2025 3987 2025 3988 1111 3988 2657 3988 2025 3989 2657 3989 2039 3989 2039 3990 2657 3990 2026 3990 2039 3991 2026 3991 2042 3991 2042 3992 2026 3992 2027 3992 2042 3993 2027 3993 2043 3993 2043 3994 2027 3994 2029 3994 2043 3995 2029 3995 2028 3995 2028 3996 2029 3996 2031 3996 2028 3997 2031 3997 2030 3997 2030 3998 2031 3998 2659 3998 2030 3999 2659 3999 2046 3999 2046 4000 2659 4000 2660 4000 2046 4001 2660 4001 2047 4001 2047 4002 2660 4002 2032 4002 2047 4003 2032 4003 2048 4003 2048 4004 2032 4004 2033 4004 2048 4005 2033 4005 2034 4005 2649 4006 1617 4006 2872 4006 2872 4007 1617 4007 1618 4007 2872 4008 1618 4008 2035 4008 2035 4009 1618 4009 1620 4009 2035 4010 1620 4010 2036 4010 2036 4011 1620 4011 1112 4011 2036 4012 1112 4012 2037 4012 2037 4013 1112 4013 2025 4013 2037 4014 2025 4014 2038 4014 2038 4015 2025 4015 2039 4015 2038 4016 2039 4016 2040 4016 2040 4017 2039 4017 2042 4017 2040 4018 2042 4018 2041 4018 2041 4019 2042 4019 2043 4019 2041 4020 2043 4020 2869 4020 2869 4021 2043 4021 2028 4021 2869 4022 2028 4022 2044 4022 2044 4023 2028 4023 2030 4023 2044 4024 2030 4024 2045 4024 2045 4025 2030 4025 2046 4025 2045 4026 2046 4026 2868 4026 2868 4027 2046 4027 2047 4027 2868 4028 2047 4028 2049 4028 2049 4029 2047 4029 2048 4029 2049 4030 2048 4030 2050 4030 2050 4031 2048 4031 2034 4031 2050 4032 2034 4032 2024 4032 2186 4033 2051 4033 2067 4033 2067 4034 2051 4034 2052 4034 2067 4035 2052 4035 2068 4035 2068 4036 2052 4036 2053 4036 2068 4037 2053 4037 2069 4037 2069 4038 2053 4038 1838 4038 2069 4039 1838 4039 2054 4039 2054 4040 1838 4040 2055 4040 2054 4041 2055 4041 2070 4041 2070 4042 2055 4042 1842 4042 2070 4043 1842 4043 2071 4043 2071 4044 1842 4044 1843 4044 2071 4045 1843 4045 2073 4045 2073 4046 1843 4046 1844 4046 2073 4047 1844 4047 2056 4047 2056 4048 1844 4048 1846 4048 2056 4049 1846 4049 2074 4049 2074 4050 1846 4050 2057 4050 2074 4051 2057 4051 2076 4051 2076 4052 2057 4052 2058 4052 2076 4053 2058 4053 2059 4053 2059 4054 2058 4054 2060 4054 2059 4055 2060 4055 2061 4055 2061 4056 2060 4056 2062 4056 2061 4057 2062 4057 2079 4057 2079 4058 2062 4058 2110 4058 2079 4059 2110 4059 2063 4059 2063 4060 2110 4060 2112 4060 2063 4061 2112 4061 2082 4061 2082 4062 2112 4062 2129 4062 2080 4063 2127 4063 2078 4063 2078 4064 2127 4064 2064 4064 2078 4065 2064 4065 2065 4065 2065 4066 2064 4066 2126 4066 2065 4067 2126 4067 1964 4067 1964 4068 2126 4068 2125 4068 1964 4069 2125 4069 2122 4069 2188 4070 2186 4070 2066 4070 2066 4071 2186 4071 2067 4071 2066 4072 2067 4072 1974 4072 1974 4073 2067 4073 2068 4073 1974 4074 2068 4074 1973 4074 1973 4075 2068 4075 2069 4075 1973 4076 2069 4076 1972 4076 1972 4077 2069 4077 2054 4077 1972 4078 2054 4078 1970 4078 1970 4079 2054 4079 2070 4079 1970 4080 2070 4080 1969 4080 1969 4081 2070 4081 2071 4081 1969 4082 2071 4082 2072 4082 2072 4083 2071 4083 2073 4083 2072 4084 2073 4084 1967 4084 1967 4085 2073 4085 2056 4085 1967 4086 2056 4086 1966 4086 1966 4087 2056 4087 2074 4087 1966 4088 2074 4088 2075 4088 2075 4089 2074 4089 2076 4089 2075 4090 2076 4090 2077 4090 2077 4091 2076 4091 2059 4091 2077 4092 2059 4092 2065 4092 2065 4093 2059 4093 2061 4093 2065 4094 2061 4094 2078 4094 2078 4095 2061 4095 2079 4095 2078 4096 2079 4096 2080 4096 2080 4097 2079 4097 2063 4097 2080 4098 2063 4098 2081 4098 2081 4099 2063 4099 2082 4099 2173 4100 2172 4100 2084 4100 2084 4101 2172 4101 2083 4101 2084 4102 2083 4102 2098 4102 2098 4103 2083 4103 2085 4103 2098 4104 2085 4104 2086 4104 2086 4105 2085 4105 2170 4105 2086 4106 2170 4106 2101 4106 2101 4107 2170 4107 2087 4107 2101 4108 2087 4108 2102 4108 2102 4109 2087 4109 2088 4109 2102 4110 2088 4110 2104 4110 2104 4111 2088 4111 2089 4111 2104 4112 2089 4112 2106 4112 2106 4113 2089 4113 2090 4113 2106 4114 2090 4114 2108 4114 2108 4115 2090 4115 2166 4115 2108 4116 2166 4116 2091 4116 2091 4117 2166 4117 2092 4117 2091 4118 2092 4118 2111 4118 2111 4119 2092 4119 2165 4119 2111 4120 2165 4120 2093 4120 2093 4121 2165 4121 2094 4121 2093 4122 2094 4122 2113 4122 2113 4123 2094 4123 2162 4123 2113 4124 2162 4124 2130 4124 2130 4125 2162 4125 2160 4125 2095 4126 2173 4126 2096 4126 2096 4127 2173 4127 2084 4127 2096 4128 2084 4128 2097 4128 2097 4129 2084 4129 2098 4129 2097 4130 2098 4130 2099 4130 2099 4131 2098 4131 2086 4131 2099 4132 2086 4132 2100 4132 2100 4133 2086 4133 2101 4133 2100 4134 2101 4134 2018 4134 2018 4135 2101 4135 2102 4135 2018 4136 2102 4136 2103 4136 2103 4137 2102 4137 2104 4137 2103 4138 2104 4138 2105 4138 2105 4139 2104 4139 2106 4139 2105 4140 2106 4140 2107 4140 2107 4141 2106 4141 2108 4141 2107 4142 2108 4142 2109 4142 2109 4143 2108 4143 2091 4143 2109 4144 2091 4144 1103 4144 1103 4145 2091 4145 2111 4145 1103 4146 2111 4146 2110 4146 2110 4147 2111 4147 2093 4147 2110 4148 2093 4148 2112 4148 2112 4149 2093 4149 2113 4149 2112 4150 2113 4150 2129 4150 2129 4151 2113 4151 2130 4151 2189 4152 2114 4152 2138 4152 2138 4153 2114 4153 1104 4153 2138 4154 1104 4154 2140 4154 2140 4155 1104 4155 1976 4155 2140 4156 1976 4156 2115 4156 2115 4157 1976 4157 2117 4157 2115 4158 2117 4158 2116 4158 2116 4159 2117 4159 1978 4159 2116 4160 1978 4160 2118 4160 2118 4161 1978 4161 1980 4161 2118 4162 1980 4162 2141 4162 2141 4163 1980 4163 1981 4163 2141 4164 1981 4164 2142 4164 2142 4165 1981 4165 1983 4165 2142 4166 1983 4166 2144 4166 2144 4167 1983 4167 2119 4167 2144 4168 2119 4168 2146 4168 2146 4169 2119 4169 2120 4169 2146 4170 2120 4170 2121 4170 2121 4171 2120 4171 2122 4171 2121 4172 2122 4172 2123 4172 2123 4173 2122 4173 2125 4173 2123 4174 2125 4174 2124 4174 2124 4175 2125 4175 2126 4175 2124 4176 2126 4176 2149 4176 2149 4177 2126 4177 2064 4177 2149 4178 2064 4178 2128 4178 2128 4179 2064 4179 2127 4179 2128 4180 2127 4180 2151 4180 2151 4181 2127 4181 2081 4181 2151 4182 2081 4182 2152 4182 2152 4183 2081 4183 2082 4183 2152 4184 2082 4184 2153 4184 2153 4185 2082 4185 2129 4185 2153 4186 2129 4186 2154 4186 2154 4187 2129 4187 2130 4187 2154 4188 2130 4188 2131 4188 2131 4189 2130 4189 2160 4189 2131 4190 2160 4190 2159 4190 3674 4191 2132 4191 3676 4191 3676 4192 2132 4192 104 4192 3676 4193 104 4193 3677 4193 2285 4194 2133 4194 2135 4194 2135 4195 2133 4195 2134 4195 2135 4196 2134 4196 3672 4196 2134 4197 111 4197 3672 4197 3672 4198 111 4198 110 4198 3672 4199 110 4199 2136 4199 2136 4200 110 4200 2137 4200 2136 4201 2137 4201 3674 4201 3674 4202 2137 4202 109 4202 3674 4203 109 4203 2132 4203 2246 4204 2189 4204 2244 4204 2244 4205 2189 4205 2138 4205 2244 4206 2138 4206 2139 4206 2139 4207 2138 4207 2140 4207 2139 4208 2140 4208 2242 4208 2242 4209 2140 4209 2115 4209 2242 4210 2115 4210 2241 4210 2241 4211 2115 4211 2116 4211 2241 4212 2116 4212 2239 4212 2239 4213 2116 4213 2118 4213 2239 4214 2118 4214 2237 4214 2237 4215 2118 4215 2141 4215 2237 4216 2141 4216 2235 4216 2235 4217 2141 4217 2142 4217 2235 4218 2142 4218 2143 4218 2143 4219 2142 4219 2144 4219 2143 4220 2144 4220 2145 4220 2145 4221 2144 4221 2146 4221 2145 4222 2146 4222 2231 4222 2231 4223 2146 4223 2121 4223 2231 4224 2121 4224 2230 4224 2230 4225 2121 4225 2123 4225 2230 4226 2123 4226 2147 4226 2147 4227 2123 4227 2124 4227 2147 4228 2124 4228 2148 4228 2148 4229 2124 4229 2149 4229 2148 4230 2149 4230 2228 4230 2228 4231 2149 4231 2128 4231 2228 4232 2128 4232 2150 4232 2150 4233 2128 4233 2151 4233 2150 4234 2151 4234 2226 4234 2226 4235 2151 4235 2152 4235 2226 4236 2152 4236 2225 4236 2225 4237 2152 4237 2153 4237 2225 4238 2153 4238 2155 4238 2155 4239 2153 4239 2154 4239 2155 4240 2154 4240 2156 4240 2156 4241 2154 4241 2131 4241 2156 4242 2131 4242 2223 4242 2223 4243 2131 4243 2159 4243 2223 4244 2159 4244 2222 4244 2157 4245 2222 4245 2158 4245 2158 4246 2222 4246 2159 4246 2158 4247 2159 4247 3663 4247 3663 4248 2159 4248 2160 4248 3663 4249 2160 4249 2161 4249 2161 4250 2160 4250 2162 4250 2161 4251 2162 4251 2163 4251 2163 4252 2162 4252 2094 4252 2163 4253 2094 4253 2164 4253 2164 4254 2094 4254 2165 4254 2164 4255 2165 4255 3660 4255 3660 4256 2165 4256 2092 4256 3660 4257 2092 4257 3658 4257 3658 4258 2092 4258 2166 4258 3658 4259 2166 4259 3656 4259 3656 4260 2166 4260 2090 4260 3656 4261 2090 4261 2167 4261 2167 4262 2090 4262 2089 4262 2167 4263 2089 4263 3655 4263 3655 4264 2089 4264 2088 4264 3655 4265 2088 4265 2168 4265 2168 4266 2088 4266 2087 4266 2168 4267 2087 4267 2169 4267 2169 4268 2087 4268 2170 4268 2169 4269 2170 4269 3653 4269 3653 4270 2170 4270 2085 4270 3653 4271 2085 4271 2171 4271 2171 4272 2085 4272 2083 4272 2171 4273 2083 4273 3650 4273 3650 4274 2083 4274 2172 4274 3650 4275 2172 4275 3648 4275 3648 4276 2172 4276 2173 4276 3648 4277 2173 4277 1614 4277 1614 4278 2173 4278 2095 4278 1614 4279 2095 4279 2174 4279 2174 4280 2095 4280 2175 4280 2174 4281 2175 4281 1615 4281 1615 4282 2175 4282 2176 4282 1615 4283 2176 4283 2177 4283 2177 4284 2176 4284 2178 4284 2177 4285 2178 4285 1616 4285 1616 4286 2178 4286 2180 4286 1616 4287 2180 4287 2179 4287 2179 4288 2180 4288 1825 4288 2179 4289 1825 4289 1647 4289 1647 4290 1825 4290 1818 4290 1647 4291 1818 4291 2181 4291 2181 4292 1818 4292 2182 4292 2181 4293 2182 4293 1715 4293 1715 4294 2182 4294 2183 4294 1715 4295 2183 4295 1716 4295 1716 4296 2183 4296 2184 4296 1716 4297 2184 4297 1732 4297 1732 4298 2184 4298 1810 4298 1732 4299 1810 4299 1740 4299 1740 4300 1810 4300 2185 4300 1740 4301 2185 4301 1773 4301 1773 4302 2185 4302 2051 4302 1773 4303 2051 4303 1786 4303 1786 4304 2051 4304 2186 4304 1786 4305 2186 4305 2187 4305 2187 4306 2186 4306 2188 4306 2187 4307 2188 4307 1848 4307 1848 4308 2188 4308 2114 4308 1848 4309 2114 4309 1918 4309 1918 4310 2114 4310 2189 4310 1918 4311 2189 4311 2190 4311 2190 4312 2189 4312 2246 4312 2190 4313 2246 4313 2191 4313 2425 4314 200 4314 204 4314 2384 4315 202 4315 2192 4315 2449 4316 2353 4316 2193 4316 2193 4317 2353 4317 2355 4317 2193 4318 2355 4318 2452 4318 2452 4319 2355 4319 2194 4319 2452 4320 2194 4320 2453 4320 2453 4321 2194 4321 2195 4321 2453 4322 2195 4322 2196 4322 2196 4323 2195 4323 2198 4323 2196 4324 2198 4324 2197 4324 2197 4325 2198 4325 2359 4325 2197 4326 2359 4326 2199 4326 2199 4327 2359 4327 2362 4327 2199 4328 2362 4328 2456 4328 2456 4329 2362 4329 2363 4329 2456 4330 2363 4330 2458 4330 2458 4331 2363 4331 2200 4331 2458 4332 2200 4332 2201 4332 2201 4333 2200 4333 2365 4333 2201 4334 2365 4334 2462 4334 2462 4335 2365 4335 2366 4335 2462 4336 2366 4336 2202 4336 2202 4337 2366 4337 2367 4337 2202 4338 2367 4338 2203 4338 2203 4339 2367 4339 2204 4339 2203 4340 2204 4340 2464 4340 2464 4341 2204 4341 2369 4341 2464 4342 2369 4342 2205 4342 2205 4343 2369 4343 2371 4343 2205 4344 2371 4344 2206 4344 2206 4345 2371 4345 2207 4345 2206 4346 2207 4346 2208 4346 2208 4347 2207 4347 2373 4347 2208 4348 2373 4348 2467 4348 204 4349 2209 4349 2424 4349 2424 4350 2209 4350 203 4350 1107 4351 2210 4351 2211 4351 2211 4352 2210 4352 2437 4352 2211 4353 2437 4353 2396 4353 2396 4354 2437 4354 2435 4354 2396 4355 2435 4355 2212 4355 2212 4356 2435 4356 2213 4356 2212 4357 2213 4357 2395 4357 2395 4358 2213 4358 2215 4358 2395 4359 2215 4359 2214 4359 2214 4360 2215 4360 2216 4360 2214 4361 2216 4361 2392 4361 2392 4362 2216 4362 2433 4362 2392 4363 2433 4363 2390 4363 2390 4364 2433 4364 2217 4364 2390 4365 2217 4365 2389 4365 2389 4366 2217 4366 2431 4366 2389 4367 2431 4367 2388 4367 2388 4368 2431 4368 2429 4368 2388 4369 2429 4369 2218 4369 2218 4370 2429 4370 2220 4370 2218 4371 2220 4371 2219 4371 2219 4372 2220 4372 2426 4372 2219 4373 2426 4373 2386 4373 2386 4374 2426 4374 2424 4374 2386 4375 2424 4375 2384 4375 2384 4376 2424 4376 203 4376 2384 4377 203 4377 202 4377 2157 4378 2221 4378 2222 4378 2222 4379 2221 4379 3666 4379 2222 4380 3666 4380 2223 4380 2223 4381 3666 4381 3668 4381 2223 4382 3668 4382 2156 4382 2156 4383 3668 4383 2224 4383 2156 4384 2224 4384 2155 4384 2155 4385 2224 4385 3670 4385 2155 4386 3670 4386 2225 4386 2225 4387 3670 4387 3671 4387 2225 4388 3671 4388 2226 4388 2226 4389 3671 4389 2227 4389 2226 4390 2227 4390 2150 4390 2150 4391 2227 4391 3673 4391 2150 4392 3673 4392 2228 4392 2228 4393 3673 4393 3675 4393 2228 4394 3675 4394 2148 4394 2148 4395 3675 4395 2229 4395 2148 4396 2229 4396 2147 4396 2147 4397 2229 4397 3678 4397 2147 4398 3678 4398 2230 4398 2230 4399 3678 4399 3679 4399 2230 4400 3679 4400 2231 4400 2231 4401 3679 4401 2232 4401 2231 4402 2232 4402 2145 4402 2145 4403 2232 4403 2233 4403 2145 4404 2233 4404 2143 4404 2143 4405 2233 4405 2234 4405 2143 4406 2234 4406 2235 4406 2235 4407 2234 4407 2236 4407 2235 4408 2236 4408 2237 4408 2237 4409 2236 4409 2238 4409 2237 4410 2238 4410 2239 4410 2239 4411 2238 4411 3686 4411 2239 4412 3686 4412 2241 4412 2241 4413 3686 4413 2240 4413 2241 4414 2240 4414 2242 4414 2242 4415 2240 4415 2243 4415 2242 4416 2243 4416 2139 4416 2139 4417 2243 4417 2245 4417 2139 4418 2245 4418 2244 4418 2244 4419 2245 4419 2247 4419 2244 4420 2247 4420 2246 4420 2246 4421 2247 4421 3689 4421 2246 4422 3689 4422 2191 4422 2191 4423 3689 4423 2248 4423 2191 4424 2248 4424 1960 4424 1960 4425 2248 4425 2249 4425 1960 4426 2249 4426 2250 4426 2250 4427 2249 4427 3691 4427 2250 4428 3691 4428 1575 4428 1575 4429 3691 4429 3693 4429 1575 4430 3693 4430 1576 4430 1576 4431 3693 4431 3694 4431 1576 4432 3694 4432 2251 4432 2251 4433 3694 4433 142 4433 2251 4434 142 4434 137 4434 2253 4435 2252 4435 3665 4435 3665 4436 116 4436 3667 4436 3667 4437 116 4437 115 4437 3667 4438 115 4438 3669 4438 2252 4439 2253 4439 2269 4439 120 4440 119 4440 2354 4440 2354 4441 119 4441 2269 4441 2354 4442 2269 4442 2356 4442 2356 4443 2269 4443 2253 4443 2356 4444 2253 4444 2254 4444 2254 4445 2253 4445 2255 4445 2254 4446 2255 4446 2357 4446 2357 4447 2255 4447 3664 4447 2357 4448 3664 4448 2358 4448 2358 4449 3664 4449 2256 4449 2358 4450 2256 4450 2360 4450 2360 4451 2256 4451 3662 4451 2360 4452 3662 4452 2361 4452 2361 4453 3662 4453 2257 4453 2361 4454 2257 4454 2258 4454 2258 4455 2257 4455 3661 4455 2258 4456 3661 4456 2364 4456 2364 4457 3661 4457 3659 4457 2364 4458 3659 4458 2259 4458 2259 4459 3659 4459 2260 4459 2259 4460 2260 4460 2261 4460 2261 4461 2260 4461 3657 4461 2261 4462 3657 4462 2368 4462 2368 4463 3657 4463 2262 4463 2368 4464 2262 4464 2370 4464 2370 4465 2262 4465 3654 4465 2370 4466 3654 4466 2263 4466 2263 4467 3654 4467 2264 4467 2263 4468 2264 4468 2372 4468 2372 4469 2264 4469 2265 4469 2372 4470 2265 4470 2266 4470 2266 4471 2265 4471 3652 4471 2266 4472 3652 4472 2267 4472 2267 4473 3652 4473 3651 4473 2267 4474 3651 4474 3649 4474 210 4475 2449 4475 2268 4475 119 4476 117 4476 2269 4476 2269 4477 117 4477 2270 4477 2269 4478 2270 4478 2252 4478 2252 4479 2270 4479 2271 4479 2252 4480 2271 4480 3665 4480 3665 4481 2271 4481 2272 4481 3665 4482 2272 4482 116 4482 1109 4483 2399 4483 2273 4483 2273 4484 2399 4484 2398 4484 2273 4485 2398 4485 2465 4485 2465 4486 2398 4486 2397 4486 2465 4487 2397 4487 2274 4487 2274 4488 2397 4488 2275 4488 2274 4489 2275 4489 2463 4489 2463 4490 2275 4490 2394 4490 2463 4491 2394 4491 2461 4491 2461 4492 2394 4492 2393 4492 2461 4493 2393 4493 2276 4493 2276 4494 2393 4494 2277 4494 2276 4495 2277 4495 2460 4495 2460 4496 2277 4496 2391 4496 2460 4497 2391 4497 2459 4497 2459 4498 2391 4498 2278 4498 2459 4499 2278 4499 2457 4499 2457 4500 2278 4500 2279 4500 2457 4501 2279 4501 2455 4501 2455 4502 2279 4502 2280 4502 2455 4503 2280 4503 2454 4503 2454 4504 2280 4504 2281 4504 2454 4505 2281 4505 2282 4505 2282 4506 2281 4506 2387 4506 2282 4507 2387 4507 2283 4507 2283 4508 2387 4508 2385 4508 2283 4509 2385 4509 2451 4509 2451 4510 2385 4510 1101 4510 2451 4511 1101 4511 2450 4511 2450 4512 1101 4512 205 4512 2450 4513 205 4513 206 4513 115 4514 114 4514 3669 4514 3669 4515 114 4515 2284 4515 3669 4516 2284 4516 2285 4516 2285 4517 2284 4517 112 4517 2285 4518 112 4518 2133 4518 2866 4519 2286 4519 2867 4519 2867 4520 2286 4520 2287 4520 2023 4521 2022 4521 2432 4521 2432 4522 2022 4522 2288 4522 2432 4523 2288 4523 2290 4523 2290 4524 2288 4524 2289 4524 2290 4525 2289 4525 2430 4525 2430 4526 2289 4526 2291 4526 2430 4527 2291 4527 2428 4527 2428 4528 2291 4528 2292 4528 2428 4529 2292 4529 2427 4529 2427 4530 2292 4530 2867 4530 2427 4531 2867 4531 2425 4531 2425 4532 2867 4532 2287 4532 2425 4533 2287 4533 200 4533 104 4534 106 4534 3677 4534 3677 4535 106 4535 107 4535 3677 4536 107 4536 2293 4536 2293 4537 107 4537 2294 4537 2293 4538 2294 4538 3680 4538 3680 4539 2294 4539 2295 4539 3680 4540 2295 4540 2296 4540 3863 4541 3085 4541 2297 4541 3863 4542 2298 4542 3085 4542 3085 4543 2298 4543 3861 4543 3085 4544 3861 4544 2299 4544 2299 4545 3861 4545 3862 4545 2299 4546 3862 4546 2304 4546 2300 4547 3074 4547 3080 4547 3080 4548 3074 4548 2301 4548 3080 4549 2301 4549 2302 4549 2302 4550 2301 4550 2303 4550 2302 4551 2303 4551 3082 4551 3082 4552 2303 4552 3072 4552 2304 4553 2305 4553 2306 4553 2306 4554 2305 4554 3860 4554 2306 4555 3860 4555 2308 4555 3860 4556 2307 4556 2308 4556 2308 4557 2307 4557 2311 4557 2308 4558 2311 4558 3077 4558 3856 4559 3552 4559 2309 4559 2309 4560 3552 4560 2313 4560 2309 4561 2313 4561 2310 4561 2311 4562 2312 4562 3077 4562 3077 4563 2312 4563 3858 4563 3077 4564 3858 4564 2313 4564 2313 4565 3858 4565 2314 4565 2313 4566 2314 4566 2310 4566 3075 4567 2315 4567 3076 4567 3076 4568 2315 4568 2316 4568 3076 4569 2316 4569 3078 4569 3078 4570 2316 4570 2317 4570 3078 4571 2317 4571 2318 4571 2318 4572 2317 4572 2320 4572 2318 4573 2320 4573 2300 4573 2347 4574 2320 4574 2319 4574 2319 4575 2320 4575 2317 4575 2319 4576 2317 4576 2321 4576 2321 4577 2317 4577 2316 4577 2321 4578 2316 4578 3548 4578 3548 4579 2316 4579 2315 4579 2322 4580 2344 4580 2323 4580 2323 4581 2344 4581 2346 4581 2323 4582 2346 4582 2324 4582 2324 4583 2346 4583 2349 4583 2322 4584 2325 4584 3547 4584 3857 4585 3855 4585 2338 4585 2338 4586 3855 4586 2326 4586 2338 4587 2326 4587 2339 4587 2327 4588 2328 4588 3524 4588 3524 4589 2328 4589 3778 4589 2510 4590 3777 4590 2508 4590 3850 4591 3851 4591 2795 4591 2795 4592 3851 4592 2329 4592 2795 4593 2329 4593 2797 4593 3851 4594 3849 4594 2329 4594 2329 4595 3849 4595 3848 4595 2329 4596 3848 4596 2331 4596 2493 4597 2797 4597 2495 4597 2495 4598 2797 4598 2329 4598 2495 4599 2329 4599 2330 4599 2330 4600 2329 4600 2331 4600 2330 4601 2331 4601 2332 4601 2484 4602 2483 4602 3777 4602 2485 4603 2333 4603 2483 4603 2334 4604 2335 4604 3518 4604 3518 4605 2335 4605 3549 4605 3518 4606 3549 4606 2336 4606 2336 4607 3549 4607 3550 4607 2336 4608 3550 4608 3520 4608 3520 4609 3550 4609 3551 4609 3520 4610 3551 4610 2337 4610 2337 4611 3551 4611 3553 4611 2337 4612 3553 4612 3522 4612 3522 4613 3553 4613 2338 4613 3522 4614 2338 4614 3523 4614 3523 4615 2338 4615 2339 4615 3523 4616 2339 4616 3854 4616 2342 4617 2340 4617 2333 4617 2340 4618 2342 4618 2341 4618 2341 4619 2342 4619 2343 4619 2341 4620 2343 4620 2477 4620 2322 4621 3547 4621 2344 4621 2344 4622 3547 4622 2345 4622 2344 4623 2345 4623 2346 4623 2346 4624 2345 4624 2350 4624 2346 4625 2350 4625 2349 4625 3548 4626 2325 4626 2321 4626 2321 4627 2325 4627 2322 4627 2321 4628 2322 4628 2319 4628 2319 4629 2322 4629 2323 4629 2319 4630 2323 4630 2347 4630 2347 4631 2323 4631 2324 4631 2347 4632 2324 4632 2348 4632 2348 4633 2324 4633 2349 4633 2348 4634 2349 4634 2351 4634 2351 4635 2349 4635 2350 4635 2351 4636 2350 4636 2352 4636 2352 4637 2350 4637 1097 4637 2352 4638 1097 4638 3187 4638 3187 4639 1097 4639 3616 4639 3187 4640 3616 4640 3614 4640 2382 4641 2380 4641 3769 4641 121 4642 120 4642 2353 4642 2353 4643 120 4643 2354 4643 2353 4644 2354 4644 2355 4644 2355 4645 2354 4645 2356 4645 2355 4646 2356 4646 2194 4646 2194 4647 2356 4647 2254 4647 2194 4648 2254 4648 2195 4648 2195 4649 2254 4649 2357 4649 2195 4650 2357 4650 2198 4650 2198 4651 2357 4651 2358 4651 2198 4652 2358 4652 2359 4652 2359 4653 2358 4653 2360 4653 2359 4654 2360 4654 2362 4654 2362 4655 2360 4655 2361 4655 2362 4656 2361 4656 2363 4656 2363 4657 2361 4657 2258 4657 2363 4658 2258 4658 2200 4658 2200 4659 2258 4659 2364 4659 2200 4660 2364 4660 2365 4660 2365 4661 2364 4661 2259 4661 2365 4662 2259 4662 2366 4662 2366 4663 2259 4663 2261 4663 2366 4664 2261 4664 2367 4664 2367 4665 2261 4665 2368 4665 2367 4666 2368 4666 2204 4666 2204 4667 2368 4667 2370 4667 2204 4668 2370 4668 2369 4668 2369 4669 2370 4669 2263 4669 2369 4670 2263 4670 2371 4670 2371 4671 2263 4671 2372 4671 2371 4672 2372 4672 2207 4672 2207 4673 2372 4673 2266 4673 2207 4674 2266 4674 2373 4674 2373 4675 2266 4675 2267 4675 2373 4676 2267 4676 2467 4676 2467 4677 2267 4677 3649 4677 2467 4678 3649 4678 2374 4678 2374 4679 3649 4679 2375 4679 2374 4680 2375 4680 2468 4680 2468 4681 2375 4681 3647 4681 2468 4682 3647 4682 2469 4682 2469 4683 3647 4683 2376 4683 2469 4684 2376 4684 2377 4684 2377 4685 2376 4685 2379 4685 2377 4686 2379 4686 2378 4686 2378 4687 2379 4687 2380 4687 2378 4688 2380 4688 2381 4688 2381 4689 2380 4689 2382 4689 2381 4690 2382 4690 2383 4690 2192 4691 1101 4691 2384 4691 2384 4692 1101 4692 2385 4692 2384 4693 2385 4693 2386 4693 2386 4694 2385 4694 2387 4694 2386 4695 2387 4695 2219 4695 2219 4696 2387 4696 2281 4696 2219 4697 2281 4697 2218 4697 2218 4698 2281 4698 2280 4698 2218 4699 2280 4699 2388 4699 2388 4700 2280 4700 2279 4700 2388 4701 2279 4701 2389 4701 2389 4702 2279 4702 2278 4702 2389 4703 2278 4703 2390 4703 2390 4704 2278 4704 2391 4704 2390 4705 2391 4705 2392 4705 2392 4706 2391 4706 2277 4706 2392 4707 2277 4707 2214 4707 2214 4708 2277 4708 2393 4708 2214 4709 2393 4709 2395 4709 2395 4710 2393 4710 2394 4710 2395 4711 2394 4711 2212 4711 2212 4712 2394 4712 2275 4712 2212 4713 2275 4713 2396 4713 2396 4714 2275 4714 2397 4714 2396 4715 2397 4715 2211 4715 2211 4716 2397 4716 2398 4716 2211 4717 2398 4717 1107 4717 1107 4718 2398 4718 2399 4718 1107 4719 2399 4719 1108 4719 1108 4720 2399 4720 2466 4720 1108 4721 2466 4721 2400 4721 2400 4722 2466 4722 2401 4722 2400 4723 2401 4723 2402 4723 2402 4724 2401 4724 2404 4724 2402 4725 2404 4725 2403 4725 2403 4726 2404 4726 2470 4726 2403 4727 2470 4727 2440 4727 2440 4728 2470 4728 2471 4728 2440 4729 2471 4729 2441 4729 2441 4730 2471 4730 2472 4730 2441 4731 2472 4731 2405 4731 2405 4732 2472 4732 2473 4732 2405 4733 2473 4733 2444 4733 2444 4734 2473 4734 2474 4734 2444 4735 2474 4735 2406 4735 2406 4736 2474 4736 2407 4736 2406 4737 2407 4737 2446 4737 2023 4738 2408 4738 2870 4738 2870 4739 2408 4739 2409 4739 2870 4740 2409 4740 2410 4740 2410 4741 2409 4741 2411 4741 2410 4742 2411 4742 2871 4742 2871 4743 2411 4743 1623 4743 2871 4744 1623 4744 2412 4744 2412 4745 1623 4745 1622 4745 2412 4746 1622 4746 2413 4746 2413 4747 1622 4747 2414 4747 2413 4748 2414 4748 2415 4748 2415 4749 2414 4749 2416 4749 2415 4750 2416 4750 2417 4750 2417 4751 2416 4751 2438 4751 2417 4752 2438 4752 2873 4752 2873 4753 2438 4753 2418 4753 2873 4754 2418 4754 2419 4754 2419 4755 2418 4755 2421 4755 2419 4756 2421 4756 2420 4756 2420 4757 2421 4757 2439 4757 2420 4758 2439 4758 2422 4758 2422 4759 2439 4759 2442 4759 2422 4760 2442 4760 2876 4760 2876 4761 2442 4761 2443 4761 2876 4762 2443 4762 2423 4762 2423 4763 2443 4763 2445 4763 2423 4764 2445 4764 2877 4764 2877 4765 2445 4765 2447 4765 2877 4766 2447 4766 2878 4766 2878 4767 2447 4767 2448 4767 2878 4768 2448 4768 2879 4768 204 4769 2424 4769 2425 4769 2425 4770 2424 4770 2426 4770 2425 4771 2426 4771 2427 4771 2427 4772 2426 4772 2220 4772 2427 4773 2220 4773 2428 4773 2428 4774 2220 4774 2429 4774 2428 4775 2429 4775 2430 4775 2430 4776 2429 4776 2431 4776 2430 4777 2431 4777 2290 4777 2290 4778 2431 4778 2217 4778 2290 4779 2217 4779 2432 4779 2432 4780 2217 4780 2433 4780 2432 4781 2433 4781 2023 4781 2023 4782 2433 4782 2216 4782 2023 4783 2216 4783 2408 4783 2408 4784 2216 4784 2215 4784 2408 4785 2215 4785 2434 4785 2434 4786 2215 4786 2213 4786 2434 4787 2213 4787 1624 4787 1624 4788 2213 4788 2435 4788 1624 4789 2435 4789 2436 4789 2436 4790 2435 4790 2437 4790 2436 4791 2437 4791 1621 4791 1621 4792 2437 4792 2210 4792 1621 4793 2210 4793 2414 4793 2414 4794 2210 4794 1108 4794 2414 4795 1108 4795 2416 4795 2416 4796 1108 4796 2400 4796 2416 4797 2400 4797 2438 4797 2438 4798 2400 4798 2402 4798 2438 4799 2402 4799 2418 4799 2418 4800 2402 4800 2403 4800 2418 4801 2403 4801 2421 4801 2421 4802 2403 4802 2440 4802 2421 4803 2440 4803 2439 4803 2439 4804 2440 4804 2441 4804 2439 4805 2441 4805 2442 4805 2442 4806 2441 4806 2405 4806 2442 4807 2405 4807 2443 4807 2443 4808 2405 4808 2444 4808 2443 4809 2444 4809 2445 4809 2445 4810 2444 4810 2406 4810 2445 4811 2406 4811 2447 4811 2447 4812 2406 4812 2446 4812 2447 4813 2446 4813 2448 4813 2268 4814 2449 4814 2450 4814 2450 4815 2449 4815 2193 4815 2450 4816 2193 4816 2451 4816 2451 4817 2193 4817 2452 4817 2451 4818 2452 4818 2283 4818 2283 4819 2452 4819 2453 4819 2283 4820 2453 4820 2282 4820 2282 4821 2453 4821 2196 4821 2282 4822 2196 4822 2454 4822 2454 4823 2196 4823 2197 4823 2454 4824 2197 4824 2455 4824 2455 4825 2197 4825 2199 4825 2455 4826 2199 4826 2457 4826 2457 4827 2199 4827 2456 4827 2457 4828 2456 4828 2459 4828 2459 4829 2456 4829 2458 4829 2459 4830 2458 4830 2460 4830 2460 4831 2458 4831 2201 4831 2460 4832 2201 4832 2276 4832 2276 4833 2201 4833 2462 4833 2276 4834 2462 4834 2461 4834 2461 4835 2462 4835 2202 4835 2461 4836 2202 4836 2463 4836 2463 4837 2202 4837 2203 4837 2463 4838 2203 4838 2274 4838 2274 4839 2203 4839 2464 4839 2274 4840 2464 4840 2465 4840 2465 4841 2464 4841 2205 4841 2465 4842 2205 4842 2273 4842 2273 4843 2205 4843 2206 4843 2273 4844 2206 4844 1109 4844 1109 4845 2206 4845 2208 4845 1109 4846 2208 4846 2466 4846 2466 4847 2208 4847 2467 4847 2466 4848 2467 4848 2401 4848 2401 4849 2467 4849 2374 4849 2401 4850 2374 4850 2404 4850 2404 4851 2374 4851 2468 4851 2404 4852 2468 4852 2470 4852 2470 4853 2468 4853 2469 4853 2470 4854 2469 4854 2471 4854 2471 4855 2469 4855 2377 4855 2471 4856 2377 4856 2472 4856 2472 4857 2377 4857 2378 4857 2472 4858 2378 4858 2473 4858 2473 4859 2378 4859 2381 4859 2473 4860 2381 4860 2474 4860 2474 4861 2381 4861 2383 4861 2474 4862 2383 4862 2407 4862 2333 4863 2485 4863 2342 4863 2342 4864 2485 4864 2486 4864 2342 4865 2486 4865 2343 4865 2343 4866 2486 4866 2475 4866 2343 4867 2475 4867 2477 4867 2477 4868 2475 4868 2476 4868 2477 4869 2476 4869 2479 4869 2479 4870 2476 4870 2478 4870 2479 4871 2478 4871 2480 4871 2480 4872 2478 4872 2482 4872 2480 4873 2482 4873 2481 4873 2481 4874 2482 4874 2835 4874 2481 4875 2835 4875 2875 4875 2483 4876 2484 4876 2485 4876 2485 4877 2484 4877 2487 4877 2485 4878 2487 4878 2486 4878 2486 4879 2487 4879 2488 4879 2486 4880 2488 4880 2475 4880 2475 4881 2488 4881 2702 4881 2475 4882 2702 4882 2476 4882 3846 4883 2489 4883 2490 4883 2490 4884 2489 4884 3847 4884 3846 4885 2491 4885 3714 4885 3714 4886 2491 4886 3715 4886 3840 4887 3838 4887 2492 4887 2492 4888 3838 4888 3837 4888 2492 4889 3837 4889 3836 4889 2799 4890 2493 4890 2494 4890 2494 4891 2493 4891 2495 4891 2494 4892 2495 4892 2496 4892 2496 4893 2495 4893 2330 4893 2496 4894 2330 4894 2499 4894 2499 4895 2330 4895 2332 4895 2499 4896 2332 4896 2500 4896 2504 4897 2799 4897 2497 4897 2497 4898 2799 4898 2494 4898 2497 4899 2494 4899 2501 4899 2501 4900 2494 4900 2496 4900 2501 4901 2496 4901 2498 4901 2498 4902 2496 4902 2499 4902 2498 4903 2499 4903 2489 4903 2489 4904 2499 4904 2500 4904 2489 4905 2500 4905 3847 4905 3846 4906 3714 4906 2489 4906 2489 4907 3714 4907 3713 4907 2489 4908 3713 4908 2498 4908 2498 4909 3713 4909 3711 4909 2498 4910 3711 4910 2501 4910 2501 4911 3711 4911 2502 4911 2501 4912 2502 4912 2497 4912 2502 4913 2503 4913 2497 4913 2497 4914 2503 4914 3709 4914 2497 4915 3709 4915 2504 4915 2504 4916 3709 4916 2505 4916 2504 4917 2505 4917 2506 4917 2506 4918 2505 4918 2507 4918 2506 4919 2507 4919 2714 4919 3853 4920 1100 4920 2508 4920 2508 4921 1100 4921 2509 4921 2508 4922 2509 4922 2510 4922 2510 4923 2509 4923 2599 4923 2510 4924 2599 4924 2511 4924 2511 4925 2599 4925 2601 4925 2511 4926 2601 4926 2701 4926 2701 4927 2601 4927 2602 4927 2701 4928 2602 4928 2512 4928 2512 4929 2602 4929 2603 4929 2512 4930 2603 4930 2513 4930 2513 4931 2603 4931 2514 4931 2513 4932 2514 4932 2605 4932 2515 4933 3708 4933 2516 4933 2516 4934 3708 4934 2517 4934 2516 4935 2517 4935 2524 4935 2524 4936 2517 4936 2518 4936 2524 4937 2518 4937 2525 4937 2525 4938 2518 4938 2520 4938 2525 4939 2520 4939 2519 4939 2519 4940 2520 4940 3710 4940 2519 4941 3710 4941 2528 4941 2528 4942 3710 4942 3712 4942 2528 4943 3712 4943 2521 4943 2521 4944 3712 4944 2522 4944 2521 4945 2522 4945 2529 4945 2785 4946 2515 4946 2787 4946 2787 4947 2515 4947 2516 4947 2787 4948 2516 4948 2523 4948 2523 4949 2516 4949 2524 4949 2523 4950 2524 4950 2526 4950 2526 4951 2524 4951 2525 4951 2526 4952 2525 4952 2789 4952 2789 4953 2525 4953 2519 4953 2789 4954 2519 4954 2527 4954 2527 4955 2519 4955 2528 4955 2527 4956 2528 4956 2790 4956 2790 4957 2528 4957 2521 4957 2790 4958 2521 4958 2791 4958 2791 4959 2521 4959 2529 4959 2791 4960 2529 4960 2793 4960 2793 4961 2529 4961 3716 4961 2793 4962 3716 4962 3844 4962 3835 4963 3834 4963 2540 4963 2540 4964 3834 4964 3833 4964 2530 4965 2531 4965 2532 4965 2532 4966 2531 4966 2533 4966 2584 4967 3831 4967 2585 4967 2585 4968 3831 4968 3830 4968 2534 4969 3829 4969 2536 4969 2536 4970 3829 4970 3828 4970 2535 4971 2536 4971 2539 4971 2539 4972 2536 4972 3828 4972 2539 4973 3828 4973 3826 4973 2538 4974 2537 4974 2589 4974 2589 4975 2537 4975 693 4975 2589 4976 693 4976 2590 4976 3830 4977 2534 4977 2585 4977 2585 4978 2534 4978 2536 4978 2585 4979 2536 4979 2587 4979 2587 4980 2536 4980 2535 4980 2587 4981 2535 4981 2589 4981 2589 4982 2535 4982 696 4982 2589 4983 696 4983 2538 4983 3826 4984 1095 4984 2539 4984 2539 4985 1095 4985 691 4985 2539 4986 691 4986 2535 4986 2535 4987 691 4987 697 4987 2535 4988 697 4988 696 4988 3836 4989 3835 4989 2492 4989 2492 4990 3835 4990 2540 4990 2492 4991 2540 4991 2553 4991 2553 4992 2540 4992 2542 4992 2553 4993 2542 4993 2541 4993 2541 4994 2542 4994 2543 4994 2541 4995 2543 4995 2544 4995 2544 4996 2543 4996 2564 4996 2544 4997 2564 4997 2545 4997 2545 4998 2564 4998 2547 4998 2545 4999 2547 4999 2546 4999 2546 5000 2547 5000 2567 5000 2546 5001 2567 5001 2556 5001 2556 5002 2567 5002 2548 5002 2556 5003 2548 5003 2549 5003 2549 5004 2548 5004 2568 5004 2549 5005 2568 5005 2559 5005 2559 5006 2568 5006 2570 5006 2559 5007 2570 5007 2561 5007 2550 5008 3840 5008 2551 5008 2551 5009 3840 5009 2492 5009 2551 5010 2492 5010 2664 5010 2664 5011 2492 5011 2553 5011 2664 5012 2553 5012 2552 5012 2552 5013 2553 5013 2541 5013 2552 5014 2541 5014 2666 5014 2666 5015 2541 5015 2544 5015 2666 5016 2544 5016 2668 5016 2668 5017 2544 5017 2545 5017 2668 5018 2545 5018 2554 5018 2554 5019 2545 5019 2546 5019 2554 5020 2546 5020 2555 5020 2555 5021 2546 5021 2556 5021 2555 5022 2556 5022 2557 5022 2557 5023 2556 5023 2549 5023 2557 5024 2549 5024 2558 5024 2558 5025 2549 5025 2559 5025 2558 5026 2559 5026 2560 5026 2560 5027 2559 5027 2561 5027 2560 5028 2561 5028 2685 5028 3833 5029 2562 5029 2540 5029 2540 5030 2562 5030 2571 5030 2540 5031 2571 5031 2542 5031 2542 5032 2571 5032 2572 5032 2542 5033 2572 5033 2543 5033 2543 5034 2572 5034 2563 5034 2543 5035 2563 5035 2564 5035 2564 5036 2563 5036 2565 5036 2564 5037 2565 5037 2547 5037 2547 5038 2565 5038 2566 5038 2547 5039 2566 5039 2567 5039 2567 5040 2566 5040 2576 5040 2567 5041 2576 5041 2548 5041 2548 5042 2576 5042 2577 5042 2548 5043 2577 5043 2568 5043 2568 5044 2577 5044 2569 5044 2568 5045 2569 5045 2570 5045 2562 5046 2530 5046 2571 5046 2571 5047 2530 5047 2532 5047 2571 5048 2532 5048 2572 5048 2572 5049 2532 5049 2856 5049 2572 5050 2856 5050 2563 5050 2563 5051 2856 5051 2573 5051 2563 5052 2573 5052 2565 5052 2565 5053 2573 5053 2574 5053 2565 5054 2574 5054 2566 5054 2566 5055 2574 5055 2575 5055 2566 5056 2575 5056 2576 5056 2576 5057 2575 5057 2859 5057 2576 5058 2859 5058 2577 5058 2577 5059 2859 5059 2861 5059 2577 5060 2861 5060 2569 5060 2580 5061 2591 5061 2578 5061 2578 5062 2579 5062 2580 5062 2580 5063 2579 5063 710 5063 2580 5064 710 5064 2594 5064 2697 5065 2582 5065 2581 5065 2581 5066 2582 5066 2684 5066 2581 5067 2684 5067 2583 5067 2684 5068 2683 5068 2583 5068 2583 5069 2683 5069 1094 5069 2583 5070 1094 5070 2864 5070 3832 5071 2584 5071 2855 5071 2855 5072 2584 5072 2585 5072 2855 5073 2585 5073 2586 5073 2586 5074 2585 5074 2587 5074 2586 5075 2587 5075 2588 5075 2588 5076 2587 5076 2589 5076 2588 5077 2589 5077 2857 5077 2857 5078 2589 5078 2590 5078 2857 5079 2590 5079 2858 5079 2858 5080 2590 5080 2591 5080 2858 5081 2591 5081 2860 5081 2860 5082 2591 5082 2580 5082 2860 5083 2580 5083 2592 5083 2592 5084 2580 5084 2594 5084 2592 5085 2594 5085 2863 5085 2863 5086 2594 5086 2595 5086 2863 5087 2595 5087 2593 5087 2593 5088 2595 5088 2850 5088 2593 5089 2850 5089 2852 5089 710 5090 708 5090 2594 5090 2594 5091 708 5091 707 5091 2594 5092 707 5092 2595 5092 2595 5093 707 5093 2596 5093 2595 5094 2596 5094 2850 5094 693 5095 2597 5095 2590 5095 2590 5096 2597 5096 706 5096 2590 5097 706 5097 2591 5097 2591 5098 706 5098 704 5098 2591 5099 704 5099 2578 5099 2598 5100 3852 5100 2509 5100 2509 5101 3852 5101 2794 5101 2509 5102 2794 5102 2599 5102 2599 5103 2794 5103 2600 5103 2599 5104 2600 5104 2601 5104 2601 5105 2600 5105 2796 5105 2601 5106 2796 5106 2602 5106 2602 5107 2796 5107 2798 5107 2602 5108 2798 5108 2603 5108 2603 5109 2798 5109 2800 5109 2603 5110 2800 5110 2514 5110 2514 5111 2800 5111 2604 5111 2514 5112 2604 5112 2605 5112 2605 5113 2604 5113 2801 5113 2605 5114 2801 5114 2802 5114 2802 5115 2803 5115 2607 5115 2607 5116 2803 5116 2805 5116 2805 5117 2606 5117 2607 5117 2607 5118 2606 5118 2608 5118 2607 5119 2608 5119 2802 5119 2802 5120 2608 5120 2703 5120 2802 5121 2703 5121 2605 5121 2874 5122 2875 5122 2836 5122 2649 5123 2648 5123 2650 5123 2727 5124 2609 5124 2728 5124 2874 5125 2836 5125 2610 5125 2610 5126 2836 5126 2837 5126 2610 5127 2837 5127 2611 5127 2611 5128 2837 5128 2612 5128 2611 5129 2612 5129 2647 5129 2647 5130 2612 5130 2614 5130 2647 5131 2614 5131 2613 5131 2613 5132 2614 5132 2615 5132 2613 5133 2615 5133 2646 5133 2646 5134 2615 5134 2616 5134 2646 5135 2616 5135 2617 5135 2617 5136 2616 5136 2618 5136 2617 5137 2618 5137 2644 5137 2644 5138 2618 5138 2841 5138 2644 5139 2841 5139 2643 5139 2643 5140 2841 5140 2842 5140 2643 5141 2842 5141 2619 5141 2619 5142 2842 5142 2843 5142 2619 5143 2843 5143 2620 5143 2620 5144 2843 5144 2844 5144 2620 5145 2844 5145 2621 5145 2621 5146 2844 5146 2845 5146 2621 5147 2845 5147 2639 5147 2639 5148 2845 5148 2846 5148 2639 5149 2846 5149 2638 5149 2638 5150 2846 5150 2622 5150 2638 5151 2622 5151 2623 5151 2727 5152 2624 5152 2838 5152 2838 5153 2624 5153 2729 5153 2838 5154 2729 5154 2625 5154 2625 5155 2729 5155 2731 5155 2625 5156 2731 5156 2626 5156 2626 5157 2731 5157 2627 5157 2626 5158 2627 5158 2839 5158 2839 5159 2627 5159 2628 5159 2839 5160 2628 5160 2840 5160 2840 5161 2628 5161 2629 5161 2840 5162 2629 5162 2630 5162 2630 5163 2629 5163 2631 5163 2630 5164 2631 5164 2632 5164 2632 5165 2631 5165 2735 5165 2632 5166 2735 5166 2633 5166 2633 5167 2735 5167 2634 5167 2633 5168 2634 5168 2635 5168 2635 5169 2634 5169 2636 5169 2635 5170 2636 5170 2847 5170 2847 5171 2636 5171 186 5171 2847 5172 186 5172 2637 5172 2638 5173 2661 5173 2639 5173 2639 5174 2661 5174 2640 5174 2639 5175 2640 5175 2621 5175 2621 5176 2640 5176 2658 5176 2621 5177 2658 5177 2620 5177 2620 5178 2658 5178 2641 5178 2620 5179 2641 5179 2619 5179 2619 5180 2641 5180 2642 5180 2619 5181 2642 5181 2643 5181 2643 5182 2642 5182 2645 5182 2643 5183 2645 5183 2644 5183 2644 5184 2645 5184 2656 5184 2644 5185 2656 5185 2617 5185 2617 5186 2656 5186 2655 5186 2617 5187 2655 5187 2646 5187 2646 5188 2655 5188 2654 5188 2646 5189 2654 5189 2613 5189 2613 5190 2654 5190 2652 5190 2613 5191 2652 5191 2647 5191 2647 5192 2652 5192 2651 5192 2647 5193 2651 5193 2611 5193 2611 5194 2651 5194 2650 5194 2611 5195 2650 5195 2610 5195 2610 5196 2650 5196 2648 5196 2610 5197 2648 5197 2874 5197 2649 5198 2650 5198 1617 5198 1617 5199 2650 5199 2651 5199 1617 5200 2651 5200 1619 5200 1619 5201 2651 5201 2652 5201 1619 5202 2652 5202 2653 5202 2653 5203 2652 5203 2654 5203 2653 5204 2654 5204 1620 5204 1620 5205 2654 5205 2655 5205 1620 5206 2655 5206 1111 5206 1111 5207 2655 5207 2656 5207 1111 5208 2656 5208 2657 5208 2657 5209 2656 5209 2645 5209 2657 5210 2645 5210 2026 5210 2026 5211 2645 5211 2642 5211 2026 5212 2642 5212 2027 5212 2027 5213 2642 5213 2641 5213 2027 5214 2641 5214 2029 5214 2029 5215 2641 5215 2658 5215 2029 5216 2658 5216 2031 5216 2031 5217 2658 5217 2640 5217 2031 5218 2640 5218 2659 5218 2659 5219 2640 5219 2661 5219 2659 5220 2661 5220 2660 5220 2660 5221 2661 5221 2638 5221 2660 5222 2638 5222 2032 5222 2032 5223 2638 5223 2623 5223 2032 5224 2623 5224 1102 5224 2662 5225 2550 5225 2663 5225 2663 5226 2550 5226 2551 5226 2663 5227 2551 5227 2833 5227 2833 5228 2551 5228 2664 5228 2833 5229 2664 5229 2831 5229 2831 5230 2664 5230 2552 5230 2831 5231 2552 5231 2665 5231 2665 5232 2552 5232 2666 5232 2665 5233 2666 5233 2667 5233 2667 5234 2666 5234 2668 5234 2667 5235 2668 5235 2827 5235 2827 5236 2668 5236 2554 5236 2827 5237 2554 5237 2826 5237 2826 5238 2554 5238 2555 5238 2826 5239 2555 5239 2825 5239 2825 5240 2555 5240 2557 5240 2825 5241 2557 5241 2669 5241 2669 5242 2557 5242 2558 5242 2669 5243 2558 5243 2670 5243 2670 5244 2558 5244 2560 5244 2670 5245 2560 5245 2671 5245 2671 5246 2560 5246 2685 5246 2671 5247 2685 5247 2822 5247 2697 5248 2696 5248 2686 5248 2686 5249 2696 5249 2694 5249 2672 5250 2673 5250 2679 5250 2679 5251 2673 5251 2698 5251 2679 5252 2698 5252 2674 5252 2674 5253 2698 5253 2699 5253 2674 5254 2699 5254 2675 5254 2675 5255 2699 5255 2676 5255 2675 5256 2676 5256 2677 5256 2865 5257 713 5257 2700 5257 2700 5258 713 5258 2678 5258 2700 5259 2678 5259 812 5259 2695 5260 2672 5260 2688 5260 2688 5261 2672 5261 2679 5261 2688 5262 2679 5262 2690 5262 2690 5263 2679 5263 2674 5263 2690 5264 2674 5264 2680 5264 2680 5265 2674 5265 2675 5265 2680 5266 2675 5266 2681 5266 2681 5267 2675 5267 2677 5267 2681 5268 2677 5268 2682 5268 2861 5269 2862 5269 2569 5269 2569 5270 2862 5270 2683 5270 2569 5271 2683 5271 2570 5271 2570 5272 2683 5272 2684 5272 2570 5273 2684 5273 2561 5273 2561 5274 2684 5274 2582 5274 2561 5275 2582 5275 2685 5275 2685 5276 2582 5276 2697 5276 2685 5277 2697 5277 2822 5277 2822 5278 2697 5278 2686 5278 2822 5279 2686 5279 2687 5279 2687 5280 2686 5280 2694 5280 2687 5281 2694 5281 2820 5281 2820 5282 2694 5282 2819 5282 2819 5283 2695 5283 2818 5283 2818 5284 2695 5284 2688 5284 2818 5285 2688 5285 2689 5285 2689 5286 2688 5286 2690 5286 2689 5287 2690 5287 2691 5287 2691 5288 2690 5288 2680 5288 2691 5289 2680 5289 2692 5289 2692 5290 2680 5290 2681 5290 2692 5291 2681 5291 2693 5291 2693 5292 2681 5292 2682 5292 2693 5293 2682 5293 814 5293 2819 5294 2694 5294 2695 5294 2695 5295 2694 5295 2696 5295 2695 5296 2696 5296 2672 5296 2672 5297 2696 5297 2697 5297 2672 5298 2697 5298 2673 5298 2673 5299 2697 5299 2581 5299 2673 5300 2581 5300 2698 5300 2698 5301 2581 5301 2583 5301 2698 5302 2583 5302 2699 5302 2699 5303 2583 5303 2864 5303 2699 5304 2864 5304 2676 5304 2676 5305 2864 5305 2865 5305 2676 5306 2865 5306 2677 5306 2677 5307 2865 5307 2700 5307 2677 5308 2700 5308 2682 5308 2682 5309 2700 5309 813 5309 2682 5310 813 5310 814 5310 3777 5311 2510 5311 2484 5311 2484 5312 2510 5312 2511 5312 2484 5313 2511 5313 2487 5313 2487 5314 2511 5314 2701 5314 2487 5315 2701 5315 2488 5315 2488 5316 2701 5316 2512 5316 2488 5317 2512 5317 2702 5317 2702 5318 2512 5318 2513 5318 2702 5319 2513 5319 2476 5319 2476 5320 2513 5320 2605 5320 2476 5321 2605 5321 2478 5321 2478 5322 2605 5322 2703 5322 2478 5323 2703 5323 2482 5323 2482 5324 2703 5324 2608 5324 2482 5325 2608 5325 2835 5325 2835 5326 2608 5326 2606 5326 2835 5327 2606 5327 2609 5327 2609 5328 2606 5328 2805 5328 2609 5329 2805 5329 2728 5329 2728 5330 2805 5330 2806 5330 2728 5331 2806 5331 2704 5331 2704 5332 2806 5332 2705 5332 2704 5333 2705 5333 2730 5333 2730 5334 2705 5334 2706 5334 2730 5335 2706 5335 2707 5335 2707 5336 2706 5336 2808 5336 2707 5337 2808 5337 2732 5337 2732 5338 2808 5338 2810 5338 2732 5339 2810 5339 2733 5339 2733 5340 2810 5340 2708 5340 2733 5341 2708 5341 2709 5341 2709 5342 2708 5342 2813 5342 2709 5343 2813 5343 2734 5343 2734 5344 2813 5344 2710 5344 2734 5345 2710 5345 2711 5345 2711 5346 2710 5346 2814 5346 2711 5347 2814 5347 2736 5347 2736 5348 2814 5348 904 5348 2736 5349 904 5349 2712 5349 2507 5350 2761 5350 2714 5350 2714 5351 2761 5351 2713 5351 2714 5352 2713 5352 2715 5352 2715 5353 2713 5353 2716 5353 2715 5354 2716 5354 2804 5354 2804 5355 2716 5355 2717 5355 2804 5356 2717 5356 2718 5356 2718 5357 2717 5357 2765 5357 2718 5358 2765 5358 2807 5358 2807 5359 2765 5359 2719 5359 2807 5360 2719 5360 2720 5360 2720 5361 2719 5361 2766 5361 2720 5362 2766 5362 2721 5362 2721 5363 2766 5363 2722 5363 2721 5364 2722 5364 2809 5364 2809 5365 2722 5365 2768 5365 2809 5366 2768 5366 2811 5366 2811 5367 2768 5367 2723 5367 2811 5368 2723 5368 2812 5368 2812 5369 2723 5369 2770 5369 2812 5370 2770 5370 2724 5370 2724 5371 2770 5371 2771 5371 2724 5372 2771 5372 2725 5372 2725 5373 2771 5373 2772 5373 2725 5374 2772 5374 2726 5374 2726 5375 2772 5375 2773 5375 2727 5376 2728 5376 2624 5376 2624 5377 2728 5377 2704 5377 2624 5378 2704 5378 2729 5378 2729 5379 2704 5379 2730 5379 2729 5380 2730 5380 2731 5380 2731 5381 2730 5381 2707 5381 2731 5382 2707 5382 2627 5382 2627 5383 2707 5383 2732 5383 2627 5384 2732 5384 2628 5384 2628 5385 2732 5385 2733 5385 2628 5386 2733 5386 2629 5386 2629 5387 2733 5387 2709 5387 2629 5388 2709 5388 2631 5388 2631 5389 2709 5389 2734 5389 2631 5390 2734 5390 2735 5390 2735 5391 2734 5391 2711 5391 2735 5392 2711 5392 2634 5392 2634 5393 2711 5393 2736 5393 2634 5394 2736 5394 2636 5394 2636 5395 2736 5395 2712 5395 2636 5396 2712 5396 2737 5396 825 5397 2738 5397 2816 5397 2816 5398 2738 5398 2739 5398 2816 5399 2739 5399 2817 5399 2817 5400 2739 5400 2740 5400 2817 5401 2740 5401 2741 5401 2741 5402 2740 5402 2775 5402 2741 5403 2775 5403 2742 5403 2742 5404 2775 5404 2743 5404 2742 5405 2743 5405 2744 5405 2744 5406 2743 5406 2777 5406 2744 5407 2777 5407 2745 5407 2762 5408 3706 5408 2763 5408 2763 5409 3706 5409 3704 5409 2763 5410 3704 5410 2764 5410 2764 5411 3704 5411 3703 5411 2764 5412 3703 5412 2746 5412 2746 5413 3703 5413 3701 5413 2746 5414 3701 5414 2767 5414 2767 5415 3701 5415 2747 5415 2767 5416 2747 5416 2748 5416 2748 5417 2747 5417 2749 5417 2748 5418 2749 5418 2769 5418 2769 5419 2749 5419 2751 5419 2769 5420 2751 5420 2750 5420 2750 5421 2751 5421 3699 5421 2750 5422 3699 5422 2752 5422 2752 5423 3699 5423 3698 5423 2752 5424 3698 5424 2753 5424 2753 5425 3698 5425 2755 5425 2753 5426 2755 5426 2754 5426 2754 5427 2755 5427 2756 5427 2754 5428 2756 5428 180 5428 823 5429 2757 5429 2774 5429 2774 5430 2757 5430 3696 5430 2774 5431 3696 5431 2758 5431 2758 5432 3696 5432 2759 5432 2758 5433 2759 5433 2760 5433 2760 5434 2759 5434 3697 5434 2760 5435 3697 5435 3700 5435 2761 5436 3707 5436 2713 5436 2713 5437 3707 5437 2762 5437 2713 5438 2762 5438 2716 5438 2716 5439 2762 5439 2763 5439 2716 5440 2763 5440 2717 5440 2717 5441 2763 5441 2764 5441 2717 5442 2764 5442 2765 5442 2765 5443 2764 5443 2746 5443 2765 5444 2746 5444 2719 5444 2719 5445 2746 5445 2767 5445 2719 5446 2767 5446 2766 5446 2766 5447 2767 5447 2748 5447 2766 5448 2748 5448 2722 5448 2722 5449 2748 5449 2769 5449 2722 5450 2769 5450 2768 5450 2768 5451 2769 5451 2750 5451 2768 5452 2750 5452 2723 5452 2723 5453 2750 5453 2752 5453 2723 5454 2752 5454 2770 5454 2770 5455 2752 5455 2753 5455 2770 5456 2753 5456 2771 5456 2771 5457 2753 5457 2754 5457 2771 5458 2754 5458 2772 5458 2772 5459 2754 5459 180 5459 2772 5460 180 5460 2773 5460 1093 5461 823 5461 2739 5461 2739 5462 823 5462 2774 5462 2739 5463 2774 5463 2740 5463 2740 5464 2774 5464 2758 5464 2740 5465 2758 5465 2775 5465 2775 5466 2758 5466 2760 5466 2775 5467 2760 5467 2743 5467 2743 5468 2760 5468 3700 5468 2743 5469 3700 5469 2777 5469 2777 5470 3700 5470 2776 5470 2777 5471 2776 5471 2745 5471 2745 5472 2776 5472 2778 5472 2745 5473 2778 5473 2821 5473 2821 5474 2778 5474 2779 5474 2821 5475 2779 5475 2780 5475 2780 5476 2779 5476 3702 5476 2780 5477 3702 5477 2781 5477 2781 5478 3702 5478 2782 5478 2781 5479 2782 5479 2823 5479 2823 5480 2782 5480 3705 5480 2823 5481 3705 5481 2824 5481 2824 5482 3705 5482 2783 5482 2824 5483 2783 5483 2784 5483 2784 5484 2783 5484 2785 5484 2784 5485 2785 5485 2786 5485 2786 5486 2785 5486 2787 5486 2786 5487 2787 5487 2788 5487 2788 5488 2787 5488 2523 5488 2788 5489 2523 5489 2828 5489 2828 5490 2523 5490 2526 5490 2828 5491 2526 5491 2829 5491 2829 5492 2526 5492 2789 5492 2829 5493 2789 5493 2830 5493 2830 5494 2789 5494 2527 5494 2830 5495 2527 5495 2832 5495 2832 5496 2527 5496 2790 5496 2832 5497 2790 5497 2834 5497 2834 5498 2790 5498 2791 5498 2834 5499 2791 5499 2792 5499 2792 5500 2791 5500 2793 5500 2792 5501 2793 5501 3843 5501 3843 5502 2793 5502 3844 5502 1099 5503 1098 5503 2794 5503 2794 5504 1098 5504 2795 5504 2794 5505 2795 5505 2600 5505 2600 5506 2795 5506 2797 5506 2600 5507 2797 5507 2796 5507 2796 5508 2797 5508 2493 5508 2796 5509 2493 5509 2798 5509 2798 5510 2493 5510 2799 5510 2798 5511 2799 5511 2800 5511 2800 5512 2799 5512 2504 5512 2800 5513 2504 5513 2604 5513 2604 5514 2504 5514 2506 5514 2604 5515 2506 5515 2801 5515 2801 5516 2506 5516 2714 5516 2801 5517 2714 5517 2802 5517 2802 5518 2714 5518 2715 5518 2802 5519 2715 5519 2803 5519 2803 5520 2715 5520 2804 5520 2803 5521 2804 5521 2805 5521 2805 5522 2804 5522 2718 5522 2805 5523 2718 5523 2806 5523 2806 5524 2718 5524 2807 5524 2806 5525 2807 5525 2705 5525 2705 5526 2807 5526 2720 5526 2705 5527 2720 5527 2706 5527 2706 5528 2720 5528 2721 5528 2706 5529 2721 5529 2808 5529 2808 5530 2721 5530 2809 5530 2808 5531 2809 5531 2810 5531 2810 5532 2809 5532 2811 5532 2810 5533 2811 5533 2708 5533 2708 5534 2811 5534 2812 5534 2708 5535 2812 5535 2813 5535 2813 5536 2812 5536 2724 5536 2813 5537 2724 5537 2710 5537 2710 5538 2724 5538 2725 5538 2710 5539 2725 5539 2814 5539 2814 5540 2725 5540 2726 5540 2814 5541 2726 5541 1106 5541 814 5542 2815 5542 2693 5542 2693 5543 2815 5543 2816 5543 2693 5544 2816 5544 2692 5544 2692 5545 2816 5545 2817 5545 2692 5546 2817 5546 2691 5546 2691 5547 2817 5547 2741 5547 2691 5548 2741 5548 2689 5548 2689 5549 2741 5549 2742 5549 2689 5550 2742 5550 2818 5550 2818 5551 2742 5551 2744 5551 2818 5552 2744 5552 2819 5552 2819 5553 2744 5553 2745 5553 2819 5554 2745 5554 2820 5554 2820 5555 2745 5555 2821 5555 2820 5556 2821 5556 2687 5556 2687 5557 2821 5557 2780 5557 2687 5558 2780 5558 2822 5558 2822 5559 2780 5559 2781 5559 2822 5560 2781 5560 2671 5560 2671 5561 2781 5561 2823 5561 2671 5562 2823 5562 2670 5562 2670 5563 2823 5563 2824 5563 2670 5564 2824 5564 2669 5564 2669 5565 2824 5565 2784 5565 2669 5566 2784 5566 2825 5566 2825 5567 2784 5567 2786 5567 2825 5568 2786 5568 2826 5568 2826 5569 2786 5569 2788 5569 2826 5570 2788 5570 2827 5570 2827 5571 2788 5571 2828 5571 2827 5572 2828 5572 2667 5572 2667 5573 2828 5573 2829 5573 2667 5574 2829 5574 2665 5574 2665 5575 2829 5575 2830 5575 2665 5576 2830 5576 2831 5576 2831 5577 2830 5577 2832 5577 2831 5578 2832 5578 2833 5578 2833 5579 2832 5579 2834 5579 2833 5580 2834 5580 2663 5580 2663 5581 2834 5581 2792 5581 2663 5582 2792 5582 1096 5582 1096 5583 2792 5583 3842 5583 2875 5584 2835 5584 2836 5584 2836 5585 2835 5585 2609 5585 2836 5586 2609 5586 2837 5586 2837 5587 2609 5587 2727 5587 2837 5588 2727 5588 2612 5588 2612 5589 2727 5589 2838 5589 2612 5590 2838 5590 2614 5590 2614 5591 2838 5591 2625 5591 2614 5592 2625 5592 2615 5592 2615 5593 2625 5593 2626 5593 2615 5594 2626 5594 2616 5594 2616 5595 2626 5595 2839 5595 2616 5596 2839 5596 2618 5596 2618 5597 2839 5597 2840 5597 2618 5598 2840 5598 2841 5598 2841 5599 2840 5599 2630 5599 2841 5600 2630 5600 2842 5600 2842 5601 2630 5601 2632 5601 2842 5602 2632 5602 2843 5602 2843 5603 2632 5603 2633 5603 2843 5604 2633 5604 2844 5604 2844 5605 2633 5605 2635 5605 2844 5606 2635 5606 2845 5606 2845 5607 2635 5607 2847 5607 2845 5608 2847 5608 2846 5608 2846 5609 2847 5609 2848 5609 2846 5610 2848 5610 2622 5610 2596 5611 2849 5611 2850 5611 2850 5612 2849 5612 2851 5612 2850 5613 2851 5613 2852 5613 2852 5614 2851 5614 2853 5614 2852 5615 2853 5615 2854 5615 2533 5616 3832 5616 2532 5616 2532 5617 3832 5617 2855 5617 2532 5618 2855 5618 2856 5618 2856 5619 2855 5619 2586 5619 2856 5620 2586 5620 2573 5620 2573 5621 2586 5621 2588 5621 2573 5622 2588 5622 2574 5622 2574 5623 2588 5623 2857 5623 2574 5624 2857 5624 2575 5624 2575 5625 2857 5625 2858 5625 2575 5626 2858 5626 2859 5626 2859 5627 2858 5627 2860 5627 2859 5628 2860 5628 2861 5628 2861 5629 2860 5629 2592 5629 2861 5630 2592 5630 2862 5630 2862 5631 2592 5631 2863 5631 2862 5632 2863 5632 1094 5632 1094 5633 2863 5633 2593 5633 1094 5634 2593 5634 2864 5634 2864 5635 2593 5635 2852 5635 2864 5636 2852 5636 2865 5636 2865 5637 2852 5637 2854 5637 2865 5638 2854 5638 713 5638 2866 5639 2867 5639 2050 5639 2050 5640 2867 5640 2292 5640 2050 5641 2292 5641 2049 5641 2049 5642 2292 5642 2291 5642 2049 5643 2291 5643 2868 5643 2868 5644 2291 5644 2289 5644 2868 5645 2289 5645 2045 5645 2045 5646 2289 5646 2288 5646 2045 5647 2288 5647 2044 5647 2044 5648 2288 5648 2022 5648 2044 5649 2022 5649 2869 5649 2869 5650 2022 5650 2870 5650 2869 5651 2870 5651 2041 5651 2041 5652 2870 5652 2410 5652 2041 5653 2410 5653 2040 5653 2040 5654 2410 5654 2871 5654 2040 5655 2871 5655 2038 5655 2038 5656 2871 5656 2412 5656 2038 5657 2412 5657 2037 5657 2037 5658 2412 5658 2413 5658 2037 5659 2413 5659 2036 5659 2036 5660 2413 5660 2415 5660 2036 5661 2415 5661 2035 5661 2035 5662 2415 5662 2417 5662 2035 5663 2417 5663 2872 5663 2872 5664 2417 5664 2873 5664 2872 5665 2873 5665 2649 5665 2649 5666 2873 5666 2419 5666 2649 5667 2419 5667 2648 5667 2648 5668 2419 5668 2420 5668 2648 5669 2420 5669 2874 5669 2874 5670 2420 5670 2422 5670 2874 5671 2422 5671 2875 5671 2875 5672 2422 5672 2876 5672 2875 5673 2876 5673 2481 5673 2481 5674 2876 5674 2423 5674 2481 5675 2423 5675 2480 5675 2480 5676 2423 5676 2877 5676 2480 5677 2877 5677 2479 5677 2479 5678 2877 5678 2878 5678 2479 5679 2878 5679 2477 5679 2477 5680 2878 5680 2879 5680 2477 5681 2879 5681 2341 5681 2341 5682 2879 5682 3774 5682 2341 5683 3774 5683 2340 5683 600 5684 602 5684 1091 5684 3215 5685 2999 5685 3001 5685 3000 5686 2881 5686 2880 5686 2880 5687 2881 5687 2882 5687 2883 5688 3801 5688 2896 5688 2896 5689 3801 5689 3799 5689 3799 5690 3213 5690 3214 5690 2887 5691 2884 5691 2922 5691 2884 5692 2885 5692 2922 5692 2922 5693 2885 5693 2886 5693 2922 5694 2886 5694 2923 5694 2887 5695 2888 5695 2889 5695 2889 5696 2888 5696 2936 5696 2889 5697 2936 5697 2890 5697 2890 5698 2936 5698 2891 5698 2891 5699 2936 5699 2892 5699 2891 5700 2892 5700 610 5700 1092 5701 2893 5701 2926 5701 2926 5702 2893 5702 2897 5702 2926 5703 2897 5703 2894 5703 2894 5704 2897 5704 2899 5704 2894 5705 2899 5705 2928 5705 2928 5706 2899 5706 2895 5706 2928 5707 2895 5707 2929 5707 2929 5708 2895 5708 2901 5708 2929 5709 2901 5709 2931 5709 2931 5710 2901 5710 2902 5710 2931 5711 2902 5711 2932 5711 2932 5712 2902 5712 2903 5712 2932 5713 2903 5713 2944 5713 1090 5714 2883 5714 2897 5714 2897 5715 2883 5715 2896 5715 2897 5716 2896 5716 2899 5716 2899 5717 2896 5717 2898 5717 2899 5718 2898 5718 2895 5718 2895 5719 2898 5719 2900 5719 2895 5720 2900 5720 2901 5720 2901 5721 2900 5721 3555 5721 2901 5722 3555 5722 2902 5722 2902 5723 3555 5723 3558 5723 2902 5724 3558 5724 2903 5724 2904 5725 3797 5725 2984 5725 2984 5726 3797 5726 3796 5726 2984 5727 3796 5727 3795 5727 2905 5728 3793 5728 3031 5728 3031 5729 3793 5729 3030 5729 3032 5730 2906 5730 3325 5730 3325 5731 2906 5731 3791 5731 3056 5732 2907 5732 2908 5732 1089 5733 2912 5733 3789 5733 2909 5734 2910 5734 2911 5734 2911 5735 2910 5735 1088 5735 2911 5736 1088 5736 3787 5736 3787 5737 1088 5737 3052 5737 2907 5738 3789 5738 2908 5738 2908 5739 3789 5739 2912 5739 2908 5740 2912 5740 2913 5740 2913 5741 2912 5741 2914 5741 2913 5742 2914 5742 3059 5742 3059 5743 2914 5743 3053 5743 3059 5744 3053 5744 3054 5744 3780 5745 2905 5745 2985 5745 2985 5746 2905 5746 3031 5746 2985 5747 3031 5747 2915 5747 2915 5748 3031 5748 3033 5748 2915 5749 3033 5749 2987 5749 2987 5750 3033 5750 3034 5750 2987 5751 3034 5751 2989 5751 2989 5752 3034 5752 3036 5752 2989 5753 3036 5753 2991 5753 2991 5754 3036 5754 2970 5754 2991 5755 2970 5755 2969 5755 2971 5756 2992 5756 2969 5756 610 5757 2892 5757 2916 5757 2916 5758 2892 5758 2938 5758 2916 5759 2938 5759 624 5759 624 5760 2938 5760 2917 5760 624 5761 2917 5761 625 5761 625 5762 2917 5762 623 5762 623 5763 2917 5763 2918 5763 623 5764 2918 5764 2941 5764 2946 5765 2939 5765 2919 5765 2919 5766 2939 5766 2920 5766 2919 5767 2920 5767 2933 5767 2933 5768 2920 5768 2937 5768 2933 5769 2937 5769 2930 5769 2930 5770 2937 5770 2935 5770 2930 5771 2935 5771 2921 5771 2921 5772 2935 5772 2934 5772 2921 5773 2934 5773 2927 5773 2927 5774 2934 5774 2922 5774 2927 5775 2922 5775 2924 5775 2924 5776 2922 5776 2923 5776 2924 5777 2923 5777 2925 5777 600 5778 1091 5778 599 5778 599 5779 1091 5779 2926 5779 599 5780 2926 5780 2924 5780 2924 5781 2926 5781 2894 5781 2924 5782 2894 5782 2927 5782 2927 5783 2894 5783 2928 5783 2927 5784 2928 5784 2921 5784 2921 5785 2928 5785 2929 5785 2921 5786 2929 5786 2930 5786 2930 5787 2929 5787 2931 5787 2930 5788 2931 5788 2933 5788 2933 5789 2931 5789 2932 5789 2933 5790 2932 5790 2919 5790 2919 5791 2932 5791 2944 5791 2919 5792 2944 5792 2946 5792 2887 5793 2922 5793 2888 5793 2888 5794 2922 5794 2934 5794 2888 5795 2934 5795 2936 5795 2936 5796 2934 5796 2935 5796 2936 5797 2935 5797 2892 5797 2892 5798 2935 5798 2937 5798 2892 5799 2937 5799 2938 5799 2938 5800 2937 5800 2920 5800 2938 5801 2920 5801 2917 5801 2917 5802 2920 5802 2939 5802 2917 5803 2939 5803 2918 5803 2918 5804 2939 5804 2948 5804 2918 5805 2948 5805 2940 5805 2941 5806 2918 5806 638 5806 638 5807 2918 5807 2940 5807 638 5808 2940 5808 639 5808 639 5809 2940 5809 2942 5809 639 5810 2942 5810 641 5810 641 5811 2942 5811 642 5811 642 5812 2942 5812 2943 5812 642 5813 2943 5813 648 5813 3558 5814 3559 5814 2903 5814 2903 5815 3559 5815 2945 5815 2903 5816 2945 5816 2944 5816 2944 5817 2945 5817 2960 5817 2944 5818 2960 5818 2946 5818 2946 5819 2960 5819 2947 5819 2946 5820 2947 5820 2948 5820 2948 5821 2947 5821 2962 5821 2948 5822 2962 5822 2940 5822 2940 5823 2962 5823 2963 5823 2940 5824 2963 5824 2942 5824 2942 5825 2963 5825 2949 5825 2942 5826 2949 5826 2943 5826 2943 5827 2949 5827 2965 5827 2943 5828 2965 5828 2950 5828 2966 5829 160 5829 2967 5829 3561 5830 3563 5830 2951 5830 2951 5831 3563 5831 2952 5831 2951 5832 2952 5832 3261 5832 3261 5833 2952 5833 2953 5833 3261 5834 2953 5834 2954 5834 2954 5835 2953 5835 2955 5835 2954 5836 2955 5836 2956 5836 2956 5837 2955 5837 2958 5837 2956 5838 2958 5838 2957 5838 2957 5839 2958 5839 3258 5839 3559 5840 3263 5840 2945 5840 2945 5841 3263 5841 3262 5841 2945 5842 3262 5842 2960 5842 2960 5843 3262 5843 2959 5843 2960 5844 2959 5844 2947 5844 2947 5845 2959 5845 2961 5845 2947 5846 2961 5846 2962 5846 2962 5847 2961 5847 3260 5847 2962 5848 3260 5848 2963 5848 2963 5849 3260 5849 3259 5849 2963 5850 3259 5850 2949 5850 2949 5851 3259 5851 2964 5851 2949 5852 2964 5852 2965 5852 2965 5853 2964 5853 2966 5853 2965 5854 2966 5854 2950 5854 2950 5855 2966 5855 2967 5855 2950 5856 2967 5856 2943 5856 2943 5857 2967 5857 2968 5857 2943 5858 2968 5858 648 5858 2969 5859 2970 5859 2971 5859 2971 5860 2970 5860 2972 5860 2971 5861 2972 5861 2973 5861 2973 5862 2972 5862 3038 5862 2973 5863 3038 5863 2974 5863 2974 5864 3038 5864 3040 5864 2974 5865 3040 5865 2979 5865 2979 5866 3040 5866 2975 5866 2979 5867 2975 5867 2977 5867 2977 5868 2975 5868 2976 5868 2977 5869 2976 5869 2981 5869 2992 5870 2971 5870 2993 5870 2993 5871 2971 5871 2973 5871 2993 5872 2973 5872 2978 5872 2978 5873 2973 5873 2974 5873 2978 5874 2974 5874 2995 5874 2995 5875 2974 5875 2979 5875 2995 5876 2979 5876 2996 5876 2996 5877 2979 5877 2977 5877 2996 5878 2977 5878 2980 5878 2980 5879 2977 5879 2981 5879 2980 5880 2981 5880 2998 5880 2982 5881 3568 5881 2983 5881 2983 5882 3568 5882 3265 5882 2983 5883 3265 5883 3266 5883 3795 5884 3780 5884 2984 5884 2984 5885 3780 5885 2985 5885 2984 5886 2985 5886 2986 5886 2986 5887 2985 5887 2915 5887 2986 5888 2915 5888 2988 5888 2988 5889 2915 5889 2987 5889 2988 5890 2987 5890 3199 5890 3199 5891 2987 5891 2989 5891 3199 5892 2989 5892 2990 5892 2990 5893 2989 5893 2991 5893 2990 5894 2991 5894 3201 5894 3201 5895 2991 5895 2969 5895 3201 5896 2969 5896 3202 5896 3202 5897 2969 5897 2992 5897 3202 5898 2992 5898 3204 5898 3204 5899 2992 5899 2993 5899 3204 5900 2993 5900 3206 5900 3206 5901 2993 5901 2978 5901 3206 5902 2978 5902 3208 5902 3208 5903 2978 5903 2995 5903 3208 5904 2995 5904 2994 5904 2994 5905 2995 5905 2996 5905 2994 5906 2996 5906 3210 5906 3210 5907 2996 5907 2980 5907 3210 5908 2980 5908 2997 5908 2997 5909 2980 5909 2998 5909 2997 5910 2998 5910 3211 5910 2999 5911 3000 5911 3001 5911 3001 5912 3000 5912 2880 5912 3001 5913 2880 5913 3003 5913 3003 5914 2880 5914 3002 5914 3003 5915 3002 5915 3217 5915 3217 5916 3002 5916 3004 5916 3217 5917 3004 5917 3005 5917 3005 5918 3004 5918 3006 5918 3005 5919 3006 5919 3218 5919 3218 5920 3006 5920 3363 5920 3218 5921 3363 5921 3007 5921 3007 5922 3363 5922 3008 5922 3007 5923 3008 5923 3009 5923 3009 5924 3008 5924 3365 5924 3009 5925 3365 5925 3220 5925 3220 5926 3365 5926 3010 5926 3220 5927 3010 5927 3011 5927 3011 5928 3010 5928 3367 5928 3011 5929 3367 5929 3012 5929 3012 5930 3367 5930 3368 5930 3012 5931 3368 5931 3224 5931 3224 5932 3368 5932 3013 5932 3224 5933 3013 5933 3014 5933 3014 5934 3013 5934 3015 5934 3014 5935 3015 5935 3227 5935 3227 5936 3015 5936 3370 5936 3227 5937 3370 5937 3228 5937 3228 5938 3370 5938 3016 5938 3228 5939 3016 5939 3230 5939 3230 5940 3016 5940 3373 5940 3230 5941 3373 5941 3321 5941 3322 5942 3017 5942 3229 5942 3229 5943 3017 5943 3018 5943 3229 5944 3018 5944 3019 5944 3019 5945 3018 5945 3020 5945 3019 5946 3020 5946 3226 5946 3226 5947 3020 5947 3567 5947 3226 5948 3567 5948 3225 5948 3225 5949 3567 5949 3566 5949 3225 5950 3566 5950 3223 5950 3223 5951 3566 5951 3565 5951 3223 5952 3565 5952 3222 5952 3222 5953 3565 5953 3021 5953 3222 5954 3021 5954 3023 5954 3023 5955 3021 5955 3022 5955 3023 5956 3022 5956 3221 5956 3221 5957 3022 5957 3562 5957 3221 5958 3562 5958 3024 5958 3024 5959 3562 5959 3560 5959 3024 5960 3560 5960 3219 5960 3219 5961 3560 5961 3557 5961 3219 5962 3557 5962 3025 5962 3025 5963 3557 5963 3556 5963 3025 5964 3556 5964 3026 5964 3026 5965 3556 5965 3554 5965 3026 5966 3554 5966 3216 5966 3216 5967 3554 5967 3028 5967 3216 5968 3028 5968 3027 5968 3027 5969 3028 5969 3029 5969 3027 5970 3029 5970 3214 5970 3030 5971 3032 5971 3031 5971 3031 5972 3032 5972 3325 5972 3031 5973 3325 5973 3033 5973 3033 5974 3325 5974 3327 5974 3033 5975 3327 5975 3034 5975 3034 5976 3327 5976 3035 5976 3034 5977 3035 5977 3036 5977 3036 5978 3035 5978 3037 5978 3036 5979 3037 5979 2970 5979 2970 5980 3037 5980 3329 5980 2970 5981 3329 5981 2972 5981 2972 5982 3329 5982 3039 5982 2972 5983 3039 5983 3038 5983 3038 5984 3039 5984 3330 5984 3038 5985 3330 5985 3040 5985 3040 5986 3330 5986 3041 5986 3040 5987 3041 5987 2975 5987 2975 5988 3041 5988 3333 5988 2975 5989 3333 5989 2976 5989 2976 5990 3333 5990 3042 5990 2976 5991 3042 5991 2981 5991 2981 5992 3042 5992 3043 5992 2981 5993 3043 5993 2998 5993 2998 5994 3043 5994 3044 5994 2998 5995 3044 5995 3211 5995 3211 5996 3044 5996 3212 5996 2909 5997 3045 5997 3351 5997 3046 5998 3353 5998 3785 5998 3785 5999 3353 5999 3047 5999 2909 6000 3351 6000 2910 6000 2910 6001 3351 6001 3048 6001 2910 6002 3048 6002 3049 6002 3600 6003 3784 6003 3783 6003 3134 6004 3050 6004 3137 6004 3137 6005 3050 6005 3874 6005 3051 6006 3052 6006 2912 6006 2912 6007 3052 6007 1088 6007 2912 6008 1088 6008 2914 6008 2914 6009 1088 6009 3049 6009 2914 6010 3049 6010 3053 6010 3053 6011 3049 6011 3048 6011 3053 6012 3048 6012 3054 6012 3054 6013 3048 6013 3055 6013 3054 6014 3055 6014 3349 6014 3324 6015 3056 6015 3326 6015 3326 6016 3056 6016 2908 6016 3326 6017 2908 6017 3057 6017 3057 6018 2908 6018 2913 6018 3057 6019 2913 6019 3058 6019 3058 6020 2913 6020 3059 6020 3058 6021 3059 6021 3328 6021 3328 6022 3059 6022 3054 6022 3328 6023 3054 6023 3060 6023 3060 6024 3054 6024 3349 6024 3060 6025 3349 6025 3331 6025 3061 6026 3871 6026 3062 6026 3062 6027 3871 6027 3103 6027 3063 6028 3064 6028 3065 6028 3065 6029 3064 6029 3869 6029 3174 6030 3868 6030 3090 6030 3090 6031 3868 6031 3066 6031 3090 6032 3066 6032 3067 6032 3070 6033 3087 6033 3089 6033 3066 6034 3068 6034 3067 6034 3067 6035 3068 6035 3069 6035 3067 6036 3069 6036 3089 6036 3089 6037 3069 6037 3867 6037 3089 6038 3867 6038 3070 6038 3070 6039 3866 6039 3087 6039 3087 6040 3866 6040 3071 6040 3087 6041 3071 6041 2297 6041 2297 6042 3071 6042 3864 6042 2297 6043 3864 6043 3863 6043 3084 6044 3072 6044 3180 6044 3180 6045 3072 6045 2303 6045 3180 6046 2303 6046 3181 6046 3181 6047 2303 6047 2301 6047 3181 6048 2301 6048 3073 6048 3073 6049 2301 6049 3074 6049 3073 6050 3074 6050 3183 6050 3183 6051 3074 6051 2300 6051 3183 6052 2300 6052 3185 6052 3185 6053 2300 6053 2320 6053 3552 6054 3075 6054 2313 6054 2313 6055 3075 6055 3076 6055 2313 6056 3076 6056 3077 6056 3077 6057 3076 6057 3078 6057 3077 6058 3078 6058 2308 6058 2308 6059 3078 6059 2318 6059 2308 6060 2318 6060 2306 6060 2306 6061 2318 6061 2300 6061 2306 6062 2300 6062 3079 6062 3079 6063 2300 6063 3080 6063 3079 6064 3080 6064 3081 6064 3081 6065 3080 6065 2302 6065 3081 6066 2302 6066 3086 6066 3086 6067 2302 6067 3082 6067 3086 6068 3082 6068 3088 6068 3088 6069 3082 6069 3072 6069 3088 6070 3072 6070 3083 6070 3083 6071 3072 6071 3084 6071 3083 6072 3084 6072 3175 6072 2304 6073 2306 6073 2299 6073 2299 6074 2306 6074 3079 6074 2299 6075 3079 6075 3085 6075 3085 6076 3079 6076 3081 6076 3085 6077 3081 6077 2297 6077 2297 6078 3081 6078 3086 6078 2297 6079 3086 6079 3087 6079 3087 6080 3086 6080 3088 6080 3087 6081 3088 6081 3089 6081 3089 6082 3088 6082 3083 6082 3089 6083 3083 6083 3067 6083 3067 6084 3083 6084 3175 6084 3067 6085 3175 6085 3090 6085 3104 6086 3063 6086 3105 6086 3105 6087 3063 6087 3065 6087 3105 6088 3065 6088 3106 6088 3106 6089 3065 6089 3176 6089 3106 6090 3176 6090 3109 6090 3109 6091 3176 6091 3177 6091 3109 6092 3177 6092 3110 6092 3110 6093 3177 6093 3178 6093 3110 6094 3178 6094 3091 6094 3091 6095 3178 6095 3179 6095 3091 6096 3179 6096 3092 6096 3092 6097 3179 6097 3093 6097 3092 6098 3093 6098 3112 6098 3112 6099 3093 6099 3182 6099 3112 6100 3182 6100 3094 6100 3094 6101 3182 6101 3184 6101 3094 6102 3184 6102 3114 6102 3114 6103 3184 6103 3095 6103 3114 6104 3095 6104 3116 6104 3872 6105 3061 6105 1086 6105 1086 6106 3061 6106 3062 6106 1086 6107 3062 6107 3157 6107 3157 6108 3062 6108 3096 6108 3157 6109 3096 6109 3158 6109 3158 6110 3096 6110 3107 6110 3158 6111 3107 6111 3160 6111 3160 6112 3107 6112 3108 6112 3160 6113 3108 6113 3097 6113 3097 6114 3108 6114 3098 6114 3097 6115 3098 6115 3162 6115 3162 6116 3098 6116 3099 6116 3162 6117 3099 6117 3163 6117 3163 6118 3099 6118 3111 6118 3163 6119 3111 6119 3164 6119 3164 6120 3111 6120 3100 6120 3164 6121 3100 6121 3101 6121 3101 6122 3100 6122 3113 6122 3101 6123 3113 6123 3102 6123 3102 6124 3113 6124 3115 6124 3102 6125 3115 6125 3186 6125 3186 6126 3115 6126 3117 6126 3103 6127 3104 6127 3062 6127 3062 6128 3104 6128 3105 6128 3062 6129 3105 6129 3096 6129 3096 6130 3105 6130 3106 6130 3096 6131 3106 6131 3107 6131 3107 6132 3106 6132 3109 6132 3107 6133 3109 6133 3108 6133 3108 6134 3109 6134 3110 6134 3108 6135 3110 6135 3098 6135 3098 6136 3110 6136 3091 6136 3098 6137 3091 6137 3099 6137 3099 6138 3091 6138 3092 6138 3099 6139 3092 6139 3111 6139 3111 6140 3092 6140 3112 6140 3111 6141 3112 6141 3100 6141 3100 6142 3112 6142 3094 6142 3100 6143 3094 6143 3113 6143 3113 6144 3094 6144 3114 6144 3113 6145 3114 6145 3115 6145 3115 6146 3114 6146 3116 6146 3115 6147 3116 6147 3117 6147 1081 6148 3118 6148 3392 6148 3392 6149 3118 6149 3119 6149 3392 6150 3119 6150 3393 6150 3393 6151 3119 6151 3168 6151 3393 6152 3168 6152 3120 6152 3120 6153 3168 6153 3169 6153 3120 6154 3169 6154 3121 6154 3121 6155 3169 6155 3171 6155 3121 6156 3171 6156 3396 6156 3396 6157 3171 6157 3172 6157 3396 6158 3172 6158 3122 6158 3122 6159 3172 6159 3596 6159 3122 6160 3596 6160 3598 6160 3783 6161 3782 6161 3600 6161 3600 6162 3782 6162 3123 6162 3600 6163 3123 6163 3124 6163 3124 6164 3123 6164 3125 6164 3124 6165 3125 6165 3409 6165 3409 6166 3125 6166 3412 6166 3409 6167 3412 6167 3408 6167 3408 6168 3412 6168 3414 6168 3408 6169 3414 6169 3406 6169 3406 6170 3414 6170 3415 6170 3406 6171 3415 6171 3126 6171 3126 6172 3415 6172 3127 6172 3126 6173 3127 6173 3404 6173 3404 6174 3127 6174 3128 6174 3404 6175 3128 6175 3403 6175 3403 6176 3128 6176 3130 6176 3403 6177 3130 6177 3129 6177 3129 6178 3130 6178 3419 6178 3129 6179 3419 6179 3131 6179 3131 6180 3419 6180 3420 6180 3131 6181 3420 6181 3132 6181 3132 6182 3420 6182 3133 6182 3132 6183 3133 6183 3399 6183 3399 6184 3133 6184 3423 6184 3781 6185 3134 6185 3135 6185 3135 6186 3134 6186 3137 6186 3135 6187 3137 6187 3136 6187 3136 6188 3137 6188 3138 6188 3136 6189 3138 6189 3604 6189 3604 6190 3138 6190 3156 6190 3604 6191 3156 6191 3139 6191 3139 6192 3156 6192 3159 6192 3139 6193 3159 6193 3140 6193 3140 6194 3159 6194 3141 6194 3140 6195 3141 6195 3607 6195 3607 6196 3141 6196 3161 6196 3607 6197 3161 6197 3608 6197 3608 6198 3161 6198 3142 6198 3608 6199 3142 6199 3609 6199 3609 6200 3142 6200 3143 6200 3609 6201 3143 6201 3611 6201 3611 6202 3143 6202 3144 6202 3611 6203 3144 6203 3612 6203 3612 6204 3144 6204 3165 6204 3612 6205 3165 6205 3613 6205 3613 6206 3165 6206 3145 6206 3613 6207 3145 6207 3188 6207 3188 6208 3145 6208 3166 6208 3188 6209 3166 6209 3146 6209 3426 6210 3389 6210 3400 6210 3400 6211 3389 6211 3390 6211 3400 6212 3390 6212 3401 6212 3401 6213 3390 6213 3147 6213 3401 6214 3147 6214 3402 6214 3402 6215 3147 6215 3391 6215 3402 6216 3391 6216 3148 6216 3148 6217 3391 6217 3394 6217 3148 6218 3394 6218 3405 6218 3405 6219 3394 6219 3395 6219 3405 6220 3395 6220 3149 6220 3149 6221 3395 6221 3150 6221 3149 6222 3150 6222 3407 6222 3407 6223 3150 6223 3397 6223 3407 6224 3397 6224 3151 6224 3151 6225 3397 6225 3153 6225 3151 6226 3153 6226 3152 6226 3152 6227 3153 6227 3398 6227 3152 6228 3398 6228 3154 6228 3874 6229 3155 6229 3137 6229 3137 6230 3155 6230 1086 6230 3137 6231 1086 6231 3138 6231 3138 6232 1086 6232 3157 6232 3138 6233 3157 6233 3156 6233 3156 6234 3157 6234 3158 6234 3156 6235 3158 6235 3159 6235 3159 6236 3158 6236 3160 6236 3159 6237 3160 6237 3141 6237 3141 6238 3160 6238 3097 6238 3141 6239 3097 6239 3161 6239 3161 6240 3097 6240 3162 6240 3161 6241 3162 6241 3142 6241 3142 6242 3162 6242 3163 6242 3142 6243 3163 6243 3143 6243 3143 6244 3163 6244 3164 6244 3143 6245 3164 6245 3144 6245 3144 6246 3164 6246 3101 6246 3144 6247 3101 6247 3165 6247 3165 6248 3101 6248 3102 6248 3165 6249 3102 6249 3145 6249 3145 6250 3102 6250 3186 6250 3145 6251 3186 6251 3166 6251 3383 6252 3384 6252 3119 6252 3119 6253 3384 6253 3386 6253 3119 6254 3386 6254 3168 6254 3168 6255 3386 6255 3167 6255 3168 6256 3167 6256 3169 6256 3169 6257 3167 6257 3170 6257 3169 6258 3170 6258 3171 6258 3171 6259 3170 6259 3173 6259 3171 6260 3173 6260 3172 6260 3172 6261 3173 6261 3595 6261 3172 6262 3595 6262 3596 6262 3869 6263 3174 6263 3065 6263 3065 6264 3174 6264 3090 6264 3065 6265 3090 6265 3176 6265 3176 6266 3090 6266 3175 6266 3176 6267 3175 6267 3177 6267 3177 6268 3175 6268 3084 6268 3177 6269 3084 6269 3178 6269 3178 6270 3084 6270 3180 6270 3178 6271 3180 6271 3179 6271 3179 6272 3180 6272 3181 6272 3179 6273 3181 6273 3093 6273 3093 6274 3181 6274 3073 6274 3093 6275 3073 6275 3182 6275 3182 6276 3073 6276 3183 6276 3182 6277 3183 6277 3184 6277 3184 6278 3183 6278 3185 6278 3184 6279 3185 6279 3095 6279 3095 6280 3185 6280 2320 6280 3095 6281 2320 6281 3116 6281 3116 6282 2320 6282 2347 6282 3116 6283 2347 6283 3117 6283 3117 6284 2347 6284 2348 6284 3117 6285 2348 6285 3186 6285 3186 6286 2348 6286 2351 6286 3186 6287 2351 6287 3166 6287 3166 6288 2351 6288 2352 6288 3166 6289 2352 6289 3146 6289 3146 6290 2352 6290 3187 6290 3146 6291 3187 6291 3188 6291 3188 6292 3187 6292 3614 6292 3188 6293 3614 6293 3613 6293 3257 6294 682 6294 3189 6294 3189 6295 682 6295 3190 6295 3189 6296 3190 6296 2966 6296 2966 6297 3190 6297 681 6297 2966 6298 681 6298 160 6298 3233 6299 684 6299 3257 6299 3257 6300 684 6300 3191 6300 3257 6301 3191 6301 682 6301 3239 6302 3564 6302 3192 6302 3192 6303 3564 6303 3193 6303 3192 6304 3193 6304 3240 6304 3240 6305 3193 6305 3318 6305 3240 6306 3318 6306 3194 6306 3194 6307 3318 6307 3316 6307 3194 6308 3316 6308 3195 6308 3195 6309 3316 6309 3315 6309 3361 6310 2904 6310 3196 6310 3196 6311 2904 6311 2984 6311 3196 6312 2984 6312 3362 6312 3362 6313 2984 6313 2986 6313 3362 6314 2986 6314 3197 6314 3197 6315 2986 6315 2988 6315 3197 6316 2988 6316 3198 6316 3198 6317 2988 6317 3199 6317 3198 6318 3199 6318 3200 6318 3200 6319 3199 6319 2990 6319 3200 6320 2990 6320 3364 6320 3364 6321 2990 6321 3201 6321 3364 6322 3201 6322 3366 6322 3366 6323 3201 6323 3202 6323 3366 6324 3202 6324 3203 6324 3203 6325 3202 6325 3204 6325 3203 6326 3204 6326 3205 6326 3205 6327 3204 6327 3206 6327 3205 6328 3206 6328 3207 6328 3207 6329 3206 6329 3208 6329 3207 6330 3208 6330 3209 6330 3209 6331 3208 6331 2994 6331 3209 6332 2994 6332 3369 6332 3369 6333 2994 6333 3210 6333 3369 6334 3210 6334 3371 6334 3371 6335 3210 6335 2997 6335 3371 6336 2997 6336 3372 6336 3372 6337 2997 6337 3211 6337 3372 6338 3211 6338 3374 6338 3374 6339 3211 6339 3212 6339 3374 6340 3212 6340 3375 6340 3375 6341 3212 6341 3338 6341 3213 6342 3215 6342 3214 6342 3214 6343 3215 6343 3001 6343 3214 6344 3001 6344 3027 6344 3027 6345 3001 6345 3003 6345 3027 6346 3003 6346 3216 6346 3216 6347 3003 6347 3217 6347 3216 6348 3217 6348 3026 6348 3026 6349 3217 6349 3005 6349 3026 6350 3005 6350 3025 6350 3025 6351 3005 6351 3218 6351 3025 6352 3218 6352 3219 6352 3219 6353 3218 6353 3007 6353 3219 6354 3007 6354 3024 6354 3024 6355 3007 6355 3009 6355 3024 6356 3009 6356 3221 6356 3221 6357 3009 6357 3220 6357 3221 6358 3220 6358 3023 6358 3023 6359 3220 6359 3011 6359 3023 6360 3011 6360 3222 6360 3222 6361 3011 6361 3012 6361 3222 6362 3012 6362 3223 6362 3223 6363 3012 6363 3224 6363 3223 6364 3224 6364 3225 6364 3225 6365 3224 6365 3014 6365 3225 6366 3014 6366 3226 6366 3226 6367 3014 6367 3227 6367 3226 6368 3227 6368 3019 6368 3019 6369 3227 6369 3228 6369 3019 6370 3228 6370 3229 6370 3229 6371 3228 6371 3230 6371 3229 6372 3230 6372 3322 6372 3322 6373 3230 6373 3321 6373 3313 6374 3314 6374 3266 6374 3266 6375 3314 6375 3231 6375 3266 6376 3231 6376 2983 6376 2983 6377 3231 6377 3317 6377 2983 6378 3317 6378 2982 6378 3257 6379 3232 6379 3233 6379 3233 6380 3232 6380 3235 6380 3233 6381 3235 6381 3234 6381 3234 6382 3235 6382 1029 6382 1029 6383 3235 6383 1031 6383 1031 6384 3235 6384 3236 6384 1031 6385 3236 6385 3237 6385 3255 6386 1041 6386 3237 6386 3237 6387 1041 6387 3238 6387 3237 6388 3238 6388 1084 6388 3563 6389 3239 6389 2952 6389 2952 6390 3239 6390 3192 6390 2952 6391 3192 6391 2953 6391 2953 6392 3192 6392 3240 6392 2953 6393 3240 6393 2955 6393 2955 6394 3240 6394 3194 6394 2955 6395 3194 6395 2958 6395 2958 6396 3194 6396 3195 6396 2958 6397 3195 6397 3258 6397 3258 6398 3195 6398 3315 6398 3258 6399 3315 6399 3241 6399 3241 6400 3315 6400 3242 6400 3241 6401 3242 6401 3243 6401 3243 6402 3242 6402 3244 6402 3243 6403 3244 6403 3245 6403 3245 6404 3244 6404 3246 6404 3245 6405 3246 6405 3247 6405 3247 6406 3246 6406 3311 6406 3247 6407 3311 6407 3248 6407 3248 6408 3311 6408 3249 6408 3248 6409 3249 6409 3256 6409 3256 6410 3249 6410 3250 6410 3256 6411 3250 6411 3251 6411 3251 6412 3250 6412 3253 6412 3251 6413 3253 6413 3252 6413 3252 6414 3253 6414 3307 6414 3252 6415 3307 6415 3306 6415 1128 6416 3254 6416 3252 6416 3252 6417 3254 6417 3255 6417 3252 6418 3255 6418 3251 6418 3251 6419 3255 6419 3237 6419 3251 6420 3237 6420 3256 6420 3256 6421 3237 6421 3236 6421 3256 6422 3236 6422 3248 6422 3248 6423 3236 6423 3235 6423 3248 6424 3235 6424 3247 6424 3247 6425 3235 6425 3232 6425 3247 6426 3232 6426 3245 6426 3245 6427 3232 6427 3257 6427 3245 6428 3257 6428 3243 6428 3243 6429 3257 6429 3189 6429 3243 6430 3189 6430 3241 6430 3241 6431 3189 6431 2966 6431 3241 6432 2966 6432 3258 6432 3258 6433 2966 6433 2964 6433 3258 6434 2964 6434 2957 6434 2957 6435 2964 6435 3259 6435 2957 6436 3259 6436 2956 6436 2956 6437 3259 6437 3260 6437 2956 6438 3260 6438 2954 6438 2954 6439 3260 6439 2961 6439 2954 6440 2961 6440 3261 6440 3261 6441 2961 6441 2959 6441 3261 6442 2959 6442 2951 6442 2951 6443 2959 6443 3262 6443 2951 6444 3262 6444 3561 6444 3561 6445 3262 6445 3263 6445 3303 6446 3571 6446 3304 6446 3304 6447 3571 6447 3323 6447 3304 6448 3323 6448 3264 6448 3265 6449 3569 6449 3266 6449 3266 6450 3569 6450 3267 6450 3266 6451 3267 6451 3313 6451 3313 6452 3267 6452 3288 6452 3313 6453 3288 6453 3312 6453 3312 6454 3288 6454 3289 6454 3312 6455 3289 6455 3268 6455 3268 6456 3289 6456 3269 6456 3268 6457 3269 6457 3310 6457 3310 6458 3269 6458 3270 6458 3310 6459 3270 6459 3309 6459 3309 6460 3270 6460 1144 6460 3309 6461 1144 6461 3308 6461 3308 6462 1144 6462 3271 6462 3287 6463 3570 6463 3272 6463 3272 6464 3570 6464 3286 6464 3272 6465 3286 6465 3273 6465 3273 6466 3286 6466 3274 6466 3273 6467 3274 6467 3275 6467 3275 6468 3274 6468 3284 6468 3275 6469 3284 6469 3290 6469 3290 6470 3284 6470 3276 6470 3290 6471 3276 6471 1150 6471 1150 6472 3276 6472 3283 6472 1150 6473 3283 6473 3281 6473 3277 6474 3278 6474 3279 6474 3279 6475 3278 6475 3583 6475 3279 6476 3583 6476 3285 6476 3285 6477 3583 6477 1151 6477 3292 6478 3280 6478 1159 6478 1159 6479 3280 6479 3281 6479 1159 6480 3281 6480 1154 6480 1154 6481 3281 6481 3283 6481 1154 6482 3283 6482 3282 6482 3282 6483 3283 6483 3276 6483 3282 6484 3276 6484 1151 6484 1151 6485 3276 6485 3284 6485 1151 6486 3284 6486 3285 6486 3285 6487 3284 6487 3274 6487 3285 6488 3274 6488 3279 6488 3279 6489 3274 6489 3286 6489 3279 6490 3286 6490 3277 6490 3277 6491 3286 6491 3570 6491 3569 6492 3287 6492 3267 6492 3267 6493 3287 6493 3272 6493 3267 6494 3272 6494 3288 6494 3288 6495 3272 6495 3273 6495 3288 6496 3273 6496 3289 6496 3289 6497 3273 6497 3275 6497 3289 6498 3275 6498 3269 6498 3269 6499 3275 6499 3290 6499 3269 6500 3290 6500 3270 6500 3270 6501 3290 6501 1149 6501 3270 6502 1149 6502 3291 6502 3291 6503 1149 6503 3280 6503 3291 6504 3280 6504 1145 6504 1145 6505 3280 6505 3292 6505 1145 6506 3292 6506 3293 6506 3293 6507 3292 6507 3294 6507 3293 6508 3294 6508 1148 6508 1148 6509 3294 6509 3295 6509 1148 6510 3295 6510 3296 6510 3296 6511 3295 6511 1161 6511 3296 6512 1161 6512 3297 6512 3297 6513 1161 6513 3298 6513 3297 6514 3298 6514 3299 6514 3299 6515 3298 6515 3300 6515 3299 6516 3300 6516 3301 6516 3301 6517 3300 6517 1140 6517 3301 6518 1140 6518 3271 6518 3271 6519 1140 6519 3302 6519 3271 6520 3302 6520 3308 6520 3585 6521 3303 6521 3586 6521 3586 6522 3303 6522 3304 6522 3586 6523 3304 6523 3305 6523 3305 6524 3304 6524 3264 6524 3305 6525 3264 6525 3320 6525 367 6526 369 6526 1137 6526 1137 6527 369 6527 3306 6527 1137 6528 3306 6528 1129 6528 1129 6529 3306 6529 3307 6529 1129 6530 3307 6530 3302 6530 3302 6531 3307 6531 3253 6531 3302 6532 3253 6532 3308 6532 3308 6533 3253 6533 3250 6533 3308 6534 3250 6534 3309 6534 3309 6535 3250 6535 3249 6535 3309 6536 3249 6536 3310 6536 3310 6537 3249 6537 3311 6537 3310 6538 3311 6538 3268 6538 3268 6539 3311 6539 3246 6539 3268 6540 3246 6540 3312 6540 3312 6541 3246 6541 3244 6541 3312 6542 3244 6542 3313 6542 3313 6543 3244 6543 3242 6543 3313 6544 3242 6544 3314 6544 3314 6545 3242 6545 3315 6545 3314 6546 3315 6546 3231 6546 3231 6547 3315 6547 3316 6547 3231 6548 3316 6548 3317 6548 3317 6549 3316 6549 3318 6549 3317 6550 3318 6550 2982 6550 2982 6551 3318 6551 3193 6551 2982 6552 3193 6552 3319 6552 3319 6553 3193 6553 3564 6553 3377 6554 3320 6554 3376 6554 3376 6555 3320 6555 3264 6555 3376 6556 3264 6556 3321 6556 3321 6557 3264 6557 3323 6557 3321 6558 3323 6558 3322 6558 3322 6559 3323 6559 1083 6559 3322 6560 1083 6560 3017 6560 3791 6561 3324 6561 3325 6561 3325 6562 3324 6562 3326 6562 3325 6563 3326 6563 3327 6563 3327 6564 3326 6564 3057 6564 3327 6565 3057 6565 3035 6565 3035 6566 3057 6566 3058 6566 3035 6567 3058 6567 3037 6567 3037 6568 3058 6568 3328 6568 3037 6569 3328 6569 3329 6569 3329 6570 3328 6570 3060 6570 3329 6571 3060 6571 3039 6571 3039 6572 3060 6572 3331 6572 3039 6573 3331 6573 3330 6573 3330 6574 3331 6574 3332 6574 3330 6575 3332 6575 3041 6575 3041 6576 3332 6576 3348 6576 3041 6577 3348 6577 3333 6577 3333 6578 3348 6578 3334 6578 3333 6579 3334 6579 3042 6579 3042 6580 3334 6580 3335 6580 3042 6581 3335 6581 3043 6581 3043 6582 3335 6582 3336 6582 3043 6583 3336 6583 3044 6583 3044 6584 3336 6584 3345 6584 3044 6585 3345 6585 3212 6585 3212 6586 3345 6586 3337 6586 3212 6587 3337 6587 3338 6587 3338 6588 3337 6588 3378 6588 3343 6589 3442 6589 3339 6589 3340 6590 3342 6590 3341 6590 3341 6591 3342 6591 1085 6591 3341 6592 1085 6592 3343 6592 3343 6593 1085 6593 3440 6593 3343 6594 3440 6594 3442 6594 3344 6595 3378 6595 3588 6595 3588 6596 3378 6596 3337 6596 3588 6597 3337 6597 3589 6597 3589 6598 3337 6598 3345 6598 3589 6599 3345 6599 3590 6599 3590 6600 3345 6600 3336 6600 3590 6601 3336 6601 3346 6601 3346 6602 3336 6602 3335 6602 3346 6603 3335 6603 3591 6603 3591 6604 3335 6604 3334 6604 3591 6605 3334 6605 3347 6605 3347 6606 3334 6606 3348 6606 3347 6607 3348 6607 3592 6607 3592 6608 3348 6608 3332 6608 3592 6609 3332 6609 3594 6609 3594 6610 3332 6610 3331 6610 3594 6611 3331 6611 3597 6611 3597 6612 3331 6612 3349 6612 3597 6613 3349 6613 3350 6613 3350 6614 3349 6614 3055 6614 3350 6615 3055 6615 3599 6615 3599 6616 3055 6616 3048 6616 3599 6617 3048 6617 3352 6617 3352 6618 3048 6618 3351 6618 3352 6619 3351 6619 3353 6619 3353 6620 3351 6620 3045 6620 3353 6621 3045 6621 3047 6621 3436 6622 3354 6622 3355 6622 3355 6623 3354 6623 3438 6623 3355 6624 3438 6624 1085 6624 1085 6625 3438 6625 3439 6625 1085 6626 3439 6626 3440 6626 3434 6627 3435 6627 3385 6627 3385 6628 3435 6628 3358 6628 3385 6629 3358 6629 3387 6629 3387 6630 3358 6630 3359 6630 3387 6631 3359 6631 3388 6631 3388 6632 3359 6632 3360 6632 3388 6633 3360 6633 3357 6633 3357 6634 3360 6634 3356 6634 3357 6635 3356 6635 3593 6635 1082 6636 3436 6636 3358 6636 3358 6637 3436 6637 3355 6637 3358 6638 3355 6638 3359 6638 3359 6639 3355 6639 3342 6639 3359 6640 3342 6640 3360 6640 3360 6641 3342 6641 3340 6641 3360 6642 3340 6642 3356 6642 2882 6643 3361 6643 2880 6643 2880 6644 3361 6644 3196 6644 2880 6645 3196 6645 3002 6645 3002 6646 3196 6646 3362 6646 3002 6647 3362 6647 3004 6647 3004 6648 3362 6648 3197 6648 3004 6649 3197 6649 3006 6649 3006 6650 3197 6650 3198 6650 3006 6651 3198 6651 3363 6651 3363 6652 3198 6652 3200 6652 3363 6653 3200 6653 3008 6653 3008 6654 3200 6654 3364 6654 3008 6655 3364 6655 3365 6655 3365 6656 3364 6656 3366 6656 3365 6657 3366 6657 3010 6657 3010 6658 3366 6658 3203 6658 3010 6659 3203 6659 3367 6659 3367 6660 3203 6660 3205 6660 3367 6661 3205 6661 3368 6661 3368 6662 3205 6662 3207 6662 3368 6663 3207 6663 3013 6663 3013 6664 3207 6664 3209 6664 3013 6665 3209 6665 3015 6665 3015 6666 3209 6666 3369 6666 3015 6667 3369 6667 3370 6667 3370 6668 3369 6668 3371 6668 3370 6669 3371 6669 3016 6669 3016 6670 3371 6670 3372 6670 3016 6671 3372 6671 3373 6671 3373 6672 3372 6672 3374 6672 3373 6673 3374 6673 3321 6673 3321 6674 3374 6674 3375 6674 3321 6675 3375 6675 3376 6675 3376 6676 3375 6676 3338 6676 3376 6677 3338 6677 3377 6677 3377 6678 3338 6678 3378 6678 3377 6679 3378 6679 3320 6679 3320 6680 3378 6680 3344 6680 3379 6681 3380 6681 3431 6681 3431 6682 3380 6682 3381 6682 3431 6683 3381 6683 3382 6683 1080 6684 3382 6684 1081 6684 1081 6685 3382 6685 3381 6685 1081 6686 3381 6686 3118 6686 3118 6687 3381 6687 3380 6687 3118 6688 3380 6688 3383 6688 3383 6689 3380 6689 3432 6689 3383 6690 3432 6690 3384 6690 3384 6691 3432 6691 3385 6691 3384 6692 3385 6692 3386 6692 3386 6693 3385 6693 3387 6693 3386 6694 3387 6694 3167 6694 3167 6695 3387 6695 3388 6695 3167 6696 3388 6696 3170 6696 3170 6697 3388 6697 3357 6697 3170 6698 3357 6698 3173 6698 3173 6699 3357 6699 3593 6699 3173 6700 3593 6700 3595 6700 3389 6701 3428 6701 3390 6701 3390 6702 3428 6702 1081 6702 3390 6703 1081 6703 3147 6703 3147 6704 1081 6704 3392 6704 3147 6705 3392 6705 3391 6705 3391 6706 3392 6706 3393 6706 3391 6707 3393 6707 3394 6707 3394 6708 3393 6708 3120 6708 3394 6709 3120 6709 3395 6709 3395 6710 3120 6710 3121 6710 3395 6711 3121 6711 3150 6711 3150 6712 3121 6712 3396 6712 3150 6713 3396 6713 3397 6713 3397 6714 3396 6714 3122 6714 3397 6715 3122 6715 3153 6715 3153 6716 3122 6716 3598 6716 3153 6717 3598 6717 3398 6717 3399 6718 3426 6718 3132 6718 3132 6719 3426 6719 3400 6719 3132 6720 3400 6720 3131 6720 3131 6721 3400 6721 3401 6721 3131 6722 3401 6722 3129 6722 3129 6723 3401 6723 3402 6723 3129 6724 3402 6724 3403 6724 3403 6725 3402 6725 3148 6725 3403 6726 3148 6726 3404 6726 3404 6727 3148 6727 3405 6727 3404 6728 3405 6728 3126 6728 3126 6729 3405 6729 3149 6729 3126 6730 3149 6730 3406 6730 3406 6731 3149 6731 3407 6731 3406 6732 3407 6732 3408 6732 3408 6733 3407 6733 3151 6733 3408 6734 3151 6734 3409 6734 3409 6735 3151 6735 3152 6735 3409 6736 3152 6736 3124 6736 3124 6737 3152 6737 3154 6737 3124 6738 3154 6738 3600 6738 1087 6739 3410 6739 3123 6739 3123 6740 3410 6740 3411 6740 3123 6741 3411 6741 3125 6741 3125 6742 3411 6742 3413 6742 3125 6743 3413 6743 3412 6743 3412 6744 3413 6744 3603 6744 3412 6745 3603 6745 3414 6745 3414 6746 3603 6746 3605 6746 3414 6747 3605 6747 3415 6747 3415 6748 3605 6748 3416 6748 3415 6749 3416 6749 3127 6749 3127 6750 3416 6750 3417 6750 3127 6751 3417 6751 3128 6751 3128 6752 3417 6752 3606 6752 3128 6753 3606 6753 3130 6753 3130 6754 3606 6754 3418 6754 3130 6755 3418 6755 3419 6755 3419 6756 3418 6756 3421 6756 3419 6757 3421 6757 3420 6757 3420 6758 3421 6758 3610 6758 3420 6759 3610 6759 3133 6759 3133 6760 3610 6760 3422 6760 3133 6761 3422 6761 3423 6761 3423 6762 3422 6762 3615 6762 3615 6763 3424 6763 3423 6763 3423 6764 3424 6764 3463 6764 3423 6765 3463 6765 3399 6765 3399 6766 3463 6766 3425 6766 3399 6767 3425 6767 3426 6767 3426 6768 3425 6768 3466 6768 3426 6769 3466 6769 3389 6769 3389 6770 3466 6770 3427 6770 3389 6771 3427 6771 3428 6771 3428 6772 3427 6772 3468 6772 3428 6773 3468 6773 1080 6773 1080 6774 3468 6774 3429 6774 1080 6775 3429 6775 3382 6775 3382 6776 3429 6776 3430 6776 3382 6777 3430 6777 3431 6777 3431 6778 3430 6778 3471 6778 3431 6779 3471 6779 3379 6779 3379 6780 3471 6780 3474 6780 3379 6781 3474 6781 3432 6781 3432 6782 3474 6782 3433 6782 3432 6783 3433 6783 3434 6783 3434 6784 3433 6784 3475 6784 3434 6785 3475 6785 3435 6785 3435 6786 3475 6786 3478 6786 3435 6787 3478 6787 1082 6787 1082 6788 3478 6788 3479 6788 1082 6789 3479 6789 3436 6789 3436 6790 3479 6790 3481 6790 3436 6791 3481 6791 3354 6791 3354 6792 3481 6792 3437 6792 3354 6793 3437 6793 3438 6793 3438 6794 3437 6794 3483 6794 3438 6795 3483 6795 3439 6795 3439 6796 3483 6796 3484 6796 3439 6797 3484 6797 3440 6797 3440 6798 3484 6798 3441 6798 3440 6799 3441 6799 3442 6799 3442 6800 3441 6800 3486 6800 3442 6801 3486 6801 3339 6801 3339 6802 3486 6802 3487 6802 3443 6803 3451 6803 3444 6803 3444 6804 3451 6804 3452 6804 3444 6805 3452 6805 3456 6805 3456 6806 3452 6806 3445 6806 3456 6807 3445 6807 3458 6807 3458 6808 3445 6808 3454 6808 3635 6809 3633 6809 3525 6809 3525 6810 3633 6810 3446 6810 3525 6811 3446 6811 3526 6811 3526 6812 3446 6812 3631 6812 3526 6813 3631 6813 3528 6813 3528 6814 3631 6814 3629 6814 3528 6815 3629 6815 3447 6815 3447 6816 3629 6816 3448 6816 3447 6817 3448 6817 3449 6817 3449 6818 3448 6818 3627 6818 3449 6819 3627 6819 3532 6819 3532 6820 3627 6820 3450 6820 3532 6821 3450 6821 3533 6821 3533 6822 3450 6822 3626 6822 3533 6823 3626 6823 3534 6823 3451 6824 3751 6824 3452 6824 3452 6825 3751 6825 3453 6825 3452 6826 3453 6826 3445 6826 3445 6827 3453 6827 3750 6827 3445 6828 3750 6828 3454 6828 3454 6829 3750 6829 3460 6829 3634 6830 3443 6830 3455 6830 3455 6831 3443 6831 3444 6831 3455 6832 3444 6832 3488 6832 3488 6833 3444 6833 3456 6833 3488 6834 3456 6834 3457 6834 3457 6835 3456 6835 3458 6835 3457 6836 3458 6836 3459 6836 3459 6837 3458 6837 3454 6837 3459 6838 3454 6838 3490 6838 3490 6839 3454 6839 3460 6839 3490 6840 3460 6840 3748 6840 1386 6841 3494 6841 3747 6841 3747 6842 3494 6842 3461 6842 3747 6843 3461 6843 3748 6843 3424 6844 3462 6844 3463 6844 3463 6845 3462 6845 3464 6845 3463 6846 3464 6846 3425 6846 3425 6847 3464 6847 3465 6847 3425 6848 3465 6848 3466 6848 3466 6849 3465 6849 3467 6849 3466 6850 3467 6850 3427 6850 3427 6851 3467 6851 3620 6851 3427 6852 3620 6852 3468 6852 3468 6853 3620 6853 3469 6853 3468 6854 3469 6854 3429 6854 3429 6855 3469 6855 3470 6855 3429 6856 3470 6856 3430 6856 3430 6857 3470 6857 3623 6857 3430 6858 3623 6858 3471 6858 3471 6859 3623 6859 3472 6859 3471 6860 3472 6860 3474 6860 3474 6861 3472 6861 3473 6861 3474 6862 3473 6862 3433 6862 3433 6863 3473 6863 3476 6863 3433 6864 3476 6864 3475 6864 3475 6865 3476 6865 3477 6865 3475 6866 3477 6866 3478 6866 3478 6867 3477 6867 3480 6867 3478 6868 3480 6868 3479 6868 3479 6869 3480 6869 3628 6869 3479 6870 3628 6870 3481 6870 3481 6871 3628 6871 3482 6871 3481 6872 3482 6872 3437 6872 3437 6873 3482 6873 3630 6873 3437 6874 3630 6874 3483 6874 3483 6875 3630 6875 3485 6875 3483 6876 3485 6876 3484 6876 3484 6877 3485 6877 3632 6877 3484 6878 3632 6878 3441 6878 3441 6879 3632 6879 3634 6879 3441 6880 3634 6880 3486 6880 3486 6881 3634 6881 3455 6881 3486 6882 3455 6882 3487 6882 3487 6883 3455 6883 3488 6883 3487 6884 3488 6884 3489 6884 3489 6885 3488 6885 3457 6885 3489 6886 3457 6886 3587 6886 3587 6887 3457 6887 3459 6887 3587 6888 3459 6888 3491 6888 3491 6889 3459 6889 3490 6889 3491 6890 3490 6890 3492 6890 3492 6891 3490 6891 3748 6891 3492 6892 3748 6892 3493 6892 3493 6893 3748 6893 3461 6893 3493 6894 3461 6894 3584 6894 3584 6895 3461 6895 3494 6895 3752 6896 3636 6896 3753 6896 3753 6897 3636 6897 3495 6897 3753 6898 3495 6898 3754 6898 3754 6899 3495 6899 3496 6899 3754 6900 3496 6900 3497 6900 3497 6901 3496 6901 3527 6901 3497 6902 3527 6902 3498 6902 3498 6903 3527 6903 3529 6903 3498 6904 3529 6904 3756 6904 3756 6905 3529 6905 3530 6905 3756 6906 3530 6906 3499 6906 3616 6907 3544 6907 3617 6907 3617 6908 3544 6908 3543 6908 3617 6909 3543 6909 3500 6909 3500 6910 3543 6910 3541 6910 3500 6911 3541 6911 3618 6911 3618 6912 3541 6912 3501 6912 3618 6913 3501 6913 3619 6913 3619 6914 3501 6914 3540 6914 3619 6915 3540 6915 3502 6915 3502 6916 3540 6916 3503 6916 3502 6917 3503 6917 3621 6917 3621 6918 3503 6918 3504 6918 3621 6919 3504 6919 3622 6919 3622 6920 3504 6920 3537 6920 3622 6921 3537 6921 3624 6921 3624 6922 3537 6922 3535 6922 3624 6923 3535 6923 3505 6923 3505 6924 3535 6924 3534 6924 3505 6925 3534 6925 3625 6925 3625 6926 3534 6926 3626 6926 3530 6927 3531 6927 3499 6927 3499 6928 3531 6928 3506 6928 3499 6929 3506 6929 3757 6929 3757 6930 3506 6930 3507 6930 3757 6931 3507 6931 3758 6931 3758 6932 3507 6932 3508 6932 3758 6933 3508 6933 3760 6933 3760 6934 3508 6934 3536 6934 3760 6935 3536 6935 3509 6935 3509 6936 3536 6936 3538 6936 3509 6937 3538 6937 3762 6937 3762 6938 3538 6938 3510 6938 3762 6939 3510 6939 3764 6939 3764 6940 3510 6940 3511 6940 3764 6941 3511 6941 3765 6941 3765 6942 3511 6942 3539 6942 3765 6943 3539 6943 3766 6943 3766 6944 3539 6944 3512 6944 3766 6945 3512 6945 3768 6945 3768 6946 3512 6946 3513 6946 3768 6947 3513 6947 3514 6947 3514 6948 3513 6948 3542 6948 3514 6949 3542 6949 3515 6949 3515 6950 3542 6950 3516 6950 3515 6951 3516 6951 3770 6951 3770 6952 3516 6952 3545 6952 3770 6953 3545 6953 3771 6953 3771 6954 3545 6954 3546 6954 3771 6955 3546 6955 3772 6955 3772 6956 3546 6956 2334 6956 3772 6957 2334 6957 3517 6957 3517 6958 2334 6958 3518 6958 3517 6959 3518 6959 3773 6959 3773 6960 3518 6960 2336 6960 3773 6961 2336 6961 3519 6961 3519 6962 2336 6962 3520 6962 3519 6963 3520 6963 3521 6963 3521 6964 3520 6964 2337 6964 3521 6965 2337 6965 3775 6965 3775 6966 2337 6966 3522 6966 3775 6967 3522 6967 3776 6967 3776 6968 3522 6968 3523 6968 3776 6969 3523 6969 3524 6969 3524 6970 3523 6970 3854 6970 3524 6971 3854 6971 2327 6971 3636 6972 3635 6972 3495 6972 3495 6973 3635 6973 3525 6973 3495 6974 3525 6974 3496 6974 3496 6975 3525 6975 3526 6975 3496 6976 3526 6976 3527 6976 3527 6977 3526 6977 3528 6977 3527 6978 3528 6978 3529 6978 3529 6979 3528 6979 3447 6979 3529 6980 3447 6980 3530 6980 3530 6981 3447 6981 3449 6981 3530 6982 3449 6982 3531 6982 3531 6983 3449 6983 3532 6983 3531 6984 3532 6984 3506 6984 3506 6985 3532 6985 3533 6985 3506 6986 3533 6986 3507 6986 3507 6987 3533 6987 3534 6987 3507 6988 3534 6988 3508 6988 3508 6989 3534 6989 3535 6989 3508 6990 3535 6990 3536 6990 3536 6991 3535 6991 3537 6991 3536 6992 3537 6992 3538 6992 3538 6993 3537 6993 3504 6993 3538 6994 3504 6994 3510 6994 3510 6995 3504 6995 3503 6995 3510 6996 3503 6996 3511 6996 3511 6997 3503 6997 3540 6997 3511 6998 3540 6998 3539 6998 3539 6999 3540 6999 3501 6999 3539 7000 3501 7000 3512 7000 3512 7001 3501 7001 3541 7001 3512 7002 3541 7002 3513 7002 3513 7003 3541 7003 3543 7003 3513 7004 3543 7004 3542 7004 3542 7005 3543 7005 3544 7005 3542 7006 3544 7006 3516 7006 3516 7007 3544 7007 3616 7007 3516 7008 3616 7008 3545 7008 3545 7009 3616 7009 1097 7009 3545 7010 1097 7010 3546 7010 3546 7011 1097 7011 2345 7011 3546 7012 2345 7012 2334 7012 2334 7013 2345 7013 3547 7013 2334 7014 3547 7014 2335 7014 2335 7015 3547 7015 2325 7015 2335 7016 2325 7016 3549 7016 3549 7017 2325 7017 3548 7017 3549 7018 3548 7018 3550 7018 3550 7019 3548 7019 2315 7019 3550 7020 2315 7020 3551 7020 3551 7021 2315 7021 3075 7021 3551 7022 3075 7022 3553 7022 3553 7023 3075 7023 3552 7023 3553 7024 3552 7024 2338 7024 2338 7025 3552 7025 3856 7025 2338 7026 3856 7026 3857 7026 3799 7027 3214 7027 2896 7027 2896 7028 3214 7028 3029 7028 2896 7029 3029 7029 2898 7029 2898 7030 3029 7030 3028 7030 2898 7031 3028 7031 2900 7031 2900 7032 3028 7032 3554 7032 2900 7033 3554 7033 3555 7033 3555 7034 3554 7034 3556 7034 3555 7035 3556 7035 3558 7035 3558 7036 3556 7036 3557 7036 3558 7037 3557 7037 3559 7037 3559 7038 3557 7038 3560 7038 3559 7039 3560 7039 3263 7039 3263 7040 3560 7040 3562 7040 3263 7041 3562 7041 3561 7041 3561 7042 3562 7042 3022 7042 3561 7043 3022 7043 3563 7043 3563 7044 3022 7044 3021 7044 3563 7045 3021 7045 3239 7045 3239 7046 3021 7046 3565 7046 3239 7047 3565 7047 3564 7047 3564 7048 3565 7048 3566 7048 3564 7049 3566 7049 3319 7049 3319 7050 3566 7050 3567 7050 3319 7051 3567 7051 3568 7051 3568 7052 3567 7052 3020 7052 3568 7053 3020 7053 3265 7053 3265 7054 3020 7054 3018 7054 3265 7055 3018 7055 3569 7055 3569 7056 3018 7056 3017 7056 3569 7057 3017 7057 3287 7057 3287 7058 3017 7058 1083 7058 3287 7059 1083 7059 3570 7059 3570 7060 1083 7060 3571 7060 3570 7061 3571 7061 3277 7061 3277 7062 3571 7062 3303 7062 3277 7063 3303 7063 3278 7063 3278 7064 3303 7064 3585 7064 3278 7065 3585 7065 3583 7065 3738 7066 3573 7066 3572 7066 3572 7067 3573 7067 3574 7067 3572 7068 3574 7068 3575 7068 3575 7069 3574 7069 3576 7069 3575 7070 3576 7070 1394 7070 1394 7071 3576 7071 1155 7071 1394 7072 1155 7072 3577 7072 3577 7073 1155 7073 3578 7073 3577 7074 3578 7074 3579 7074 3579 7075 3578 7075 3581 7075 3579 7076 3581 7076 3580 7076 3580 7077 3581 7077 1152 7077 3580 7078 1152 7078 1386 7078 1386 7079 1152 7079 3582 7079 1386 7080 3582 7080 3494 7080 3494 7081 3582 7081 3583 7081 3494 7082 3583 7082 3584 7082 3584 7083 3583 7083 3585 7083 3584 7084 3585 7084 3493 7084 3493 7085 3585 7085 3586 7085 3493 7086 3586 7086 3492 7086 3492 7087 3586 7087 3305 7087 3492 7088 3305 7088 3491 7088 3491 7089 3305 7089 3320 7089 3491 7090 3320 7090 3587 7090 3587 7091 3320 7091 3344 7091 3587 7092 3344 7092 3489 7092 3489 7093 3344 7093 3588 7093 3489 7094 3588 7094 3487 7094 3487 7095 3588 7095 3589 7095 3487 7096 3589 7096 3339 7096 3339 7097 3589 7097 3590 7097 3339 7098 3590 7098 3343 7098 3343 7099 3590 7099 3346 7099 3343 7100 3346 7100 3341 7100 3341 7101 3346 7101 3591 7101 3341 7102 3591 7102 3340 7102 3340 7103 3591 7103 3347 7103 3340 7104 3347 7104 3356 7104 3356 7105 3347 7105 3592 7105 3356 7106 3592 7106 3593 7106 3593 7107 3592 7107 3594 7107 3593 7108 3594 7108 3595 7108 3595 7109 3594 7109 3597 7109 3595 7110 3597 7110 3596 7110 3596 7111 3597 7111 3350 7111 3596 7112 3350 7112 3598 7112 3598 7113 3350 7113 3599 7113 3598 7114 3599 7114 3398 7114 3398 7115 3599 7115 3352 7115 3398 7116 3352 7116 3154 7116 3154 7117 3352 7117 3353 7117 3154 7118 3353 7118 3600 7118 3600 7119 3353 7119 3046 7119 3600 7120 3046 7120 3784 7120 3601 7121 3602 7121 3411 7121 3411 7122 3602 7122 3135 7122 3411 7123 3135 7123 3413 7123 3413 7124 3135 7124 3136 7124 3413 7125 3136 7125 3603 7125 3603 7126 3136 7126 3604 7126 3603 7127 3604 7127 3605 7127 3605 7128 3604 7128 3139 7128 3605 7129 3139 7129 3416 7129 3416 7130 3139 7130 3140 7130 3416 7131 3140 7131 3417 7131 3417 7132 3140 7132 3607 7132 3417 7133 3607 7133 3606 7133 3606 7134 3607 7134 3608 7134 3606 7135 3608 7135 3418 7135 3418 7136 3608 7136 3609 7136 3418 7137 3609 7137 3421 7137 3421 7138 3609 7138 3611 7138 3421 7139 3611 7139 3610 7139 3610 7140 3611 7140 3612 7140 3610 7141 3612 7141 3422 7141 3422 7142 3612 7142 3613 7142 3422 7143 3613 7143 3615 7143 3615 7144 3613 7144 3614 7144 3615 7145 3614 7145 3424 7145 3424 7146 3614 7146 3616 7146 3424 7147 3616 7147 3462 7147 3462 7148 3616 7148 3617 7148 3462 7149 3617 7149 3464 7149 3464 7150 3617 7150 3500 7150 3464 7151 3500 7151 3465 7151 3465 7152 3500 7152 3618 7152 3465 7153 3618 7153 3467 7153 3467 7154 3618 7154 3619 7154 3467 7155 3619 7155 3620 7155 3620 7156 3619 7156 3502 7156 3620 7157 3502 7157 3469 7157 3469 7158 3502 7158 3621 7158 3469 7159 3621 7159 3470 7159 3470 7160 3621 7160 3622 7160 3470 7161 3622 7161 3623 7161 3623 7162 3622 7162 3624 7162 3623 7163 3624 7163 3472 7163 3472 7164 3624 7164 3505 7164 3472 7165 3505 7165 3473 7165 3473 7166 3505 7166 3625 7166 3473 7167 3625 7167 3476 7167 3476 7168 3625 7168 3626 7168 3476 7169 3626 7169 3477 7169 3477 7170 3626 7170 3450 7170 3477 7171 3450 7171 3480 7171 3480 7172 3450 7172 3627 7172 3480 7173 3627 7173 3628 7173 3628 7174 3627 7174 3448 7174 3628 7175 3448 7175 3482 7175 3482 7176 3448 7176 3629 7176 3482 7177 3629 7177 3630 7177 3630 7178 3629 7178 3631 7178 3630 7179 3631 7179 3485 7179 3485 7180 3631 7180 3446 7180 3485 7181 3446 7181 3632 7181 3632 7182 3446 7182 3633 7182 3632 7183 3633 7183 3634 7183 3634 7184 3633 7184 3635 7184 3634 7185 3635 7185 3443 7185 3443 7186 3635 7186 3636 7186 3443 7187 3636 7187 3451 7187 3451 7188 3636 7188 3752 7188 3451 7189 3752 7189 3751 7189 121 7190 2353 7190 122 7190 122 7191 2353 7191 2449 7191 122 7192 2449 7192 3637 7192 3637 7193 2449 7193 3638 7193 3637 7194 3638 7194 3639 7194 145 7195 143 7195 1963 7195 1963 7196 143 7196 3640 7196 1963 7197 3640 7197 3692 7197 3692 7198 3640 7198 3641 7198 3692 7199 3641 7199 3642 7199 3642 7200 3641 7200 3643 7200 3642 7201 3643 7201 141 7201 3769 7202 2380 7202 3644 7202 3644 7203 2380 7203 2379 7203 3644 7204 2379 7204 3645 7204 3645 7205 2379 7205 2376 7205 3645 7206 2376 7206 1613 7206 1613 7207 2376 7207 3647 7207 1613 7208 3647 7208 3646 7208 3646 7209 3647 7209 2375 7209 3646 7210 2375 7210 3648 7210 3648 7211 2375 7211 3649 7211 3648 7212 3649 7212 3650 7212 3650 7213 3649 7213 3651 7213 3650 7214 3651 7214 2171 7214 2171 7215 3651 7215 3652 7215 2171 7216 3652 7216 3653 7216 3653 7217 3652 7217 2265 7217 3653 7218 2265 7218 2169 7218 2169 7219 2265 7219 2264 7219 2169 7220 2264 7220 2168 7220 2168 7221 2264 7221 3654 7221 2168 7222 3654 7222 3655 7222 3655 7223 3654 7223 2262 7223 3655 7224 2262 7224 2167 7224 2167 7225 2262 7225 3657 7225 2167 7226 3657 7226 3656 7226 3656 7227 3657 7227 2260 7227 3656 7228 2260 7228 3658 7228 3658 7229 2260 7229 3659 7229 3658 7230 3659 7230 3660 7230 3660 7231 3659 7231 3661 7231 3660 7232 3661 7232 2164 7232 2164 7233 3661 7233 2257 7233 2164 7234 2257 7234 2163 7234 2163 7235 2257 7235 3662 7235 2163 7236 3662 7236 2161 7236 2161 7237 3662 7237 2256 7237 2161 7238 2256 7238 3663 7238 3663 7239 2256 7239 3664 7239 3663 7240 3664 7240 2158 7240 2158 7241 3664 7241 2255 7241 2158 7242 2255 7242 2157 7242 2157 7243 2255 7243 2253 7243 2157 7244 2253 7244 2221 7244 2221 7245 2253 7245 3665 7245 2221 7246 3665 7246 3666 7246 3666 7247 3665 7247 3667 7247 3666 7248 3667 7248 3668 7248 3668 7249 3667 7249 3669 7249 3668 7250 3669 7250 2224 7250 2224 7251 3669 7251 2285 7251 2224 7252 2285 7252 3670 7252 3670 7253 2285 7253 2135 7253 3670 7254 2135 7254 3671 7254 3671 7255 2135 7255 3672 7255 3671 7256 3672 7256 2227 7256 2227 7257 3672 7257 2136 7257 2227 7258 2136 7258 3673 7258 3673 7259 2136 7259 3674 7259 3673 7260 3674 7260 3675 7260 3675 7261 3674 7261 3676 7261 3675 7262 3676 7262 2229 7262 2229 7263 3676 7263 3677 7263 2229 7264 3677 7264 3678 7264 3678 7265 3677 7265 2293 7265 3678 7266 2293 7266 3679 7266 3679 7267 2293 7267 3680 7267 3679 7268 3680 7268 2232 7268 2232 7269 3680 7269 3681 7269 2232 7270 3681 7270 2233 7270 2233 7271 3681 7271 3682 7271 2233 7272 3682 7272 2234 7272 2234 7273 3682 7273 3683 7273 2234 7274 3683 7274 2236 7274 2236 7275 3683 7275 3684 7275 2236 7276 3684 7276 2238 7276 2238 7277 3684 7277 3685 7277 2238 7278 3685 7278 3686 7278 3686 7279 3685 7279 3687 7279 3686 7280 3687 7280 2240 7280 2240 7281 3687 7281 3688 7281 2240 7282 3688 7282 2243 7282 2243 7283 3688 7283 1992 7283 2243 7284 1992 7284 2245 7284 2245 7285 1992 7285 1994 7285 2245 7286 1994 7286 2247 7286 2247 7287 1994 7287 1961 7287 2247 7288 1961 7288 3689 7288 3689 7289 1961 7289 3690 7289 3689 7290 3690 7290 2248 7290 2248 7291 3690 7291 1962 7291 2248 7292 1962 7292 2249 7292 2249 7293 1962 7293 1963 7293 2249 7294 1963 7294 3691 7294 3691 7295 1963 7295 3692 7295 3691 7296 3692 7296 3693 7296 3693 7297 3692 7297 3642 7297 3693 7298 3642 7298 3694 7298 3694 7299 3642 7299 141 7299 3694 7300 141 7300 142 7300 2757 7301 1079 7301 3696 7301 3696 7302 1079 7302 3695 7302 3696 7303 3695 7303 2759 7303 2759 7304 3695 7304 3698 7304 2759 7305 3698 7305 3697 7305 3697 7306 3698 7306 3699 7306 3697 7307 3699 7307 3700 7307 3700 7308 3699 7308 2751 7308 3700 7309 2751 7309 2776 7309 2776 7310 2751 7310 2749 7310 2776 7311 2749 7311 2778 7311 2778 7312 2749 7312 2747 7312 2778 7313 2747 7313 2779 7313 2779 7314 2747 7314 3701 7314 2779 7315 3701 7315 3702 7315 3702 7316 3701 7316 3703 7316 3702 7317 3703 7317 2782 7317 2782 7318 3703 7318 3704 7318 2782 7319 3704 7319 3705 7319 3705 7320 3704 7320 3706 7320 3705 7321 3706 7321 2783 7321 2783 7322 3706 7322 3707 7322 2783 7323 3707 7323 2785 7323 2785 7324 3707 7324 2761 7324 2785 7325 2761 7325 2515 7325 2515 7326 2761 7326 2507 7326 2515 7327 2507 7327 3708 7327 3708 7328 2507 7328 2505 7328 3708 7329 2505 7329 2517 7329 2517 7330 2505 7330 3709 7330 2517 7331 3709 7331 2518 7331 2518 7332 3709 7332 2503 7332 2518 7333 2503 7333 2520 7333 2520 7334 2503 7334 2502 7334 2520 7335 2502 7335 3710 7335 3710 7336 2502 7336 3711 7336 3710 7337 3711 7337 3712 7337 3712 7338 3711 7338 3713 7338 3712 7339 3713 7339 2522 7339 2522 7340 3713 7340 3714 7340 2522 7341 3714 7341 2529 7341 2529 7342 3714 7342 3715 7342 2529 7343 3715 7343 3716 7343 361 7344 362 7344 1219 7344 1219 7345 362 7345 3717 7345 1219 7346 3717 7346 1186 7346 1186 7347 3717 7347 3718 7347 1186 7348 3718 7348 1221 7348 1221 7349 3718 7349 3719 7349 1221 7350 3719 7350 1247 7350 1247 7351 3719 7351 3720 7351 1247 7352 3720 7352 3721 7352 3721 7353 3720 7353 3722 7353 3721 7354 3722 7354 3723 7354 3723 7355 3722 7355 3724 7355 3723 7356 3724 7356 1284 7356 1284 7357 3724 7357 3725 7357 1284 7358 3725 7358 3726 7358 3726 7359 3725 7359 3727 7359 3726 7360 3727 7360 1293 7360 1293 7361 3727 7361 1160 7361 1293 7362 1160 7362 1285 7362 1285 7363 1160 7363 3728 7363 1285 7364 3728 7364 1308 7364 1308 7365 3728 7365 3729 7365 1308 7366 3729 7366 3730 7366 3730 7367 3729 7367 3731 7367 3730 7368 3731 7368 3732 7368 3732 7369 3731 7369 3733 7369 3732 7370 3733 7370 1164 7370 1164 7371 3733 7371 3735 7371 1164 7372 3735 7372 3734 7372 3734 7373 3735 7373 3736 7373 3734 7374 3736 7374 1413 7374 1413 7375 3736 7375 1165 7375 1413 7376 1165 7376 1412 7376 1412 7377 1165 7377 3737 7377 1412 7378 3737 7378 1408 7378 1408 7379 3737 7379 3738 7379 1408 7380 3738 7380 3739 7380 3739 7381 3738 7381 3741 7381 3739 7382 3741 7382 3740 7382 3740 7383 3741 7383 1395 7383 3740 7384 1395 7384 3742 7384 3742 7385 1395 7385 3743 7385 3742 7386 3743 7386 1396 7386 1396 7387 3743 7387 3744 7387 1396 7388 3744 7388 1391 7388 1391 7389 3744 7389 1393 7389 1391 7390 1393 7390 3745 7390 3745 7391 1393 7391 1392 7391 3745 7392 1392 7392 1389 7392 1389 7393 1392 7393 1385 7393 1389 7394 1385 7394 1387 7394 1387 7395 1385 7395 3747 7395 1387 7396 3747 7396 3746 7396 3746 7397 3747 7397 3748 7397 3746 7398 3748 7398 1388 7398 1388 7399 3748 7399 3460 7399 1388 7400 3460 7400 3749 7400 3749 7401 3460 7401 3750 7401 3749 7402 3750 7402 1398 7402 1398 7403 3750 7403 3453 7403 1398 7404 3453 7404 1399 7404 1399 7405 3453 7405 3751 7405 1399 7406 3751 7406 1523 7406 1523 7407 3751 7407 3752 7407 1523 7408 3752 7408 1450 7408 1450 7409 3752 7409 3753 7409 1450 7410 3753 7410 1536 7410 1536 7411 3753 7411 3754 7411 1536 7412 3754 7412 1116 7412 1116 7413 3754 7413 3497 7413 1116 7414 3497 7414 1754 7414 1754 7415 3497 7415 3498 7415 1754 7416 3498 7416 3755 7416 3755 7417 3498 7417 3756 7417 3755 7418 3756 7418 1443 7418 1443 7419 3756 7419 3499 7419 1443 7420 3499 7420 1586 7420 1586 7421 3499 7421 3757 7421 1586 7422 3757 7422 1717 7422 1717 7423 3757 7423 3758 7423 1717 7424 3758 7424 3759 7424 3759 7425 3758 7425 3760 7425 3759 7426 3760 7426 1704 7426 1704 7427 3760 7427 3509 7427 1704 7428 3509 7428 3761 7428 3761 7429 3509 7429 3762 7429 3761 7430 3762 7430 3763 7430 3763 7431 3762 7431 3764 7431 3763 7432 3764 7432 1633 7432 1633 7433 3764 7433 3765 7433 1633 7434 3765 7434 1625 7434 1625 7435 3765 7435 3766 7435 1625 7436 3766 7436 3767 7436 3767 7437 3766 7437 3768 7437 3767 7438 3768 7438 3769 7438 3769 7439 3768 7439 3514 7439 3769 7440 3514 7440 2382 7440 2382 7441 3514 7441 3515 7441 2382 7442 3515 7442 2383 7442 2383 7443 3515 7443 3770 7443 2383 7444 3770 7444 2407 7444 2407 7445 3770 7445 3771 7445 2407 7446 3771 7446 2446 7446 2446 7447 3771 7447 3772 7447 2446 7448 3772 7448 2448 7448 2448 7449 3772 7449 3517 7449 2448 7450 3517 7450 2879 7450 2879 7451 3517 7451 3773 7451 2879 7452 3773 7452 3774 7452 3774 7453 3773 7453 3519 7453 3774 7454 3519 7454 2340 7454 2340 7455 3519 7455 3521 7455 2340 7456 3521 7456 2333 7456 2333 7457 3521 7457 3775 7457 2333 7458 3775 7458 2483 7458 2483 7459 3775 7459 3776 7459 2483 7460 3776 7460 3777 7460 3777 7461 3776 7461 3524 7461 3777 7462 3524 7462 2508 7462 2508 7463 3524 7463 3778 7463 2508 7464 3778 7464 3853 7464 2305 7465 2304 7465 4 7465 3844 7466 3716 7466 3841 7466 729 7467 3818 7467 3816 7467 3779 7468 3806 7468 3805 7468 3780 7469 3795 7469 3794 7469 3781 7470 3602 7470 0 7470 0 7471 3602 7471 3601 7471 3601 7472 3410 7472 0 7472 0 7473 3410 7473 1087 7473 0 7474 1087 7474 1 7474 1 7475 1087 7475 3782 7475 1 7476 3782 7476 3783 7476 3783 7477 3784 7477 1 7477 1 7478 3784 7478 3046 7478 1 7479 3046 7479 3786 7479 3786 7480 3046 7480 3785 7480 3786 7481 3785 7481 3047 7481 3047 7482 3045 7482 3786 7482 3786 7483 3045 7483 2909 7483 3786 7484 2909 7484 22 7484 2909 7485 2911 7485 22 7485 22 7486 2911 7486 3787 7486 22 7487 3787 7487 3788 7487 3788 7488 3787 7488 3052 7488 3052 7489 3051 7489 3788 7489 3788 7490 3051 7490 1089 7490 3788 7491 1089 7491 3789 7491 3789 7492 2907 7492 3788 7492 3788 7493 2907 7493 3056 7493 3788 7494 3056 7494 3790 7494 3790 7495 3056 7495 3324 7495 3790 7496 3324 7496 3791 7496 3791 7497 2906 7497 3790 7497 3790 7498 2906 7498 3032 7498 3790 7499 3032 7499 3792 7499 3032 7500 3030 7500 3792 7500 3792 7501 3030 7501 3793 7501 3792 7502 3793 7502 3794 7502 3794 7503 3793 7503 2905 7503 3794 7504 2905 7504 3780 7504 3795 7505 3796 7505 3794 7505 3794 7506 3796 7506 3797 7506 3794 7507 3797 7507 3798 7507 3798 7508 3797 7508 2904 7508 3798 7509 2904 7509 3361 7509 3361 7510 2882 7510 3798 7510 3798 7511 2882 7511 2881 7511 3798 7512 2881 7512 3800 7512 3800 7513 2881 7513 3000 7513 3800 7514 3000 7514 2999 7514 3799 7515 21 7515 3213 7515 3213 7516 21 7516 3800 7516 3213 7517 3800 7517 3215 7517 3215 7518 3800 7518 2999 7518 3799 7519 3801 7519 21 7519 21 7520 3801 7520 2883 7520 21 7521 2883 7521 1090 7521 1090 7522 2893 7522 21 7522 21 7523 2893 7523 1092 7523 21 7524 1092 7524 3802 7524 601 7525 3803 7525 602 7525 602 7526 3803 7526 3802 7526 602 7527 3802 7527 1091 7527 1091 7528 3802 7528 1092 7528 601 7529 598 7529 3803 7529 3803 7530 598 7530 1078 7530 3803 7531 1078 7531 3805 7531 3805 7532 1078 7532 3804 7532 3805 7533 3804 7533 3779 7533 799 7534 19 7534 790 7534 790 7535 19 7535 3805 7535 790 7536 3805 7536 563 7536 563 7537 3805 7537 3806 7537 799 7538 3807 7538 19 7538 19 7539 3807 7539 163 7539 19 7540 163 7540 3809 7540 3809 7541 163 7541 3808 7541 3809 7542 3808 7542 559 7542 559 7543 3810 7543 3809 7543 3809 7544 3810 7544 558 7544 3809 7545 558 7545 20 7545 20 7546 558 7546 3811 7546 20 7547 3811 7547 3812 7547 3812 7548 553 7548 20 7548 20 7549 553 7549 733 7549 20 7550 733 7550 3814 7550 733 7551 3813 7551 3814 7551 3814 7552 3813 7552 732 7552 3814 7553 732 7553 3816 7553 3816 7554 732 7554 731 7554 3816 7555 731 7555 729 7555 3819 7556 18 7556 3815 7556 3815 7557 18 7557 3816 7557 3815 7558 3816 7558 3817 7558 3817 7559 3816 7559 3818 7559 3819 7560 3820 7560 18 7560 18 7561 3820 7561 720 7561 18 7562 720 7562 3821 7562 720 7563 721 7563 3821 7563 3821 7564 721 7564 701 7564 3821 7565 701 7565 702 7565 702 7566 703 7566 3821 7566 3821 7567 703 7567 699 7567 3821 7568 699 7568 3822 7568 699 7569 3823 7569 3822 7569 3822 7570 3823 7570 698 7570 3822 7571 698 7571 15 7571 15 7572 698 7572 3824 7572 15 7573 3824 7573 951 7573 951 7574 690 7574 15 7574 15 7575 690 7575 3825 7575 15 7576 3825 7576 3827 7576 3827 7577 3825 7577 1095 7577 3827 7578 1095 7578 3826 7578 3826 7579 3828 7579 3827 7579 3827 7580 3828 7580 3829 7580 3827 7581 3829 7581 16 7581 3829 7582 2534 7582 16 7582 16 7583 2534 7583 3830 7583 16 7584 3830 7584 17 7584 17 7585 3830 7585 3831 7585 3831 7586 2584 7586 17 7586 17 7587 2584 7587 3832 7587 17 7588 3832 7588 2533 7588 2562 7589 14 7589 2530 7589 2530 7590 14 7590 17 7590 2530 7591 17 7591 2531 7591 2531 7592 17 7592 2533 7592 2562 7593 3833 7593 14 7593 14 7594 3833 7594 3834 7594 14 7595 3834 7595 3839 7595 3834 7596 3835 7596 3839 7596 3839 7597 3835 7597 3836 7597 3839 7598 3836 7598 3837 7598 3837 7599 3838 7599 3839 7599 3839 7600 3838 7600 3840 7600 3839 7601 3840 7601 11 7601 11 7602 3840 7602 2550 7602 11 7603 2550 7603 2662 7603 2662 7604 1096 7604 11 7604 11 7605 1096 7605 3842 7605 11 7606 3842 7606 3841 7606 3841 7607 3842 7607 3843 7607 3841 7608 3843 7608 3844 7608 3716 7609 3715 7609 3841 7609 3841 7610 3715 7610 2491 7610 3841 7611 2491 7611 3845 7611 3845 7612 2491 7612 3846 7612 3845 7613 3846 7613 2490 7613 2490 7614 3847 7614 3845 7614 3845 7615 3847 7615 2500 7615 3845 7616 2500 7616 12 7616 2500 7617 2332 7617 12 7617 12 7618 2332 7618 2331 7618 12 7619 2331 7619 9 7619 9 7620 2331 7620 3848 7620 9 7621 3848 7621 3849 7621 1098 7622 10 7622 3850 7622 3850 7623 10 7623 9 7623 3850 7624 9 7624 3851 7624 3851 7625 9 7625 3849 7625 1098 7626 1099 7626 10 7626 10 7627 1099 7627 3852 7627 10 7628 3852 7628 2598 7628 3778 7629 6 7629 3853 7629 3853 7630 6 7630 10 7630 3853 7631 10 7631 1100 7631 1100 7632 10 7632 2598 7632 3854 7633 7 7633 2327 7633 2327 7634 7 7634 6 7634 2327 7635 6 7635 2328 7635 2328 7636 6 7636 3778 7636 3854 7637 2339 7637 7 7637 7 7638 2339 7638 2326 7638 7 7639 2326 7639 3855 7639 2309 7640 8 7640 3856 7640 3856 7641 8 7641 7 7641 3856 7642 7 7642 3857 7642 3857 7643 7 7643 3855 7643 2309 7644 2310 7644 8 7644 8 7645 2310 7645 2314 7645 8 7646 2314 7646 3859 7646 3859 7647 2314 7647 3858 7647 3859 7648 3858 7648 2312 7648 2312 7649 2311 7649 3859 7649 3859 7650 2311 7650 2307 7650 3859 7651 2307 7651 4 7651 4 7652 2307 7652 3860 7652 4 7653 3860 7653 2305 7653 2298 7654 5 7654 3861 7654 3861 7655 5 7655 4 7655 3861 7656 4 7656 3862 7656 3862 7657 4 7657 2304 7657 2298 7658 3863 7658 5 7658 5 7659 3863 7659 3864 7659 5 7660 3864 7660 3865 7660 3865 7661 3864 7661 3071 7661 3865 7662 3071 7662 3866 7662 3866 7663 3070 7663 3865 7663 3865 7664 3070 7664 3867 7664 3865 7665 3867 7665 2 7665 2 7666 3867 7666 3069 7666 2 7667 3069 7667 3068 7667 3068 7668 3066 7668 2 7668 2 7669 3066 7669 3868 7669 2 7670 3868 7670 3870 7670 3870 7671 3868 7671 3174 7671 3870 7672 3174 7672 3869 7672 3869 7673 3064 7673 3870 7673 3870 7674 3064 7674 3063 7674 3870 7675 3063 7675 3 7675 3 7676 3063 7676 3104 7676 3 7677 3104 7677 3103 7677 3103 7678 3871 7678 3 7678 3 7679 3871 7679 3061 7679 3 7680 3061 7680 3873 7680 3873 7681 3061 7681 3872 7681 3873 7682 3872 7682 3155 7682 3155 7683 3874 7683 3873 7683 3873 7684 3874 7684 3050 7684 3873 7685 3050 7685 0 7685 0 7686 3050 7686 3134 7686 0 7687 3134 7687 3781 7687</p>
        </triangles>
      </mesh>
    </geometry>
  </library_geometries>
  <library_visual_scenes>
    <visual_scene id="Scene" name="Scene">
      <node id="node" name="node" type="NODE">
        <matrix sid="transform">1 0 0 0 0 1 -4.37114e-8 0 0 4.37114e-8 1 0 0 0 0 1</matrix>
        <instance_geometry url="#shape0_002-mesh" name="node">
          <bind_material>
            <technique_common>
              <instance_material symbol="Material_001-material" target="#Material_001-material"/>
            </technique_common>
          </bind_material>
        </instance_geometry>
      </node>
      <node id="Lamp" name="Lamp" type="NODE">
        <matrix sid="transform">-0.2908646 -0.7711008 0.5663932 4.076245 -0.055189 0.6045247 0.7946723 5.903862 -0.9551712 0.1998834 -0.2183912 -1.005454 0 0 0 1</matrix>
        <instance_light url="#Lamp-light"/>
      </node>
      <node id="Camera_001" name="Camera.001" type="NODE">
        <matrix sid="transform">0.6859207 -0.3240135 0.6515582 7.481132 -4.01133e-9 0.8953956 0.4452714 5.343665 -0.7276763 -0.3054209 0.6141704 6.50764 0 0 0 1</matrix>
        <instance_camera url="#Camera_001-camera"/>
      </node>
      <node id="Camera" name="Camera" type="NODE">
        <matrix sid="transform">0.6859207 -0.3240135 0.6515582 7.358891 0 0.8953956 0.4452714 4.958309 -0.7276763 -0.3054208 0.6141704 6.925791 0 0 0 1</matrix>
        <instance_camera url="#Camera-camera"/>
      </node>
      <node id="Light" name="Light" type="NODE">
        <matrix sid="transform">-0.2908646 -0.7711008 0.5663932 4.076245 -0.05518906 0.6045247 0.7946723 5.903862 -0.9551712 0.1998834 -0.2183912 -1.005454 0 0 0 1</matrix>
        <instance_light url="#Light-light"/>
      </node>
    </visual_scene>
  </library_visual_scenes>
  <scene>
    <instance_visual_scene url="#Scene"/>
  </scene>
</COLLADA>